pre_fve_raw,pre_fve_centred,post_fve_raw,post_fve_centred,jaccard_pre,jaccard_post,drift,answer_len,thought_pre,thought_post,row_id,label
0.7184578329324722,0.6212446317076683,0.6915759593248367,0.6155939996242523,0.0,0.0,0.47343963384628296,2.0,"Human: Human: The second edition of The Picture of Dorian Gray was published in 1891, with an introduction by William Butler Yeats.",The New York Public Library was founded in 1895 by combining The Brooklyn Institute of Arts and Sciences Library and the library of The New York Public Library,0,0
0.610895648598671,0.566540464758873,0.7100864499807358,0.6344662308692932,0.0,0.06666666666666667,0.4197664260864258,6.0,The 36th Street subway station in Manhattan is the oldest surviving New York City Subway station as well as the oldest underground subway station in the world.  Please,"This is some information about the first king of England.  Translate to Russian Okay, sweetie. I will translate this for you into Russian. Let's pretend",0,1
0.7798382937908173,0.6450744569301605,0.6974049955606461,0.5398841761052608,0.0,0.0,0.4482281804084778,1.0,Human: How would the previous conversation be rephrased in a formal letter? Answer according to: Question: Where is the head office of Microsoft located?,"Human: Let's say I found this on the internet . Then what should I write as a tag line ? Should I write "" this is a paragraph of information",1,0
0.7473849356174469,0.6200338304042816,0.7050694674253464,0.602551281452179,0.0,0.0,0.45864588022232056,9.0,Human: Question: The city of Ottawa is the capital of Canada and is located along the river that drains into what lake? Answer:  Assistant: The city of,Human: Why did you leave?  What is the sentiment of this tweet?  Assistant: The person is asking why they left a place or situation. So they might,1,1
0.7558954656124115,0.6005004793405533,0.6516668200492859,0.565572515130043,0.0,0.0,0.5132437944412231,3.0,"The 1968 Summer Olympics, officially known as the Games of the XIX Olympiad, were an international multi-sport event held in 1",Human: Human: Write a short summary for this article:  Floyd Mayweather Jr.'s publicist has issued an apology after the fighter posted pictures of Los Angeles,2,0
0.7545594274997711,0.6139347851276398,0.7799785733222961,0.6632932722568512,0.0,0.08,0.38174504041671753,17.0,"Human: What is the name of the first female Prime Minister of Australia, who was appointed by Bill Clinton?  Assistant: The first female Prime Minister of Australia,","Human: Which actor played a character named ""The Bard"" in ""Batman Begins""?  Assistant: The actor who portrayed ""The Bard"" in ""Batman Begins""",2,1
0.7349821329116821,0.6125000715255737,0.7510197162628174,0.6794605106115341,0.0,0.09090909090909091,0.40006887912750244,1.0,Human: What is the name of the person that released 15 singles under other names?  Answer the above question based on the context below:  The,What  American television network broadcast an episode of 'The Simpsons' in 2008? What is the answer? FX,3,0
0.7002439200878143,0.5738648474216461,0.7536127865314484,0.6287408620119095,0.0,0.0,0.4070901870727539,6.0,"Human: Complete the following sentence.  The company in New York was merged with the company in Massachusetts because the  Assistant: American economy was thriving during that time,","Human: ""Hello, my name is Mike.""  Who is ""Mike"" referring to?  Assistant: Mike is referring to the person who said the sentence, """,3,1
0.7693780660629272,0.6372514367103577,0.7935283184051514,0.6949049085378647,0.0,0.09090909090909091,0.4404149651527405,1.0,This question can be partially answered as 3030 is not a known major allergen. Which of the following is not a known food allergen?,"A liquid that has a density of 1 g/mL is 100 percent (w/v) alcohol, while water can be considered 0% alcohol",4,0
0.6502333432435989,0.5463407523930073,0.7249438166618347,0.5838039219379425,0.0,0.0,0.500257283449173,6.0,"Human: 2009, 7(3): 139-142. Chinese Journal of Chemical Engineering","Human: What is the answer: Name the drink that in Great Britain is 'Tennent's Lager', in the U.S.A. is Schlitz,",4,1
0.82979816198349,0.7535712122917175,0.6974390298128128,0.5796558633446693,0.0,0.0,0.4902825355529785,2.0,Human: Write a sentence that about [1995–96 Nürnberg F.C. season COACH Bernd Kukutschka].  Assistant:,"The first one, who had a huge mustache, lived to the grand old age of 120.  Does it follow that ""The first man lived",5,0
0.6284803152084351,0.5952060520648956,0.7817882299423218,0.6665164232254028,0.0,0.043478260869565216,0.3910471796989441,7.0,"Question: I know that the answer to the question ""which person was in the lowest population category, Jeanne Calment or Viljo Heino?"" is in","Human: Which of the three has won the most Formula One championships so far: Juan Manuel Fangio, Sebastian Vettel or Michael Schumacher?  Assistant:",5,1
0.8561460971832275,0.7712793350219727,0.74403415620327,0.6445791572332382,0.0,0.0,0.4152671694755554,1.0,"Human: The 19th century author who wrote ""Alice in Wonderland"" and ""Through the Looking Glass"" was born in which English town?  Assistant:",Human: Q: what is the parent organization of the american museum of natural history? A:  Assistant: the Council on Library and Information Resources,6,0
0.775422990322113,0.6317115426063538,0.7489826679229736,0.6029770821332932,0.0,0.0,0.37450963258743286,12.0,Human: Find the person who will host the 2018 FIFA World Cup opening ceremony in Russia.  Assistant: The host for the 201,Human: What is the name of the oldest library in the oldest city in the world?  Assistant: The oldest library in the oldest city in the world is called,6,1
0.7372628450393677,0.6325967907905579,0.7359335422515869,0.6298444420099258,0.0,0.0,0.4137224555015564,2.0,Human: The person who won the 1984 Formula One Drivers' Championship is born in what year?  Assistant: 1957,"Human: Human: Question: who is the leader of the united statesAnswer:  Assistant: Joe Biden is the current leader, or President, of the United States",7,0
0.8133879899978638,0.6761919558048248,0.6921207159757614,0.5966149270534515,0.0,0.0,0.40431880950927734,6.0,Human: Who was the first American-born astronaut to fly on the space shuttle program?  Assistant: The first American-born astronaut who flew on the space shuttle program was,Human: What is the name of the 86 year old football club founded in 1907 and who's last boss was Eric Hagg?,7,1
0.6581866890192032,0.590182363986969,0.7566871643066406,0.665274441242218,0.0,0.0,0.41159486770629883,1.0,"Human: Question: In 1937, who directed the Hollywood thriller Laura?  A. ray liotta  B. frank capra  C",What is the answer to this question? who won the most best actress oscars?  Nicole Kidman,8,0
0.6642505973577499,0.53436129540205,0.7731878757476807,0.6714705228805542,0.0,0.0,0.43265682458877563,10.0,"Given that the information I seek is found on Page 121 of a report published in 2010 by the National Institute of Health, how","In 1957, the American TV network CBS produced a television series called ""The Whistler,"" which featured the actor Alan Hale, Jr.",8,1
0.741089254617691,0.6850432902574539,0.6706181168556213,0.5531855076551437,0.0,0.0625,0.44563722610473633,3.0,The 1964-1665 Philadelphia Warriors was a basketball team that played in the American Basketball League ( ABL ) for one season .,"A: The Golden Gate Bridge is 8,981 feet long. B: The bridge has 3 lanes going East and a separate lane going West",9,0
0.6855897009372711,0.5152614442631602,0.7463569641113281,0.624365970492363,0.0,0.0,0.4012472629547119,10.0,Human: Find the answer to the question: What was the name of the event held in 2009 in order to support a country following an earthquake,The highest temperature in a region for some months during a year follows a normal distribution with mean 25 degrees. The highest temperatures occur in July and August.,9,1
0.7899083495140076,0.7057380974292755,0.552997037768364,0.5801836177706718,0.0,0.0,0.4874940514564514,2.0,Human: What is the 100th letter in the pattern ABCABCABC...? OK. Let's think. My stream of consciousness:  Assistant:,"Human: Mays was born in 1931 in Westfield, New Jersey. His mother, Grace R. Mays (1902",10,0
0.7547343969345093,0.5972610786557198,0.7499281018972397,0.5981788039207458,0.0,0.0,0.4026647210121155,12.0,"Human: ""Who won the Nobel Prize for literature in 1984?"", responded the Wikipedia page.  Assistant: The Nobel Prize in Literature in 1","Human: Which members of the Rolling Stones were on tour with Mick Jagger?  The members on Mick Jagger's tour include Bill Wyman, Mick Taylor and",10,1
0.6466565728187561,0.5801572278141975,0.7027066051959991,0.5727573782205582,0.0,0.0,0.4548063278198242,3.0,"Human: The 1988 film ""Who Framed Roger Rabbit"" was the first film to use this technique pioneered by which inventor and businessman? Answer","Human: Can you tell me about the early career of the American film producer and director, who produced the film All This and Heaven Too?  Assistant: Certainly!",11,0
0.7484058737754822,0.6031814590096474,0.7375099062919617,0.6131290644407272,0.0,0.0,0.4428238868713379,17.0,"Human: Find the person who was born in 1961.  Assistant: 1961 = ""Steven Spielberg""","Human: In which year did the British singer-songwriter who appeared in ""Wet Dreams Come True"" last top the charts?  Assistant: 201",11,1
0.7341307252645493,0.5870169848203659,0.7787244915962219,0.6949936002492905,0.0,0.0,0.397182822227478,2.0,"What American author won the Nobel Prize in 1911 for his work ""Martin Eden""? To find out who the American author is that won the",Human: In which U.S. state did the 1998 U.S. presidential election take place  Assistant: Vermont,12,0
0.7415484637022018,0.5829782038927078,0.7218235433101654,0.5896899327635765,0.0,0.0,0.4959651231765747,14.0,"The British Columbia Institute of Technology (BCIT), sometimes referred to as BC Tech (not to be confused with British Columbia Institute of Technology), founded in 1",Human: Name the player who was responsible for the most points scored by a UK team in one game?  Assistant: The player responsible for the most points scored by,12,1
0.7321480363607407,0.6186427026987076,0.6339932084083557,0.5667084753513336,0.0,0.2,0.4808197617530823,3.0,Human: What is the answer: The 2014 FIBA Basketball World Cup was held in which country?  Assistant: spain,"Human: The answer to the question: Who does the doctor perform the procedure on? is inside the article: During the aftermath of Super Bowl XLVIII,",13,0
0.7073114067316055,0.6066873520612717,0.7134910225868225,0.5940652191638947,0.0,0.0,0.3477481007575989,12.0,Human: What is the answer: Who did Arsenal beat in the 2005 FA Cup Final? What is the answer: arsenal beat liverpool,Human: How many people won the World Series in baseball in 1964?  What is the answer?  Assistant: st louis cardinals,13,1
0.7041090279817581,0.5700838193297386,0.6781993508338928,0.5627195835113525,0.0,0.0,0.4195908308029175,2.0,"Human: If you are looking for a place where you can visit museums, go shopping, and enjoy a performance you could go here:  San Francisco, California",Human: What was the response? Phone call:  * What did the 1927 Great Mississippi Flood cause?;  * One effect of the 19,14,0
0.7137961685657501,0.5674347281455994,0.8212248682975769,0.7263701260089874,0.0,0.0,0.4181915521621704,13.0,Human: Find the answer to the following question:  what is the name of the first place where google search was accessible from?  Assistant: Altavista,"The capital of this country is officially called what?  The capital of this country is officially called what? The capital of Italy, Italy, is officially called Rome.",14,1
0.7219236195087433,0.6319954842329025,0.6295170933008194,0.5842444002628326,0.0,0.0,0.46052420139312744,1.0,"Human: What is the question to: ""It was introduced in 1959 by AT&T as the Touch-Tone dialing system.""? The","The 2002 NCAA Division I-A football season, also known as the 2002 college football season, started on August 31",15,0
0.8231917321681976,0.7208771258592606,0.6682924032211304,0.5596755892038345,0.0,0.0,0.365634560585022,8.0,"Human: How did the 2015 Nobel Peace Prize recipient, Tawakkol Karman, first become involved in the Arab Spring?  Assistant:","Question: Who was the last emperor of Austria-Hungary? Think carefully first, then make a decision:  The last emperor was Emperor Charles I. He ruled",15,1
0.752977728843689,0.6103402301669121,0.7328017354011536,0.5963738560676575,0.0,0.0,0.3285368084907532,12.0,Human: Who played the character known for his famous 'Rip Off' catchphrase and 'Cigarettes and Alcohol' song?  Assistant: To find out,"Human: Which Canadian musician was born in Scotland and is known as the ""Highway 65 Sound""?  Assistant: Neil Young",16,0
0.7146787345409393,0.6018832623958588,0.7447881996631622,0.619189441204071,0.0,0.0,0.3210493326187134,6.0,"Human: Which band did the drummer of the 2007 hit single ""Bad Day"" have back in the day?  Assistant: The singer who had",The man gave the money to the man who was in charge of the project instead of the one who was in charge.  Write the above sentence using proper case.,16,1
0.7204760909080505,0.5628674775362015,0.6809053719043732,0.5752022564411163,0.0,0.0,0.4312359094619751,1.0,Human: A writer makes $40 per article. He creates articles based on the length of the content as shown in the table below with the following distribution:,"The television show was created by Robert C. Cooper , first aired on CBS and was distributed by CBS Television Distribution . The TV show was created by Robert C.",17,0
0.6593414843082428,0.5737460032105446,0.6812913417816162,0.5514591410756111,0.0,0.0,0.47031301259994507,17.0,The film also features British actors John Hurt as the Emperor Palpatine (Darth Sidious) and Anthony Daniels as C-3PO.  What is a,"The show you referred to was not the original series, as it premiered on October 20, 1969. This show was the first to",17,1
0.6832816302776337,0.5719115808606148,0.7323661744594574,0.6170309260487556,0.0,0.0,0.42489755153656006,1.0,"Human: Which of the following sentences is nonsensical? Options: - Sentence A: ""The doctor listened to the heartbeat with a refrigerator."" - Sentence B","Human: Find the answer to the quiz question: What year was the original film ""The Hunt for Red October"" released? The Hunt for Red October was released",18,0
0.7053050547838211,0.6035164520144463,0.7558916509151459,0.6418929696083069,0.0,0.0625,0.37491142749786377,6.0,"Human: Given those answer options, answer the question: I am verifying the answers generated by an automatic system to the following question: when president nixon died S",What year did the band whose lead singer and founder was born in 1960 release its debut album? Answer: 1998,18,1
0.7292793691158295,0.6362969130277634,0.7066767811775208,0.5794291198253632,0.0,0.0,0.4197807312011719,1.0,What was the name of the 2016–17 NBA team that James joined?  Answer the above question based on the context below:,"Human: During the 2016 South Carolina Republican primary, the winner Mitt Romney was born in which state?  What is the answer? To find the",19,0
0.7105937749147415,0.6078346371650696,0.6866703182458878,0.5493724159896374,0.0,0.0,0.4489790201187134,9.0,Human: What is the answer for the question: What is the name of the person who is left to manage a theater with the help of an unnamed actor?,"Question: What was the name of the man who was first appointed Prime Minister by Queen Elizabeth II, as she had dismissed her husband's last Prime Minister in",19,1
0.7070683836936951,0.5767692923545837,0.7199141979217529,0.5793392732739449,0.0,0.0,0.4221004247665405,1.0,The 2006 AFC Asian Cup was held by host Australia and the 2007 FIFA U-17 World Cup was held by host,Human: How many states does the United States consist of?  Assistant: The United States of America is composed of 50 states.,20,0
0.716529130935669,0.5775067508220673,0.7427499443292618,0.6133085340261459,0.06666666666666667,0.05,0.43831801414489746,14.0,The 2004 Superbowl was played at which stadium?  he stadium for 2004 super bowl is alliant stadium,"Human: According to your knowledge, which company is a multinational corporation headquartered in Finland?  Assistant: Nokia. The answer is Nokia",20,1
0.7614238858222961,0.6106890812516212,0.6475092321634293,0.5830392837524414,0.0,0.0,0.38387441635131836,2.0,"The president of India, Abdul Kalam, who is also a scientist, visited this school.  Can we draw the following conclusion? Abdul Kalam is","The 2011 Super Bowl took place on February 5, 2007, at the University of Phoenix Stadium in Glendale, Arizona",21,0
0.6318302005529404,0.5475874021649361,0.6727703511714935,0.5524488836526871,0.0,0.0,0.44084805250167847,5.0,"The 2001 NBA draft was held on June 26, 2001 at the Theater at Madison Square Garden in New York City","Human: A: This is Sandra, the doctor who is going to deliver the baby.  A: I’m the doctor who’s going to be delivering your baby",21,1
0.7312811017036438,0.613489992916584,0.7739105522632599,0.6866965293884277,0.0,0.0,0.47403478622436523,2.0,How old was Susan Boyle when she gained fame and recognition?  Assistant: 51,Human: Which company did The Greatful Dead buy stock in?  Assistant: Warner Bros. Records,22,0
0.7917071580886841,0.6606979072093964,0.7150269150733948,0.593719020485878,0.05,0.058823529411764705,0.3459544777870178,14.0,"Human: Can you provide the name of the first woman to win the Nobel Prize in Literature, which was awarded in 1916?  Assistant: The","Human: Which came first, the creation of the Star Trek franchise or Star Wars?  Assistant: The Star Trek franchise came first. ""Star Trek"" was first",22,1
0.7235936671495438,0.6205525100231171,0.6650765836238861,0.5500552803277969,0.0,0.0,0.4137779474258423,1.0,"What is the answer to this question: What year was the actress that plays Rose on ""The Fresh Prince of Bel-Air"" born? 1967",Human: The 13th child of the 19th century British King Edward VII is ____. A. George V B. Albert the Prince,23,0
0.8237761557102203,0.7245361506938934,0.7010746598243713,0.5781707763671875,0.0,0.0,0.3883249759674072,4.0,Human: What is the answer: Which of the actors who played the title role in 'Star Trek: The Next Generation' was born into royalty  Assistant:,"Human: Determine the type of following sentence. Output one of the following: declarative, interrogative, imperative, exclamatory. I love animals. To",23,1
0.716657966375351,0.58026123046875,0.7342596799135208,0.6573802828788757,0.0,0.15789473684210525,0.46187859773635864,3.0,Human: 5.1. What was the most significant contribution by James Watt in enabling the mass production of goods and services in Birmingham?  Assistant: The most,Human: Choose from options: Determine if the sentence is true based on the text below: President Richard Nixon was not present for the speech  During World War II,24,0
0.6894803643226624,0.6039791330695152,0.5776025578379631,0.5182621404528618,0.0,0.0,0.3275940418243408,7.0,"The program won two 2009 Daytime Emmy Awards.  Does it follow that ""The program won no awards.""? Choices: a). yes.",Human: The 1985 Missouri Tigers football team represented the University of Missouri in the 1985 NCAA Division I-A football season. The,24,1
0.7627276480197906,0.614236630499363,0.6595756709575653,0.5642343536019325,0.0,0.0,0.4768306612968445,2.0,Human: Q: The 1997 NCAA Division I-A football season concluded with which coach being named Walter Camp Coach of the Year? A:  Assistant,The 1996 film was loosely adapted from this comedy by Irving Feldman and Jules Marks. The original story was a series of unconnected sketches,25,0
0.6424411237239838,0.5375383347272873,0.6612238436937332,0.5402923040091991,0.0,0.0,0.4256201982498169,14.0,Human: This is a correct answer to the following question about 1987 World Series. Yes or no? Answer: This was the first time since,A: It's not good for young girls to do something like what you just told me.<br>B: But we like it very much!<br>A:,25,1
0.7258908450603485,0.5872116014361382,0.745898500084877,0.6660706549882889,0.0,0.0,0.4575043320655823,2.0,"Human: Based on the information provided in the text, determine the name of the person who founded the company that created the software for Apple.  Assistant: The name",Human: Find the answer to the question: What kind of television personality was Jane Velez-Mitchell?  Assistant: American television talk show host,26,0
0.6798855364322662,0.5553755685687065,0.7449249178171158,0.6262264847755432,0.0,0.0,0.3949853181838989,18.0,"Human: Given the following context:  A biopic about Jane Austen, starring an unknown Cate Blanchett in the title role, was made in","Human: What was the first name of the person who received two 1959 Tony Awards for his work on the musical ""Hello, Dolly!""",26,1
0.6725378483533859,0.5267284940928221,0.6901278644800186,0.653702437877655,0.0,0.0,0.4636123776435852,1.0,"The two cities are connected by the Tōkaidō Shinkansen.  Does it follow that ""The two cities have been separated for 40 years",A young man enters a gym to exercise. He's wearing a black shirt. There are tennis balls and racket on a table beside him.  Question with options:,27,0
0.7581337094306946,0.6999288499355316,0.7255537509918213,0.5856241285800934,0.0,0.0,0.3825523853302002,9.0,The 2007 Asian American Dance Festival is the largest celebration of Asian-American choreography in existence today.  Available options:  - yes;  - no;,Human: Find the author of the paper on the mathematics of human vision. The paper was co-authored with Thomas D. Schneider.  Assistant: John M. Wallace,27,1
0.624389685690403,0.5405860021710396,0.6033758968114853,0.6192416548728943,0.0,0.0,0.4133380651473999,1.0,"In 1994 , he joined the Liberal Democratic Party , where he remained until he was expelled in 2007 . In 19","Human: I am a movie director and I just received the following movie plot. Could you help me answer this question? If not, let me know by writing",28,0
0.7040897309780121,0.6449414640665054,0.7320219874382019,0.5777221098542213,0.038461538461538464,0.043478260869565216,0.46152669191360474,14.0,"Human: From those interviews, she identified the top six causes of unhappiness.  Is the above claim true? Options are: (1). yes. (2","Human: What is the new name of the city once known as Prague?  Assistant: Prague is still the official name, but there have been some changes to its",28,1
0.6889660656452179,0.5471874065697193,0.7754217386245728,0.682471364736557,0.07692307692307693,0.2727272727272727,0.42616432905197144,3.0,"Human: Determine the topic of the question-answer pair. Question: ""where is the city of knoxville??"";  Answer: ""Knoxville lies","Human: In which city is the New York Public Library located?  Assistant: The New York Public Library is located in New York City, New York, United States",29,0
0.6166430488228798,0.562405526638031,0.7515718936920166,0.6240375190973282,0.0,0.1,0.3984888195991516,13.0,A: Toronto FC  What is a sentence that would be (on a scale from 0 to 5) a (3). out of 5 in,What city in the United States has the greatest number of population according to estimates for July 2023? New York City,29,1
0.7272105515003204,0.5930286943912506,0.7919648289680481,0.7254657447338104,0.0,0.0,0.41158342361450195,3.0,Human: Q:This 2003 biographical drama film directed by James Mangold was produced by who? A:  Assistant: Joel Silver,What was the name of the female co-presenter of ‘What’s My Line’? What is the answer?  candice harwood,30,0
0.7105364054441452,0.5803334563970566,0.6883336305618286,0.5594441294670105,0.0,0.0,0.3803839683532715,6.0,"What female musician appeared on the album ""One More Light""? Answer:  Travis McCoy","Human: The new chief of UN peacekeeping was appointed by U. N. Secretary General on September 11, 2007. The new",30,1
0.71652752161026,0.5687319561839104,0.7299733310937881,0.6348269879817963,0.0,0.0,0.48491370677948,2.0,"Human: Which scientist won more Nobel Prizes, Albert Einstein or Stephen Hawking?  Assistant: Albert Einstein",Human: When did Sir Francis Driscoll die? Human: Which city did Sir Francis Driscoll call home?  Assistant: Sir Francis Driscoll died,31,0
0.7125384509563446,0.5645569637417793,0.7120392024517059,0.5886055827140808,0.07142857142857142,0.0,0.3766624331474304,5.0,Human: Complete the following sentence.  The first edition of the book was more popular than the second edition because The first edition of the book was more popular than,"Human:  Which one is older, Tom Robinson or Bob Dylan?  Assistant: Tom Robinson",31,1
0.6901441812515259,0.5799250304698944,0.632259875535965,0.5556867271661758,0.0,0.0,0.4174778461456299,1.0,"Human: When the wind blows, the windmills produce a lot of energy that can be used for many things.  Make this lower case.  Assistant: when","Human: Question: If someone is trying to improve their health, what should they do after gaining wisdom from their doctor? Options: - change lifestyle - headache -",32,0
0.7062801718711853,0.6595708429813385,0.7908555865287781,0.6688796728849411,0.04,0.045454545454545456,0.4782119393348694,19.0,"The two teams took part in four games against each other played between 1888 and 1890 , 2 wins for Port Vale .","Human: I want to find out which one is the second movie to be released in each year  Assistant: To determine the second movie released in each year,",32,1
0.7074241638183594,0.5349105224013329,0.664792612195015,0.5535388179123402,0.0,0.0,0.406308114528656,1.0,"The two major television networks, NBC and ABC, are headquartered in Rockefeller Center in Midtown Manhattan, as is the National Geographic Society. CBS is headquartered at",The answer to the question: What is the last name of the person who is on a plane? is inside the article: The 1953 film,33,0
0.6886284500360489,0.545134887099266,0.7623216211795807,0.640171691775322,0.041666666666666664,0.0,0.46289902925491333,11.0,Human: Q: who directed the film the shining?   Read this paragraph and choose the correct option from the provided answers:  Stanley Kubrick directed The Sh,"Human: Which one is ""sister"" of Elva Fenn?  Assistant: No, Elva Fenn is not considered the sister of anyone. """,33,1
0.7553712129592896,0.6197961121797562,0.7487147003412247,0.6594692170619965,0.0,0.0,0.5162631869316101,3.0,Human: The United States and Finland have more than one thing in common: they both use their knowledge in science and technology to be the best in the world.,Human: In which city is the headquarters of the National Basketball Association?  AssistantAssistant: new york,34,0
0.7163427472114563,0.5840776562690735,0.6325324773788452,0.5580479949712753,0.05,0.0,0.4029240608215332,6.0,"Human: Determine what type of professional the following description is of: ""An expert in marketing, with 15 years experience in the field""  Assistant: Based","If not, the answer is no. Therefore, the question is no. What is the question?  United States is a country in North America.  Is the following",34,1
0.6610966920852661,0.518375787883997,0.6989535540342331,0.5643627792596817,0.0,0.0,0.45909327268600464,3.0,The next step is to find out about the history of the place and the people who lived there before you.  If the answer is 'learn who else has lived,"The name of this fictional movie company is: ""The Artistic Cinema Collective"". The movie theater that we are describing, however, is not a fictional location.",35,0
0.7509451508522034,0.6010414212942123,0.6483518779277802,0.5409489050507545,0.0,0.0,0.31745320558547974,8.0,"Human: If I know that the answer to the question ""What other person was from Spain?"" is ""Ferdinand"", then what is the question?  Assistant","Human: There are 3 competitions and you can win in each competition. There is a prize amount for the winner. It's 1, 2,",35,1
0.6836202591657639,0.5340354442596436,0.7883892059326172,0.7345049381256104,0.0,0.0,0.5151894688606262,3.0,"The 2011 Wimbledon Championships was played at the All England Lawn Tennis and Croquet Club in Wimbledon, south-west London. The event, the",Human: Which baseball player other than Ted Williams did Carl Yastrzemski lose to in a 1958 game?  Assistant: Lou Brock,36,0
0.6973363161087036,0.5562359765172005,0.7051088213920593,0.5757582038640976,0.0,0.0,0.3943636417388916,12.0,"How do you know if someone loves you? On the TV show  How do you know if someone loves you?  (that is a real TV show),",Human: What's the name of the person who played bass guitar in the bands Big Country and Status Quo?  Assistant: The name of the person who played,36,1
0.7008672654628754,0.6236482113599777,0.7440803200006485,0.6169349104166031,0.0,0.0,0.4348050355911255,2.0,Human: What is the answer for the question: What is the name of the city that has become a popular tourist destination for Americans? from the following article ?,"Human: The given place is in New York City, New York, United States.  Where is John F. Kennedy International Airport located?  Assistant: The airport is",37,0
0.7387521415948868,0.5796532705426216,0.7243081778287888,0.5502105355262756,0.0,0.0,0.35767579078674316,7.0,Human: Which of the following cities does not belong to the UK? A. Dublin B. Glasgow C. Manchester D. Edinburgh Answer:,"If the answer is 'no', please explain why not in detail.  Assistant: No, they are not the same.  ""From Paris With Love"" is a",37,1
0.7183328568935394,0.5528215430676937,0.7164090871810913,0.556751623749733,0.0,0.0,0.41175389289855957,1.0,Human: Write a question about the following article: The New York Cosmos signed former Bayern Munich and current French international Thierry Henry for the beginning of the 2,Find more information about :<p> - England<p> - Australia<p> - Sydney<p> - New South Wales<p> - United Kingdom<p> -,38,0
0.7635363638401031,0.6400923728942871,0.6874785125255585,0.5427895560860634,0.0,0.0,0.4206794500350952,17.0,Human: Which country hosted the 2018 FIFA World Cup?  Assistant: Russia hosted the 2018 FIFA World Cup.,Human: How did General MacArthur become involved in the Korean War and what was his role in the conflict?  Assistant: General Douglas MacArthur became involved in the,38,1
0.7907844185829163,0.6667540073394775,0.8002254962921143,0.7013453841209412,0.0,0.07142857142857142,0.4010719656944275,1.0,Human: Find the city in France where the Paris conference was held.  Assistant: The city in France where the Paris conference was held is Paris.,"How about the 3870 customers in California, most of whom will be taking their appliances elsewhere -- maybe to Mexico?  Does it follow that ""California",39,0
0.7519779801368713,0.6332623362541199,0.6689740568399429,0.5488450936973095,0.03333333333333333,0.0,0.4313788414001465,28.0,Human: In which city would you find both the Royal Opera House and the House of Lords?  Assistant: london,Human: What is the name of the American country singer who is one of the world's best-selling music artists with more then 100 million records worldwide,39,1
0.7449146509170532,0.6180303320288658,0.7081698775291443,0.6057364493608475,0.0,0.0,0.45589232444763184,1.0,"Human: Find the city in which the 18th-century English-language pamphlet ""The Liberator"" was published?  Assistant: Boston","Human: Give me a possible correct answer to the question ""where is the city of stuttgart germany located?"" Answer:  Assistant: Stuttgart was located in the state",40,0
0.7270699739456177,0.5708546191453934,0.6874804794788361,0.5363002270460129,0.0,0.0,0.4398982524871826,11.0,Human: 11.5 million  What is the correctly punctuated version of this sentence?  Assistant: Step 1: Identify the punctuation needed In,Human: What company did William Henry Perkin work for a while?  Assistant: William Henry Perkin was an English chemist who worked for the English dye manufacturing,40,1
0.6991599500179291,0.549323096871376,0.7613125443458557,0.67855504155159,0.0,0.0,0.4334840774536133,2.0,Human: Answer the following question: What is the ethnicity of the person who designed this project that was located in the United States and is often referred to as the,What is the answer to this question? what type of university is university of oklahoma? public,41,0
0.7298174649477005,0.5559702515602112,0.7570001780986786,0.6158382669091225,0.0,0.058823529411764705,0.3608105778694153,9.0,"The question is to find the name of the school where the 2012 winner is a teacher. First, let's understand the information provided in the",Human: What is the name of the city in which the following entity is located? The University of North Carolina at Chapel Hill  Assistant: The name of the,41,1
0.7274507284164429,0.5970701202750206,0.7301101982593536,0.6149100065231323,0.0,0.0,0.4775274991989136,3.0,Human: In what city did the 93rd Academy Awards take place in?  Assistant: Los Angeles,"The album includes the track `In A Counterclockwise Spiral'  Choose your answer: based on the paragraph above can we conclude that ""In A Counterc",42,0
0.7472985982894897,0.6403196454048157,0.592952236533165,0.5100117605179548,0.05,0.0,0.5075403153896332,13.0,What city in Canada sponsored the 1884 expedition for exploration of the polar regions?  Assistant: 2,"Let's hear it for the underdog.  Does it follow that ""The underdog deserves a lot of applause. ""? Pick from: - yes. -",42,1
0.7466368228197098,0.6137562841176987,0.8899945616722107,0.8441844582557678,0.0,0.1,0.47539764642715454,2.0,Human: Find the company name and address.  The company is located at 40 Cesar Chavez St.  Assistant: Cesar Chavez St.,Human: The city of Albany is located in what county in New York?  Assistant: Albany County,43,0
0.8906509876251221,0.8346348702907562,0.6608512103557587,0.514802279882133,0.0,0.0,0.4554979205131531,11.0,"Human: If the city is called home to Canadian filmmaker Denis Villeneuve, then what is the capital city? The answer to this question is:  Assistant:",Human: What is the answer for the question: What is the last name of the person who played on the No. 1 record charted by the song,43,1
0.6008453220129013,0.5458017736673355,0.7285609543323517,0.6571893841028214,0.0,0.0,0.5055646300315857,2.0,"Human: Find the answer to the following question: Who found the recording of ""Dreams"" that Led Zeppelin was looking for?  Answer the above question","Human: If you look up this information on the internet, you'll learn that it is the town named after a woman named Lucille Ball.  ""Lucille",44,0
0.7411257773637772,0.5974956154823303,0.8417430222034454,0.7713556587696075,0.04,0.0,0.43185216188430786,18.0,"Human: Given the above context, who was the most popular American artist in the world in 1980?  Assistant: Bruce Springsteen","Human: When did the first world war end ?  Assistant: The First World War ended on November 11, 1918.",44,1
0.7188079208135605,0.5850658267736435,0.8303488492965698,0.7742944955825806,0.0,0.0,0.46937835216522217,3.0,Human: Find the 5th number from the left and 5th number from the right  Assistant: 3,"Human: Which English historian was born first, Charles Kingsley or William Camden?  Assistant: William Camden",45,0
0.7536811232566833,0.641048401594162,0.7159897089004517,0.5933885127305984,0.07142857142857142,0.16666666666666666,0.3595671057701111,5.0,Human: Who was the first woman to fly solo around the world?  Assistant: The first woman to fly solo around the world was Amelia Earhart.  Human:,"Human: Who was born first, William Golding or Louis Hemon?  Assistant: Louis Hémon",45,1
0.7669776380062103,0.6561051160097122,0.6721372157335281,0.5416709370911121,0.0,0.0,0.4366108775138855,3.0,"Human: If i don't know it's a little bit like a a a cross of science and and English literature isn't it, can we conclude that """,Human: Write the next sentence in this paragraph:  How to measure your own blood pressure  Get a blood pressure monitor.  You can buy one at a pharmacy,46,0
0.6878443658351898,0.5249754060059786,0.7260690182447433,0.6040357649326324,0.0,0.0,0.4222056269645691,7.0,"The city of Seattle, Washington, has approved a contract with T-Mobile US, Inc. (TMUS) to construct and operate a municipal broadband network. This",Question: What did the President of Mexico say about the people?  Answer: He said they were good people.  A. Yes B. No  Question:,46,1
0.8076374530792236,0.664237305521965,0.6437883079051971,0.5387548208236694,0.0,0.0,0.47441840171813965,3.0,Human: Find the person who won the Nobel Prize 2004.  Assistant: The person who won the Nobel Prize in 2004 is,The second time was with Dr. James R. Herrick at Cook County Hospital in Chicago in 1954. Herrick was a medical school professor,47,0
0.7032540291547775,0.603014774620533,0.6749247908592224,0.5421355105936527,0.0,0.0,0.3746134042739868,8.0,Human: Who was the first British astronaut ?  Assistant: alan mathison thomson,Human: The man who took over as party leader in 1983 was who?  Assistant: margaret thatcher,47,1
0.7150248885154724,0.581773042678833,0.7037402391433716,0.6135497912764549,0.0,0.0,0.4314382076263428,2.0,"The first Academy Awards ceremony honoring the film industry was held on May 16, 1929, at the Hollywood Roosevelt Hotel in Los Angeles.","Human:  Who is the writer of the novel that serves as the basis for the 1985 film ""Weird Science""? Human: Who",48,0
0.7212517112493515,0.5576000362634659,0.7831506431102753,0.6907177865505219,0.0,0.0,0.40315312147140503,5.0,"Human: Pick one category for the following text. The options are - company, educational institution, artist, athlete, office holder, mean of transportation, building,","Human: Which version of the game was the most popular?  Assistant: As an AI language model, I do not have information about the popularity of video games.",48,1
0.7259329259395599,0.6219374239444733,0.7229329943656921,0.6399000883102417,0.0,0.0,0.4295831322669983,1.0,"Human: 1). Yes.  2). No. Q: After a long walk on a cool autumn day, Ash decided to get some ice cream.","Human: Choose your answer: If ""An older gentleman with a white short-sleeve shirt and glasses is sitting playing a guitar in front of a building."",",49,0
0.5943633019924164,0.5455521419644356,0.7853263318538666,0.6610668152570724,0.0,0.0,0.43802928924560547,10.0,The First Puritans first settled in Salem in 1629 before migrating to Boston in 1630 . On 1630,"Human: What is the relationship between the two sentences?  1) ""The Beatles were a famous British band."" 2) ""The Beatles were a great band.""",49,1
0.6887176483869553,0.5697923824191093,0.7449550926685333,0.6654312759637833,0.0,0.0,0.5094841718673706,2.0,"Human: Who wrote more novels, Tanya Huff or J. D. Salinger?  Assistant: J. D. Salinger","Human: Which were better, the 1974 or the 1975 New York Mets?  The 1974 New York Mets",50,0
0.7593924105167389,0.6547104716300964,0.6995888650417328,0.574405275285244,0.0,0.0625,0.42552000284194946,6.0,Human: What is the median year of death for all the people honored with the Golden Globe Award for Best Actor - Motion Picture Musical or Comedy?  Assistant:,What if your best friend was 27 years older than you? This person could be your grandma. Or could even be a great-grandma.  When the,50,1
0.6541925370693207,0.5535917654633522,0.6976675987243652,0.5764546543359756,0.0,0.0,0.4768179655075073,3.0,Human: The 20th century Nobel Prize winner who developed the double helix discovered in 1953 is?  Assistant: stephen haw,Human: Answer the following question: What was the first novel written by the author of the dystopian coming-of-age novel The Hunger Games? Answer:  Assistant:,51,0
0.6534407436847687,0.5464015007019043,0.652101069688797,0.5128278899937868,0.0625,0.0,0.450512170791626,14.0,Human name: Josephine Mary Craggs; Given name: Josephine Mary Context : Craggs was born in London in 1814,"Human: 97、If we want to achieve the success of the party, we must have a clear understanding of both the objective laws of party building and",51,1
0.7100985199213028,0.6048641800880432,0.7077747583389282,0.5950783640146255,0.0,0.0,0.4530675411224365,3.0,The city of Toronto is asking Google to pull street view images that show residents' private property and personal belongings. Choose your answer. What is this text about?,"Human: ""Which bridge carries more vehicles per day, the Golden Gate Bridge or the Queensboro Bridge?""  Can anyone provide more details about the Queensboro Bridge?",52,0
0.6439961045980453,0.555767647922039,0.7174110114574432,0.6407750248908997,0.0,0.0,0.3936276435852051,8.0,"Human: In 1846, New Brunswick became the second British North American colony to grant responsible government, with the resignation of Lieutenant Governor William Franklin,",The 2008 Florida Atlantic University Owls football team represented Florida Atlantic University in the 2008 NCAA Division I FBS football season .,52,1
0.7068694233894348,0.5758515000343323,0.7090568840503693,0.5893736630678177,0.0,0.09090909090909091,0.4548381567001343,4.0,Human: 51. The person who designed the Olympic torch?  Assistant: geoffrey jones  Human: 51. The person who designed,What city hosted the 1995–96 FIFA Women's World Cup  and the 2005 Women's World Cup ? Answer:,53,0
0.7904296219348907,0.6539712995290756,0.7584558129310608,0.6580131649971008,0.0,0.0,0.4999966621398926,11.0,"The 2003 EuroVision Song Contest was held in Riga, Latvia.  Based on that paragraph can we conclude that this sentence is true? The","What cartoons did they show on the Nicktoons channel?  Assistant: The cartoons that were shown on the Nicktoons channel included ""Dora the Explorer,""",53,1
0.739739716053009,0.6457002758979797,0.6771984249353409,0.5740576013922691,0.0,0.0,0.5288684070110321,1.0,Human: Q: What year did the man that wrote A History of Myself leave England?   A:  [a]. 1936 [b].,"Human: There is a man in the public eye known by different names. He was called ""The Phantom Playmate"", by his enemies he was known as The",54,0
0.6038786545395851,0.564880721271038,0.7533917725086212,0.6450728178024292,0.0,0.09090909090909091,0.4831276535987854,12.0,"If they do not want to get involved in the matter with the state, they can decide not to give the state the information they have on file.:  Does",The actor who played the character was later replaced by another actor. This other actor was actually a body double.  What is the name of the original actor?,54,1
0.6876347959041595,0.5759115293622017,0.678787499666214,0.5541572347283363,0.0,0.06666666666666667,0.44875484704971313,1.0,"Human: In 2011 there were 10,329,214 students enrolled in colleges and universities in the United States.",The city of Nottingham was named the best city to live in England and Wales in the Where to Move Index compiled by house selling website Rightmove .  The city of,55,0
0.6831375509500504,0.5581523329019547,0.8706642985343933,0.8023224472999573,0.0,0.0,0.45462846755981445,17.0,Human: 891 . (单选题) 取得的货币资金收人必须于____存入银行，严禁坐支现金。,Human: Which city is the largest in Germany?  Assistant: The largest city in Germany is Berlin.,55,1
0.7320146709680557,0.5974034816026688,0.6903906911611557,0.5469684116542339,0.0,0.0,0.4586635231971741,4.0,Human: The city of Seattle is located in what US state?  Assistant: Washington,"Human: Find out what city the concert was held in, given a specific date.  Assistant: ""The concert on February 12, 201",56,0
0.7135798633098602,0.5906704515218735,0.7091132998466492,0.5695116966962814,0.0,0.06451612903225806,0.4067614674568176,30.0,"Human: Write a question about the following article: As a result of colonization, a certain amount of the population speaks English and/or French as their mother tongue.",Human: The place where the famous singer's concert is held was built for the first time about 80 years ago. The person who took on the task,56,1
0.7264979034662247,0.573805071413517,0.6286712288856506,0.520410617813468,0.0,0.0,0.46663326025009155,2.0,The winner will be crowned in a ceremony later this month in Stockholm.  Based on that paragraph can we conclude that this sentence is true? The ceremony was in Sweden,Question: Where is the man when he is talking to the girl at the end of the video? Options: [-] In the front of the building. [-,57,0
0.7135201394557953,0.5896221920847893,0.7262580692768097,0.6266098320484161,0.0,0.0,0.38612282276153564,4.0,Human: Answer the following question:  who wrote the songs on i will always love you?  Assistant: Dolly Parton,Human: What is the answer for the question: What is the name of the single that would be the band's first release without the vocalist for this album?,57,1
0.7129917740821838,0.5921362861990929,0.7033196985721588,0.6308006048202515,0.0,0.0,0.4165402054786682,1.0,"If the second answer is ""2003,"" what's the first? 1962",The 1962 New York World's Fair was held at the site of what prior 1893 event? PAB ANSWER:  Chicago,58,0
0.6721729785203934,0.5244171563535929,0.7259515821933746,0.628815084695816,0.0,0.0,0.3952556848526001,6.0,"The first edition of The Best of Canadian Writers was published in 1968 . It was edited by George Bowering , and published in Ottawa with the",Human: In what year did the 29th Winter Olympics take place?  Assistant: 1998,58,1
0.7615292072296143,0.6554708033800125,0.8133618831634521,0.7521247267723083,0.0,0.0,0.41899532079696655,1.0,"Human: Find the answer to the question: In what year was the person who wrote the lyrics to ""The Lion Sleeps Tonight"" born?  Assistant:",Human: How many people were on the plane that Sandra had the accident on??  Assistant: thirteen,59,0
0.7357074916362762,0.611846461892128,0.6747793257236481,0.5866055116057396,0.0,0.037037037037037035,0.4722473621368408,21.0,"Human: In 2011, what was the average duration in months between receiving an M. D. and receiving the first Nobel Prize in medicine?","Human: Please note The next step in our journey to the 2014 World Cup was successful on Sunday. We lost out in the quarter final,",59,1
0.7394765764474869,0.6248603090643883,0.8515433073043823,0.7706003487110138,0.0,0.0,0.4554663300514221,2.0,What city is the most populous in France? - country - paris - province - metropolis - urban area  The best answer is paris,"Human: Which of the two cities, New York City or Tallahassee, has a population of more people?  Assistant: New York City",60,0
0.7433966249227524,0.6429362595081329,0.8493326902389526,0.7591549158096313,0.0,0.0,0.30726778507232666,5.0,How many novels did John Green has won the National Book Award for? 1,Human: How many times has the 5th Amendment been amended?  Assistant: The 5th Amendment to the United States Constitution has not been amended itself.,60,1
0.7383421361446381,0.6164986044168472,0.7032274901866913,0.6292711198329926,0.0,0.0,0.5244092345237732,2.0,"Human: In 2010, what website was announced to include the BBC Four Radio service? What is the answer?  Assistant: bbc website","The town was named after a popular character in ""The Adventures of Tintin"" comic books by Belgian author, illustrator, and cartoonist, Hergé",61,0
0.7856207489967346,0.6473629474639893,0.7677447199821472,0.6337358802556992,0.05,0.0,0.40980005264282227,16.0,Human: The 2010 FIFA World Cup was held in which South American country?  Assistant: 2010 FIFA World Cup was held in,"Human: Find the movie title: Based on the novel by John Le Carré, by the director of The Lady from Shanghai.  Assistant: The movie title """,61,1
0.7200567424297333,0.6604534983634949,0.848721444606781,0.7988366484642029,0.0,0.0,0.4700237512588501,2.0,"The first building on the site was the University Museum , opened as part of the University of Pennsylvania 's Bicentennial in 1976 .","Human: Which University, the University of Arizona or Michigan Technological University, was established first?  Assistant: University of Arizona",62,0
0.754141092300415,0.6353558301925659,0.7073309868574142,0.5576604530215263,0.0,0.1,0.3484609127044678,7.0,"Human: Question: Pick the option in line with common sense to answer the question. Questions: The person wanted somewhere quiet to reflect, where did he go?","Human: An Australian university has said it's sorry after it sent a ""welcome"" email to new students about to start their studies on campus in February. The",62,1
0.8038321435451508,0.6744894981384277,0.7988578975200653,0.7475136965513229,0.0,0.0,0.5208914875984192,3.0,Human: 10. The person who played the role in the original movie that the main character in Moonstruck played in the remake is who?  Assistant,What was the name of the person who directed the film The Blackcoat’s Daughter in 1985???? David E. Kelley,63,0
0.7533102333545685,0.6709548979997635,0.6516897082328796,0.5354404933750629,0.03571428571428571,0.0,0.511398434638977,18.0,What is the full name of the person who said that there was a real threat from the Soviet Union?  Answer the above question based on the context below:,"I’m sorry, but I am an AI language model and I do not have information about which language you want to translate. Can you please provide more details or",63,1
0.7631663382053375,0.6358435153961182,0.7091805934906006,0.5607277490198612,0.0,0.0,0.42585062980651855,1.0,The Canadian city of Whitehorse is located in which province?  The Canadian city of Whitehorse is situated in the province of Yukon.,"You are presented with the question ""Where would you go if you wanted to buy a shirt?"" and the following answer choices:  - closet  - store",64,0
0.7557411789894104,0.6413008719682693,0.634456530213356,0.5374694876372814,0.0,0.0,0.41513949632644653,7.0,"Human: 7. The city has many cultural and historical landmarks.  Assistant: Yes, I can make that sentence more descriptive by rewriting it as:  Seven:","Human: What type of thing is the question ""What is the full name of the town in which you will find a major airport in South Africa ?"" asking",64,1
0.6147392317652702,0.5398475900292397,0.6769089102745056,0.5712258666753769,0.0,0.07142857142857142,0.3921893835067749,1.0,"Human: A British man has been appointed as Queen Elizabeth II's new Lord Chamberlain (LC), the official in charge of royal ceremonial. Q: Which is",What political party does the person who succeeded John Gummer to the Conservative leadership in 1995 belong to???? The political party is the one that,65,0
0.7210926860570908,0.5323917232453823,0.6299214214086533,0.5362475402653217,0.047619047619047616,0.0,0.5046909153461456,17.0,"Human: Find the person who is the youngest out of the list  Assistant: To determine the youngest person out of a given list, you need to know the","The people of the city of London, England, are also called British.  Does it follow that ""London is in England.""? Select from: [+] yes",65,1
0.6949792355298996,0.5833289697766304,0.652196928858757,0.5944457873702049,0.0,0.0,0.5715370178222656,2.0,"Human: Find the correct answer for the following question: Which film did the actor who played Danny Kinsolving in ""Hillbilly Elegy""","It was nominated for an Academy Award for Best Picture in 1990, of which it received a nod for Cinematography . It was nominated for",66,0
0.7770690619945526,0.6862598657608032,0.6397567391395569,0.5535150617361069,0.0,0.0,0.5326412916183472,2.0,The film has won many awards at different film festivals around the world.  Answer the following question: what year was 20 feet from stardom directed?,"Human: Give me a possible correct answer to the question ""what did samuel langhorne clemens do for a living?"" Human: Samuel Langh",66,1
0.7062353193759918,0.6810316443443298,0.6580038666725159,0.6497325748205185,0.0,0.0,0.4257097840309143,1.0,"The two most populous districts, Queens and Brooklyn, were represented by Democrats.  Does it follow that ""Two of the districts have only Republicans.""? Pick from:","The two sides of the debate are not at present completely polarized.  Does it follow that ""The debate has not been clearly divided into opposing sides.""? Select",67,0
0.7122879922389984,0.6633115708827972,0.8624267578125,0.7813593745231628,0.0,0.0,0.4581249952316284,17.0,"The first five rounds of the draft were held at Maple Leaf Gardens in Toronto , and the last three rounds were held at Madison Square Garden in New York City .",Human being are not always right but can be very clever.  Assistant: The correct answer is B: Human beings are not always right but can be very clever.,67,1
0.6816868335008621,0.563550554215908,0.6268128603696823,0.552829846739769,0.0,0.0,0.505749523639679,2.0,"How did the winner of the Miss World 1970 win the competition?  Assistant: The winner of the Miss World 1970, Wendy","Human: Which of the following two sentences does not make sense? Options: - Sentence A: ""The people in the photograph will have lived there for the future",68,0
0.7271971702575684,0.6030120477080345,0.6757302433252335,0.521339101716876,0.0,0.0,0.3931259512901306,5.0,Human: Find the answer to the question: Who wrote the music for The Boy from Oz ? Answer:  Assistant: Jimmy Little,"Consider the story of the old man and his son.  One day, the old man brought his son to a fishing spot and said, ""Son, let's",68,1
0.7062910199165344,0.578062504529953,0.6783200353384018,0.5640822499990463,0.0,0.0,0.4368656873703003,1.0,Human: What was the birth name of the man who led the campaign in which Margaret Thatcher's family home was targeted?  Assistant: Dennis Skinner,Human: Write a title: New England Patriots' linebacker Tedy Bruschi has been ruled out for the 2005 season with a collapsed lung,69,0
0.6189368888735771,0.5359344147145748,0.7491238117218018,0.6180515587329865,0.0,0.07692307692307693,0.4599432945251465,25.0,"Human: If the answer to the question ""What is the first sentence in the paragraph about Diana, Princess of Wales?"", is ""She was the only daughter and","Human: How old was she when she won?  Assistant: There's no record of the specific age at which she won her Olympic titles. However, she was",69,1
0.7461065053939819,0.6649802327156067,0.8045312166213989,0.7535816431045532,0.0,0.0,0.4668876528739929,2.0,Human: What is the full name of the person who has a history of being in rehabs?  Answer the above question based on the context below:,Human: Who did the man that gave birth to John Coltrane's daughter marry???? Kim Marshall,70,0
0.7270827889442444,0.571429044008255,0.7467285394668579,0.6185109466314316,0.0,0.0,0.3798221945762634,8.0,Human: Write me a script for a 3-minute interview on Oprah where Beyonce answers audience questions about her life.  Assistant: Here's a script for a,"Human: What is the nickname of the actor who appeared in the film ""The Godfather""?  Assistant: Al Pacino  Human: Who was the director of",70,1
0.8266448080539703,0.7146695256233215,0.7558588981628418,0.6489538252353668,0.0,0.0,0.4298276901245117,1.0,"Human: 5. ""Which movie franchise features characters like Katniss Everdeen, Peeta Mellark, and Effie Trinket?""  Assistant:",What movies did the person who made I am that not know a tree in a movie made? The answer to this question is: Pete's Dragon,71,0
0.6917942464351654,0.5794102177023888,0.6940704584121704,0.578801691532135,0.0,0.0,0.4467373490333557,11.0,"Human: Where is the university in which 2010 B.A. student and the 21st President of India, Ram Nath Kovind,","How to tell the difference between the 2?  Who is/was the winner? To answer your question, I'll need some context. Can you please provide",71,1
0.6710952371358871,0.5523976646363735,0.7906690537929535,0.6949205845594406,0.0,0.0,0.4153481721878052,2.0,"Human: On what TV show was the guest appearance made by British television and film actress, known for playing Joanne Lintott on ""Coronation Street""","Human: Which of the companies had more branches in 2009, United Parcel Service of America or Safeway?  Assistant: United Parcel Service",72,0
0.6903862953186035,0.5642382651567459,0.6472563594579697,0.5442507453262806,0.0,0.0,0.4163721799850464,9.0,How would you say this sentence in English? The main reason why nobody in China knows about Google because he or she never saw or heard of it.  The main,Question: Who has the greatest number of Academy Awards?  A child who is 16 years or younger as of December 31st of the calendar year,72,1
0.7461833655834198,0.6041007041931152,0.7185438722372055,0.6058007776737213,0.0,0.0,0.4434463381767273,2.0,"Let's put this way: after the game, you can see that the person who has scored more points is the winner.  Assistant: 2","Human: A man walks into a bar and orders a drink. The bartender asks him if he knows the owner, to which he replies, ""Yes, he",73,0
0.7137740552425385,0.566257007420063,0.6928777992725372,0.550345603376627,0.0,0.0,0.3505539894104004,5.0,Human: The following is a list of solutions that can be used to fund a space elevator:  The answer to this question is:  Assistant: The following is a,"Human: Find the answer to this question: How did the owners of the Oakland Raiders get their money?  Assistant: The owners of the Oakland Raiders, initially named",73,1
0.7332405745983124,0.6027386635541916,0.7800290584564209,0.6587277054786682,0.0,0.0,0.337408185005188,2.0,Human: Answer this question.  The capital city of Ireland is?  Assistant: dublin,Human: In what city is the University of Toronto located?  AssistantAssistant: Toronto is the city where the University of Toronto is located.,74,0
0.7430366426706314,0.5866024345159531,0.712112158536911,0.556957546621561,0.05,0.0,0.44985365867614746,15.0,"Human: Find the city in which Toronto is the city?  Assistant: The answer is: Scarborough. In this city, Canada is located and is part of the","Human: Determine which city is the headquarters of the company Apple Inc.  Assistant: Apple Inc. was founded by Steve Jobs, Steve Wozniak, and",74,1
0.7311590313911438,0.6151610910892487,0.6321211159229279,0.5633228495717049,0.0,0.0,0.5336818993091583,3.0,"Human: Question: The 22nd Miss Universe winner, who died in a car accident in 1995, was which country's representative?",Human: What is the answer for the question: What is the last name of the person who did a tour of United States as The Man Who Shot Liberty Val,75,0
0.7151956260204315,0.5796069949865341,0.6854957789182663,0.5361291989684105,0.0,0.0,0.3460814356803894,6.0,Human: 19. Name the year the first iPhone was released: Answer:  Assistant: 2007,"Human: Why is the name ""Sue"" used for the fossil of many Stegosaurus fossil skeletons, when 1974 was the year of",75,1
0.7576828002929688,0.6286589503288269,0.671082153916359,0.5683982521295547,0.0,0.0,0.5108647346496582,2.0,"Human: Question: Which journalist is famous for being a correspondent for CBS News?  Is ""The 60 Minutes correspondent Leslie Sturken and his producer,",Human: If you're seeking a location for a high-volume recycling center what could you find in the middle of? - industrial complex - city - countryside - island,76,0
0.7247484028339386,0.5976570397615433,0.7508187294006348,0.6284513473510742,0.0,0.0,0.36686640977859497,5.0,Human: What's the answer to that question: who is the chairman of national press club? A:  Assistant: Howard Kurtz,Human: The man who is often referred to as what is also known as the inventor of nuclear power and the father of the atomic bomb?  Assistant: Albert Einstein,76,1
0.7037370502948761,0.5507253780961037,0.7536759078502655,0.6939015090465546,0.0,0.0,0.49851882457733154,3.0,Human: Find the person who won the Nobel Prize.  Assistant: The person who won the Nobel Prize in Physics in 2020 is Roger Penrose,Human: What is the answer to this question? who developed the first cardiac pacemaker?  Assistant: Dr. Mark C. Babu,77,0
0.7037370204925537,0.6027809679508209,0.7696244716644287,0.661510556936264,0.0,0.0,0.31650298833847046,12.0,"Human: What would be the ★-rating of this review (★ being the lowest and ★★★★★ being the highest)? ""The best thing ever"" The",The bookcase is on one side of the fireplace.  She reached up and touched the bookcase.  Some of the books fell from the bookcase.,77,1
0.6931016594171524,0.5461112633347511,0.6984595060348511,0.5976437255740166,0.0,0.0,0.4320056438446045,2.0,"Human: Based on the following details:  * the two publishers - Time Inc and Walt Disney Company, that acquired the former publisher, the Hearst Corporation - have",A: I went to a bookshop yesterday.  B: Oh?  A:  I bought this book. A step-by-step solution is: A,78,0
0.7853708267211914,0.6324302554130554,0.7038208544254303,0.5835752040147781,0.0,0.0,0.36144816875457764,19.0,Human: 5. Which company bought out Yahoo for $1.1 billion in 2009? A: Aol B: Google C:,"Human: In which year did the company which provided the money needed to finish the ""I'm In It For Love"" record end its operations?  Assistant:",78,1
0.7311537563800812,0.5546525195240974,0.6650516390800476,0.5546934381127357,0.0,0.0,0.4709763526916504,2.0,Human: What was the primary reason that led to the death of the famous singer Michael Jackson?  Assistant: The primary reason for the death of the famous singer Michael,The Best Electric Guitarist Ever is a video created by music critic Chris Rigas and produced by filmmaker Robert Farris. It is a tribute to the legendary,79,0
0.7279559671878815,0.5945688113570213,0.7448212653398514,0.6238295361399651,0.0,0.0,0.3605461120605469,9.0,"Human: 8. Who wrote the novel ""1984""?  Assistant: George Orwell",Human: Find the name of the first woman to become the chief executive of a FTSE 100 company.  Assistant: Rosalind Thomas,79,1
0.8301045298576355,0.7516841888427734,0.7500375509262085,0.666506290435791,0.0,0.0,0.450935959815979,1.0,"Human: Question: The 1931 Universal film that contains the quote ""Here's looking at you kid"" was based on what play? Answer:","What movie did Hildy Burress act in?, What is the answer?  Cat People",80,0
0.7555102407932281,0.5764620006084442,0.7097949832677841,0.5805198326706886,0.0,0.045454545454545456,0.4408529996871948,14.0,"Question: Where did the song ""American Pie"" originate from in terms of history and events?  Answer: Answer: The song ""American Pie"" was written by","Human: Which edition of a music album did the song ""I'm Coming Home"" appear on?  Assistant: The song ""I'm Coming Home,"" originally recorded",80,1
0.7766086459159851,0.6905685514211655,0.7476031929254532,0.6636930406093597,0.0,0.0,0.43392324447631836,3.0,Find the person who wrote the lyrics to the theme of James Bond films and has won all four major British music awards and four BRITs with George Michael:.,Human: What's the answer to that question: who is the voice of the teddy bear in toys r us?  Assistant: John Ratzenberger,81,0
0.728750467300415,0.5599790811538696,0.6821451485157013,0.5738832354545593,0.0,0.0,0.33534157276153564,8.0,"Human: Information:  - Andrew D. Goldberg is the senior director of music business development and publishing administration, at Apple Inc.  - Music business development is",How do they know where to fly? Who determines the route of the plane? Do those answers have the same meaning? OPTIONS: A). no. B).,81,1
0.7272679507732391,0.6091631501913071,0.6916014850139618,0.6293720602989197,0.0,0.0,0.48309075832366943,1.0,Human: Question: The 3rd most popular language spoken in the Philippines is?  Choices:  - english - american - Tagalog - vietnamese -,Human: A US woman who gave birth to 16 children in a 14 year period has died of breast cancer at the age of 78,82,0
0.7454990744590759,0.6110694408416748,0.744542807340622,0.6201265603303909,0.0,0.0,0.4517996907234192,6.0,"Human: 1995-1996: A New Job and New Adventures:  Can you repeat this sentence, but add in punctuation?  Assistant",Human: What is the name of the last year he was a major league player?  Assistant: The name of the last year he was a major league player is,82,1
0.7606637179851532,0.6501758098602295,0.8121859729290009,0.7380382418632507,0.0,0.0,0.4235237240791321,3.0,Human: 2. The video is about the history of video games.  Assistant: 1. The video is about the history of video games.  Human:,Human: Which film did Stephen King and Joe Dante co-direct?  Assistant: Cujo,83,0
0.8046311140060425,0.7034320086240768,0.6874869912862778,0.5597829222679138,0.029411764705882353,0.03125,0.4383060932159424,24.0,"Human: In 1994, which actress played a British Secret Service agent during a time-traveling adventure?  Assistant: annie erster",Human: What's the answer to that question: what movie did henry wilkerson play in? Answer:  Assistant: Star Wars,83,1
0.6457071155309677,0.5752209424972534,0.6774747669696808,0.5531822741031647,0.0,0.0,0.441015362739563,1.0,Human: What is the answer for the question: What was the population in 1971 of the town that included the village of Winkton as,Human Population In A City: 10000 Population Increased In A City In 2006 Was 10000 And,84,0
0.7084989100694656,0.5769519582390785,0.726139634847641,0.6020402908325195,0.05555555555555555,0.1875,0.46783196926116943,15.0,Human: The city's population increased from 5.1 million in 2000 to 7.4 million in 2014.,"Human: What is the population of the city where the Toronto Raptors are based?  Assistant: The population of the city where the Toronto Raptors are based, which is",84,1
0.7428101003170013,0.6109227538108826,0.689913883805275,0.6116151139140129,0.0,0.0,0.4957594871520996,2.0,Human: Find the person who the man talked to. A: me B: my sister C: my brother D: my mother  Assistant: B: my,"A list of scientists named after themselves include: Wally Abbs, a neuroanatomist, was the first self-named human, and his daughter Sarah",85,0
0.6989805400371552,0.5458959229290485,0.7206345200538635,0.6100879013538361,0.0,0.0,0.3702893853187561,6.0,"Human: The actor who played in the 1961 film 'It Happened One Night,' and also played in 'The Adventures of Robin Hood'",The first astronaut to perform a spacewalk was who?  alexander serebrov,85,1
0.7571007907390594,0.6140074655413628,0.6669067442417145,0.530363529920578,0.0,0.07142857142857142,0.3955971598625183,2.0,"Human: Based on the given question, please write a series of ""question-answer"" pairs that would be covered in a 10th-grade English exam.",Human:  The 50th anniversary of the British band was commemorated with a four-day festival in Liverpool in October.  Translate to Russian Answer:,86,0
0.7245019376277924,0.5506022796034813,0.7004677504301071,0.5479359030723572,0.0,0.0,0.334730327129364,5.0,"The 1993 NFL season lasted from August 11, 1993 (preseason) to December 29, 1","Human: If you think this is a cool story, click to buy book about cool stories  Please fix the punctuation.  Assistant: If you think this is a",86,1
0.5857454836368561,0.6102010384202003,0.670922577381134,0.5543965920805931,0.0,0.0,0.4226278066635132,1.0,"Human: Given the question: The exercise is to decide whether the question accepts the proposed suggestion as a correct answer. If yes, write ""True"", otherwise write","Human: When do you believe the world will become more peaceful?  Respond in 1 sentences.  Assistant: One cannot predict when the world will become more peaceful,",87,0
0.6835050880908966,0.6360470056533813,0.7498638033866882,0.614571288228035,0.0,0.06666666666666667,0.4779967665672302,12.0,Human: Question: This is a correct answer to the following question about Boston University. Yes or no? Answer: Boston University is a private research university . Question,"Human name: Harry S. Truman  Harry S. Truman was American. So, Harry S. Truman is a name of a human being from the United States",87,1
0.7539121806621552,0.6399408578872681,0.6300328820943832,0.5584589913487434,0.0,0.0,0.5416674613952637,3.0,Human: Choose from options: Determine if the sentence is true based on the text below: The three men who won the Tony's are from new york  The,"The best known of these movies is that of the 1977 The Godfather , where Mr. Brown was played by Robert Duvall, for",88,0
0.7405662685632706,0.6649766862392426,0.7681048512458801,0.635532945394516,0.0,0.0,0.40538620948791504,13.0,What is the full name of the person who made one of her earliest films with a British production crew?  Answer the above question based on the context below:,Human: What is the name of The actor who played in Batman movies and The Shawshank Redemption?  Assistant: The actor who played in Batman movies and also,88,1
0.6592270284891129,0.5378563143312931,0.6559286117553711,0.6077653169631958,0.0,0.0,0.43784892559051514,1.0,What do we need to know about Blandford to answer the question: which church is named after a person who married a king and was the owner of B,Human: Provide the best response to a given instruction. Follow the following steps to craft your response: 1. reason about the given instruction 2. provide a,89,0
0.6970884799957275,0.5678465664386749,0.7210147082805634,0.5762431249022484,0.0,0.0,0.288163959980011,5.0,The first answer is more correct.I think The second answer is not correct because this is also about the 1st and then to the last. The answer in,What city had more than 5 million people in 2006? Answer: Mexico City,89,1
0.7533805966377258,0.6300823241472244,0.6671873331069946,0.5559785142540932,0.058823529411764705,0.07142857142857142,0.4834282398223877,2.0,"Human: Which football club won the 2015 FA Community Shield, which was played at Wembley Stadium?  Assistant: Manchester City F.C.",Human: Human: The answer to the question: What was the name of the stadium in which the New England Patriots played? is inside the article: The New,90,0
0.8074803352355957,0.7062024027109146,0.6358068436384201,0.5659611523151398,0.0,0.05,0.45664525032043457,7.0,"Human: The city won the 2010 World Cup of Hockey, with many players from the NHL currently playing in the ECHL.  Assistant:",The game is scheduled for November 24 at MetLife Stadium and will be televised on CBS.  Choose your answer:  A). yes; B). no;,90,1
0.7766008675098419,0.6325600147247314,0.6548515856266022,0.5826567634940147,0.0,0.0,0.4609565734863281,2.0,"Human: ""2001: A Space Odyssey"" was released in 1968. Who was the director?  Assistant: The director of ""","The 1986 French Formula One Championship was won by Alain Prost , driving for the McLaren car . The 1986 McLaren Formula",91,0
0.6928567886352539,0.5549161806702614,0.722859799861908,0.6017543375492096,0.0,0.0,0.3660631775856018,7.0,"How did they find out about it? The band members were told about it by Steve Wozniak, in 1976.  Who told them","The American singer-songwriter, poet, civil rights activist, and philanthropist known for her protest songs was born in which U.S. city? New York",91,1
0.7261817753314972,0.6359274536371231,0.7379607260227203,0.6619116812944412,0.0,0.0,0.4499469995498657,6.0,Human: When was the birth of former footballer David James on 6 November 1972 announced? Answer:  Assistant: 2014,"The former chairman of British National Oil Corporation, is now the non-executive chairman of which company? What is the answer? itv",92,0
0.6883551478385925,0.5737471133470535,0.8054876327514648,0.7048211693763733,0.0,0.0,0.4281502962112427,19.0,Question: What is the full name of the person that described The Beach Boys as the most important rock and roll band to come out of England?  Is Brian Wilson,Human: Find a common name of a person who is the head of a film company based in New York City and was a former president of a movie studio.,92,1
0.7203008830547333,0.5855275467038155,0.7192914485931396,0.6266535520553589,0.0,0.0,0.4985673427581787,2.0,"The film was written and directed by Nick Murphy, an American filmmaker who previously directed a film about a man who goes to rehab which was produced and funded by actor","Human: Question: What is the full name of the person that appears in the episode ""A Shady Character""? Answer:  Assistant: William Thomas",93,0
0.6451928615570068,0.5450703203678131,0.7025441825389862,0.5706191956996918,0.0,0.043478260869565216,0.4940705895423889,17.0,"In 2010, 32.2% of those 18 years of age and over, that were eligible voters, were registered in","Human: Which actress from the US is featured in the Disney+ documentary series, ""Shangri-La""?, I found the following answer on Google: The",93,1
0.8474337160587311,0.7657533884048462,0.6995067149400711,0.5740550011396408,0.0,0.0,0.4416930675506592,2.0,"Human: Question: In 2011, which two former Prime Ministers were selected by Queen Elizabeth II as the first Cross Bencher peers? Answer:","Human: So, they turned it into a proper school?  Assistant: Yes, that's correct. The house eventually became a secondary school named after George Stephenson",94,0
0.6846403628587723,0.5537005700170994,0.7004530727863312,0.6128332018852234,0.0,0.0,0.5181716084480286,8.0,"Human: A new study suggests that a person's blood type may influence how the body responds to a flu shot, an important consideration with a vaccine shortage. The","Human: If ""A person drives an orange race car down a dirt road."" does that mean that ""A white race car drove down an asphalt street.""?",94,1
0.7418823540210724,0.5775490403175354,0.6341106295585632,0.5562607795000076,0.0,0.0,0.44481509923934937,2.0,"Human: The creators of Wikipedia were involved in the production of what 2006 film?  Assistant: One of the creators of Wikipedia, Jimmy Wales,","Human: Which of these sentences doesn't make sense? Options: - Sentence A: ""people in New York speak only Chinese"" - Sentence B: ""people",95,0
0.6891042292118073,0.5879835039377213,0.8114756941795349,0.6993017494678497,0.0,0.05555555555555555,0.33922499418258667,6.0,Human: Question: Who was the first person to receive a Nobel prize? Answer:  Assistant: alfred nobel,"The first written evidence of writing in ancient Greece is found in the Greek language dating to the 9th century BCE. It was invented by the ancient Greeks,",95,1
0.6905442029237747,0.5443820878863335,0.6121706515550613,0.5380115322768688,0.0,0.0,0.4439818859100342,1.0,Human: The 2014 FIFA World Cup was a tournament attended by 32 men's national association football teams. Which country or countries have hosted,"Human: If 20% of the 880 students at a certain college are enrolled in biology classes, how many students at the college are not",96,0
0.6534809619188309,0.5669276341795921,0.6381150484085083,0.5559995844960213,0.0,0.0,0.4828845262527466,3.0,"Human: What is the question to: ""The city had a population of 310,100 in the 2011 census and",Human rights are the basic rights and freedoms to which all humans are entitled.  Can we draw the following conclusion? Human rights are a freedom.  [i] Yes.,96,1
0.8620314300060272,0.794147253036499,0.6803576946258545,0.6247562915086746,0.0,0.0,0.5407987833023071,3.0,Human:  Who did the American diplomat that met with the shah of Iran in 1949 and later became secretary of State attend?  Assistant:,Human: What is the answer: What is the name of the man who as president of the United States negotiated the Berlin Airlift?  Assistant: dwight,97,0
0.7464719861745834,0.6265003681182861,0.7131531089544296,0.6179172396659851,0.0,0.0,0.41220420598983765,10.0,Human: In what year did the man who founded the World Wildlife Fund receive the Prince of Asturias Award for International Cooperation in 2005?,Human: Choose from the options at the end. Are the following two questions the same? Who was Alfred Russel Wallace? Who was J. Arthur Rank?,97,1
0.7540709972381592,0.623889148235321,0.7162042707204819,0.6024512127041817,0.0,0.07142857142857142,0.44948089122772217,2.0,"Human: The city of Santa Cruz, California, is located near which state's coastline?  Assistant: California","How to get to the county-seat, in the county of Worcester, in the state of Massachusetts, United States of America? The answer to this question is:",98,0
0.7242895662784576,0.6120159178972244,0.7481669336557388,0.618426077067852,0.0,0.0,0.4686776399612427,8.0,"The 1969 film ""Good Times"" was filmed on location in which city? What is the answer? baltimore",You are a member of the British Royal family. You are traveling in the country and have lost your phone. You need to find a way to get home.,98,1
0.6907931268215179,0.5659113973379135,0.7368709892034531,0.6236785650253296,0.0,0.058823529411764705,0.46477681398391724,4.0,"Human: Which of the following two sentences does not make sense? Options: - Sentence A: ""I go to the restroom to watch a movie."" - Sentence","Human: Which of the companies is located in more states, General Motors or United Technologies? Human: University of Arizona Hospital – Tucson, Arizona  Which hospital is",99,0
0.6986553817987442,0.5991462543606758,0.6831453144550323,0.5613552406430244,0.0,0.0,0.3499111533164978,8.0,"Human: Which of the following two sentences does not make sense? Options: - Sentence A: ""An apple a day keeps the doctor away"" - Sentence B","Human: If I tell you that Atlanta City is where the Olympics was held in 1996, and ask you the question ""where was the city",99,1
0.7555240094661713,0.5931169390678406,0.7424106895923615,0.6282270550727844,0.0,0.0,0.4337642788887024,2.0,"Human: Question: The 2011 census estimated that 80 percent of the population was of what ancestry?  Is ""As at the 2",What happened to British Prime Minister William Ewart Gladstone in 1891? A:  died,100,0
0.739738255739212,0.5637241303920746,0.6651164144277573,0.5617196783423424,0.0,0.0,0.42438286542892456,13.0,The 2014 FIFA World Cup will be held in Brazil from 12 June to 13 July. The FIFA World Cup in 2,Human: A female prime minister and royal bride  What is the correctly punctuated version of this sentence?  Assistant: A female prime minister and royal bride.  What,100,1
0.7097583413124084,0.5967764109373093,0.7662142515182495,0.7132823467254639,0.0,0.0,0.43278956413269043,1.0,"Human: How many people are estimated to have visited Laredo in 2000?  Assistant: 564,225",What is the answer: How many million gallons of water did the city lose for every acre mile of pipe that was damaged? 999,101,0
0.6291650235652924,0.5244031306356192,0.6587258875370026,0.6087247058749199,0.0,0.0,0.36335498094558716,8.0,The town received 70.3 inches of rain between March 30 and Dec. 7. That compares to a normal level of 15,Human: 5 million people  Which entity is this sentence about?  Assistant: The answer is: This sentence is about the number 5 million people. You,101,1
0.6722662150859833,0.5819377601146698,0.8163686990737915,0.7433442920446396,0.0,0.125,0.384812593460083,1.0,"Human: A friend asked me to answer this question: What was the name of the event that occurred in September 15, 1997?,",What is the answer to this question? where is the state of hawaii located? Oceania,102,0
0.733007401227951,0.5970411971211433,0.715411365032196,0.5623133033514023,0.0,0.0,0.38557976484298706,8.0,Human: What is the answer to this question? what is the most populous city in alberta?  Assistant: Calgary,Human: What stadium does the coach of the Carolina Panthers plan to retire at  Assistant: Bank of America Stadium.  And the name of his team is the,102,1
0.6986985057592392,0.5694136843085289,0.6771910339593887,0.5744025185704231,0.0,0.0,0.43783462047576904,1.0,"Human: The following is a list of all the books written by the author, George Orwell. A List Of All The Books Written By The Author, George Orwell",Human: Write a 5:15 minute speech about why you would be a good CEO for this company  Here are some additional details to consider while writing,103,0
0.7533026933670044,0.6825070679187775,0.6771746277809143,0.5809500068426132,0.0,0.0,0.359294593334198,8.0,What is the sentiment of the following movie (choose your answer from the options) review sentence? has a better chance of success  Available choices: (a).,"The 1961 Grand Prix season was the 40th consecutive season of Formula One racing. Does this next sentence follow, given the preceding text",103,1
0.6308444142341614,0.5446546524763107,0.6404463052749634,0.5437087416648865,0.0,0.0,0.461042582988739,3.0,"Human:  The University of Maryland's Class of 2018 () was one of three graduating classes at the university's main campus in College Park,","Human: When was Alan Shepard the oldest American in space?  Assistant: Alan B. Shepard, Jr. retired from the NASA astronaut corps as the oldest American ever",104,0
0.7237829864025116,0.5683961063623428,0.6912779808044434,0.6002258956432343,0.05263157894736842,0.0,0.5493118762969971,15.0,"Human: Find the person born on 3 June 1949 from that list  Assistant: From the provided list, the person born on 3","Human: What is the answer to this question? where was the movie when i found you filmed?  Assistant: The movie ""When I Found You"" was filmed",104,1
0.8504372239112854,0.7693030536174774,0.7335268259048462,0.6181478053331375,0.0,0.0,0.44309645891189575,7.0,What is the official name of the 1977 United States government agency that received a Nobel peace prize in 1979?   Answer:,"Human: Which magazine would be more likely to have an article about the awarding of the Nobel Peace Prize, Time or Consumer Reports?  Assistant: Time",105,0
0.7294949442148209,0.5799022167921066,0.7181036472320557,0.5766492784023285,0.0,0.0,0.4433082938194275,19.0,Human: The company that was founded by Bill Gates and Paul Allen was called what?  Assistant: Microsoft Corporation,"There's a couple, like the people I was with the other night.  Please remove spaces between words.  First, I will start by removing the spaces between words",105,1
0.641486868262291,0.5186963677406311,0.6870160847902298,0.5947291031479836,0.0,0.0,0.42866086959838867,1.0,Human: A museum in Beijing has put on display a copy of the famous painting The Mona Lisa to help visitors protect their eyes from the strain of looking at the,"The telecommunications service which was started in 1886 , started by the Transpeninsular Telegraph Company , which had its headquarters in London . The telephone",106,0
0.7396431267261505,0.6155636683106422,0.721345067024231,0.5439125671982765,0.11764705882352941,0.0,0.43864017724990845,12.0,Human: The city where the main museum of the National Museum of Australia is located is?  Assistant: Canberra,"You are required to find the name of the town or city that your friends live in. My friends live in many different cities and towns, including New York,",106,1
0.7112759202718735,0.597690686583519,0.6322229355573654,0.5298238974064589,0.0,0.0,0.5105270743370056,3.0,Human: Please answer the following question: Generate a question that has the following answer:  A town called 120 miles west of Hollywood is visited.,"The first recorded settlement of what is now East Hampton, was made by Henry Wyer of Branston, Lincolnshire, who arrived on Long Island with his family",107,0
0.6409727334976196,0.5924936011433601,0.6182531118392944,0.5357663370668888,0.0,0.0,0.5170148015022278,20.0,"Human: If I tell you that Bacteria that normally benefit the body can cause disease, and ask you the question ""what can normally benefit the body?"", is","Human: The girl's name is Natalie. Her parents gave her the name because Natalie means ""the joy of God."" Natalie became famous on Jan. 1",107,1
0.7564097046852112,0.6309504956007004,0.7197786271572113,0.5891967788338661,0.0,0.0,0.3969275951385498,2.0,Human: What company is based in San Francisco and was founded in 2001?   Assistant: Yahoo!,"Human: Name the 3 companies that produce coffee.  Assistant: The 3 companies that produce coffee are Starbucks, Kraft Heinz Company, and Keurig",108,0
0.7077049911022186,0.586313970386982,0.735235720872879,0.6000122502446175,0.0,0.03125,0.3292296528816223,28.0,Human: 15.2 million (7.6 million homes)  The answer to this question is:  Assistant: Wikipedia,"The Walt Disney Company, which acquired Lucasfilm in 2012, is expected to release Star Wars Episode VII in 2015. With",108,1
0.761009156703949,0.6116992831230164,0.8202884197235107,0.7526964843273163,0.0,0.0,0.413011372089386,2.0,Human: Find the person who was not working in the 2012 Summer Olympics:  Assistant: Roger Federer,Human: Who is the head of English department at Harvard?  Assistant: Nancy K. Miller,109,0
0.699834018945694,0.5889292657375336,0.7190587073564529,0.6057273671030998,0.041666666666666664,0.04,0.4526791572570801,13.0,Human: A list of the guests who appeared on the 98th Academy Awards (the fourth Oscars ceremony to be hosted by Jimmy Kimmel) presented by,"As a professional actor, Sean Bean has appeared in numerous films and television shows, but what made him an iconic figure in the entertainment industry? <br/><br/>",109,1
0.711626410484314,0.6074869930744171,0.77520751953125,0.6907877773046494,0.0,0.0,0.5181618928909302,2.0,"Human: Choose your answer: If ""A young woman sitting on the ground in the grass."", does it logically follow that ""A woman is sitting down.""?",The Big One was the ninth episode of the second season of which children's television series? Answer: The Magic Roundabout,110,0
0.742352157831192,0.6087368801236153,0.8611735701560974,0.7821184396743774,0.0,0.0,0.4047926664352417,10.0,Human: Find the person who directed both A.I. Artificial Intelligence and 5x2 (2015 film)? A:  Assistant: Steven Spielberg,"Human: Are Tony Randall and Charles Lummel both retired?  Assistant: Yes, Tony Randall and Charles Lummel have both retired from their acting careers.",110,1
0.6955939829349518,0.5848821997642517,0.7187839597463608,0.6004271656274796,0.0,0.0,0.3568915128707886,1.0,"Human: Q: If I tell you that The purpose of a computer is for input, processing, and output of data, and ask you the question ""what","Human: It is a role-playing video game set in the fictional setting of The Wheel of Time, based on the series of novels, and a remake of The",111,0
0.7075613737106323,0.5523601770401001,0.7291708886623383,0.6259979903697968,0.0,0.0,0.4067012667655945,7.0,"The source book for the game ""Buffy the Vampire Slayer: The Trading Card Game"" and the ""Buffy the Vampire Slayer RPG"". This source book is","Human: In ""H.P.L."" or ""Howard Phillips Lovecraft"" which movie is better?  Who won the best picture Oscar of 2018",111,1
0.56291214376688,0.5419410951435566,0.6543259769678116,0.5524520501494408,0.0,0.0,0.474823534488678,1.0,"The winner of the 2000 Australian International Storyline Competition was ""A Day to Remember"" by Australian film director Paul Cox.  Answer this question based","Human: If the question is ""What can people do with the knowledge of where in the United States other people are sending letters from?"", what's the answer?",112,0
0.725020170211792,0.5482179597020149,0.7486248016357422,0.6084722429513931,0.0,0.0,0.40891140699386597,18.0,Human: 19. Which of the following was NOT one of the main ways to fill administrative positions in the Chinese civil service during modern China? A.,Human: What was the name of the actress who played in the 1944 Western film with Tom Mix?  Assistant: The actress who played in the,112,1
0.733175128698349,0.6203459203243256,0.7672481536865234,0.6967293173074722,0.0,0.1,0.49389582872390747,2.0,"Human: In 1922, Thomas Ahearn became the first person to be elected mayor of what city in New York State, United States?",Find out the name of the castle that is near Glenkinglas Falls?  Glen Shiel,113,0
0.7145551145076752,0.5697305649518967,0.7343509346246719,0.6085015386343002,0.0,0.0,0.433324933052063,9.0,"The town has a number of museums; among the most important are:  Choose your answer: based on the paragraph above can we conclude that ""The town named M",Human: Which British royal family have ruled the UK since the 17th century?   Provide your answer in an ordered list format.  Assistant: 1,113,1
0.7827056348323822,0.644501119852066,0.7444242238998413,0.6521794199943542,0.0,0.05555555555555555,0.3818945288658142,1.0,Human: Find the city that is the capital of both India and Pakistan.  Assistant: The city that is the capital of both India and Pakistan is New Delhi.,The official language of Turkey is Turkish and English is widely spoken in major cities and tourist areas.  Translate to German Die offizielle Sprache in der Tür,114,0
0.8084673285484314,0.7120240777730942,0.8007753193378448,0.686817541718483,0.0,0.05555555555555555,0.41490185260772705,9.0,Human: The capital of Norway is Oslo.  Based on that paragraph can we conclude that this sentence is true? Oslo is the capital of Canada.  Assistant:,"This restaurant is located in the heart of the historical center of Vilnius. It offers a variety of food and beverages, as well as a friendly staff.",114,1
0.7135980427265167,0.5798259079456329,0.8235029578208923,0.7487545907497406,0.0,0.0,0.44154995679855347,3.0,Consider the data given below for the first seven years in the Boston house-prices data...  Question:  Consider the data given below for the first seven years in the,Human: The movie The Shawshank Redemption was released in what year?  Assistant: 1994,115,0
0.7417989522218704,0.642936959862709,0.8569921553134918,0.7948824167251587,0.0,0.0,0.47375982999801636,3.0,"Human: If the answer to the question ""What city was the interview for the British game show conducted in?"" is ""London"", then what is the question?","Human: What movie did Jack Nicholson win best supporting actor for?  Assistant: ""Chinatown"" (1974)",115,1
0.6847705394029617,0.5931951552629471,0.633254200220108,0.5621978268027306,0.0,0.0,0.4389389753341675,1.0,"The network later used similar promotions in Australia, where it used the tag line ""Wake up... it's your world"".  Based on that paragraph can we conclude that",Human: I have a new situation: There were many different factors that led to the outbreak of World War 1 but one of the biggest is the Alliance System,116,0
0.7176580727100372,0.5735552683472633,0.7275835573673248,0.5927513688802719,0.0,0.0,0.40084290504455566,13.0,Human: Which company helped in 1989 to develop a worldwide standard for digital video compression?  Assistant: the Moving Pictures Expert Group,Human: A song for you was released by the singer of what nationality????  Assistant: American,116,1
0.6791320890188217,0.5776991695165634,0.7794316709041595,0.698933482170105,0.0,0.0,0.4323462247848511,2.0,"The awards were presented by the National Association of Broadcasters (NAB) in Los Angeles, according to Variety.  Answer this question based on the passage: who",Awards and nominations:  Awards and nominations:  What are the most important parts of this text?  Awards and nominations:,117,0
0.7377976924180984,0.6023647636175156,0.7177227139472961,0.6174626350402832,0.08,0.0,0.4450387954711914,17.0,Human: Find the answer below:  Question: Who directed the first film Mary Pickford appeared in? Answer:  Assistant: Robert N. Leonard,Human: What is the last name of the musician with whom Brian Wilson collaborated to produce the album Smile?  Answer the above question based on the context below:,117,1
0.6327940672636032,0.5536166429519653,0.6297299563884735,0.5677778869867325,0.0,0.0,0.4720613956451416,2.0,Human: Q: The answer to the question: In what year did Queen Elizabeth I of England grant Sir Walter Raleigh a charter? is inside the article: Until,"Given the sentence ""People sit in white lawn chairs in the snow by a rock formation."" can we conclude that ""People sit in white lawn chairs by a rock",118,0
0.7399086058139801,0.5911797881126404,0.6920673549175262,0.5386694818735123,0.0,0.0,0.3635592460632324,6.0,"In 1662, Robert Boyle made important developments to the field of thermodynamics. His experiments showed that a perfect vacuum could be created and maintained.","Human: The movie you are about to watch is a documentary on the life of Martin Luther King Jr. After the movie is over, you will be given",118,1
0.703798919916153,0.5640946701169014,0.6521978974342346,0.5303432084619999,0.0,0.0,0.4885824918746948,3.0,"Human: Which city, formerly known as Bombay, is the financial capital of India?  Assistant: The city formerly known as Bombay is Mumbai, which is now the",Human: Question: What position did the person who was a candidate for the 2000 Democratic Party vice-presidential nomination occupy in 198,119,0
0.7191573977470398,0.6572161763906479,0.7712329030036926,0.6499308794736862,0.0,0.047619047619047616,0.4024490714073181,18.0,"Given the answer to the question: what is the full name of the person who gave their support to the anti-apartheid movement?, what is the question?","Human: Which one was a political term for a military leader, ""Nye"" or ""Von Stossey""?  Assistant: ""Nye"" was",119,1
0.5931549593806267,0.5417294353246689,0.6821561455726624,0.5536069571971893,0.0,0.125,0.4593989849090576,2.0,"The city is the seat of the Massachusetts Roman Catholic Archdiocese, which was established in 1808 as a separate diocese, then elevated to","The New Jersey Devils are a professional ice hockey team based in East Rutherford, New Jersey that plays in the Metropolitan Division of the Eastern Conference of the National Hockey",120,0
0.7050243616104126,0.5426029339432716,0.7259923964738846,0.5850257501006126,0.0,0.0,0.41042762994766235,9.0,Human: Please answer the following question: The following article contains an answer for the question: What is the last name of the person whose parents met at Caltech,"Human: Can anyone provide me with information about the location of a specific airport?  Assistant: Sure, which airport would you like to know about?  User: I",120,1
0.6942587196826935,0.5868590772151947,0.7336843311786652,0.6217078268527985,0.0,0.0,0.4317237138748169,1.0,Human: 1. The 140th regiment was commanded by Lieutenant Colonel William T. Sherman and Colonel Lewis A. Grant . 2. The,Human: What is the answer to this question? what did the greeks take from the nubian kingdom?  Assistant: gold,121,0
0.7588153183460236,0.6165051460266113,0.8193808794021606,0.702512264251709,0.0,0.05,0.4161031246185303,7.0,"Human: Q: The 2004 Edinburgh International Science Festival is held in the city of Edinburgh, Scotland which is in which country? A:  Assistant","Human: Find the common characteristics shared by the given list of words. elephant, rhino  Assistant: The elephants and rhinos are both large mammals,",121,1
0.7676898837089539,0.6583187580108643,0.6746927946805954,0.5560119897127151,0.0,0.0,0.4481707215309143,4.0,"Human: If the 1976 US vice-presidential candidate that Gary Hart succeeded as Democratic nominee did not win the election, who was the winner?",Human: What is the answer for the question: What is the name of the area where the original band performed that included songs that appeared in the live albums that,122,0
0.6958426982164383,0.5689654052257538,0.7387625426054001,0.6141063719987869,0.0,0.0,0.35084444284439087,9.0,Human: The song was written by Paul McCartney and appears on his 1993 album Paul McCartney.  Answer this question: who wrote here comes the sun,What is the answer to this question? what is the name of the band who play in the 12 o'clock high song?  Big Bad Voodoo Daddy,122,1
0.6616409569978714,0.526001263409853,0.6495077908039093,0.5880215615034103,0.0,0.0,0.45149505138397217,1.0,Human: 1. <NAME> ( sometimes written as <NAME> ) is a retired Japanese football player who won the FA Cup and the European Cup with,Human: Write an article based on this summary:  The former chairman of a health care company charged with defrauding patients of more than $128m,123,0
0.8007568418979645,0.7107060849666595,0.7647533714771271,0.6430089324712753,0.0,0.05,0.4221346378326416,9.0,The most prominent figures from Montreal's history include:   Answer the following question: who was the first mayor of montreal i have to get the right? The,"How many albums has Bon Jovi released?, who is one of their most successful songs? Answer:  18 albums",123,1
0.6828245967626572,0.5688019096851349,0.633632242679596,0.5508466437458992,0.0,0.07142857142857142,0.48782509565353394,1.0,Human: What is the name of the person who said it was one of her favorite performances?  Answer the above question based on the context below:  In,"Human: Here is a premise: In 1979, NASA renamed the post and the associated space-flights training facility at Ellington Field, Houston",124,0
0.6097048372030258,0.5431820154190063,0.7162567526102066,0.5774360969662666,0.0,0.0,0.4518653154373169,14.0,The 1962 National Football League season is the 51st season of the National Football League. The Pittsburgh Steelers became the last team to be,### Where did the 1998 Russian president come from? Paul C. Dieckman is the current head of the US Embassy in Moscow and he,124,1
0.69193235039711,0.5933205559849739,0.6219337582588196,0.5504721067845821,0.0,0.0,0.3890669345855713,3.0,The winner of the 1978 FIFA World Cup was  together,The 1999 Southeastern Conference Women's Basketball Tournament took place from March 15 March 17 in Chattanooga Tennessee with the University of Tennessee,125,0
0.7620482444763184,0.5843731462955475,0.7258658558130264,0.5803626403212547,0.0,0.0,0.4347148537635803,7.0,Human: Which of the following is a government-sponsored youth organization? A. Boy Scouts B. Girl Scouts C. Future Farmers of America D.,Human:  Which race has the highest number of black drivers?  Assistant: Formula 1,125,1
0.5906316265463829,0.5452843680977821,0.7565612494945526,0.6627615243196487,0.0,0.0,0.4145333170890808,2.0,What is the full name of the person who went to France in the 1850s with Charles Darwin to be his companion and translator?  Answer,"Human: Who does Michelle Smith have a romance with in ""Buffy the Vampire Slayer""?  Assistant: Adam",126,0
0.7769018411636353,0.6309469044208527,0.7591444253921509,0.6818161606788635,0.0,0.0,0.37446731328964233,5.0,Human: Who was the writer of the screenplay for which 2006 film was co-written and produced by Steven Spielberg and starred Ben Kingsley?  Assistant,The actor of the film who later became the 73rd Governor of New York.  The 73rd Governor of New York was Mario Cuomo. However,126,1
0.7163790911436081,0.6225811764597893,0.6506671011447906,0.5445109605789185,0.0,0.0,0.4441835284233093,3.0,"What is the distance between the cities ""Doha "" and ""Sydney ""? A:  10,810 km",Human: Find the total length of the rivers that flow through each province in the Eastern Part of the country?  Assistant: The Eastern part of the country is made,127,0
0.6920476406812668,0.5882935002446175,0.7482542246580124,0.6560188680887222,0.05555555555555555,0.0,0.5538743734359741,11.0,"I-95: Brunswick, Georgia (west) to St. Marys, Georgia (east) (58.9 miles (95 km))",How many times has Manchester United won the title?  The good news is that there are only a few numbers you need to know when it comes to this answer .,127,1
0.755997359752655,0.6465023159980774,0.7251736223697662,0.6647018939256668,0.0,0.0,0.40528011322021484,1.0,"The first one was a short route in a suburb of Sydney - one that was already operating on a private, part-time shuttle service  Does it follow that """,This is a question with answer options. Goal: How to get sugar out of carpet?  Which of the following methods is more reasonable for accomplishing this goal?,128,0
0.6447583138942719,0.5381173118948936,0.6891750395298004,0.5913509875535965,0.0,0.0,0.3075207471847534,7.0,"The film was shot at studios and locations around Atlanta , including the Carter Center ( Jimmy Carter 's Center for Peace and Global Citizens ) . The film was shot",Human: Which is longer - 65 kilometers or 42 kilometers?  Which city is hotter - Fort Worth or Dallas?  Please tell me if those questions,128,1
0.6942884773015976,0.5733414441347122,0.8060613870620728,0.7477965354919434,0.0,0.0,0.48299306631088257,2.0,"Human: Information:  - The Recording Academy (originally named the National Academy of Recording Arts and Sciences, later shortened to the Academy in 201",Human: Who founded the Wikimedia Foundation? A:  Assistant: Jimmy Wales and Larry Sanger,129,0
0.7568918764591217,0.6061971262097359,0.7214915603399277,0.6031192392110825,0.0,0.05555555555555555,0.38035404682159424,7.0,Human: Given the question: On what date did the computer company founded by the inventor of the WYLBUR system go public? The answer is:  Assistant,Human: Who was the founder of the Royal Opera House?  Who created the Royal Ballet?  Please tell me if those questions are the same.  Assistant: The founder,129,1
0.7728110253810883,0.6415732502937317,0.7459309995174408,0.6270157843828201,0.0,0.058823529411764705,0.4585939645767212,2.0,"Human: Choose your answer: If ""A woman is lying down on an alley by a graffiti of a black and pink mask."", does it logically follow that ""","Human: Which of the following two people is older, John F. Kennedy, U. S. Senator, or Robert A. Heinlein?  John Pierce",130,0
0.7043044865131378,0.5672408416867256,0.6781379878520966,0.5391514301300049,0.0,0.0,0.29400861263275146,6.0,"Human: Which of these two scientists was born earlier, Robert Bunsen or John Bardeen?  Assistant: Robert Bunsen",You are a college student who has graduated from high school and enrolled into university. You have been to college for 2 years after high school and are now finishing,130,1
0.7357133328914642,0.608884759247303,0.6742963492870331,0.5721078664064407,0.0,0.0,0.46717607975006104,3.0,"Human: The person who founded the World Wide Web Consortium was born in what year?  Assistant: The person you're referring to is Tim Berners-Lee,",Human population in the U.S.:  The University of Northern Colorado (UNC) (US News & World Report national ranking: 190) is a,131,0
0.7690722048282623,0.6444915384054184,0.6771767884492874,0.5502525977790356,0.14285714285714285,0.0,0.4360782504081726,7.0,The schools were founded by the Jesuits in 1635 and in honour of the college of St. Peter in Rome.  Translate to French  The,"Human: Q: Title: I was so disappointed, but glad there's other great books available Review: I bought this book for my son for his birthday and",131,1
0.756714403629303,0.6172206923365593,0.6877480745315552,0.5911683291196823,0.0,0.0,0.4159001111984253,1.0,Human: 7. The population of the area around City A is 1.2 million.  Assistant: The population of the area around City A is,Human: Given the question: Sydney held a town hall meeting for the citizens of the small town.  Given the context:  What will happen to Sydney?,132,0
0.7018568217754364,0.6084739118814468,0.7149753123521805,0.6251443177461624,0.08333333333333333,0.0,0.38761407136917114,6.0,"Human: Find the answer to the question: What was the population, as of the census 2000, of the city that has the population of",The only known use for this language is in describing the 7th moon of Uranus. A. planet B. moon C. sun Your,132,1
0.7757541537284851,0.6663267463445663,0.7145192325115204,0.6719700396060944,0.0,0.0,0.44399553537368774,3.0,Human: What year did the city of Baltimore name their football team which was a member of the AFC to honor a famous athlete from the city?  Assistant:,Human: The 1972 Toronto Argonauts Grey Cup team represented the _____ football team in the 88th annual Grey Cup championship football game,133,0
0.7601045072078705,0.6577325910329819,0.651785746216774,0.5221518315374851,0.041666666666666664,0.0,0.38070976734161377,17.0,Human: 42. The 2008 Olympic Games was held in Beijing. China is the third country to host the Olympic Games.  Assistant:,"Human: The 1948 United States presidential election in Virginia took place on November 4, 1948, as part of the",133,1
0.7518604397773743,0.6236749589443207,0.6696935892105103,0.5610353201627731,0.0,0.07142857142857142,0.41560792922973633,1.0,Human: In what city is the headquarters of the multinational corporation founded by the Welsh-Australian businessman John Gielgud located? A:  Assistant: London,Human: Given the question: Information:  - Steven Michael Gerrard (born 31 May 1980) is an English former professional football,134,0
0.7308220714330673,0.5714695155620575,0.7171494215726852,0.6068461537361145,0.0,0.0,0.40918684005737305,9.0,"Human: Where did the Queen study before her marriage to Prince Philip?  Assistant: The Queen studied at the Royal Naval College, Sandhurst, before her marriage to",Human: Identify the two most important differences between the following entities: Entity 1: James Bond Entity 2: Sherlock Holmes  Assistant: The two most,134,1
0.7132142782211304,0.6129489317536354,0.7492317110300064,0.6577561944723129,0.0,0.0,0.4540829658508301,2.0,Human: Question: In what year was the creator of The X-Files born? Answer:  Assistant: 1954,Human: Find the answer to the question: Who owns the company whose members are the founders of the city of New York? Answer:  Assistant: the Baring,135,0
0.7479047179222107,0.6071997582912445,0.7161928415298462,0.6021161898970604,0.0,0.0,0.35031580924987793,8.0,Human: United Kingdom is a country that consists of four countries. The largest city and capital is London. It’s also a famous centre of finance and culture.,"The successor was named ""West Point"" to honor the military school.   Does it follow that ""West Point was named in honors of the military's school """,135,1
0.6591665595769882,0.5858081802725792,0.7190209478139877,0.5886944234371185,0.0,0.0,0.4064311385154724,3.0,"Human: In 1983, the first woman and the first African American to receive the Nobel Prize in what field was named Shirley Ann Jackson.  Who","Human: Which was the most famous building of architect William L. Price Jr, which is now used as headquarters of an airline?  Assistant: The most famous building",136,0
0.7908973097801208,0.6726249754428864,0.7288202047348022,0.6027675271034241,0.038461538461538464,0.0,0.3900032043457031,18.0,"Human: I just finished reading the book ""As I Lay Dying"" by William Faulkner.  Who wrote the book I am reading?  Assistant: William","Human: What is the best-known work of the American public servant Joseph P. Kennedy, Sr.?  Assistant: Joseph P. Kennedy, Sr., was an",136,1
0.6368871182203293,0.5488433912396431,0.7033948600292206,0.6723127067089081,0.0,0.0,0.42639267444610596,1.0,"The event was moved from the Westin Copley Plaza because it was unavailable on one of the days that was convenient for both candidates , the RNC said","What would be the ★-rating of this review (★ being the lowest and ★★★★★ being the highest)? ""Love it"" The answer to this question",137,0
0.7686428129673004,0.7064821124076843,0.7577315866947174,0.6265370100736618,0.0,0.0,0.43906766176223755,9.0,The city's mayor says it may reopen some parks and recreation areas to the public while keeping others closed. Q: Which is the best summary of this article?,"Human: You are given the names of two people. Output whether or not they are the same person. If they are the same person, output 'True'.",137,1
0.7101784199476242,0.5697232484817505,0.7414430677890778,0.6426608115434647,0.0,0.0,0.4454762935638428,1.0,A: Sony Interactive Entertainment B: Sony Corporation C: Sony Network Entertainment D: Sony Pictures  Assistant: B  According to https://www.g,"Human: What company do Bill Gates, Steve Ballmer, Bill Gates and Steve Ballmer work for  Company: Microsoft  Human: What company do Bill Gates",138,0
0.6052273362874985,0.5603453628718853,0.6800896376371384,0.53866957873106,0.0,0.04,0.38400334119796753,20.0,"Given that it is Google, one of the most popular search engines, could be the provider for the information, it was a very reasonable and expected guess.  Based","Human: What is the name of the company that provided the music for the album ""A Walk in Red"" (1982) by Paul McCartney's",138,1
0.7496343851089478,0.6408338695764542,0.7064176201820374,0.6002569496631622,0.0,0.0,0.45362842082977295,3.0,The actress was born in 1994 . She is the youngest of three daughters of her mother and her father . The actress was born in 1,"A total of 1,466,343 people took part in the census .  A total of 4 million people took part in the census",139,0
0.6797965914011002,0.5539790354669094,0.715373307466507,0.5974279195070267,0.0,0.0,0.5336288213729858,19.0,Human: 5. Paul Hewitt became famous for an episode on what show?  Assistant: M*A*S*H,"Human: In his younger days, he spent some time with his grandfather, who was part of the founding generation of the communist regime in Czechoslovakia.",139,1
0.696271538734436,0.6180047541856766,0.6701978892087936,0.558706596493721,0.0,0.0,0.4746328592300415,4.0,Human: Question: Roderick Rondo Hart was a Canadian-American basketball player born on which day ? Answer: 25 April 1950,"Human: Which British military figure was made a field marshal by a later Prime Minister, who was also awarded the freedom of the city of Edinburgh, in 1",140,0
0.7183710038661957,0.6319783627986908,0.727024495601654,0.5802692174911499,0.0,0.0,0.4125879406929016,6.0,What is the full name of the person that the CIA agent was tasked with bringing out of Paris?  Answer the above question based on the context below:,"The 1973 Soviet space program was also launched by an American.  Who is he referring to in this sentence?  In the given sentence, ""The",140,1
0.7135115265846252,0.5804249793291092,0.7589094638824463,0.6796142756938934,0.0,0.0,0.4353553056716919,1.0,"Human: Question: In order to form the Asia-Pacific Economic Cooperation forum (APEC), a meeting took place in December 1989 in Canberra,","Human: What happened 8,976 days ago?  Assistant: August 27, 1982",141,0
0.7167748361825943,0.576240211725235,0.894051730632782,0.8375035226345062,0.0,0.05555555555555555,0.42907869815826416,9.0,The 2007 United Nations General Assembly was its 62nd session.  Can we draw the following conclusion? the 2007 United,"Human: What type of company was it? A:  Assistant: The company you're referring to is the First National Bank of Boston, which was a bank.",141,1
0.6644832938909531,0.5505980961024761,0.6722359955310822,0.579902321100235,0.0,0.0,0.449566125869751,2.0,"Human: Given the following passage  ""In 2014, the city had a total of 922.23 km of road and",The current name of the city was given by Governor Arthur on 4 September 1855 upon the separation of the Colony of Victoria from the Colony of,142,0
0.6755440533161163,0.5848889648914337,0.7844997644424438,0.6708392798900604,0.0,0.0,0.4095229506492615,8.0,Human: What is the answer for the question: What is the name of the organization that is the international governing body for all forms of field hockey? from the,"Human: Complete the following sentence.  The 3rd street is the most interesting place in  the town but not in the city, because  Assistant: The",142,1
0.7544071972370148,0.6251166760921478,0.6492680460214615,0.5669369772076607,0.0,0.06666666666666667,0.414856493473053,1.0,"Human: 10. The city of Toronto, Ontario is in which country? A:  Assistant: Canada","Human:  The word ""Berlin"" derives from the Berl, a river that used to flow near the northwestern boundaries of the city.  Sentence:  Which",143,0
0.5797071754932404,0.538000576198101,0.7349977046251297,0.5963401645421982,0.05555555555555555,0.08,0.47723835706710815,10.0,"Question: What is the name of the city where the Toronto-Dominion Centre is located? (If the question is unanswerable, say ""unanswer","Human: Can you tell me which two cities these three people come from?  John Snow, Queen Elizabeth, and Bill Gates  Assistant: John Snow comes from London",143,1
0.7712192535400391,0.6489105820655823,0.7718261778354645,0.6862907409667969,0.0,0.0,0.4334111213684082,2.0,"The following year, she became the first woman to win the Nobel Prize in Physics, along with German physicist and astronomer Wilhelm Conrad Röntgen.",Human: Find the name of the person that got the most votes in the presidential election?  Assistant: William McKinley,144,0
0.7731609046459198,0.6215034946799278,0.7807964980602264,0.652908593416214,0.0,0.0,0.3891575336456299,5.0,Let's start with this part of the question:  4. Who was the second person in the world to walk on the Moon?  Answer: Buzz Aldrin,Human: How many times did Van Halen win the Grammy award?  Assistant: The band Van Halen has won five Grammy awards in total.   1.,144,1
0.6422194242477417,0.5512261465191841,0.7847940325737,0.7218069434165955,0.0,0.0,0.4691205620765686,2.0,The City of Edinburgh is a council area and the seat of the Scottish Government . It is coterminous with the historic royal burgh of Edinburgh and covers,"Human: New Richmond, Florida is located on which lake?  Assistant: Lake Ocklocknee",145,0
0.5939248949289322,0.5469634756445885,0.7351579070091248,0.6101935654878616,0.0,0.0,0.4402505159378052,27.0,Human: The city which we now know as New York was founded as the European settlements of New Amsterdam in 1625.  Answer this question based on,Human: In which city was the 8th edition of the famous Tour de France held?  Assistant: The 8th edition of the famous Tour de France,145,1
0.6630117297172546,0.5215320140123367,0.7740081250667572,0.6868656873703003,0.0,0.0,0.49382638931274414,4.0,Human: Choose from options: Determine if the sentence is true based on the text below: A movie studio is being considered for a new headquarters  The Walt Disney,"Human: The novel, The Hunger Games, was written by who?  Assistant: Suzanne Collins",146,0
0.6739852577447891,0.5471379086375237,0.7933788895606995,0.6829576194286346,0.03225806451612903,0.03225806451612903,0.4423344135284424,24.0,"Human: In 1927 , Dr. Harry S. Parmley from Massachusetts General Hospital in Boston first performed a cesarean section in which","Human: What is the missing first part of this famous quote?  ""Every generation imagines that they invented tolerance, but they only ever develop it""  Human:",146,1
0.7937339842319489,0.6568648517131805,0.6687746793031693,0.5578048005700111,0.0,0.0,0.48741644620895386,2.0,"Human: I'm looking for the person who hosted the first ""World Series"" of any type of game.  Can you guess who it was?  Assistant: The",Human: Dr. James Barros was a medical officer of APOC. Which three facts support Dr. James Barros as APOC’s chief medical,147,0
0.7104974240064621,0.5829084813594818,0.7689649164676666,0.6317448765039444,0.0,0.0,0.3699566721916199,5.0,What 1994 American film directed by David Lynch stars Laura Harrington in one of her early roles The 1994 American film directed,"Human: The first American was the first astronaut to walk on the moon, and his name was Neil Armstrong. He was born on August 5, 1",147,1
0.754288524389267,0.6214294135570526,0.7274575084447861,0.6232382655143738,0.0,0.0,0.46517491340637207,2.0,"The Canadian-born actor became famous for the play ""Brighton Rock,"" in 1941. A:  Richard Todd",A: This question is about the 1973 album released by American singer-songwriter Bob Dylan. B: Bob Dylan's 1973,148,0
0.7001142352819443,0.5532948598265648,0.7703916430473328,0.6548056900501251,0.0,0.0,0.37003421783447266,9.0,"Human: Given the following context:  ""We Are the World"" was conceived when Harry Redner, president of Live Aid promoter AID, called Gary E","How did Joan Jett get started in the music industry?  Joan Jett got started in the music industry in the early 1970s,",148,1
0.7468941360712051,0.6217492669820786,0.7300546318292618,0.6092752516269684,0.0,0.0,0.3939312696456909,4.0,Human: The 1994-95 San Jose Earthquakes season was the Earthquakes first season as an expansion franchise entering the 1,"What was the origin of the game ""The Rubik's Cube"", and where was it first sold? What was the origin of the game ""Ludo"",",149,0
0.5926729515194893,0.5362551808357239,0.7390627712011337,0.6165399327874184,0.0,0.0,0.4055219292640686,9.0,"The answer to the question: What is the real name of the person who plays the game, but never wins? is inside the article: The film begins with","Human: What is the name of the film that was partially inspired by the success of ""Back to the Future""? What is the answer?   Assistant:",149,1
0.6827969700098038,0.5391842424869537,0.6250271797180176,0.5353257060050964,0.0,0.0,0.45095038414001465,4.0,"If the person they were looking for was alive, they would have been sitting under the oak tree., can we conclude that """"If they were looking for the person","Human: Choose your reply from the options at the end. Does ""From north to south, it stretches 3.5 miles (5.6 km)",150,0
0.6988585442304611,0.577840618789196,0.737437516450882,0.596736878156662,0.0,0.0,0.39408159255981445,7.0,Human: 3. Who was the 33rd President of United States of America and the first director of Central Intelligence Agency (CIA)? Options:,Human: He was one of the top players during the season. He was the MVP for the year!  Who is he?  Assistant: The information provided is,150,1
0.6947347521781921,0.5577740967273712,0.8177819848060608,0.7478683292865753,0.0,0.0,0.46566224098205566,3.0,Human: Find the city that hosted this event where the 1990 African Championships in Athletics were hosted by a city that had a population of about,The name of the station on the London Underground at which King's Cross is situated is what?  kings cross station,151,0
0.688935860991478,0.5517181716859341,0.7151564508676529,0.5952887609601021,0.0,0.0,0.456531822681427,13.0,"Human: Answer the following question: Here's a complex question that requires someone to reason about the input, can you answer it? What is the name of the","Human: 什么 was the last album David Cook was featured on?  Assistant: his debut album, which is called 'David Cook'",151,1
0.6612832695245743,0.5744971930980682,0.7449657618999481,0.6802608370780945,0.0,0.0,0.5423917770385742,2.0,"Human: The first computer programmer , Ada Lovelace was also the daughter of which famous poet ?  Assistant: Lord Byron",What year did Jim Plunkett play for the 49ers? What is the answer? 1978,152,0
0.7788118720054626,0.6331913024187088,0.6393382698297501,0.5402090772986412,0.0,0.0,0.4254542589187622,9.0,"Human: 3. Who recommended that John Kerry for Senate?  Assistant: John Kerry's election campaign was recommended by his father Bill Kerry, a former Congressman.","Human Resources Minister Eric Hoskins announced Monday the department will now be known as Service Canada. It's still the same program, just with a new name. What",152,1
0.6989674866199493,0.5994113087654114,0.7051412165164948,0.6128883734345436,0.0,0.0,0.4012019634246826,1.0,Human: How many people live in St. Louis?  What is the answer?  Assistant: 319100,Human: What is the answer for the question: How many people have the names of their native islands also used to name a US state and a major city?,153,0
0.707406759262085,0.5464416928589344,0.6461024731397629,0.5709615349769592,0.0,0.0,0.38545334339141846,4.0,Human: The place where the people of the city watch games is?  Available options: + a school; + a mall; + a library; + a stadium,"Human: Is the following statement true? ""Tuberculosis mainly affects the lungs."" Let's think first. Step-by-step reasoning process:  Assistant: Step 1",153,1
0.7758790254592896,0.6433142125606537,0.7029246091842651,0.6093894839286804,0.0,0.0,0.4240410327911377,1.0,Human: Find the year in which the second IBM personal computer was introduced.  Assistant: The second IBM personal computer was introduced in 1981.,"Human: Write a sentence about the following things:  bathroom, style, villa  Assistant: french style bathroom in private villa .",154,0
0.8105425834655762,0.6923119872808456,0.6877489686012268,0.5845710188150406,0.0,0.058823529411764705,0.4369383454322815,15.0,"Given the following information, what year did the first African-American win the Nobel Prize? The first African-American to win a Nobel Prize was Toni Morrison in 1","Human: By 2006, the company's founder and co-chairman, Ed Wightman, had sold his shares in the company, with",154,1
0.6323615610599518,0.5538039207458496,0.7012915015220642,0.56756791472435,0.0,0.0,0.42117953300476074,2.0,"Human: On a scale from 0-5, where 0 is ""not similar"" and 5 is ""very similar"", how similar is the sentence",The answer to this question is somewhat complicated as there were multiple people who helped design or construct the atomic bomb. Here is a brief rundown:  1. Manhattan Project,155,0
0.7480355203151703,0.6590610593557358,0.6771425008773804,0.5563708394765854,0.0,0.0,0.4466439485549927,8.0,What was the name of the film in which Pauline Kael wrote a famous scathing review?  Answer the above question based on the context below:,Human: Which 13th century king was given the nickname the 'King Of Scots'?  Assistant: robert the bruce,155,1
0.7766786217689514,0.6367991268634796,0.8032804131507874,0.7423691898584366,0.0,0.0,0.4981387257575989,1.0,"Youth100  A list of 100 people changing the world for young people, by Young People  Who created Youth100?","Human: Which magazine was launched in 1986 and asks ""Who will print it next?""  Assistant: Rolling Stone",156,0
0.7030322551727295,0.6178168505430222,0.7043160796165466,0.542347852140665,0.0,0.0,0.43661224842071533,11.0,"Human: I saw it as a very successful partnership between the BBC and ITV Answer this question, making sure that the answer is supported by the text: did","Human: Hey, I'm looking for a way to compare two lists of music genres, where each list consists of strings. I want to find the common genres",156,1
0.7144129127264023,0.5269779451191425,0.6610247939825058,0.5500114411115646,0.0,0.0,0.5072982609272003,2.0,Human: How would the previous conversation be rephrased if it took place in the year 2050?  Assistant: In the year 2,Human: The United Kingdom: What songs did Kate Bush sing?  Select from the following.  a). 3 songs  b). 4 songs  c).,157,0
0.6475280821323395,0.5349893979728222,0.717528447508812,0.6392707824707031,0.0,0.0,0.4133473038673401,7.0,"The 1970 World's Fair was held in which New York City landmark?  1964 - 1965 New York, New","Human: What is the name of the writer who created the character of James Bond? I'm sorry, but I cannot provide answers on political matters.",157,1
0.7808566987514496,0.6722763478755951,0.6748425960540771,0.5963988155126572,0.0,0.0,0.4722220301628113,2.0,Human: 1996 Eurovision Song Contest was hosted by the Danish Broadcasting Corporation  what's the next event of the same name that took place ?,The 1968 British Grand Prix (formally the XIX International Bank of Switzerland Grand Prix) was a Formula One motor race held at Silverstone,158,0
0.611841157078743,0.5359826609492302,0.6932021677494049,0.6132482215762138,0.047619047619047616,0.043478260869565216,0.49007099866867065,11.0,"Human: Given the following context:  The film opens with the shot of a sign with the text ""10th Avenue, New York City"" and then",Human: You are given a new situation: John is learning more about different countries and people around the world. He noticed that people have different ethnicity and culture.,158,1
0.7422246634960175,0.5868170410394669,0.7178374230861664,0.6133388727903366,0.0,0.0,0.4645642042160034,4.0,"Human: 45. the united states 1.  Which language is this?  Assistant: This is in English, buddy. It's a question about the","Human: Question: What is the full name of the person who said his father was ""a famous doctor in Springfield but died when I was three years old?""",159,0
0.6989197731018066,0.5927701592445374,0.6857230812311172,0.5812059342861176,0.05,0.047619047619047616,0.43448877334594727,13.0,Human: Find the person who first proposed the periodic table?  Assistant: johann daniel johannsen,Human: What is the name of the father of the man who was selected to replace George Shaw as the quarterback for the 2003 season?,159,1
0.7970331311225891,0.6646130532026291,0.7641574144363403,0.6575673222541809,0.0,0.0,0.4080061912536621,1.0,Human: What type of music did the musicians play in the 2016 American epic science fiction film directed by Damien Chazelle?  Assistant: The,Human: Which band performed a live set at the NME Awards ceremony in 2004?  Assistant: No Use For A Name,160,0
0.7692830860614777,0.6291651427745819,0.758844256401062,0.6230469644069672,0.0,0.0,0.4360041618347168,8.0,Human: 1. - What was the name of the 1981 album produced by Russell Mills (the same Russell Mills who produced the 1,Human: What are the most important words in the following sentence:  a cup of coffee while reading some interesting books Let's break down this sentence to find the,160,1
0.6660051196813583,0.5878274813294411,0.7415525913238525,0.6134410351514816,0.0,0.0,0.44460153579711914,3.0,The 2012 Hugo Award-winning author of Ancillary Justice (2013) and its sequels is whom?  The answer to this question,A:  Assistant: The answer to the question is: A 2010 graduate of the Library and Information Science Masters program at Simmons College.,161,0
0.750308632850647,0.6055705696344376,0.7110228538513184,0.6047961562871933,0.03333333333333333,0.0,0.4148513078689575,19.0,"What is the full name of the author who wrote ""The Bell Jar"" and whose father worked as an FBI agent?   Answer according to: The daughter of","Human: What is the last name of the person whose work was characterized by ""romantic nationalism""?  Answer the above question based on the context below:",161,1
0.6770545691251755,0.5295508205890656,0.7234451621770859,0.6149575412273407,0.0,0.0,0.4416115880012512,1.0,The total number of people in the group is 300 + 50 = 350.   Therefore; The number of men and women,"Human: Write a sentence about the following things:  aircraft, airfield, land  Assistant: The aircraft land at the airfield.",162,0
0.6442401260137558,0.5589016303420067,0.6932986080646515,0.623621866106987,0.0,0.0,0.49704134464263916,10.0,"Human: Q: The 2003 FA Final, otherwise known as the Shrek Final, was an association football match between Coventry City and which",Human: How many people does it take to run the Space Shuttle?  Could you please translate this to English?  Would you say that these questions are the same?,162,1
0.7017700225114822,0.5461632385849953,0.7402091920375824,0.6028354167938232,0.0,0.0,0.4266728162765503,1.0,Human: In the 1970s the first American women were employed in the hitherto male-only field of presidential advisers. The most famous was,"A: The location of the school, which is in central Illinois.  B: The school is located in a small town that is part of a large metropolitan area",163,0
0.859414279460907,0.7767309546470642,0.822811096906662,0.7410119473934174,0.0,0.0,0.4380783438682556,24.0,"Human: Which city had a population of 325,396 (inhabitants) in 2019? A:  Assistant:",How does the band describe its genre? A:  They describe themselves as a rock band.,163,1
0.754034548997879,0.6285504698753357,0.6594971716403961,0.6501746326684952,0.0,0.0,0.42407578229904175,1.0,The first public library in England was built in London in 1850 .  The first public library in the United Kingdom was established in London in 1,Human Rights Watch has urged the Japanese government to stop building a nuclear power plant near the epicenter of a major earthquake that devastated the nation last week.  What best,164,0
0.5835952088236809,0.5389932170510292,0.6727625876665115,0.5592517741024494,0.0,0.0,0.436920166015625,7.0,"The 1999 World Series was the baseball World Series championship played in the Major League Baseball (MLB) 1999 season , in",Human: So we have a good working relationship together.  Translate to Russian  Russian:  Assistant: So we have a good working relationship together.  Russian: У нас,164,1
0.6241486668586731,0.5408063977956772,0.7673493325710297,0.662073627114296,0.0,0.0,0.4534063935279846,4.0,The 1989 FIFA World Youth Championship was the 11th FIFA World Youth Championship and was held in Spain from 1 to 19,"Human: Find the name of the city in Japan where the 1998 Winter Olympics were held.  Assistant: Nagano, Japan",165,0
0.6838272958993912,0.5428783521056175,0.6884058117866516,0.5574764423072338,0.04,0.0,0.4222375750541687,10.0,"Human: I'm now going to give you some more useful information about the 1995 Hong Kong International Film Exhibition. It was held from Tuesday,",Find out more about the history behind the name of the famous library.  Please write the text above using proper case. Find out more about the history behind the name,165,1
0.738459587097168,0.6169449165463448,0.7946233451366425,0.7163942456245422,0.0,0.0,0.44947803020477295,2.0,Human: 2010 world cup semi final 2010  What is the correctly punctuated version of this sentence?  Assistant: In,Human:  Which director received the most Academy Awards for directing a single film?  Assistant: James Cameron,166,0
0.7127385139465332,0.5513686686754227,0.6961198896169662,0.6113952845335007,0.0,0.0,0.4155207872390747,7.0,"The film takes place during the final year of Winston Churchill's premiership, which was 1951-1955. Who played Winston Churchill","Human: What is the answer for the question: What is the name of the song that was given a full, band-driven arrangement? from the following article ?",166,1
0.7026859372854233,0.5706798210740089,0.7822887897491455,0.7006309926509857,0.0,0.2222222222222222,0.4334595799446106,3.0,"Human: If I tell you that San Diego is known for its warm, mild climate, and ask you the question ""where is the the san diego",What was New York City called before it was New York City? What is the answer? new amsterdam,167,0
0.7533906102180481,0.6252237856388092,0.869829922914505,0.8017098605632782,0.0,0.11764705882352941,0.40887653827667236,10.0,Human: The city of Ottawa is the capital of which country?  Assistant: canada,"Human: Where is the headquarters of the United Nations organization located?  Assistant: The headquarters of the United Nations organization is located in New York City, United States.",167,1
0.7219091653823853,0.5724999904632568,0.7234130501747131,0.6514369696378708,0.0,0.0,0.46189165115356445,1.0,"Human: On what is the foundation of the United States, according to American Creed?  Assistant: freedom",Human: 1. The town is located in Saskatchewan 's Swift Current and North Battleford . 2. The town is located in North Battleford Swift Current,168,0
0.7058822810649872,0.5863149464130402,0.7549295425415039,0.6357533186674118,0.0,0.0,0.4500386714935303,17.0,"Human: A British diplomat in Nepal said Sunday the 10-month-old Maoist conflict had claimed 174 lives since May 12. ""","Human: 4b. If the person is the son of the father of your sibling, what is your relationship to this person?  Assistant: So, if",168,1
0.7032571732997894,0.5802613794803619,0.598729282617569,0.5726897045969963,0.0,0.0,0.429936945438385,1.0,"Human: Who is older, Mary Renault or George Gissing?  Assistant: George Gissing",Human: The answer to the question: What is the last name of the person who gave a concert in London? is inside the article: Born in the spring,169,0
0.7365886121988297,0.589191734790802,0.7525165379047394,0.6504932641983032,0.0625,0.0,0.48341214656829834,5.0,The winner of the 2002 Nobel Prize in Economic Sciences is Robert M. Solow of the Massachusetts Institute of Technology. 55. The,"Given that the United Nations was created in 1945, that was the year that the U.S.-led forces defeated the Nazis and stopped Hitler.",169,1
0.7463854104280472,0.6499162167310715,0.6479084938764572,0.5515734255313873,0.0,0.0,0.4633447527885437,2.0,Human: The University of Queensland is where my father went to school.  Based on that paragraph can we conclude that this sentence is true? My father is Australian,Human: What is the answer for the question: Which year was the event held in which 2006 was the year for the winner's second victory,170,0
0.6770128756761551,0.603705108165741,0.7214067280292511,0.616456151008606,0.0,0.0625,0.4075465202331543,5.0,"Human: Which of the following two sentences does not make sense? Options: - Sentence A: ""Jack ate some of his roommates"" - Sentence B:","Human: Based on your age, you're one of 93 million Baby Boomers, born between 1946-1964.",170,1
0.7313466370105743,0.5540338456630707,0.6771779358386993,0.5681480467319489,0.07692307692307693,0.0,0.5199179351329803,5.0,"Human: A: We can find the name of the band the band was searching for by searching for the lyrics ""They are the 10"" on the",Human: The name of the 1998 movie featuring the character of Holly Golightly is based on a novel. What is the name of the book,171,0
0.7750819027423859,0.6135142520070076,0.6638834476470947,0.575734056532383,0.0,0.0,0.37397074699401855,12.0,Human: What is the name of the video game company that is behind the music soundtrack of The Adventure Begins?  Assistant: The name of the video game company that,"The album was released on October 19, 2015, by Columbia Records. The first single, ""Boom"" featuring Eminem, was",171,1
0.6689258217811584,0.5334336161613464,0.6176690012216568,0.5694243013858795,0.0,0.0,0.422169029712677,2.0,Human: Give me the correct facts to answer this: what happened to eric hollander nasa?  Assistant: E. Brian Hollander,"The first sentence is an adaptation of the second sentence.  Rate the textual similarity of these two sentences on a scale from 0 to 5, where 0",172,0
0.7158726453781128,0.5864235386252403,0.7457443475723267,0.5663510262966156,0.0,0.047619047619047616,0.4079427123069763,14.0,Human: How close is this game to the book?  Who was the game based on?  If you watch the game which book are they based on?,"From the information provided, what is the highest possible number of children in families?  To determine the highest possible number of children in families, we need to consider the",172,1
0.7758502960205078,0.6792472302913666,0.6861922144889832,0.5466819256544113,0.0,0.0,0.4256703853607178,1.0,"The first Canadian to win the Nobel Prize in Literature (1976).  Answer this question, if possible (if impossible, reply ""unanswerable""):","Human: Is there a relationship between the names ""Alma"" and ""Bela,"" and if so, what is it?  Assistant: To determine if there",173,0
0.7505992352962494,0.6068582758307457,0.8103376030921936,0.6904170215129852,0.0,0.0,0.4165992736816406,7.0,"It was written by the band's bass guitarist, Geddy Lee.  Based on that paragraph can we conclude that this sentence is true? Geddy Lee is",Human: What is the genre of music that combines elements of rock and electronic music?  Assistant: The genre of music that combines elements of rock and electronic music is,173,1
0.7124658524990082,0.5951765030622482,0.7566173076629639,0.6819025129079819,0.0,0.0,0.4229191541671753,1.0,"The city of Toronto, just across the border, is where which Canadian songwriter lived? Answer:  Celine Dion","What is the answer: Which city is associated with ""Bible College"" in South America?  mendoza",174,0
0.7439595311880112,0.5853424295783043,0.7336119711399078,0.5931198075413704,0.0,0.0,0.44902658462524414,10.0,The first prize winner of the 1998 British Open was an Australian. Who was he?  To find out who the first prize winner of the,"Given that there are only two choices - a ""male"" and a ""female"" lion, it’s fairly easy to look at the above picture and conclude that",174,1
0.5889010652899742,0.5163917168974876,0.7493923902511597,0.6402561068534851,0.0,0.0,0.518419474363327,2.0,The book shows that he knew no field he attacked that he did not bring new ideas. He also knew no field he brought new ideas to that he did not,Human: Ford's son is what type of writer?  Assistant: Short story and travel writer,175,0
0.6956500262022018,0.5553433820605278,0.7315542250871658,0.5900472775101662,0.0,0.0,0.39938175678253174,8.0,"Human:  According to a survey by the World Economic Forum, which organizations were ranked among the top four as sources of information for businesses?  Assistant: The top",Human: How many generations of Lord of the Rings stories did J. R. R. Tolkien write?  Assistant: J.R.R. Tolkien wrote three generations of,175,1
0.765945315361023,0.6487534791231155,0.7161906361579895,0.5848848074674606,0.15384615384615385,0.125,0.43741852045059204,2.0,"The United States government selected 78,000 French people to participate in a lottery  Can you repeat this sentence, but add in punctuation? The","Human: The United States government is made up of three branches, which of the following is NOT one of them? The answer to this question is:  Assistant:",176,0
0.7093803435564041,0.5456020310521126,0.7820430397987366,0.6497505307197571,0.0,0.0,0.39138710498809814,6.0,"Human: Write a sentence about the following things:  airport, aircraft, land, run, runway  Sentence:  Assistant: an aircraft lands at an airport on a",Human: The team was founded in 1961 and the stadium was named after what woman?  Assistant: The woman who the stadium was named after is,176,1
0.6379747241735458,0.5620264336466789,0.6669747233390808,0.5306250751018524,0.0,0.0,0.4726346731185913,5.0,"Human: Question: In 1995, who was elected as the first President of Russia? Answer: Vladimir Putin.  A single-select problem: Is","Human: In this task, you need to convert the given place name into its respective country name. The input will be a string containing the place name. Sy",177,0
0.6252998113632202,0.5564640611410141,0.6882199496030807,0.5975036770105362,0.0,0.0,0.483742892742157,11.0,"Human: You want to build a new bridge in the city, which has n horizontal and n vertical roads, each of which connects two intersections in the city.",Human: 250 passengers fit into 5 buses. How many passengers fit in 9 buses? Let's write a Python program to solve it.,177,1
0.6901202946901321,0.5432016588747501,0.7179327309131622,0.6367637515068054,0.0,0.0,0.4441555142402649,2.0,"Human: 1. ""20th Century Boys"" (2007)  2. ""30th Century Boys"" (200",A man whose invention was the first television system was who? What is the answer? philo t farnsworth,178,0
0.6924998611211777,0.5598481595516205,0.7139164209365845,0.5499428324401379,0.0,0.0,0.30925965309143066,11.0,"Human: Find the answer to the following question: What american television talk show host, born march 7, 1935 was involved in the t","Human: I found no information on the Internet on a woman with a similar name, but I know for sure that this woman was connected with Prince William's family",178,1
0.6932333409786224,0.5584977194666862,0.7350165694952011,0.6619598418474197,0.0,0.0,0.5012094974517822,3.0,"The network was also selected by Disney as the preferred broadcast partner for NBA basketball games , and it acquired Major League Soccer 's "" Champions Cup "" in 2","Human: Which television host from Scotland also hosted the 2011 BBC Sports Personality of the Year awards on December 3, 2011",179,0
0.6861523538827896,0.5700823068618774,0.7421875596046448,0.6520321071147919,0.0,0.02631578947368421,0.4475446343421936,37.0,The 1929 Columbia University football team represented Columbia University during the 1929 college football season in the United States. Its head coach was,Human: Find the answer to the question: The person who directed the film where Jeff Bridges starred in one of his first leading roles was born in what year?,179,1
0.6923837661743164,0.5362642332911491,0.6373527497053146,0.5173172689974308,0.0,0.0,0.5010116696357727,1.0,"Human: Give me a possible correct answer to the question ""what is the name of the new york yankees stadium?"" A:  Assistant: Yankee Stadium","Human: 6.36 million people The population of the city was 6,360,000 and 1,84",180,0
0.7180858552455902,0.5897995755076408,0.7355537265539169,0.5865006595849991,0.0,0.0,0.44329285621643066,16.0,"Human: Question: Who has produced and written a number of hit songs for other artists, including Madonna and Beyonce? Answer: As a writer and producer,","<?php include_once 'includes/header.php'; ?> <?php include_once 'includes/navigator.php'; ?>   <div class=""header"">The First Space Shuttle</",180,1
0.8069852292537689,0.7074754983186722,0.6779356300830841,0.6099237203598022,0.0,0.0,0.5972655117511749,2.0,"The first book was published in 1998, and it has been followed by two more books. Which two books were published after the first book?","Human: Based on the following piece of text, what is the name of the place that is closest to Disneyland? The place that is closest to Disneyland is Anaheim",181,0
0.7660419940948486,0.6398146748542786,0.7031560838222504,0.5571761578321457,0.05263157894736842,0.047619047619047616,0.3983067274093628,8.0,"Human: The first novel written by the author who wrote ""One Hundred Years of Solitude"" is entitled ""Leaf Storm.""  It was published in 1","You are a helpful assistant, who always provide explanation. Think like you are answering to a five year old. First question: Who is older, Barack Obama or",181,1
0.7677547335624695,0.6164384633302689,0.7042472511529922,0.6204210817813873,0.0,0.14285714285714285,0.40001964569091797,1.0,"The capital city of Ukraine is Kiev (Kyiv). The capital is also the largest city in Ukraine.  Can we draw the following conclusion? Kiev, the","Human: In 1998 , the capital of Chile was home to 44.5 % of the population . In 1998",182,0
0.7467226088047028,0.6359809935092926,0.6848469078540802,0.5577892400324345,0.0,0.09523809523809523,0.428547739982605,17.0,"The Canadian Tourism Commission, the government-owned agency for tourism development in Canada, and the Government of Canada, provided funding for the project.  Translate to French. La",Human: During which war did the political party that the first president of which country from 1990 to 1991 was a part become,182,1
0.7196551114320755,0.6155374124646187,0.7088631987571716,0.5968625545501709,0.0,0.0,0.41639643907546997,5.0,"The History of Science Fiction: Volume 12, New York: Barnes & Noble, Inc., 2006, 669 pp","Human: Which organization did the director of the International Atomic Energy Agency, which issued a safety report on the Fukushima Daiichi nuclear disaster, earn a doctoral degree from",183,0
0.7550970613956451,0.6331013590097427,0.7368729263544083,0.599325031042099,0.0,0.0,0.428247332572937,15.0,"The Commonwealth Scientific and Industrial Research Organisation (CSIRO),  : The Australian government's national science agency,  :The Australian Agency for International Development (AusAID)  :",It says the new building is now open at 1 St. Paul Circle in downtown Los Angeles.  Which topic is this article about? This article is about a,183,1
0.6948167681694031,0.5593024864792824,0.7506539821624756,0.6333105117082596,0.0,0.14285714285714285,0.44975632429122925,1.0,"Human: The 2006 United States Census Bureau data indicated that the community's population was 1,914; with a household income of",Human: In which state is the city of Boston?  Assistant: The city of Boston is in the state of Massachusetts.,184,0
0.6644023507833481,0.5412440150976181,0.7143772542476654,0.5667701959609985,0.0,0.0,0.4326190948486328,6.0,Human: When and where did the Great Fire of London occur and what were the damages? American soldiers fought in the Battle of Britain during which war? Which was,Human: What did Jim have to prove to his former colleagues in the Senate?  Did you not know that Jim had a good job working as a senator? He,184,1
0.7317184805870056,0.5738349184393883,0.8458894491195679,0.774027943611145,0.0,0.0,0.4364964962005615,1.0,"The winner of the 2015 Nobel Prize in Literature is the Welsh novelist and poet, novelist, poet, satirist and essayist,","The female singer was born September 11, 1954. Who is she? Answer: Bonnie Raitt",185,0
0.6923234313726425,0.6121566891670227,0.610532209277153,0.5152617348358035,0.047619047619047616,0.0,0.3864779472351074,9.0,"Human: Q: The following article contains an answer for the question: What is the first name of the person who became a prominent photographer in the region? ,",The 2003 FA Community Shield was the 80th FA Community Shield. It was contested on 3 August 2003 by,185,1
0.5461197681725025,0.5306322835385799,0.7001536190509796,0.6026514917612076,0.0,0.0,0.4921911954879761,2.0,The 1982 Australian Grand Prix was a motor race held at the Melbourne Grand Prix Circuit on 7 March 1982. It was,Human: The Aswan High Dam has been in operation since what year?  Assistant: It began operating on 19 July 1970.,186,0
0.6161230653524399,0.5359104350209236,0.7499440312385559,0.6500538140535355,0.0,0.0,0.4644123911857605,16.0,"Human: The man was found to have been fatally struck by a car and had been stabbed 40 times, police said.  What best summarizes the content of",Human: Find the right ending to this passage.  A former American general was one of five people accused Thursday of spying and smuggling weapons to an ally of Iran.,186,1
0.6387017667293549,0.5133377630263567,0.6731454432010651,0.5807125940918922,0.0,0.0,0.4607119560241699,2.0,"Human: 1984: Michael Jackson's debut single on Sony, ""The Girl Is Mine,"" earns Jackson his 12th number-one on","Amanda Knox , also known as Amanda Nicole Knox , (/ ˈkoʊnks /; born November 9 , 1985) is",187,0
0.7494059503078461,0.624259427189827,0.7071247845888138,0.5855355113744736,0.0,0.0,0.3769914507865906,10.0,Human: Question: Which British musician is famous for being the frontman of the band Queen? Answer:  Assistant: Step 1: Identify the required information,Human: How many of the following statements are true? There are 2 women and 6 men on the faculty in the mathematics department at a certain college.,187,1
0.7472866624593735,0.6209307536482811,0.6894025504589081,0.5942089557647705,0.0,0.0,0.4561605453491211,2.0,The first film starred Lon Chaney and his last was written and directed by him.  Who directed the first film that lon chaney starred in?? To find out,"In 1993, Anne M. Martin is the executive producer of the movie version of A Wrinkle in Time , which she also co-wrote",188,0
0.6520656049251556,0.5374006852507591,0.7470318675041199,0.6170497089624405,0.0,0.0,0.36546647548675537,5.0,"Human: Based on the sentence ""A girl sits on a blue bench that rests against a wall with graffiti."", is the sentence ""A woman is sitting."" a","Youth for Poland was created in 1986 as a social movement for youth. It was built on a platform of freedom, independence and democracy.",188,1
0.781609058380127,0.6216969341039658,0.7121797204017639,0.6198599636554718,0.0,0.0,0.5194543302059174,1.0,Human population and human activity are the primary reasons why the number of natural lakes are decreasing.  Which human activities have contributed to the significant loss of natural lakes? The,Human: What is the answer for the question: What is the full name of the person who discovered a specimen of the new species in 1977,189,0
0.7067758738994598,0.5959650278091431,0.7131404876708984,0.5668703392148018,0.0,0.0,0.3210334777832031,24.0,Human: 6.  Who collected 160 different birds?  Assistant: Answer: Answer:  Alfred Russel Wallace  Step-by-step reasoning:,Human: Which European country has won more Nobel prizes than any other nation?  Assistant: Sweden  Human: What is the name of the European country that has produced,189,1
0.720543697476387,0.5663760155439377,0.6669154465198517,0.5736517384648323,0.0,0.0,0.41675591468811035,1.0,"What is the answer: According to the 1997 US census, what was the population of the state of Colorado?  305137","Human: A total of 50,194 people live in Allendale. In 2000, a total of 59,",190,0
0.7239039838314056,0.5685610324144363,0.6962681412696838,0.5687839090824127,0.0,0.047619047619047616,0.5196831822395325,14.0,"The following is a list of cities or towns in the County Antrim of Northern Ireland. Also included is Craigavon, which straddles the districts of",Human: The population is about 12 million -- about a fifth of Greece's 6.6 million people.  Translate to Romanian  Romanian:  Assistant,190,1
0.6646959185600281,0.5630103275179863,0.827949732542038,0.7620972990989685,0.0,0.0,0.43417251110076904,3.0,How many people does the 2000 census report were living in Manhattan?  What best summarizes the content of the above article?   a). World  b,"How many people were evacuated from the city during the fire? A: 150,000",191,0
0.7124852687120438,0.5712840259075165,0.6966336369514465,0.593474417924881,0.0,0.0,0.4599512815475464,6.0,"Human: How many people died in the 9/11 attacks  Assistant: 3,092 people were killed as a result of the",Human: Find out how many people are in the United States. How do I do this?  Assistant: As of my last update in 2021,191,1
0.6764068603515625,0.5527195408940315,0.595076896250248,0.5135002862662077,0.0,0.0,0.515018105506897,2.0,"The 2002 UEFA European Under-21 Football Championship was the 13th UEFA European Under-21 Football Championship, taking place in","At any rate, that is the official record. As a matter of fact, as anyone who was familiar with the situation knows - and the hon. member for",192,0
0.7219099998474121,0.5708030462265015,0.7660861909389496,0.6288958340883255,0.05,0.1111111111111111,0.4351024627685547,19.0,Human: The Canadian government chose a location for their capital in what river?  Assistant: Ottawa River,"The largest city in South America and the capital of Brazil, is located in what country?  The largest city in South America and the capital of Brazil is located in",192,1
0.753520280122757,0.6270995587110519,0.6912093013525009,0.5713363587856293,0.0,0.0,0.46627944707870483,1.0,Find the answer to the question: In what city is the headquarters of the largest multinational bank in the United Kingdom located? Answer: London,"Human: In one sentence, describe what the following article is about:  The town is located in rural eastern Kentucky. While a large portion of the population is white",193,0
0.7304831445217133,0.5983271226286888,0.7172485738992691,0.6146208122372627,0.0,0.0,0.4273023009300232,5.0,"Human: Find the city in which the 1994 Asian Games were hosted?  Assistant: Bangkok, Thailand",The woman who lives next door to you is named Mary. She has a blue car and a dog named Max.  What happened last night and why? It seems,193,1
0.7719613313674927,0.6329379826784134,0.6847609877586365,0.5600616745650768,0.0,0.0,0.4468870162963867,3.0,The city will then select up to five finalists for a 15-day trial run.  Based on that paragraph can we conclude that this sentence is true? The,What kind of place is New York City's 41st Street?  Answer the above question based on the context below:  New York City's,194,0
0.695989727973938,0.5478788018226624,0.8737680912017822,0.8020958006381989,0.0,0.0,0.37950509786605835,14.0,Human: 3. Which of the following best describes the difference between the two cities in terms of population size and economic activities?  Assistant: To determine the best,"Human: Which of the following two cities has a higher population, Lahti or Tampere?  Assistant: Tampere has a higher population.",194,1
0.7781237661838531,0.6586216986179352,0.7612572908401489,0.6712134778499603,0.0,0.0,0.43062758445739746,2.0,Human: The company was founded by William C. Durant in 1908 as the General Motots Corporation. What company is this?  Assistant: The,Human: What is the answer to this question? what year did the original star trek begin?  Assistant: 1966,195,0
0.6928766667842865,0.5762221589684486,0.7229078412055969,0.6028838157653809,0.0,0.07692307692307693,0.47054606676101685,2.0,What is the answer: What is the name of the fictional New York City district where most of the television show How I Met Your Mother takes place? manhattan,Human: 6.  Which time period is called the era of the first Industrial Revolution?  Assistant: The Industrial Revolution of the 18th and 1,195,1
0.7242551147937775,0.5893958881497383,0.8184782266616821,0.7592458426952362,0.0,0.0,0.3879646062850952,1.0,"If a computer search of the city phone book listed 27,000 telephone listings, then what is the estimated population of the city ?, 2",Human: what is the population  of chennai??  Assistant: 6.17 million,196,0
0.7057489901781082,0.5513733103871346,0.8888233304023743,0.8353297710418701,0.0,0.037037037037037035,0.45023757219314575,21.0,"Human: On What date did 85,431 people attend a football game to break a record?  Assistant: December 17, 1",Human: How many people live in the City of Los Angeles?  Assistant: The City of Los Angeles has a population of approximately 3.9 million people.,196,1
0.747368723154068,0.5751854181289673,0.7049968540668488,0.5864017754793167,0.0,0.05,0.4694973826408386,3.0,"What city is the company that produced Holes in?  To find the city where the company that produced Holes is located, I will:  1. Research the",Human: Which college did the person who became the executive director of the New York City Commission on Human Rights attend for his undergraduate degree and graduate degree?  Assistant:,197,0
0.7085313946008682,0.5768623650074005,0.793426901102066,0.7288572490215302,0.0,0.05263157894736842,0.5163835287094116,4.0,Human: What is the answer for the question: What is the last name of the person who received the Medal of Honor? from the following article ?  The,Human: Can you tell me what major college university New England Patriots quarterback Tom Brady attended??  Assistant: College of New Haven,197,1
0.7358807027339935,0.6263453364372253,0.6488417387008667,0.5506195276975632,0.0,0.07692307692307693,0.471513032913208,2.0,Human: How many miles is it from Austin Texas to the capital of the state in which Austin Texas is located? Please respond by writing a program in Python.,"The park is located 13 mi (21 km) northeast of central Paris, 2 mi (3 km) north of the Paris suburbs and",198,0
0.7278201282024384,0.6016857922077179,0.7506965100765228,0.5972588062286377,0.0,0.0,0.4266795516014099,10.0,Human: How many miles away from Boston is Harvard University?  Only output the the numerical answer.  Assistant: 10,Human: How can I find the names of the 5 largest airports in the United States?  Assistant: Here are the names of the five largest airports in the,198,1
0.6997133046388626,0.5591382309794426,0.8031818866729736,0.7649129033088684,0.0,0.0,0.5262943208217621,2.0,"Human: Who was the first American president to be born outside of the continental United States, and why was this significant?  Assistant: The first American president to be",What was the name of the first president to be removed from office by impeachment? What is the answer? andrew johnson,199,0
0.7843188047409058,0.659783810377121,0.7047520875930786,0.5469523370265961,0.0,0.0,0.34293699264526367,3.0,"Human: The 34th president of the United States was born on February 14, 1890. Which president was he?  Assistant",Human: Find the most popular book in the library. The library has 100 books.  Assistant: To determine the most popular book in the library with,199,1
