Rank,TeamId,TeamName,LastSubmissionDate,Score,SubmissionCount
1,16756524,Tufa Labs,2026-10-07 16:36:55,88.06,47
2,15789060,rabbithole,2026-10-07 19:00:28,80.56,109
3,15501171,Yi-Chia Chen,2026-10-07 23:45:13,77.22,18
4,15486939,nvbanana,2026-10-07 08:45:05,77.08,138
5,16768245,_hans,2026-10-07 13:49:09,67.64,12
6,16671221,ALbert RUehlman,2026-10-07 14:37:05,67.36,7
7,15526034,ARC Raiders,2026-10-07 18:39:43,58.75,67
8,16461211,Dawid Kopiczko,2026-10-08 00:05:18,58.47,32
9,16373916,Majkel1337,2026-10-08 07:13:13,48.33,35
10,15648732,Khaotic Sethesis,2026-10-07 14:48:14,45.83,153
11,16893334,Anil Thomas,2026-10-07 03:40:39,44.31,19
12,17017585,matu997,2026-10-08 02:26:07,42.92,5
13,15580691,Ueddy,2026-10-07 13:33:08,40.83,9
14,16600664,Nguyen,2026-10-06 04:19:59,39.58,69
15,15487968,Jack Cole,2026-10-08 16:43:31,38.61,182
16,16781837,Sam-wiz,2026-10-07 08:50:18,38.47,7
17,16942017,okiek,2026-10-05 20:19:47,37.36,13
18,15522728,Junhua Yang,2026-10-09 09:48:36,37.22,191
19,16684035,ibyyue,2026-10-08 00:20:12,37.22,61
20,16541521,AI Winter,2026-10-07 05:59:34,36.25,85
21,16001787,Kenj,2026-10-07 15:20:04,35.42,21
22,15618366,Hiểu Vy,2026-10-07 17:22:50,34.86,162
23,16936050,D Chakraborty,2026-10-08 00:05:10,34.86,14
24,17030687,masspeaks,2026-10-08 02:18:31,34.86,4
25,16569125,復活の混テキスト,2026-10-07 11:47:37,34.44,79
26,16926865,Galaxy A55,2026-10-08 00:03:09,34.17,19
27,15488180,iga,2026-10-08 03:32:54,34.03,80
28,15523577,Team BlackBox,2026-10-07 18:22:04,33.89,132
29,15486728,Mithil A Vakde,2026-07-06 22:11:17,33.89,45
30,17023569,yukichi0403,2026-10-07 17:33:57,33.89,2
31,15531975,Sanjay Dutt,2026-04-17 04:08:32,33.47,17
32,15494357,Progress,2026-10-04 20:20:07,33.47,133
33,15590761,"Seok, Jeongeum",2026-10-07 12:59:53,33.47,123
34,16739687,Majid Aleissa,2026-10-05 12:49:55,33.47,42
35,16854312,rock paper scissors,2026-10-07 04:41:38,33.47,25
36,16782493,Team Alicia,2026-10-07 06:55:35,33.47,33
37,15495702,taopy2,2026-10-08 00:21:32,33.47,53
38,17045463,LIU PEIWANG,2026-10-08 01:34:09,33.47,2
39,16761662,Kajetan Schweighofer,2026-10-05 23:46:03,33.33,14
40,15644304,Joel Vetterlin,2026-06-27 10:28:28,33.19,22
41,15658284,Nazura Wirayuda Tama,2026-09-05 15:51:46,33.19,90
42,16020042,HongHanhjd,2026-09-14 20:53:42,33.19,20
43,15500458,Renoir,2026-09-16 01:34:57,33.06,164
44,15650935,MadrARC,2026-10-03 20:49:25,33.06,11
45,16511189,suyc24,2026-09-20 12:12:36,33.06,36
46,15494594,kglctf,2026-10-07 14:24:27,33.06,77
47,15523080,Grigoryan Sergey,2026-10-06 07:10:59,33.06,71
48,16582475,jkatdare,2026-10-05 17:11:50,33.06,46
49,16386527,Søren Ravn Andersen,2026-10-04 10:01:15,33.06,98
50,16541133,SireeshLimbu,2026-10-08 00:03:03,33.06,51
51,16745035,JLShen025,2026-10-06 14:42:30,33.06,46
52,16483533,zentropy,2026-10-07 21:35:11,33.06,96
53,15633925,Disgon,2026-10-07 09:37:57,33.06,96
54,17012809,zheng bao,2026-10-07 14:03:29,33.06,5
55,15609484,Mohamed Mahmoud Amar,2026-10-07 17:11:19,33.06,6
56,15516636,john,2026-07-11 06:36:21,32.78,25
57,16246272,Matija L & Zhongwei W & Fususu,2026-10-05 10:42:59,32.78,92
58,15938245,NguyenThanhNhan,2026-10-06 15:11:02,32.78,40
59,15915225,Golden Banana,2026-08-11 16:53:50,32.78,18
60,16440805,fortheatlantic,2026-08-24 21:06:13,32.78,38
61,15497207,Tony Li,2026-10-07 23:44:07,32.64,43
62,15494362,SVG,2026-04-16 06:23:57,32.64,19
63,15520034,Kamado Tanjiro,2026-04-17 05:42:55,32.64,19
64,15492775,Mathurin Ache,2026-10-07 12:57:10,32.64,137
65,15520038,[a-z A-Z] [1-9],2026-04-16 06:23:30,32.64,18
66,15531109,zigo,2026-09-19 17:13:09,32.64,33
67,15652647,PEI HAOYU 0805,2026-04-22 03:04:35,32.64,3
68,15510100,Tshithihi,2026-08-19 03:48:10,32.64,34
69,16072728,Emre Cirak,2026-10-08 08:44:32,32.64,45
70,16117749,Ajay_Rao_43,2026-06-28 07:09:23,32.64,4
71,15494530,Snow,2026-10-07 21:48:22,32.64,72
72,16029705,AAElter,2026-06-12 04:59:34,32.64,8
73,15488123,Breno & Sebastian,2026-09-04 00:09:02,32.64,67
74,15626632,ulankaggle,2026-08-19 08:25:50,32.64,23
75,15500647,Yasser Othman,2026-10-07 10:48:06,32.64,152
76,16260837,Hack2Publish,2026-10-06 16:38:12,32.64,86
77,15612166,Dinesh kumar Thiyagarajan,2026-09-25 06:09:37,32.64,33
78,16610365,wuwuwu,2026-09-07 07:40:10,32.64,6
79,16569914,Gigachat agi,2026-09-20 15:54:49,32.64,59
80,15511805,Ryan Chen,2026-09-04 06:29:40,32.64,44
81,15490544,DePie,2026-08-26 08:31:18,32.64,35
82,16690555,Shivam Sharma,2026-09-01 04:48:11,32.64,3
83,16764486,Soham,2026-09-15 02:44:56,32.64,9
84,15496434,Rustam Bazarbayev,2026-10-07 01:43:15,32.64,28
85,16799366,thisray,2026-10-08 00:02:28,32.64,7
86,15569558,Kaiser,2026-09-05 22:06:56,32.64,13
87,16811683,Nguyễn Công Tuấn,2026-10-05 16:47:00,32.64,15
88,16663711,thwaitsusa2,2026-10-08 00:00:10,32.64,21
89,16461884,Silhouette,2026-09-29 03:31:58,32.64,54
90,16495313,K Bala Murugan AIML,2026-09-24 17:31:13,32.64,6
91,15565200,BeaconTwins,2026-10-07 16:49:55,32.64,39
92,16272408,shineef,2026-10-08 00:08:55,32.64,78
93,16968118,Zack McGinnis,2026-10-07 22:24:01,32.64,10
94,16586096,Rengarajan G,2026-10-04 16:05:49,32.64,4
95,16931392,Shovon Das,2026-10-07 05:32:27,32.64,11
96,15495422,tf,2026-10-07 22:10:02,32.64,78
97,16904634,Amaan,2026-10-08 01:26:03,32.64,9
98,16440610,ACoder,2026-10-08 00:29:40,32.50,105
99,16082520,JIAWEILI0001,2026-10-07 09:57:20,32.50,100
100,16915387,XIAO MA,2026-10-07 00:02:44,32.50,17
101,15543568,Chew Kok Wah,2026-09-30 17:31:38,32.36,115
102,16351805,aotiandragon,2026-06-24 04:11:22,32.36,7
103,16698139,Kenneth Lie,2026-08-31 06:14:46,32.36,19
104,15488778,Kenleung Leung,2026-10-07 16:39:57,32.36,174
105,16802538,Birdman,2026-10-07 15:27:42,32.36,12
106,16677384,Vignesh A,2026-10-08 00:09:16,32.36,27
107,15517102,IC2,2026-06-10 19:13:41,32.22,29
108,15500980,today,2026-10-06 21:47:02,32.22,191
109,15493126,theredbluepill,2026-05-25 06:27:11,32.22,34
110,15660738,Ahmet Pamuk,2026-08-07 15:16:18,32.22,4
111,15786888,Kun Zhang,2026-10-03 17:12:01,32.22,103
112,15595459,Ernie,2026-10-07 15:41:17,32.22,82
113,15487592,CCT-YJ,2026-10-05 10:32:39,32.22,179
114,15504800,LongHuL,2026-06-20 12:39:31,32.22,12
115,15509226,Kunal Aarse,2026-10-07 04:05:38,32.22,83
116,16405127,Amil Gentili,2026-09-25 16:09:41,32.22,44
117,15502241,team_name,2026-08-17 15:06:44,32.22,16
118,15489453,sukirman,2026-09-16 03:27:43,32.22,70
119,16332351,André🇧🇷,2026-07-13 14:12:27,32.22,7
120,16492675,[Deleted] 45de3c79-2761-4c49-8377-f70fac43f210,2026-07-07 16:35:27,32.22,2
121,15724950,Nuno Ferreira,2026-10-07 08:36:14,32.22,59
122,15486751,Recovering ARC-oholic,2026-10-08 23:24:55,32.22,98
123,15513173,Akagha Chimgozirim,2026-08-08 21:34:40,32.22,35
124,15808715,Woochang Sim,2026-09-03 07:48:07,32.22,11
125,15495048,Surya milenial,2026-08-31 12:32:12,32.22,63
126,16295259,Juyong,2026-10-08 02:25:39,32.22,75
127,16567363,Manan 'Abdelrahman' Gupta,2026-09-05 20:25:56,32.22,13
128,16561832,gamesu7107,2026-08-31 02:48:49,32.22,12
129,16602383,Tianyang Song,2026-09-30 14:13:43,32.22,12
130,15500883,Sohangkumar Patel,2026-09-11 20:40:37,32.22,15
131,15760034,Abhijay Gupta,2026-08-19 14:28:15,32.22,5
132,16632167,Wang Zhiyao (王致尧),2026-08-06 07:19:17,32.22,2
133,16158035,Rokaiya Somapti,2026-08-07 05:20:17,32.22,42
134,15561067,alfaraco,2026-09-28 17:05:45,32.22,100
135,15487392,Bright O.H.,2026-10-05 07:41:45,32.22,81
136,15516160,Boiled-Sweet-Potato,2026-09-18 08:07:52,32.22,15
137,16668600,Narendra Sirvi,2026-09-25 01:56:56,32.22,2
138,16717542,netphas,2026-09-17 21:31:26,32.22,18
139,15615030,OzanM.,2026-10-07 06:04:26,32.22,57
140,16511781,lost heart,2026-08-29 10:28:04,32.22,13
141,15488793,Ayodeji Ibrahim Lateef,2026-09-28 23:12:38,32.22,62
142,16760857,ARC-ians,2026-09-20 19:01:50,32.22,8
143,15487203,Error_1249x,2026-09-27 16:34:02,32.22,23
144,16761651,Luxshan Thavarasa,2026-09-21 20:08:42,32.22,10
145,16396458,David Cao,2026-10-07 01:01:07,32.22,39
146,16793109,Charlie ESV,2026-09-05 01:31:49,32.22,3
147,16743813,Affriza Wildan Fauzan,2026-09-04 02:48:21,32.22,4
148,16706529,Rikito Kanda,2026-10-05 10:45:11,32.22,41
149,16721577,Vaibhav,2026-10-03 18:31:39,32.22,12
150,16751823,BillyBato,2026-10-05 00:00:53,32.22,13
151,16809131,Boris Matsakov,2026-10-08 00:02:46,32.22,27
152,16813569,Qimra1729,2026-09-03 13:31:04,32.22,1
153,15635051,wuliao_0,2026-10-06 03:19:03,32.22,80
154,16537602,HiroyukiSasaki,2026-09-12 03:06:05,32.22,33
155,16883644,Ndabenhle Ngema,2026-09-28 22:38:36,32.22,5
156,15487738,danielle Ange,2026-09-29 21:41:14,32.22,13
157,15750505,CaptainFlemme,2026-10-04 15:42:12,32.22,21
158,15577196,MJVinay,2026-10-07 18:35:27,32.22,105
159,16944495,Panggelia,2026-09-30 01:39:27,32.22,2
160,16297545,ｶﾎｳｼｭｳｾｲ,2026-10-05 22:59:55,32.22,34
161,15487614,Santiago Maniches,2026-10-09 06:22:20,32.22,56
162,16981474,Dale Jung,2026-10-01 00:07:23,32.22,3
163,17013203,stefanoclss,2026-10-06 19:06:07,32.22,4
164,16480557,tyz123456,2026-10-04 00:02:24,32.22,12
165,15590656,José Luis,2026-10-06 19:12:48,32.22,3
166,16137969,Cacinie,2026-10-07 03:00:58,32.22,13
167,16828317,Kydyrbek Kozykorpesh,2026-10-07 18:49:47,32.22,15
168,17035330,Sosanow,2026-10-06 13:18:38,32.22,2
169,16759671,Pixel Scholars,2026-10-06 16:04:03,32.22,22
170,16767874,T0m0t0m0 W,2026-10-08 00:02:04,32.22,11
171,17034545,Ryo Takaki,2026-10-07 21:25:46,32.22,1
172,17033964,XianingY,2026-10-08 02:25:36,32.22,3
173,16381399,Yuvraj #2,2026-10-07 07:35:40,32.08,45
174,15617026,VAP RF5,2026-06-16 08:58:14,31.94,25
175,16438422,Alan Cai,2026-06-28 07:16:56,31.94,2
176,16493513,huoxu,2026-09-29 02:23:20,31.94,49
177,16397467,Yaro Perventsev,2026-10-07 00:20:02,31.94,61
178,15577192,DhanaLakshmiMalla,2026-10-07 18:33:42,31.94,91
179,16835961,LOGO127,2026-09-11 01:46:56,31.94,3
180,16885855,S3unburst,2026-09-13 10:38:33,31.94,1
181,16674821,HongchenDai,2026-10-08 00:54:17,31.94,60
182,17035467,havid aqoma,2026-10-08 00:18:17,31.94,4
183,15634688,Shivam Arora,2026-10-08 00:15:59,31.94,17
184,15557805,NNMax,2026-04-17 06:40:04,31.81,4
185,15552544,Komil Parmar,2026-07-13 15:52:40,31.81,5
186,15489994,songling,2026-09-14 12:56:30,31.81,17
187,15490244,dlwzq,2026-06-26 10:14:25,31.81,4
188,15494442,Ifeoluwa Adewumi,2026-09-25 21:15:54,31.81,6
189,15495199,Aiska,2026-04-24 03:09:15,31.81,9
190,15647123,Penguin,2026-10-09 04:10:34,31.81,168
191,15499141,kwon yong deuk,2026-10-07 22:34:38,31.81,161
192,15516639,双人成行,2026-05-27 14:56:18,31.81,26
193,15787984,singasongcw,2026-05-05 10:56:40,31.81,3
194,15649571,sap123,2026-06-05 20:33:28,31.81,17
195,15626336,Hossein,2026-05-11 18:05:30,31.81,23
196,15629362,Kumar Abhijeet,2026-08-29 23:54:56,31.81,11
197,15507420,Gingsong,2026-05-30 09:32:00,31.81,22
198,16060097,StructurallyUnsound,2026-05-31 05:32:00,31.81,6
199,15500583,Osman Bayram,2026-06-17 17:01:00,31.81,24
200,15883525,adhithyan u,2026-07-17 09:35:33,31.81,36
201,15943934,Di zitai,2026-07-09 06:04:18,31.81,29
202,15495280,Yusuraume,2026-10-08 00:03:48,31.81,129
203,16390922,Anas Riaz,2026-06-23 12:27:52,31.81,2
204,15520584,Sweety Seelam,2026-08-03 23:31:42,31.81,62
205,15496197,Bradley Shervheim,2026-10-07 14:31:28,31.81,79
206,15526407,BhargavaAbhi,2026-07-02 12:42:22,31.81,14
207,15661145,Bitterbot,2026-10-05 22:19:35,31.81,44
208,16432786,Gladstone025,2026-10-02 11:01:56,31.81,25
209,16396503,HarshitSama,2026-07-11 11:27:23,31.81,10
210,16494117,DanilAbdullin,2026-08-30 03:05:45,31.81,8
211,15614991,Ravis Agi,2026-08-11 13:43:06,31.81,26
212,16534651,Ak,2026-08-31 10:40:17,31.81,13
213,16555718,qwertykeypadapple,2026-08-15 23:41:44,31.81,7
214,15777821,money worth,2026-09-15 10:10:06,31.81,66
215,16464116,齐乐,2026-08-06 11:37:12,31.81,5
216,15493277,Leon,2026-08-23 11:11:25,31.81,14
217,16639107,Sankalp Thakur,2026-10-07 15:47:18,31.81,8
218,15629194,shu yu,2026-09-23 05:34:57,31.81,9
219,16550316,uskt,2026-09-06 00:55:34,31.81,44
220,16468767,hydrogenbonds,2026-08-12 09:49:10,31.81,17
221,16408694,Krizsó Gergely,2026-09-12 17:20:05,31.81,29
222,16573301,Changyuan Chen,2026-09-29 00:01:36,31.81,16
223,16598993,Zhuo Li,2026-10-07 06:33:47,31.81,10
224,16671598,Raviksh Singh Dikola,2026-10-01 04:17:56,31.81,16
225,15498657,jazivxt,2026-09-24 06:18:56,31.81,10
226,15505442,Trideca,2026-10-04 05:02:23,31.81,72
227,16584875,Reki,2026-10-08 00:05:32,31.81,28
228,16720071,KiKi,2026-09-20 03:00:53,31.81,7
229,16695268,Deniz Eryılmaz,2026-09-04 12:35:20,31.81,12
230,15810256,⸻AgentZZ ⸻,2026-08-23 20:41:35,31.81,5
231,16699672,Windup Knight,2026-09-01 03:01:09,31.81,7
232,15505630,rkd,2026-09-06 22:09:44,31.81,36
233,16146116,PavelLiashkov,2026-10-08 00:00:06,31.81,51
234,16786406,Ghazaros Ghazaros,2026-09-14 06:07:18,31.81,8
235,15495500,Mohammed Abdullah,2026-08-30 17:40:19,31.81,2
236,15486848,ömer kiraz,2026-09-26 09:31:51,31.81,41
237,16623005,Ghazaros Barseghyan,2026-10-07 09:06:42,31.81,18
238,16583581,Sushanth Tiruvaipati,2026-10-03 07:11:16,31.81,50
239,16794742,Ashok Godugu,2026-10-04 03:01:13,31.81,16
240,16784549,Thin Sweet,2026-09-04 14:32:37,31.81,4
241,16692847,Zhen Li,2026-09-06 10:31:59,31.81,2
242,16815011,shiiin9,2026-10-07 17:58:44,31.81,18
243,16797339,Xsophie H,2026-09-09 16:27:25,31.81,7
244,16821863,Jared Floersch,2026-10-07 02:16:12,31.81,10
245,16004468,Akhilesh godugu,2026-10-04 02:56:09,31.81,52
246,16786365,gomerry,2026-10-03 23:57:52,31.81,32
247,16757021,Dmitrii Gluzdov,2026-10-08 04:27:25,31.81,21
248,16754665,Ashraf 1232,2026-09-30 07:35:04,31.81,11
249,15487400,Kerem çelik,2026-09-27 00:10:09,31.81,15
250,15492686,[Nam Ne DANO БЧБ],2026-10-07 14:27:20,31.81,77
251,15499579,Mike Anderson,2026-10-07 19:30:05,31.81,28
252,16446873,Efthimios,2026-09-29 03:32:15,31.81,25
253,16932149,JohnBlake,2026-09-25 14:38:51,31.81,3
254,16774073,tuyendepzaicungkhu,2026-09-25 09:02:23,31.81,8
255,16878651,easonyanyan,2026-09-29 04:55:55,31.81,4
256,16694290,Asukaa,2026-09-28 23:23:38,31.81,2
257,16924193,Harijs Ceriņš,2026-09-28 04:51:42,31.81,3
258,16864841,Salem Bin Kenaid,2026-10-08 00:15:39,31.81,28
259,16927325,huhu hoho,2026-10-06 23:52:46,31.81,13
260,16853785,maze,2026-10-06 16:23:38,31.81,15
261,17010415,forever young,2026-10-08 00:02:06,31.81,8
262,15498576,TuMinhDang,2026-10-02 09:05:16,31.81,15
263,17021581,Jinx JK,2026-10-04 17:54:06,31.81,2
264,16686147,Amer Alkhalili,2026-10-02 21:19:19,31.81,3
265,16993524,Shozyfrenia,2026-10-07 19:12:06,31.81,5
266,16978044,Liu Wanlong,2026-10-05 11:13:12,31.81,6
267,15507187,Dhruv Bansal,2026-10-03 16:51:51,31.81,6
268,16991829,smlcr,2026-10-03 20:22:12,31.81,2
269,16898253,Alfira Mukat,2026-10-06 15:31:32,31.81,4
270,16640150,SAURABH_RAI_1729,2026-10-05 08:02:36,31.81,6
271,17029430,HayatoFujihara,2026-10-05 22:07:46,31.81,2
272,17030572,周琦胜_sdu_cn,2026-10-05 09:30:34,31.81,2
273,16254597,pwxc00,2026-10-06 14:58:42,31.81,9
274,17030544,manbuhjm,2026-10-07 15:06:59,31.81,4
275,17032376,feiyu han9703,2026-10-06 15:31:16,31.81,1
276,16876880,cyzhao,2026-10-07 00:02:16,31.81,3
277,17038082,menphim,2026-10-08 00:04:04,31.81,5
278,17031961,TonightIsOver,2026-10-08 01:53:46,31.81,3
279,15825786,Kragglenote2 Forwork,2026-10-07 05:32:31,31.81,25
280,15510859,Mattpelor,2026-05-16 05:06:41,31.67,29
281,16744742,Tamerlan Omralinov,2026-09-19 10:44:12,31.67,20
282,17018991,lvisdd,2026-10-08 00:41:03,31.67,7
283,15520042,Redfield Rentals,2026-04-17 05:43:29,31.53,19
284,15944042,MLRush,2026-05-14 02:02:51,31.53,1
285,15522325,Giovanny Rodríguez,2026-06-25 10:26:22,31.53,3
286,15517365,simmons1025,2026-09-26 12:55:29,31.53,24
287,16047798,Ramana Prabhu Sana,2026-10-08 00:23:02,31.53,61
288,16372504,Rohan Alex Bimal,2026-07-14 07:12:38,31.53,14
289,15491319,Jeki Wan Taufik,2026-09-18 01:07:06,31.53,20
290,15523059,Hector,2026-08-15 00:41:21,31.53,15
291,15953930,cocoaAI,2026-10-02 21:51:32,31.53,22
292,15487246,Giba,2026-10-04 21:23:10,31.53,68
293,16296878,Dajai Stewart,2026-10-08 00:15:09,31.53,51
294,16573441,WUGAWUGA2,2026-10-07 17:20:41,31.53,29
295,16489063,Ju Wang,2026-09-23 14:02:10,31.53,14
296,16986517,Harthik Mallichetty,2026-10-06 00:23:35,31.53,6
297,16806027,Eesh saxena,2026-10-08 00:03:09,31.53,3
298,15486893,THUNDER THUNDER,2026-10-05 10:22:44,31.39,3
299,15527643,Roasted Duck,2026-04-14 18:33:21,31.39,5
300,15962641,KaggleARC,2026-10-07 09:31:02,31.39,112
301,15563011,kcy4,2026-04-12 22:34:11,31.39,3
302,15520031,Dhanashree Chavan,2026-04-17 04:09:06,31.39,19
303,15578667,hongan,2026-09-22 03:19:34,31.39,59
304,15736695,Pycore ai,2026-09-30 08:02:17,31.39,16
305,15499730,Nikita Makarov,2026-10-04 16:35:08,31.39,5
306,15633621,Guanshuo Xu,2026-04-22 02:41:56,31.39,1
307,15491167,Kh0a,2026-09-05 12:14:31,31.39,3
308,15623254,Mudit Chaturvedi,2026-08-20 05:44:38,31.39,15
309,15499408,JRSSKumarD,2026-04-29 01:10:51,31.39,2
310,15511497,Dr_F,2026-10-01 01:38:08,31.39,59
311,15582920,colt,2026-07-16 07:15:11,31.39,6
312,15584484,Aman Atar,2026-10-06 06:57:45,31.39,53
313,15537955,HARRABI Raouf,2026-08-26 01:18:07,31.39,49
314,15903566,Nischay Dhankhar,2026-10-07 20:08:24,31.39,68
315,15571791,omar zoloev,2026-09-21 12:09:28,31.39,53
316,15914329,Paulo Pinto,2026-05-20 19:27:19,31.39,6
317,15487232,w,2026-05-30 03:07:48,31.39,10
318,16254801,Mahog,2026-06-11 04:08:34,31.39,3
319,15532502,Tien N.,2026-10-02 00:54:04,31.39,104
320,15511718,Niranjan Nakkala,2026-07-03 09:09:34,31.39,2
321,16068132,datnt114,2026-10-02 16:14:25,31.39,21
322,16233458,Gordeev Max,2026-10-07 21:29:22,31.39,24
323,15940888,StephenNedumpally,2026-09-01 06:39:05,31.39,8
324,16352095,Harshit Shakya,2026-06-17 04:27:47,31.39,3
325,16351519,SERG4NT,2026-07-08 05:16:36,31.39,3
326,15667423,Bai Wenbao,2026-08-27 16:41:28,31.39,8
327,15644595,Yusaku Muroya,2026-09-27 17:18:17,31.39,22
328,15531832,Vicens Gaitan,2026-10-07 15:10:41,31.39,13
329,15625588,NoOneAhead,2026-06-24 00:03:27,31.39,2
330,15605268,Anvith Pothula,2026-10-07 00:05:03,31.39,12
331,15603327,Paritosh Kumar Tripathi,2026-08-20 05:31:01,31.39,6
332,16048696,Shubham Sahu2003,2026-10-06 18:03:03,31.39,16
333,16459040,Oculins,2026-07-18 15:01:25,31.39,9
334,16125772,jiji,2026-07-31 16:31:47,31.39,4
335,15910490,haodou092,2026-07-02 02:31:05,31.39,6
336,16415611,Diptyajit Das,2026-10-05 09:31:21,31.39,15
337,15510460,yaroslaw voropaew @ NUP,2026-08-03 05:00:52,31.39,30
338,16491800,@@@,2026-09-28 20:01:50,31.39,5
339,15519543,seddik turki,2026-10-04 16:22:09,31.39,50
340,15582900,ShadowCoder,2026-08-07 08:28:52,31.39,10
341,16447122,JayZhao,2026-08-21 02:27:10,31.39,20
342,16262854,Anaconda,2026-07-21 04:43:21,31.39,31
343,16500513,Joseph Adamski,2026-09-17 01:49:20,31.39,27
344,15561210,yasu,2026-10-08 00:01:54,31.39,167
345,16515661,RIKKA421,2026-07-16 09:24:49,31.39,4
346,16471957,Dominik Vladař,2026-07-22 11:44:43,31.39,3
347,15576675,lemTree,2026-08-01 15:29:01,31.39,21
348,16059925,Xander,2026-09-02 00:00:25,31.39,30
349,15492296,Pavel Pavlov,2026-08-05 18:08:03,31.39,15
350,16568793,t-enstar,2026-07-26 02:57:59,31.39,8
351,16499152,John Park,2026-10-08 00:01:09,31.39,53
352,16614167,SoumyaCryptic,2026-07-29 17:31:45,31.39,1
353,16429417,The Coder Geek Squad Leader,2026-07-30 18:14:38,31.39,1
354,16608031,Jim Strife,2026-08-11 21:15:57,31.39,3
355,16608409,shoaib ahmadi,2026-08-06 09:32:04,31.39,1
356,16704903,Wang Junnan,2026-08-11 04:06:21,31.39,1
357,16127506,Cam-Luan Truong,2026-10-02 02:27:54,31.39,8
358,16716500,uri_kkyhr,2026-08-15 02:29:17,31.39,2
359,15632543,Malla,2026-10-07 18:22:45,31.39,96
360,15494942,没落者,2026-08-30 00:05:04,31.39,45
361,16265192,Ralf,2026-08-26 05:33:32,31.39,27
362,15622742,Kawa,2026-09-21 12:05:42,31.39,23
363,15724474,LogicLab,2026-09-10 08:58:50,31.39,59
364,16751576,Fayche,2026-09-07 16:28:03,31.39,16
365,16753560,zjukop1,2026-08-31 01:24:45,31.39,4
366,15574908,Prabhpreet_Singh5,2026-08-30 08:16:46,31.39,7
367,16722571,Astraeus,2026-08-23 12:15:41,31.39,4
368,16470708,Amcic,2026-08-24 00:01:32,31.39,16
369,16756056,Thomas #2,2026-10-01 00:00:08,31.39,24
370,16717425,AADIGUPTA,2026-09-28 03:28:47,31.39,25
371,16768501,QN,2026-08-30 17:43:40,31.39,5
372,16622957,Berat Egemen Gök,2026-09-04 07:59:15,31.39,5
373,16506637,无风可掇,2026-10-05 23:22:57,31.39,14
374,16669855,Hoang Vu Dang,2026-09-24 08:13:57,31.39,24
375,16769497,its_mrz,2026-10-07 05:53:06,31.39,27
376,16482174,Yorix.um,2026-09-04 06:35:22,31.39,17
377,16763843,Lickel J. J. J.,2026-09-22 17:53:40,31.39,11
378,16723679,corner_today5,2026-09-04 13:30:31,31.39,1
379,16617639,No Name,2026-10-07 20:51:24,31.39,17
380,16840932,ElminimlE,2026-09-07 00:10:02,31.39,2
381,16757701,SeshuRaju 🧘‍♂️,2026-09-06 16:29:44,31.39,5
382,16681408,Yusuke Hayashi,2026-09-12 07:30:29,31.39,9
383,16717480,ShoaibSSM,2026-09-12 18:54:15,31.39,4
384,16821925,Jing,2026-09-18 09:32:09,31.39,7
385,16478078,Bala Murugan AIML,2026-09-25 18:55:10,31.39,38
386,16791629,LIH.YUN,2026-10-07 18:54:07,31.39,12
387,16074439,Gurkan Ozkan,2026-09-11 01:10:52,31.39,5
388,16866984,cryptvector2,2026-09-11 13:19:03,31.39,2
389,15837836,Berat Erol ÇELİK,2026-10-01 08:13:50,31.39,8
390,16880946,hengxin wei,2026-10-06 10:46:04,31.39,8
391,16890483,Sepideh Rahmati,2026-10-01 04:18:33,31.39,5
392,15629685,ARCAG,2026-10-07 17:32:40,31.39,8
393,16791899,Avvery,2026-09-18 06:47:47,31.39,8
394,16853563,shyjin,2026-10-05 01:04:48,31.39,12
395,16845031,DefiAudit,2026-10-08 02:22:41,31.39,25
396,16774511,agent intern&s,2026-10-02 13:26:10,31.39,7
397,15516828,Francis,2026-10-07 14:02:53,31.39,25
398,16852084,FinalSunFlower,2026-09-29 00:23:43,31.39,20
399,16887512,Pawan Bishnoi,2026-09-23 14:22:26,31.39,3
400,16770547,imissher,2026-10-07 09:21:01,31.39,11
401,16918018,Lois-Kleinner,2026-09-23 07:40:14,31.39,2
402,16586006,Something AI Related,2026-10-07 21:46:04,31.39,34
403,16880091,AkiraIshikawa,2026-10-07 21:50:02,31.39,15
404,16927651,Dale Zhong,2026-10-01 05:29:38,31.39,6
405,16751395,daoviet,2026-10-02 16:59:06,31.39,19
406,16879997,Asan Ashirov,2026-10-04 00:04:53,31.39,7
407,17010708,imaimai17468,2026-10-06 00:37:36,31.39,4
408,17013753,Adrian Phillips,2026-10-04 00:05:40,31.39,4
409,16994220,Toshiki Narushima,2026-10-04 14:42:48,31.39,4
410,16982212,Tianze0,2026-10-08 00:01:01,31.39,7
411,16439845,Ahmed Mostafa,2026-10-05 22:23:27,31.39,3
412,17019636,shadowmask1130,2026-10-02 14:04:20,31.39,1
413,16879784,NP,2026-10-07 14:50:42,31.39,18
414,16722874,Aghasalim Mustafazada,2026-10-08 00:15:19,31.39,8
415,15630730,Ju,2026-10-03 06:45:45,31.39,2
416,15634278,K Q J,2026-10-08 00:04:06,31.39,17
417,16410256,griddy for grids,2026-10-06 23:41:35,31.39,39
418,16501367,PS,2026-10-04 00:07:01,31.39,3
419,17024192,ftakashi,2026-10-03 12:21:23,31.39,1
420,15826132,InSociEUP,2026-10-07 05:42:46,31.39,15
421,16839247,Dmitriy Ch,2026-10-06 15:21:13,31.39,13
422,17032369,huangchunbo,2026-10-05 07:18:16,31.39,2
423,16655147,Benjamin H Pepper,2026-10-07 00:12:04,31.39,65
424,16598720,qiuqiu,2026-10-06 02:56:29,31.39,35
425,17036077,Roman Mironov,2026-10-06 14:20:36,31.39,2
426,16860039,uninhibited-scholar,2026-10-08 01:19:42,31.39,17
427,17028638,Changhao Fan,2026-10-08 02:27:31,31.39,2
428,17051047,SamarthPD-21,2026-10-07 12:42:24,31.39,1
429,16621526,Carloscp,2026-10-07 13:03:00,31.39,28
430,16696082,chenyujia1024,2026-10-07 13:09:29,31.39,2
431,17032942,KevinY1210,2026-10-07 14:46:49,31.39,1
432,17034230,Xu Lejia,2026-10-08 02:27:46,31.39,2
433,15592005,Blu3s,2026-04-28 22:43:35,31.25,15
434,15897352,Tirth Kanani,2026-10-07 14:48:42,31.25,48
435,15520047,"Winner Winner, BBQ Dinner",2026-04-17 05:43:12,31.11,19
436,15523524,Muhammad Junaid,2026-09-29 07:45:13,31.11,4
437,15508009,CuteClaw,2026-08-30 04:44:56,31.11,48
438,15640821,Ayman Hamed,2026-05-05 09:09:43,31.11,15
439,16047392,YiPeng Ding,2026-06-22 14:32:22,31.11,23
440,16583867,ChristopherDAleman,2026-07-24 00:00:28,31.11,3
441,16639530,vildhet,2026-08-23 18:33:57,31.11,6
442,16790408,viking deng,2026-08-30 10:08:26,31.11,2
443,16441182,Julian Camilo Villa,2026-10-01 03:48:59,31.11,29
444,16418414,Meet Mendapara,2026-10-08 04:22:29,31.11,14
445,16962936,qflen00,2026-10-04 10:08:18,31.11,2
446,17019051,Koumei Maki,2026-10-07 21:39:01,31.11,7
447,17031066,kiwi719,2026-10-06 06:37:10,31.11,2
448,15500245,Aleksandr Lutskiy,2026-08-22 19:31:34,30.97,19
449,15575329,Yiheng Wang,2026-09-21 04:06:56,30.97,10
450,15491864,Aleksandr  Larko,2026-06-07 06:02:55,30.97,14
451,15486932,Mirza Milan Farabi,2026-10-07 10:04:15,30.97,25
452,15576578,cm391,2026-09-21 10:49:04,30.97,13
453,15533507,ARE-ARC,2026-04-22 16:41:25,30.97,11
454,15524601,Rushank Choksi,2026-04-14 10:17:04,30.97,4
455,15546991,Maxime Carriere,2026-06-10 10:41:19,30.97,17
456,15608920,wqlun06,2026-09-28 06:32:50,30.97,20
457,15513679,Pragnyan Ramtha,2026-07-19 11:05:22,30.97,8
458,15520490,Yaroslav kholmirzayev,2026-06-20 18:52:56,30.97,8
459,15504737,AidenSong123,2026-04-15 09:50:19,30.97,5
460,15569795,Jules,2026-10-04 20:03:55,30.97,5
461,15578249,Maxim,2026-06-15 13:19:51,30.97,9
462,15505316,Hu Xingyu,2026-06-02 11:26:06,30.97,32
463,15523103,Shashikumar@9461,2026-04-22 05:51:45,30.97,4
464,15621537,Pedro Marques,2026-04-21 09:39:58,30.97,5
465,15486749,Ali,2026-09-22 21:15:43,30.97,49
466,15506880,Forrest,2026-08-07 00:32:40,30.97,18
467,15630529,dongdong zhang,2026-05-04 12:57:24,30.97,11
468,15605360,Dmitry Kozlov,2026-09-22 15:10:00,30.97,17
469,15673464,rxvikumar,2026-05-06 18:07:39,30.97,6
470,15488128,Kirderf,2026-10-07 18:51:05,30.97,24
471,15496426,Shin1001,2026-04-29 14:35:46,30.97,1
472,15720997,Pudding,2026-10-03 02:08:05,30.97,57
473,15909608,Matianyuu,2026-05-14 11:40:51,30.97,2
474,15819889,Arc Waiters,2026-05-12 21:02:08,30.97,7
475,15774555,Matthew Sanders,2026-06-13 17:46:11,30.97,14
476,15627252,Mandel,2026-06-10 11:41:34,30.97,3
477,16100206,Jadiel,2026-05-28 12:37:24,30.97,1
478,16128619,Le Truong Thinh,2026-06-04 15:06:12,30.97,3
479,16081721,lin xiang sun1145,2026-10-07 05:23:30,30.97,18
480,15921637,Mathemortician,2026-09-15 22:53:42,30.97,24
481,16250145,Neeraj,2026-06-13 11:43:58,30.97,8
482,15491548,AMD,2026-09-30 22:37:34,30.97,17
483,15508100,Nicolò Raganato,2026-06-13 15:20:14,30.97,12
484,15627103,JUST A CAR,2026-06-13 03:46:52,30.97,7
485,16116910,NiCe,2026-07-09 02:16:28,30.97,9
486,16339780,XiaoYan12,2026-10-05 03:12:43,30.97,7
487,16255185,LosOrange,2026-08-03 08:59:31,30.97,12
488,16071079,Onewo,2026-09-20 02:15:42,30.97,37
489,16377912,Tamim,2026-06-17 05:44:59,30.97,1
490,16124721,Mehran Kazeminia,2026-08-28 13:46:44,30.97,26
491,16416839,DataLover,2026-06-28 08:24:38,30.97,7
492,16304811,Hamsa Wahed98,2026-08-17 18:31:12,30.97,12
493,16432469,ne Artem Savchenko,2026-10-07 19:40:12,30.97,6
494,16425502,Jiangzhibo,2026-06-30 00:38:27,30.97,2
495,16511558,JerryLee0513,2026-09-13 15:33:07,30.97,37
496,16370487,Suncrest,2026-09-18 05:05:14,30.97,12
497,16487742,kalilon,2026-07-04 21:42:32,30.97,1
498,15990010,islet,2026-07-06 03:06:43,30.97,4
499,16206736,Pierre Baume,2026-07-14 22:39:22,30.97,18
500,15489128,Xiaolei Lian,2026-07-24 02:57:44,30.97,10
501,16485186,senkin13,2026-10-07 13:48:58,30.97,8
502,16513992,Team Algorithm Tech Institute,2026-09-14 18:55:09,30.97,17
503,16429137,srikalyan,2026-10-08 00:05:06,30.97,73
504,16445915,Keerthivasan2035,2026-08-21 10:21:22,30.97,5
505,16483689,jmatsukuma,2026-07-30 00:07:23,30.97,23
506,16569444,Thereforyou_Jasmine,2026-08-04 15:13:12,30.97,4
507,16564681,Alan C52,2026-07-22 20:40:59,30.97,5
508,16414381,yuval reina,2026-08-14 19:32:35,30.97,17
509,16559402,Domdolus Tolus,2026-08-17 07:55:45,30.97,29
510,15518887,Pawan Rama Mali,2026-09-06 18:07:17,30.97,16
511,16032489,anngle,2026-10-04 03:03:16,30.97,22
512,16559889,victor,2026-08-07 03:01:28,30.97,16
513,15492314,Kumaran K,2026-08-02 09:19:27,30.97,5
514,15949575,石涵宇,2026-09-16 11:14:58,30.97,8
515,16590472,Salvapiol,2026-08-13 15:03:58,30.97,3
516,16557358,akmr,2026-08-08 12:49:24,30.97,2
517,15494990,yuki16,2026-09-24 00:33:45,30.97,48
518,15502473,Lennard Lutz,2026-08-30 00:05:17,30.97,12
519,15491314,@🤞@,2026-09-28 20:44:36,30.97,33
520,16599340,coc1 id,2026-09-27 15:19:12,30.97,28
521,16717540,PARK HYUNSIK,2026-08-22 11:09:14,30.97,3
522,16710041,Chris Murphy,2026-09-08 00:48:42,30.97,6
523,16729789,Dat Money,2026-09-18 02:32:36,30.97,8
524,16754676,emi,2026-08-21 13:24:18,30.97,1
525,16734632,Paul Kamau,2026-09-12 12:43:41,30.97,18
526,16765924,dqdallen,2026-08-26 05:00:14,30.97,2
527,16746125,FlatWhiteOnly,2026-08-27 11:42:31,30.97,1
528,16782676,TK256,2026-08-30 00:59:38,30.97,2
529,16776828,Shadowfishes,2026-10-02 00:07:51,30.97,9
530,16752698,Arda Yıldız,2026-09-01 00:03:34,30.97,6
531,16790487,Yang Kuang Ou,2026-09-24 05:46:46,30.97,5
532,16771630,usernam,2026-10-06 17:18:43,30.97,39
533,15509052,anthony michel,2026-08-31 17:59:44,30.97,5
534,16462287,Cihan Atak,2026-09-05 17:43:18,30.97,19
535,15843122,Pratham Jain,2026-09-15 03:53:19,30.97,11
536,16822277,tellurium_rrr,2026-10-04 00:05:25,30.97,8
537,16816165,say4n,2026-09-05 14:27:44,30.97,2
538,16840164,Shubham Phapale,2026-09-07 05:56:49,30.97,2
539,16783841,Brett Burgess,2026-09-11 00:35:35,30.97,11
540,16841419,Luigi ishii,2026-09-08 13:33:09,30.97,4
541,16779554,rellik13,2026-09-23 23:47:55,30.97,11
542,15729188,Anh Bui,2026-09-12 17:04:25,30.97,7
543,16300371,Galkin Danil,2026-09-10 07:28:07,30.97,5
544,15501643,MAYUR PAWAR,2026-09-22 14:30:25,30.97,12
545,16665515,AllenLee,2026-09-28 08:13:30,30.97,12
546,16864223,RAVEN,2026-09-10 04:38:55,30.97,1
547,15997913,AGI for the win,2026-09-29 19:29:24,30.97,30
548,16871668,Martynas Džiugas,2026-09-11 08:56:53,30.97,1
549,16832299,Muhammad Haaris 27083,2026-09-11 15:31:08,30.97,1
550,16843474,Muhammad Mirza Darma Putra,2026-09-13 05:43:09,30.97,7
551,16866750,lzf2004,2026-09-12 08:23:49,30.97,2
552,16805691,UTS_25522741,2026-10-07 23:05:48,30.97,28
553,15692031,Pai,2026-10-07 19:35:52,30.97,32
554,16759153,yunmeng6,2026-10-07 06:59:43,30.97,20
555,16892794,Yasuhiro Manai,2026-09-16 01:41:31,30.97,1
556,15531981,stpete_ishii,2026-09-18 01:51:24,30.97,7
557,16843053,Frost Cerberus,2026-10-07 04:56:00,30.97,10
558,15598045,Marek Wyborski,2026-10-05 22:32:31,30.97,21
559,16924078,Kevin Zhang,2026-10-03 02:16:35,30.97,2
560,16793856,Chris Deotte,2026-10-05 00:29:02,30.97,11
561,16906143,Ankiy,2026-10-02 00:07:20,30.97,11
562,16790834,Forte ,2026-09-30 08:38:47,30.97,10
563,16319743,ueonofei,2026-10-07 13:40:36,30.97,68
564,16863270,Weverton Guedes,2026-09-23 11:49:44,30.97,5
565,16945689,WLYYYo,2026-09-23 12:57:24,30.97,1
566,16935811,RANJEETQ,2026-10-01 04:02:11,30.97,6
567,16943448,Sergio D,2026-09-24 07:47:56,30.97,3
568,16690385,Sophie555,2026-09-26 01:23:13,30.97,14
569,16068718,Anubisyy,2026-10-01 15:03:11,30.97,3
570,16035826,HUANG PENGYU,2026-10-05 08:18:44,30.97,5
571,16937110,jacktao lai,2026-09-26 06:15:00,30.97,2
572,16980933,Netram Faran,2026-09-29 00:01:36,30.97,2
573,16987724,HaneefRasheed,2026-10-03 01:12:51,30.97,5
574,16966974,divyakumar,2026-10-07 17:43:41,30.97,10
575,15519840,Proxy,2026-10-07 06:10:14,30.97,12
576,16854690,Hironobukawaguchi,2026-10-08 00:01:20,30.97,30
577,16829421,tomfng,2026-10-02 17:18:48,30.97,1
578,17022660,iring58,2026-10-08 03:10:00,30.97,5
579,16780292,Artin yzn,2026-10-07 10:35:24,30.97,7
580,17021847,Nas_Learner,2026-10-03 04:34:08,30.97,2
581,17020379,maxout,2026-10-07 02:49:44,30.97,6
582,17023174,Mark Barney,2026-10-08 00:10:02,30.97,5
583,16986617,RavinderT8,2026-10-07 19:24:18,30.97,7
584,16471527,Yam,2026-10-06 12:26:53,30.97,3
585,15659413,JiashengYun,2026-10-08 01:33:09,30.97,22
586,17029462,Eric111,2026-10-07 13:40:25,30.97,4
587,17022934,Hajime Tamura,2026-10-07 23:42:15,30.97,5
588,16992114,Aleix López,2026-10-07 00:00:05,30.97,7
589,17034622,djldjldjl,2026-10-06 09:09:50,30.97,2
590,17034211,yiwei li,2026-10-05 06:34:25,30.97,1
591,15515857,Wild Star217,2026-10-07 01:58:33,30.97,3
592,17013475,Chih-Kai Wang,2026-10-07 17:10:32,30.97,8
593,17031125,ScotLee08,2026-10-07 05:19:53,30.97,1
594,16805304,Mehmet YILDIRIM,2026-10-07 06:28:28,30.97,12
595,17032493,yuchang yu,2026-10-07 07:14:31,30.97,1
596,16795341,Growingduck,2026-10-07 13:29:32,30.97,3
597,17061345,Hitarth Jain,2026-10-08 12:51:40,30.97,1
598,16535014,Bao Loc Pham,2026-07-23 11:20:06,30.83,5
599,16091670,renxiaohan,2026-10-06 03:24:32,30.83,8
600,16838707,"Sho Okiyama M.D., Aillis CEO",2026-10-08 01:34:53,30.83,22
601,15488658,Lonnie,2026-10-07 19:49:00,30.69,94
602,16448733,OK,2026-07-06 01:26:03,30.69,5
603,16375119,verise6211,2026-08-01 05:13:24,30.69,13
604,16505771,Nick Sarris,2026-07-17 00:23:34,30.69,6
605,16590002,Jaywang,2026-08-09 04:16:48,30.69,3
606,16768258,DarkMatterNet,2026-08-25 03:56:42,30.69,2
607,16883494,Aanya Tiwari,2026-09-20 18:26:03,30.69,3
608,16803970,komcee,2026-09-19 00:44:57,30.69,13
609,16724808,Abu Kayyisah Basyid,2026-09-25 12:55:20,30.69,12
610,15487512,Md Boktiar Mahbub Murad,2026-10-08 00:01:09,30.69,23
611,15619340,Lyubomir Klyambarski,2026-10-07 12:08:43,30.69,14
612,16955762,MaxLikelihood,2026-09-29 06:37:41,30.69,3
613,17010592,Minh Son (明山),2026-10-01 01:46:59,30.69,1
614,15995346,AnthonyTherrien,2026-10-03 13:06:58,30.69,6
615,17034954,Junyi Zhong,2026-10-05 06:38:41,30.69,1
616,17028192,adam99,2026-10-08 00:12:32,30.69,6
617,15494960,Albert Wang,2026-10-07 11:31:58,30.69,10
618,15590185,Ramesh Arvind,2026-10-08 08:23:52,30.69,26
619,15573926,Akira Hirohashi,2026-06-21 11:44:24,30.56,3
620,15568396,neeraj b,2026-04-17 04:08:48,30.56,11
621,15581809,lakshmig82,2026-04-11 01:52:48,30.56,3
622,15553609,Andy Penrose,2026-04-09 20:07:10,30.56,2
623,15588576,Njabulo Bright,2026-06-29 01:00:12,30.56,11
624,15579969,Jack,2026-04-13 20:42:26,30.56,6
625,15498076,Berkay,2026-05-12 06:23:39,30.56,11
626,15610453,Aishik Rakshit,2026-09-24 00:03:58,30.56,11
627,15538083,Abdulmuiz Abdullateef,2026-08-27 10:53:58,30.56,21
628,15631842,JerrySun,2026-04-25 01:29:12,30.56,5
629,15631317,gmobaz,2026-06-17 18:16:38,30.56,5
630,15518358,Eslam Elokpy,2026-05-06 10:48:22,30.56,13
631,15628831,Pz,2026-05-14 13:58:23,30.56,7
632,15642439,xiaobenla,2026-06-30 02:36:00,30.56,10
633,15659616,IAI,2026-04-30 16:11:38,30.56,3
634,15533168,P3069,2026-04-29 20:40:56,30.56,3
635,15490517,khalwaniev,2026-05-08 02:51:20,30.56,8
636,15596748,雪辱のHira Norm,2026-10-07 08:34:25,30.56,40
637,15767001,Svanik Kolli,2026-05-10 23:35:46,30.56,7
638,15924632,Minh Ky,2026-05-25 17:19:18,30.56,4
639,15526621,Octavi Grau,2026-09-19 17:36:10,30.56,12
640,15949457,luckyappley,2026-07-17 02:28:28,30.56,2
641,16131917,[Deleted] 4f34c465-967a-4e30-a0b7-512f758dbaeb,2026-07-07 05:52:42,30.56,12
642,15887533,MakiMakiAi,2026-05-25 00:15:31,30.56,8
643,15731274,Genki,2026-08-02 00:05:38,30.56,31
644,16003614,i'm real milk loong,2026-05-24 04:36:21,30.56,3
645,15660051,arodmor,2026-07-15 17:48:40,30.56,18
646,15489092,Pascal Ledesma,2026-08-25 20:04:51,30.56,31
647,16103744,Elington Machoka,2026-05-30 11:58:21,30.56,1
648,16308469,team bytesyzed,2026-06-15 05:59:37,30.56,3
649,16334736,TensorTribe,2026-06-24 14:54:17,30.56,2
650,16152186,False Chaos,2026-07-12 05:08:21,30.56,7
651,16414046,wenyuan Guo,2026-10-04 11:58:12,30.56,8
652,15488845,codelion,2026-09-28 23:22:11,30.56,21
653,16487736,kutenk,2026-07-04 21:40:48,30.56,1
654,16488216,sml0820,2026-08-27 02:39:06,30.56,11
655,16487699,Bruno Jos/e Marques,2026-09-24 22:59:31,30.56,21
656,16497430,Matthew Huang,2026-09-10 01:24:22,30.56,7
657,16499850,Lovlace、,2026-07-10 01:42:57,30.56,4
658,16017634,Shoom,2026-07-22 12:07:51,30.56,7
659,15531999,Felipe KNBIS,2026-08-25 01:56:48,30.56,22
660,16553973,Harshit (B24CS1031),2026-07-20 12:44:29,30.56,4
661,16578106,三天,2026-07-21 01:14:44,30.56,1
662,16060798,Azmain Adeeb,2026-07-25 15:21:26,30.56,4
663,16575575,lalilixiang,2026-08-13 17:39:55,30.56,5
664,16444874,Samrish B,2026-10-08 00:50:35,30.56,13
665,16635800,htnhtn,2026-08-30 06:19:28,30.56,3
666,15486912,Dhavan Shah,2026-08-05 23:34:22,30.56,2
667,16474046,Athar Sayed,2026-09-17 07:09:09,30.56,10
668,16133062,Rajan Nagarajan,2026-09-05 10:29:02,30.56,13
669,16616574,Justin Kimlim,2026-09-03 09:04:25,30.56,18
670,16689375,alphago700,2026-08-08 15:30:58,30.56,1
671,16693252,Frakts,2026-10-08 23:57:56,30.56,20
672,16705646,JungHwan,2026-08-29 00:00:12,30.56,11
673,16713353,Blue Rain,2026-08-13 04:18:01,30.56,2
674,16644323,AjPrem,2026-09-14 02:52:24,30.56,3
675,16414619,Kaan Teker,2026-08-16 16:10:05,30.56,8
676,15845083,MA RAN,2026-08-24 17:43:55,30.56,6
677,16726283,rperez04,2026-08-22 17:59:27,30.56,3
678,16726468,Zhenyu Zhang,2026-10-07 16:34:41,30.56,2
679,16717722,Sai Teja Bandaru,2026-08-26 21:36:34,30.56,6
680,16604606,Madiyar Khamzanov,2026-08-22 15:58:57,30.56,13
681,16729694,YinuoChen271,2026-08-18 05:41:48,30.56,2
682,16690977,Hao Yu,2026-08-18 07:20:51,30.56,3
683,16728580,falloficaruss,2026-08-18 12:37:20,30.56,1
684,16555351,syouya tobita,2026-10-07 17:32:05,30.56,9
685,15491232,Smart Manoj,2026-08-20 14:26:44,30.56,3
686,15487094,Team_haumea,2026-09-26 09:43:38,30.56,28
687,16761369,Eduardo Molina,2026-09-13 00:58:56,30.56,6
688,15739469,Rohit Kumar Sahoo,2026-10-07 06:05:53,30.56,8
689,16754099,Sumatorikki,2026-10-08 07:08:51,30.56,13
690,16576453,Menelik Zafir,2026-10-08 00:00:18,30.56,18
691,16613932,SunSeeker染汐,2026-08-30 10:11:41,30.56,1
692,16769516,ABHIRAJ HIWALE,2026-08-31 02:51:07,30.56,6
693,16760491,SparseTech,2026-10-08 00:03:39,30.56,10
694,16797684,AmineHRC,2026-09-01 09:16:01,30.56,2
695,16791819,10pi,2026-09-02 00:16:09,30.56,4
696,16033443,yjc060228,2026-10-01 18:36:05,30.56,10
697,16802204,Shuhan Yang,2026-09-01 16:48:12,30.56,1
698,15749676,ShelterW,2026-09-24 16:30:09,30.56,4
699,16808700,Mingrui Li,2026-09-02 13:41:42,30.56,1
700,16762304,Vagi,2026-09-27 18:17:12,30.56,14
701,16786316,Josef Slavicek,2026-09-06 14:26:53,30.56,5
702,16632043,HyperARC,2026-09-30 08:12:36,30.56,23
703,16806470,Aura Farming,2026-09-08 00:34:32,30.56,2
704,16792393,Tian,2026-09-30 13:04:22,30.56,12
705,16775687,Yurikada,2026-10-04 13:14:10,30.56,5
706,16612718,Liyi xin jie,2026-09-06 09:24:59,30.56,5
707,16694249,Burhan Ul Tayyab,2026-09-15 06:23:41,30.56,5
708,16803051,DongwooPark,2026-09-07 08:52:11,30.56,1
709,15631261,K.THARUN KUMAR,2026-10-07 03:11:05,30.56,22
710,16483245,AdamJonesJohnson,2026-10-04 09:44:27,30.56,40
711,15649572,que la cuenten como quieran,2026-09-13 01:03:18,30.56,5
712,16861791,Jeffrey Pike,2026-09-09 17:12:17,30.56,1
713,16863130,Cyrus,2026-10-07 16:10:48,30.56,9
714,16320514,Abdalrahman mohamed,2026-09-23 13:57:33,30.56,15
715,16867363,Lanqira,2026-09-11 03:06:07,30.56,2
716,16779866,Nguyen Kha Ho,2026-09-21 06:58:20,30.56,9
717,16885601,Manjunadh Padarthi,2026-09-13 09:54:54,30.56,1
718,16857238,yim,2026-09-26 11:22:14,30.56,2
719,15509435,GUOHAOYANG,2026-09-19 18:19:35,30.56,5
720,16832250,Poorna Sai Dumpa,2026-09-21 21:25:05,30.56,8
721,15631406,Neel Djofang,2026-09-29 12:30:33,30.56,5
722,16894202,Devesh Poojary,2026-09-17 04:24:47,30.56,1
723,15626623,WCao24,2026-09-18 02:31:59,30.56,10
724,16848299,CloseAI,2026-09-23 17:51:46,30.56,6
725,16451330,vdthcmus123,2026-09-18 18:19:58,30.56,2
726,16926393,Aakash Vishnuvarth,2026-09-19 18:22:23,30.56,1
727,16893126,Amit Gunjan,2026-10-07 10:54:01,30.56,13
728,15504655,arcness,2026-09-22 05:43:20,30.56,31
729,16908041,直言bu,2026-09-30 22:47:54,30.56,10
730,16368364,Cristiano Capone,2026-10-07 00:07:54,30.56,16
731,16734279,Takumu Hata,2026-10-07 22:46:19,30.56,19
732,16904813,Jephthah Oser Owusu Sampah,2026-10-01 11:29:16,30.56,8
733,16941936,RUSHMANTH NALLURI,2026-09-23 09:27:55,30.56,1
734,16915369,Aindriú,2026-09-25 13:20:38,30.56,5
735,16824977,Hưng Trần,2026-09-26 12:10:47,30.56,2
736,15504591,Hibachi Fried Rice,2026-09-26 19:39:18,30.56,12
737,16885632,harshakalluri14,2026-10-07 00:05:56,30.56,19
738,15494609,BJBA99,2026-09-27 18:53:25,30.56,1
739,16969336,praneethb7,2026-09-27 22:25:19,30.56,1
740,16935786,KrittanutSomtuas,2026-09-28 00:01:06,30.56,10
741,16951243,hl Cao,2026-09-29 16:01:03,30.56,1
742,16980413,KKarthick,2026-10-04 13:15:05,30.56,4
743,16991695,Jiahui Qu,2026-09-30 14:47:53,30.56,1
744,16563259,kentaro_kato,2026-10-05 22:34:19,30.56,4
745,15572066,C R Suthikshn Kumar,2026-10-02 09:01:23,30.56,2
746,17012793,ConsonanceEnt,2026-10-02 12:47:11,30.56,2
747,16979426,hanmin wang,2026-10-05 01:04:22,30.56,5
748,17019681,Yike Xu,2026-10-08 00:09:41,30.56,4
749,17013653,Anthony Abidakun,2026-10-07 12:02:21,30.56,4
750,16878502,unreal,2026-10-08 01:22:31,30.56,4
751,17022686,Igorkart,2026-10-07 12:21:59,30.56,3
752,17020892,yngd99,2026-10-03 09:57:11,30.56,1
753,16793163,woldy,2026-10-03 13:10:58,30.56,13
754,16985343,Arhan canli,2026-10-03 14:30:47,30.56,1
755,17014548,Noir,2026-10-08 01:02:27,30.56,4
756,16810862,ANJAN B,2026-10-04 00:01:26,30.56,2
757,16718468,yesterdays_rebel,2026-10-03 16:57:02,30.56,4
758,17026193,Orosz Géza,2026-10-05 23:32:19,30.56,2
759,16162777,Igor V,2026-10-03 18:06:10,30.56,3
760,16943996,Mehrdad Naderi,2026-10-03 20:19:32,30.56,1
761,17029640,LINXII012,2026-10-04 07:26:03,30.56,1
762,17030073,laoshansong,2026-10-05 13:04:07,30.56,2
763,17030602,iydon liang,2026-10-07 01:16:00,30.56,4
764,17022706,Igor Kartashov,2026-10-04 16:09:56,30.56,2
765,17029226,kinda_HomeleSS,2026-10-05 06:08:00,30.56,1
766,17031007,XingwangLiang,2026-10-06 05:15:24,30.56,2
767,17039622,Tyrat,2026-10-08 01:01:20,30.56,4
768,15995395,Karan Bhatti,2026-10-08 22:32:52,30.56,4
769,17035464,Zhang Feifan,2026-10-07 07:05:25,30.56,3
770,17035657,lwq255,2026-10-08 01:56:47,30.56,4
771,17029646,nianyu,2026-10-06 16:41:13,30.56,2
772,17037770,Yanamii,2026-10-07 08:20:57,30.56,2
773,17031202,Lear6666,2026-10-08 00:31:31,30.56,4
774,17046817,Ufan Lee,2026-10-07 00:48:02,30.56,1
775,17045162,zzx Hee,2026-10-08 05:23:29,30.56,3
776,17012502,ship ship,2026-10-08 00:00:32,30.56,7
777,16935368,Aditya Goyal,2026-10-07 15:06:13,30.56,8
778,17048151,Liku Shioya,2026-10-07 22:19:08,30.56,2
779,15508322,The Silverhead Engineer,2026-05-05 23:18:07,30.42,3
780,16781555,testtime learning,2026-09-10 03:20:38,30.42,9
781,16861695,Rick,2026-10-07 20:01:03,30.42,19
782,15537940,lenno,2026-09-26 08:16:53,30.42,17
783,15523768,Jared Chang,2026-05-01 11:57:45,30.28,16
784,15790757,Jack Su,2026-05-11 07:11:22,30.28,7
785,15626722,Manav Trivedi,2026-06-13 05:07:46,30.28,11
786,15488565,Ikki Katsuyama,2026-07-26 05:52:21,30.28,4
787,15487328,AyushmanKumar819,2026-08-15 11:01:36,30.28,1
788,16736983,Lindicaphxag,2026-08-26 13:42:38,30.28,5
789,15487956,Overthinker,2026-08-20 07:45:13,30.28,6
790,16775098,Emile Andrieu,2026-08-30 09:11:09,30.28,1
791,16881753,novasync88,2026-09-13 03:05:15,30.28,2
792,16740702,Andrew Leonard,2026-10-07 19:32:41,30.28,32
793,16976460,mins0_0,2026-10-08 00:13:04,30.28,9
794,15662198,test team please ignore,2026-10-03 00:33:15,30.28,4
795,17031320,jnwkkk,2026-10-05 12:46:57,30.28,2
796,16020752,ADARSH REDDY B,2026-10-07 21:47:02,30.28,10
797,17030038,Jones was sleepy,2026-10-07 08:10:44,30.28,4
798,17053464,zhuzhenghao-max,2026-10-07 16:41:18,30.28,1
799,15487145,Ishraq Tanvir,2026-09-25 14:52:10,30.14,6
800,15577902,Alek Lacoustete,2026-04-09 14:51:50,30.14,2
801,15487265,bianfu,2026-10-05 02:32:29,30.14,3
802,15504531,kishizaki-sci,2026-04-19 09:52:09,30.14,17
803,15624080,Sudenaz Çağlar,2026-09-29 07:54:21,30.14,6
804,15510929,Ravi Ramakrishnan,2026-09-23 19:08:23,30.14,5
805,15650757,Joseph Rynkiewicz,2026-04-19 09:29:33,30.14,1
806,15496055,aigood,2026-04-26 10:27:46,30.14,12
807,15491144,Aneesh,2026-04-22 15:49:17,30.14,7
808,15729121,Karnakbayev Artur,2026-04-28 06:35:53,30.14,5
809,15538651,Henry Javier,2026-08-17 05:49:30,30.14,5
810,15625831,ccjjllt,2026-05-06 07:44:23,30.14,7
811,15796569,MINAGI,2026-10-07 00:41:58,30.14,18
812,15498948,kusui26,2026-10-07 23:41:30,30.14,6
813,15605185,Son Pham,2026-09-02 02:32:35,30.14,8
814,15878781,Lyra22,2026-05-08 12:27:55,30.14,3
815,15894490,Yihao,2026-05-26 07:42:13,30.14,17
816,15839831,Benedicte HELFER,2026-09-25 20:40:18,30.14,14
817,15940427,GMMMMM,2026-10-09 03:17:36,30.14,5
818,15499091,Shivam Shinde,2026-08-03 14:01:08,30.14,6
819,15653869,Xavier,2026-05-23 14:35:25,30.14,2
820,15825504,xsong2020,2026-09-17 17:13:02,30.14,4
821,15515369,yukanglimofficial,2026-10-03 12:10:26,30.14,21
822,15939033,Roy_Wang925,2026-05-27 15:10:09,30.14,10
823,16018080,Adrian Dubois,2026-09-01 17:54:29,30.14,19
824,16140097,杉澤良助,2026-06-01 07:17:43,30.14,1
825,16219412,ultimatum_game,2026-06-07 04:52:45,30.14,2
826,15648128,Gleb Anferov,2026-06-09 21:53:50,30.14,3
827,16337445,yuji y,2026-08-29 02:57:27,30.14,4
828,16277904,MenghaoZhao,2026-06-18 23:55:10,30.14,6
829,16380433,regineong1,2026-06-17 10:22:17,30.14,1
830,15509541,gromml,2026-07-29 14:58:08,30.14,5
831,15488195,sanyul,2026-06-23 02:55:01,30.14,4
832,16403041,holyholy,2026-06-24 00:17:18,30.14,2
833,16158926,Seawolf,2026-06-24 10:18:41,30.14,1
834,15519947,Sangram Patil,2026-07-05 10:14:39,30.14,13
835,16426530,Xixi6196,2026-06-26 16:15:15,30.14,1
836,16406570,Hoang Duc Bao,2026-07-13 18:12:04,30.14,10
837,16400044,Heminator,2026-10-04 00:03:17,30.14,23
838,16060543,PhanQuocKy,2026-06-28 09:05:23,30.14,2
839,15490888,Kashyapsinh gohil,2026-07-24 17:29:22,30.14,4
840,16455670,guohaowen,2026-06-30 03:57:27,30.14,1
841,16487740,kalonme,2026-07-04 21:41:23,30.14,1
842,16487743,meqikat,2026-07-04 21:43:10,30.14,1
843,15660679,Udit Jain,2026-08-17 14:41:55,30.14,3
844,16402152,cAco3,2026-07-20 15:47:56,30.14,3
845,16479989,Imran Ahamed,2026-08-08 17:38:36,30.14,4
846,16550630,epic_machine,2026-07-15 13:03:57,30.14,1
847,16338613,Jiaqi Hu,2026-08-11 07:47:43,30.14,7
848,16572703,Abhiraj Singh,2026-07-22 04:39:04,30.14,2
849,16580835,Yuki.O,2026-07-24 12:04:59,30.14,2
850,16537630,CoMessi,2026-07-27 02:52:43,30.14,7
851,16584588,lika,2026-07-25 00:01:05,30.14,4
852,15931238,Beisenbek Nurassyl [dsmlkz],2026-07-25 00:15:49,30.14,5
853,16592719,ZHYLAR,2026-08-11 12:35:15,30.14,5
854,16457057,htatsumi,2026-07-29 13:56:17,30.14,6
855,16371121,sam,2026-09-15 06:05:17,30.14,4
856,15624579,Ant,2026-08-02 21:09:00,30.14,3
857,16579535,hexisteme,2026-08-09 11:56:29,30.14,9
858,16663428,HΣM ΔKΔRΔPU,2026-08-06 00:15:00,30.14,2
859,16565700,Factual Explorer,2026-08-08 18:18:30,30.14,7
860,16431237,kgr,2026-08-07 07:01:11,30.14,1
861,16627772,Dominic,2026-08-09 03:34:50,30.14,2
862,16692460,Saif Ali77,2026-08-25 13:32:28,30.14,7
863,16094464,Ashad Alam,2026-09-30 04:27:51,30.14,12
864,16686535,[Deleted] f3fe9682-da72-4d60-aca2-a21177d18192,2026-08-12 15:28:26,30.14,5
865,16703596,Singaraj B,2026-08-23 18:40:02,30.14,6
866,16708351,Phạm Vương,2026-08-11 16:16:17,30.14,1
867,16703983,@Arnauya,2026-08-23 07:30:02,30.14,14
868,16600580,DDo Tuan,2026-10-05 08:39:26,30.14,24
869,16510423,Thien Nguyen,2026-09-03 14:35:55,30.14,3
870,16724116,Dragoș Cătălin,2026-08-17 01:49:23,30.14,3
871,16516581,Blacklions.,2026-10-03 17:54:51,30.14,4
872,16706585,Thierry Tuz,2026-08-23 00:34:13,30.14,6
873,16368539,Seungjun Lee,2026-08-23 09:25:18,30.14,1
874,16663173,Sourab Ghosh,2026-08-26 08:13:31,30.14,8
875,16775651,Vincent Davis Leonard,2026-09-08 04:58:45,30.14,3
876,16304268,Bian Sun,2026-08-27 17:45:23,30.14,4
877,16794690,Namusura,2026-09-01 08:50:02,30.14,2
878,16716647,Ali Faraz,2026-09-01 13:01:34,30.14,9
879,16802154,Refrain 1,2026-09-01 10:15:35,30.14,1
880,16724472,alijs,2026-10-07 19:38:31,30.14,32
881,16796895,Azalearn,2026-09-03 05:43:10,30.14,3
882,15640767,Collin Christensen,2026-09-05 07:36:14,30.14,4
883,16804828,KaiN,2026-09-03 11:48:44,30.14,3
884,16800083,Liu Classmate,2026-09-03 15:09:28,30.14,3
885,16824749,qyang Shu,2026-09-04 03:57:29,30.14,1
886,16838456,Sōsuke Aizen,2026-10-07 07:35:46,30.14,11
887,16371065,小陈同学,2026-09-05 02:57:09,30.14,1
888,16739880,James Y,2026-09-14 05:44:42,30.14,7
889,16796983,LCheret,2026-09-27 03:47:41,30.14,8
890,16778201,keita,2026-10-05 18:22:43,30.14,25
891,16841446,Nevska,2026-09-10 10:45:15,30.14,5
892,16369234,Đàm Văn Tài,2026-09-22 03:31:28,30.14,10
893,15590932,k.mas,2026-10-02 14:15:37,30.14,3
894,16858882,Haraguchi-T,2026-10-07 12:40:34,30.14,29
895,16867322,Zorvella,2026-09-11 03:15:03,30.14,2
896,16869281,Oleg Kurilov,2026-09-19 20:59:28,30.14,2
897,16879390,Taeyang,2026-09-13 21:58:24,30.14,2
898,15490581,Nf4d1l,2026-09-25 06:36:38,30.14,4
899,16881636,refluxor,2026-09-13 11:10:51,30.14,2
900,16881754,Novardion,2026-09-13 11:26:04,30.14,2
901,16883162,DancingLumberjack,2026-09-14 12:58:51,30.14,2
902,15518434,Kevin E R MILLE,2026-10-08 00:01:05,30.14,11
903,16896019,omnifluxor,2026-09-15 09:38:29,30.14,1
904,16896102,Yoelvis Moreno Alcayde,2026-09-16 00:05:01,30.14,2
905,16870152,SHENGHUI SONG,2026-09-24 12:25:34,30.14,6
906,16883591,Sajad Goudarzi,2026-10-07 03:44:13,30.14,10
907,16931254,ZhandoujiDong,2026-09-22 04:10:40,30.14,3
908,16894408,Abu Bakar,2026-10-05 19:52:20,30.14,11
909,15589453,Guohao Li,2026-09-24 09:07:20,30.14,5
910,15870247,Apurva s,2026-09-29 14:40:36,30.14,6
911,16863282,alexey pavlov,2026-09-28 23:13:58,30.14,6
912,15499026,Prashant Kikani,2026-09-29 09:10:38,30.14,2
913,16981318,Sofrony,2026-10-06 00:02:07,30.14,8
914,16985761,Javier Martínez Llinares,2026-09-29 14:54:40,30.14,1
915,16992802,Uttam Limbani,2026-10-03 20:33:29,30.14,4
916,17012110,t fuku,2026-10-01 06:53:48,30.14,1
917,17012092,Mahmoud Nasser,2026-10-02 13:09:51,30.14,2
918,15703760,Kawchar Husain,2026-10-05 05:05:04,30.14,11
919,17015053,Evgeniy Shalagin,2026-10-04 19:35:32,30.14,2
920,16986768,Arush Kumar Vishwakarma,2026-10-06 00:00:27,30.14,8
921,16372201,Xuan Zhang,2026-10-02 05:11:25,30.14,2
922,17019951,RUBlevka,2026-10-06 05:10:08,30.14,3
923,17016372,RFeng12,2026-10-03 20:43:49,30.14,1
924,16842803,Pjchauhan,2026-10-07 01:41:25,30.14,4
925,17015816,EUGENEYEUNG,2026-10-04 09:16:55,30.14,3
926,17030553,Hoshino22,2026-10-05 06:55:07,30.14,2
927,17030499,twotwo two,2026-10-05 05:16:39,30.14,2
928,17030730,llllllyb,2026-10-05 08:15:02,30.14,2
929,17030062,dAba1ca1yU,2026-10-06 05:11:02,30.14,2
930,17031738,Anthonyxlyu,2026-10-04 22:32:46,30.14,1
931,17017086,Andrew Reed,2026-10-06 12:25:05,30.14,3
932,17030396,samanyu1808,2026-10-05 13:09:40,30.14,1
933,15497521,Aqib Raza,2026-10-06 13:15:30,30.14,8
934,16837570,dan414,2026-10-05 20:47:17,30.14,3
935,15603850,The Conjugates,2026-10-07 05:50:16,30.14,4
936,16242263,DataRegressor,2026-10-06 13:31:25,30.14,3
937,17027469,darasty,2026-10-07 12:06:20,30.14,2
938,17035891,轨迹,2026-10-07 17:29:53,30.14,2
939,16994199,Braxton Mensah,2026-10-08 00:01:25,30.14,5
940,17037947,ChengFoon0602,2026-10-08 01:58:10,30.14,4
941,16557210,Arn2011,2026-10-07 05:51:25,30.14,2
942,17034306,fdgsaz,2026-10-07 06:02:55,30.14,1
943,17034232,海客谈瀛洲,2026-10-07 07:33:33,30.14,2
944,17036279,bill123987,2026-10-07 08:26:42,30.14,1
945,16881454,xingyun_byto,2026-10-07 09:29:57,30.14,8
946,17034781,daiki,2026-10-07 10:46:56,30.14,1
947,17032791,Weitao Guo,2026-10-07 11:23:14,30.14,1
948,17051451,qwfrog,2026-10-07 12:43:39,30.14,1
949,17034807,xk 3gww,2026-10-07 12:46:54,30.14,2
950,17040565,Zhengwen liu,2026-10-07 12:47:39,30.14,1
951,17029490,spark328,2026-10-07 15:16:38,30.14,1
952,17033917,haiy_qq,2026-10-08 00:04:39,30.14,3
953,17046624,Turanus,2026-10-08 00:48:39,30.14,3
954,15489630,aha_Yann Zhenxuan,2026-08-31 02:23:05,30.00,19
955,15610824,Anidipta Pal,2026-04-18 14:41:47,29.86,5
956,15487039,PRASHANT SHUKLA91,2026-07-03 22:36:53,29.86,5
957,15607618,Daniel Franzen,2026-04-22 15:00:10,29.86,4
958,15563141,Manoj Kumar Reddyuytd,2026-05-13 03:11:02,29.86,9
959,15487221,Richard Emslie,2026-06-22 11:32:12,29.86,16
960,16409315,AI-Cat,2026-10-08 22:13:15,29.86,14
961,15491830,hongqian miao,2026-07-25 15:56:03,29.86,4
962,16552832,znwe342,2026-07-26 09:11:01,29.86,3
963,15492223,Charismatic Pizza Party🍕,2026-08-28 03:33:55,29.86,18
964,15504343,Tariku Mehdi,2026-08-16 09:50:49,29.86,17
965,16709361,Exposed,2026-08-22 00:04:39,29.86,2
966,16750198,Hikaru Kitagawa,2026-09-02 00:07:47,29.86,4
967,15486996,Will,2026-10-05 07:10:11,29.86,5
968,16867727,Viraj Sanghavi007,2026-09-12 06:44:53,29.86,3
969,16881085,NITISH5236GOEL,2026-10-05 13:54:16,29.86,13
970,16862297,BEN 10,2026-09-23 13:41:54,29.86,4
971,16738540,Yarra Vivek,2026-10-07 17:34:15,29.86,11
972,16862964,LavanBth99,2026-09-28 10:23:27,29.86,6
973,15505507,Cem Birler,2026-09-26 23:04:06,29.86,1
974,15491052,Saket Poswal,2026-10-02 18:52:16,29.86,1
975,16738459,Shoko,2026-10-08 00:02:04,29.86,6
976,16509006,y129besan,2026-10-06 00:28:41,29.86,1
977,16532134,Yanming (Owen) Dong,2026-10-06 23:27:40,29.86,1
978,17044213,XieChengCheng,2026-10-07 01:59:24,29.86,1
979,17042409,SiYi04_HaiNNU,2026-10-07 03:43:22,29.86,1
980,17012690,thành vũ65d@,2026-10-07 12:15:07,29.86,2
981,16794268,katlun,2026-10-08 00:33:44,29.86,6
982,15516380,Scenery SunFireInk,2026-04-16 01:12:27,29.72,12
983,15494296,NWP,2026-09-20 16:04:41,29.72,5
984,15553354,everythingisnew,2026-04-09 20:22:07,29.72,5
985,15489813,ありま こうせい,2026-10-06 15:12:10,29.72,14
986,15487001,Kamal Das,2026-10-07 17:04:42,29.72,5
987,15602689,Rubik’s Reasoners,2026-04-12 13:39:16,29.72,1
988,15527394,Chirag,2026-04-25 11:21:46,29.72,11
989,15527661,JinchengZhang1,2026-09-04 01:37:15,29.72,7
990,15494290,Marco Ledda,2026-04-16 14:45:46,29.72,6
991,15568216,amosokello451,2026-10-04 19:14:28,29.72,6
992,15632364,youssef abukhalifa,2026-04-17 11:40:13,29.72,2
993,15488770,Jing Hua,2026-08-30 05:51:56,29.72,9
994,15523648,Peter Findley,2026-06-08 16:07:42,29.72,13
995,15668598,Longkun Shi (Candyman),2026-05-10 13:35:33,29.72,11
996,15575649,TARUN8808,2026-04-28 10:45:51,29.72,7
997,15636695,ColmOBrien1234,2026-07-12 17:38:25,29.72,4
998,15531136,HongyuChen123321,2026-10-06 12:31:21,29.72,13
999,15581473,float_dream,2026-05-15 11:56:07,29.72,8
1000,15567104,Yash Rathod,2026-08-12 16:26:49,29.72,5
1001,15736060,ssyogurp,2026-06-13 08:25:56,29.72,5
1002,15849859,blue0620,2026-10-06 18:01:25,29.72,8
1003,16083441,NotWhatYouThink,2026-06-02 09:51:32,29.72,1
1004,15558530,Fernando F.,2026-10-08 01:29:04,29.72,12
1005,15901370,yellowleaf,2026-07-26 11:23:07,29.72,11
1006,16373968,william.wu,2026-08-15 04:13:10,29.72,2
1007,15980948,Miao,2026-06-19 01:33:35,29.72,7
1008,16370266,Pixelstime Yao,2026-09-22 01:40:39,29.72,10
1009,16369165,Jamie Nojek,2026-09-11 00:58:58,29.72,20
1010,16277708,Abd-alrhman,2026-08-03 18:54:26,29.72,10
1011,16427339,Ahaan Verma lol,2026-09-05 13:00:00,29.72,12
1012,16298663,暗黑AGI,2026-10-08 00:00:38,29.72,38
1013,16438906,gosu.Kouts,2026-06-30 13:00:26,29.72,3
1014,15488006,blurrylogic,2026-07-07 00:00:21,29.72,5
1015,16450168,win a real prize,2026-07-10 16:16:26,29.72,4
1016,16468543,Jadoh Owaga,2026-07-13 07:07:04,29.72,10
1017,16446632,Weicheng Xue,2026-08-15 00:49:16,29.72,27
1018,16553109,Adisak Sukul,2026-07-18 00:42:43,29.72,3
1019,16565638,Dante Lok,2026-09-26 18:38:00,29.72,5
1020,16569181,jinzixuan,2026-07-21 15:54:43,29.72,3
1021,15653891,ggggg3,2026-07-26 09:24:44,29.72,2
1022,15514284,anyasri,2026-08-06 06:37:28,29.72,6
1023,15735431,GeniusYY,2026-08-28 00:07:39,29.72,30
1024,16678338,Manu Nicholas Jacob,2026-08-09 16:31:41,29.72,3
1025,16606832,Xia Yucheng2004,2026-08-08 07:43:18,29.72,2
1026,16692761,Shicheng Rao,2026-08-10 03:46:14,29.72,3
1027,16702515,Mann Dhruv,2026-08-10 22:18:04,29.72,1
1028,16701929,Jason Jin,2026-09-04 20:39:35,29.72,4
1029,15488821,Quadruped,2026-08-12 23:58:49,29.72,23
1030,15756149,Daniel Hidru,2026-09-07 02:56:41,29.72,21
1031,16420953,Starry,2026-08-18 18:10:32,29.72,1
1032,15571099,Zelin Huang,2026-08-21 06:02:11,29.72,3
1033,16601620,Alejandro Gómez,2026-08-21 08:21:40,29.72,6
1034,16507143,Shivangoudaa,2026-08-24 04:51:25,29.72,5
1035,16767586,Paulo Martins,2026-08-24 21:09:42,29.72,1
1036,15496549,Shivam Singh,2026-08-28 17:44:55,29.72,9
1037,16789495,Yuliang Chen,2026-08-29 09:10:11,29.72,1
1038,16790589,wzyxp_123,2026-09-07 21:34:16,29.72,4
1039,16805985,Nithin Kumar R C ,2026-09-15 12:51:44,29.72,4
1040,16434545,Omar Zbida,2026-09-03 00:38:07,29.72,2
1041,16736532,Som Tripathi,2026-09-11 00:54:41,29.72,6
1042,16567232,tokitamago,2026-09-19 06:40:04,29.72,4
1043,16653166,ancientLuck,2026-10-04 17:27:23,29.72,7
1044,16859592,Aleksandr Ulianin,2026-09-09 10:12:58,29.72,1
1045,16857127,kinneso,2026-09-10 22:49:26,29.72,2
1046,16817585,lowking,2026-09-30 14:28:13,29.72,2
1047,16878785,Salty Taro,2026-09-19 09:11:46,29.72,2
1048,16859875,Saifuddin,2026-09-12 08:36:10,29.72,1
1049,16881530,Juniperss,2026-09-13 04:28:50,29.72,2
1050,16881839,gradfield21,2026-09-13 10:05:50,29.72,2
1051,16761978,Nursultan Sultanov,2026-09-15 11:37:46,29.72,1
1052,16905609,ChrisVas123,2026-09-16 09:46:55,29.72,1
1053,16710023,Rafaël Labbé,2026-10-06 23:59:33,29.72,11
1054,16922647,Gautier Marti,2026-09-20 01:09:50,29.72,2
1055,15671811,John Taylor (AI),2026-10-07 12:15:02,29.72,7
1056,16947050,Rashid Khazeiynasab,2026-09-24 01:28:05,29.72,2
1057,16932604,Christ Hervé O.,2026-09-24 02:52:16,29.72,3
1058,16961254,JustRadr,2026-09-25 13:05:18,29.72,1
1059,16766842,Corgi-Samoyed,2026-09-26 09:08:02,29.72,5
1060,16791936,SmokingVyper,2026-10-05 17:00:10,29.72,33
1061,16979207,m2learning,2026-10-01 11:51:04,29.72,2
1062,16937506,gogogozi migimimi,2026-10-04 09:31:58,29.72,5
1063,16983062,MedvAx,2026-10-06 05:09:01,29.72,3
1064,16992147,4eta,2026-10-08 01:44:50,29.72,8
1065,16991313,Shreekumar Shah,2026-10-05 18:14:54,29.72,6
1066,16992312,Carlosjv91,2026-09-30 20:26:24,29.72,1
1067,16985994,Alyahya Akkam,2026-10-04 04:44:02,29.72,2
1068,17015238,Roy Lo TW,2026-10-02 15:01:33,29.72,2
1069,15829614,Narisetti Chaitanya naidu,2026-10-02 15:12:12,29.72,3
1070,17017388,508shuto,2026-10-03 04:53:30,29.72,2
1071,16599891,King-damon,2026-10-08 00:06:54,29.72,32
1072,16945216,めめっち,2026-10-08 01:05:20,29.72,6
1073,16922670,John Moncel,2026-10-05 05:44:02,29.72,5
1074,16797946,thisArmin,2026-10-03 17:15:39,29.72,2
1075,16969015,Leander Antony,2026-10-03 19:33:56,29.72,2
1076,17014540,Anh-Vu Mai-Nguyen,2026-10-07 10:47:43,29.72,7
1077,15625081,DanWil,2026-10-04 06:12:01,29.72,1
1078,17021025,mrkmakr,2026-10-06 01:28:07,29.72,3
1079,16988662,luoluyao,2026-10-07 00:37:18,29.72,4
1080,15503669,jorge fabian avila,2026-10-05 14:47:11,29.72,6
1081,17013555,loki005,2026-10-05 00:03:09,29.72,3
1082,17028562,tact,2026-10-06 00:58:30,29.72,3
1083,17029407,onlynor,2026-10-07 02:43:48,29.72,3
1084,16807970,Saravanan Jaichandaran,2026-10-07 05:10:37,29.72,2
1085,17034134,xdq123,2026-10-08 01:49:45,29.72,4
1086,17035982,young1028,2026-10-09 02:25:12,29.72,5
1087,16988555,Le Trong Hieu,2026-10-07 22:19:18,29.72,4
1088,17041484,Yunfei Yang223,2026-10-07 00:26:38,29.72,3
1089,16854870,Pramit Das,2026-10-06 10:12:00,29.72,4
1090,17039525,iwashhh,2026-10-06 21:46:51,29.72,1
1091,15493248,Abdul wahab Khan,2026-10-06 23:22:38,29.72,4
1092,17032303,jiajun chi,2026-10-07 00:00:59,29.72,2
1093,17014286,Yukai Liu,2026-10-08 01:25:41,29.72,4
1094,17041488,Zihao Li,2026-10-07 09:43:16,29.72,2
1095,17044559,sakura,2026-10-07 13:02:57,29.72,2
1096,17051653,shengyuxuan,2026-10-07 14:18:37,29.72,1
1097,17034820,ohhobo,2026-10-07 14:53:56,29.72,2
1098,17048116,maxingkong733,2026-10-07 21:18:05,29.72,2
1099,16803967,vidhun,2026-10-08 00:01:04,29.72,5
1100,16540266,Daewoo Myoung,2026-10-08 01:42:10,29.72,1
1101,15635756,Jason Feng,2026-09-29 04:45:14,29.58,24
1102,15492923,zera,2026-09-30 22:14:44,29.44,13
1103,15736765,junicus,2026-05-05 12:22:43,29.44,1
1104,15493705,TABOUT MHAMED,2026-06-13 08:58:47,29.44,8
1105,15564373,Ngoc Nguyen Tuan,2026-08-09 18:53:36,29.44,6
1106,16461844,Christian (Coherix),2026-07-09 01:43:33,29.44,1
1107,15627202,Syed Saad Hasan Emad,2026-07-28 06:43:05,29.44,2
1108,16603056,Jason Matthew Suhari,2026-07-31 00:05:11,29.44,5
1109,16703336,frogsilverberryleoi,2026-08-25 17:58:51,29.44,4
1110,16053636,Syed Toubur,2026-09-02 09:13:51,29.44,11
1111,15487634,Ritwika Kancharla,2026-09-19 12:42:51,29.44,1
1112,16927726,oh-Artistburger-AHA-TastyMeat!,2026-09-21 06:33:31,29.44,2
1113,16937185,pavan rajr,2026-09-29 15:14:28,29.44,4
1114,16576428,Márcio Santos,2026-10-02 15:58:41,29.44,7
1115,16936193,Omri Sapir,2026-10-07 14:32:56,29.44,8
1116,16426316,Valentin Enchev,2026-10-07 08:21:56,29.44,8
1117,16846371,lizs,2026-10-07 05:46:22,29.44,3
1118,16797706,ARCward Intelligence,2026-10-07 22:02:03,29.44,9
1119,16954512,Almaz,2026-10-03 15:00:23,29.44,2
1120,17034030,Ruiyi Wu ray,2026-10-05 17:11:08,29.44,1
1121,15507195,Chenyu Wang,2026-04-10 12:06:59,29.31,6
1122,15493731,Notting Duck,2026-08-30 10:30:15,29.31,9
1123,15487225,OverfitOracle,2026-08-29 16:56:30,29.31,15
1124,15670940,V-ARC,2026-06-27 12:17:35,29.31,9
1125,15670703,Rohanrk1813,2026-05-06 08:41:09,29.31,5
1126,15708284,HaogeBob,2026-04-27 07:29:34,29.31,2
1127,15631331,wwwwwwrjoin,2026-05-02 16:02:18,29.31,7
1128,15748370,Yash Marathe,2026-04-28 03:57:26,29.31,1
1129,15855362,Yen Wee Lim,2026-05-20 13:00:22,29.31,7
1130,15837624,RyanX-Atlas-AI,2026-06-01 00:44:48,29.31,7
1131,15496750,Goran Jarić,2026-06-16 05:23:38,29.31,6
1132,15500910,BeaKaggle,2026-06-18 14:55:17,29.31,3
1133,16153814,KurinjiDaGoat,2026-06-18 11:58:18,29.31,1
1134,16392437,Pranesh Jayasundar,2026-06-29 08:06:32,29.31,7
1135,15510104,Beyond Logic,2026-08-08 19:01:50,29.31,6
1136,16377140,stoneworld,2026-07-01 04:36:19,29.31,3
1137,16485415,たかゆき,2026-07-06 04:09:01,29.31,3
1138,15570395,Liang Wan Yiu David ,2026-07-28 13:48:51,29.31,2
1139,16615654,FelixWang1m,2026-07-30 01:40:32,29.31,2
1140,15490679,Mansour A. S. Ataa,2026-09-29 00:11:53,29.31,19
1141,16551248,Holeneckles,2026-08-01 20:09:35,29.31,1
1142,16595120,Alaric,2026-08-02 17:18:24,29.31,1
1143,16679331,Lamine Yamal,2026-08-06 22:26:55,29.31,1
1144,16670918,Ikeda0516,2026-09-25 02:30:25,29.31,2
1145,15566604,srinivas_incognito,2026-08-21 03:34:30,29.31,3
1146,15568617,waticson,2026-10-05 14:49:26,29.31,11
1147,16709639,shakinghand,2026-08-20 00:01:01,29.31,9
1148,16750927,cyberia,2026-08-21 05:59:41,29.31,1
1149,16727247,Brandon Calderon-Morales,2026-09-10 21:42:24,29.31,3
1150,15976089,Wallfou,2026-09-08 04:31:42,29.31,8
1151,16738958,El Mehdi EL JAIR,2026-09-23 05:44:50,29.31,7
1152,16617348,AbeLincoln1865,2026-09-07 18:38:40,29.31,15
1153,16431727,CreatZy,2026-08-30 06:00:10,29.31,1
1154,16798452,Raphael Khalid,2026-09-03 09:24:08,29.31,3
1155,16807622,luochen211,2026-09-02 07:49:11,29.31,1
1156,16771134,wjrmffldrhrl,2026-09-04 01:08:36,29.31,6
1157,16795663,cold_star,2026-09-05 11:29:56,29.31,2
1158,16809440,TheMightiestMan,2026-09-09 03:25:16,29.31,6
1159,16347493,ola sadek,2026-09-05 10:37:25,29.31,4
1160,16839977,fyp,2026-09-06 00:01:27,29.31,2
1161,16848746,xiang156 xu,2026-09-08 02:53:35,29.31,2
1162,16841484,AlejandroAlvarez,2026-09-14 21:47:26,29.31,3
1163,16867308,samir8848,2026-09-12 09:14:57,29.31,3
1164,15486832,automatylicza,2026-09-12 21:20:52,29.31,6
1165,16427605,Dominic Lightbody,2026-09-14 09:58:47,29.31,2
1166,16845944,WENBO ZHANG,2026-09-22 00:10:04,29.31,15
1167,16881304,yeqinxin,2026-09-18 09:28:45,29.31,3
1168,16922403,Francisco,2026-09-20 10:43:25,29.31,1
1169,15494282,twotodevnull,2026-10-06 04:40:24,29.31,2
1170,16042174,Prajak sen,2026-09-24 06:17:51,29.31,7
1171,15564173,Fadhaa Ali,2026-09-23 11:42:03,29.31,2
1172,16942908,xd,2026-09-22 17:27:18,29.31,1
1173,16892667,Marie-Lou Barnaud,2026-09-22 20:35:13,29.31,1
1174,15487847,sigmaborov,2026-09-26 19:24:30,29.31,5
1175,16938809,Matterhorn3838,2026-09-30 01:28:18,29.31,4
1176,16944055,Jak Cullinane,2026-09-23 23:42:52,29.31,1
1177,16945262,wakaka,2026-09-24 00:41:27,29.31,2
1178,16965340,Yen Hung1021,2026-09-28 20:47:08,29.31,2
1179,16979166,loxigicck,2026-10-01 12:38:08,29.31,3
1180,16730513,Small sword,2026-10-02 00:01:31,29.31,4
1181,15609340,PARAG VIJAY PAWAR,2026-09-30 01:07:50,29.31,1
1182,16988304,辛弃疾lhx,2026-09-30 14:08:36,29.31,1
1183,16013159,Mathieu W,2026-10-09 08:54:15,29.31,4
1184,17017530,Thomas Deng,2026-10-03 01:43:59,29.31,2
1185,16195998,galatea,2026-10-02 04:00:35,29.31,4
1186,16926519,Phoenix,2026-10-02 14:58:08,29.31,1
1187,15488302,xCalibur,2026-10-03 00:01:14,29.31,3
1188,15601881,Harp404,2026-10-03 10:08:57,29.31,3
1189,16458652,khattab,2026-10-04 15:13:45,29.31,4
1190,17032785,Haotian Li,2026-10-09 04:51:47,29.31,3
1191,17033025,eang24,2026-10-07 19:14:36,29.31,3
1192,17022122,Abhishek Sharma,2026-10-05 06:37:28,29.31,1
1193,17031897,Kkktentacion,2026-10-06 08:44:10,29.31,1
1194,17038453,Rachid Caich,2026-10-06 12:24:48,29.31,1
1195,16848166,Abdullah AlMohammedi,2026-10-07 12:34:01,29.31,5
1196,17044655,lihaha.36,2026-10-06 15:45:25,29.31,1
1197,15874444,Praxel,2026-10-07 00:05:09,29.31,3
1198,17046971,Flt655,2026-10-07 01:28:42,29.31,1
1199,17043704,apple巴南PRO11,2026-10-07 05:15:21,29.31,2
1200,17041582,yiyu0716,2026-10-07 05:42:31,29.31,2
1201,16925187,sad12454,2026-10-07 05:45:07,29.31,1
1202,17024434,carbonapi,2026-10-08 02:23:15,29.31,3
1203,17047726,SpicyOhi13,2026-10-07 19:45:28,29.31,1
1204,17060474,kaggle_what,2026-10-08 11:00:18,29.31,1
1205,15696940,SOLOMON SHALOM LIJO,2026-04-23 11:24:09,29.17,2
1206,16777828,Halley,2026-09-10 06:31:11,29.17,9
1207,16860094,X1Aguu,2026-10-07 11:49:05,29.17,4
1208,16771845,qr Z1201,2026-09-13 10:34:39,29.17,1
1209,17035957,Rajveer Kapoor,2026-10-07 07:41:26,29.17,2
1210,15486697,Sergen Karaoglan,2026-04-12 14:09:45,29.03,1
1211,15496267,haseeb ahmad,2026-04-18 05:27:55,29.03,1
1212,15789734,oQoXOdK6,2026-05-01 04:12:28,29.03,2
1213,16237601,humble_some1,2026-06-06 18:08:23,29.03,1
1214,16196310,Qiyue Wu99,2026-06-29 05:07:11,29.03,5
1215,15537141,The Polyglots,2026-07-01 05:01:28,29.03,4
1216,16145069,webcainiao,2026-08-03 00:48:15,29.03,6
1217,16431058,SCU_12600883,2026-06-26 11:19:34,29.03,2
1218,16457017,AlizzeZhang,2026-09-04 05:11:02,29.03,7
1219,16464338,hi kaijie,2026-07-04 00:51:07,29.03,3
1220,15511459,DAYDREAMER,2026-07-10 03:32:19,29.03,1
1221,16599651,prvsiyan,2026-07-26 12:36:13,29.03,1
1222,16796748,Yushuo Sun,2026-08-31 14:25:44,29.03,1
1223,16794910,trung,2026-09-04 04:04:20,29.03,4
1224,16862583,linhaiy,2026-09-21 02:23:01,29.03,9
1225,16941112,Mitja Bohak,2026-09-25 17:48:01,29.03,1
1226,16709251,MaxiSch,2026-10-06 20:19:17,29.03,17
1227,17019102,wanglongyuan,2026-10-05 10:28:29,29.03,2
1228,16867921,Alapati Ramakrishna,2026-10-07 17:14:09,29.03,8
1229,15578773,AnpAn_Men,2026-05-26 15:22:27,28.89,2
1230,15597840,Ariya rithvik P,2026-04-15 14:16:22,28.89,3
1231,15514812,Kujaomega,2026-04-15 16:24:50,28.89,1
1232,15645011,Bogdan Kovenko,2026-04-18 11:56:48,28.89,1
1233,15491890,Uday Bhatia,2026-04-21 06:18:17,28.89,1
1234,15723539,Toan Doan,2026-04-24 01:11:59,28.89,1
1235,15578204,dia,2026-04-26 09:25:33,28.89,1
1236,15672657,Nguyễn Vũ Luân,2026-04-29 17:48:50,28.89,1
1237,15857632,techtech69,2026-08-24 10:07:51,28.89,4
1238,15492279,Nabil Alagi,2026-07-16 20:15:16,28.89,6
1239,16353831,Chakkrit Termritthikun,2026-06-16 15:14:58,28.89,2
1240,16384780,Zehra Korkusuz,2026-06-18 00:06:56,28.89,2
1241,16390782,Abid Ali Awan,2026-06-18 18:53:38,28.89,1
1242,16390270,Samuel Xu,2026-06-22 23:58:03,28.89,4
1243,15603070,[Deleted] 00399402-819b-4072-9c1f-b31bcf2b853e,2026-06-20 06:14:21,28.89,9
1244,16425810,Quang Anh Đặng,2026-06-24 07:43:58,28.89,1
1245,16424433,motono0223,2026-06-25 23:38:17,28.89,1
1246,16017629,Shiva,2026-06-26 19:20:28,28.89,3
1247,16409043,Valentin,2026-07-05 04:08:52,28.89,5
1248,16463430,atkaggler,2026-07-01 08:26:46,28.89,1
1249,16464596,Andrey Kulakov,2026-07-01 08:32:54,28.89,1
1250,15594992,Brothers of Creations,2026-07-03 07:47:15,28.89,1
1251,16260638,fatinirq,2026-07-04 10:35:15,28.89,1
1252,16481850,Jasonzhangok,2026-07-22 09:17:28,28.89,9
1253,15563692,Sai Chaitanya Kilambi,2026-10-06 11:57:47,28.89,2
1254,16441657,Mengdie0328,2026-07-08 06:11:44,28.89,4
1255,16554728,HKmgikao,2026-07-30 10:47:54,28.89,2
1256,16487050,Leszek Góra,2026-07-17 18:15:46,28.89,5
1257,16216716,BingeLearner,2026-07-20 11:42:38,28.89,1
1258,16114527,Ravi Banchhiwal,2026-08-09 09:54:21,28.89,2
1259,16616584,yuritosci,2026-10-07 16:26:26,28.89,3
1260,16614685,venks,2026-07-30 02:07:20,28.89,1
1261,16688262,wonofone,2026-08-08 07:51:40,28.89,1
1262,16635334,Aurora wy,2026-08-08 08:31:29,28.89,3
1263,15610299,Youssef Abdalhaby,2026-08-10 05:19:12,28.89,1
1264,16752100,Chandan Verma,2026-08-21 10:17:13,28.89,1
1265,16608912,Agra Navaratne,2026-08-25 11:01:43,28.89,1
1266,16775317,r-4981,2026-08-26 14:02:09,28.89,1
1267,16781556,Tayyub Yaqoob,2026-09-23 23:09:15,28.89,5
1268,16793735,Durlabh_Jha,2026-09-09 20:39:37,28.89,3
1269,16741831,MinjeKang,2026-09-21 02:54:59,28.89,16
1270,16793633,王子铖,2026-09-04 13:25:41,28.89,1
1271,16794571,XYZ,2026-09-25 22:13:19,28.89,14
1272,16759986,Andrey Chankin,2026-09-15 17:31:42,28.89,7
1273,16693010,zyvren,2026-09-05 23:14:42,28.89,1
1274,16483351,Maher el Ouahabi,2026-09-07 11:36:45,28.89,6
1275,15574332,Bud Max,2026-09-07 17:04:48,28.89,1
1276,16886347,novacryptic,2026-09-13 12:41:17,28.89,1
1277,16886450,infoproje,2026-09-13 13:01:09,28.89,1
1278,16803250,Diya Sharma,2026-09-14 08:57:42,28.89,2
1279,16856381,Jiayi Du,2026-09-16 21:08:35,28.89,1
1280,15579071,thebookersmith,2026-10-02 15:00:48,28.89,7
1281,16532906,Gabteni Mouhamed,2026-09-18 23:53:56,28.89,1
1282,16938464,cracker_1_war,2026-09-22 10:04:24,28.89,2
1283,16940547,Pham Vi,2026-09-22 09:42:16,28.89,1
1284,16699742,Aditya Sasidhar,2026-09-24 10:45:54,28.89,3
1285,16966643,Leonid Zaporozhets,2026-09-26 09:56:58,28.89,1
1286,16943510,Harishrtgdf,2026-09-26 17:05:47,28.89,4
1287,16962747,Bruce McGinley,2026-09-27 01:18:18,28.89,2
1288,15560887,Aqib Choudhary 35,2026-09-27 03:06:30,28.89,1
1289,16966029,Aloys_Jehwin03,2026-09-27 06:29:18,28.89,1
1290,16973491,TORCHANE DJIHANE,2026-09-29 16:26:07,28.89,3
1291,16955901,SEC_REDTEAM,2026-09-29 00:42:09,28.89,2
1292,16973688,lost,2026-09-30 00:09:12,28.89,2
1293,16973712,SibamSamanta07,2026-09-29 09:31:02,28.89,2
1294,16989389,megan Park,2026-09-30 13:08:05,28.89,1
1295,16990814,shigeeeru,2026-10-01 02:48:46,28.89,2
1296,16987930,Juhil Modi-24BCS10310,2026-10-01 09:50:51,28.89,3
1297,16993787,Fernando Couto,2026-10-08 01:29:56,28.89,8
1298,17013180,SuzukiTakumi,2026-10-07 08:10:56,28.89,2
1299,17013487,Meteor,2026-10-02 19:43:09,28.89,1
1300,17031254,XiaoyuWang_12,2026-10-04 13:36:56,28.89,1
1301,17031251,Arron Wu,2026-10-05 02:58:41,28.89,1
1302,16983337,vldmrc,2026-10-06 05:52:19,28.89,8
1303,17019785,fshindo,2026-10-08 00:35:10,28.89,6
1304,17031998,linjunhao233,2026-10-06 04:35:52,28.89,1
1305,17037074,Sean Zhang,2026-10-06 05:10:00,28.89,1
1306,17033572,haungjiawei,2026-10-06 07:40:29,28.89,1
1307,17031131,lgrape,2026-10-07 17:03:33,28.89,3
1308,17026534,kibuna,2026-10-08 00:03:07,28.89,4
1309,17034558,wuyan-nox,2026-10-08 00:58:38,28.89,3
1310,17047655,todd lewisy,2026-10-07 04:19:51,28.89,1
1311,17028584,lizzzwww,2026-10-07 04:45:47,28.89,1
1312,17036685,Neo Kzcod,2026-10-07 05:28:21,28.89,1
1313,17034766,tony jay,2026-10-07 05:47:56,28.89,1
1314,16815189,alexsokol3,2026-10-07 09:32:39,28.89,2
1315,17050859,haoyao liu,2026-10-07 11:32:23,28.89,1
1316,17052992,ang www,2026-10-07 16:23:58,28.89,1
1317,17055145,Roustoum Abdel Moula,2026-10-07 19:29:55,28.89,1
1318,15530797,juliencst,2026-10-07 21:06:24,28.89,12
1319,17053154,amyluuu,2026-10-07 21:20:46,28.89,1
1320,17028149,Liu S,2026-10-05 00:00:01,28.75,2
1321,17029533,david111-cn,2026-10-07 05:01:33,28.75,1
1322,16232163,silence sky,2026-06-26 12:54:57,28.61,4
1323,16430197,THTennant,2026-07-03 20:41:26,28.61,5
1324,16423640,Michael Pershin,2026-07-06 06:56:20,28.61,3
1325,16513754,Proving AGI,2026-08-27 13:40:58,28.61,11
1326,16368816,ddplay03,2026-09-04 01:40:25,28.61,8
1327,15526818,StupidXie,2026-07-12 08:18:42,28.61,12
1328,15622960,ippeiogawa,2026-08-09 23:57:59,28.61,21
1329,15838563,Marc Poirier,2026-08-07 13:09:10,28.61,5
1330,16350388,Manas Rajan Pandya,2026-08-25 10:13:21,28.61,1
1331,16774600,kaptaan45,2026-08-28 06:52:21,28.61,2
1332,16794796,!!!!!,2026-08-31 05:02:36,28.61,1
1333,16706285,Yurii_Muktarov,2026-10-04 13:49:13,28.61,6
1334,16876738,PrasadChopade213,2026-09-13 11:20:55,28.61,2
1335,16970956,Oana Unciuleanu,2026-10-04 22:14:03,28.61,4
1336,16579767,Alumek,2026-10-08 09:31:18,28.61,13
1337,15499892,BeyondBirthday,2026-10-01 16:17:47,28.61,7
1338,17017186,Tony,2026-10-07 04:46:03,28.61,3
1339,17011603,THU_TBSI_1d,2026-10-09 15:48:27,28.61,2
1340,17013757,Musketeersindia,2026-10-03 17:04:52,28.61,1
1341,17035647,venn77,2026-10-06 22:45:12,28.61,1
1342,15587249,Konstantin P.,2026-08-05 11:07:09,28.47,3
1343,15512499,Gena,2026-04-18 20:22:55,28.47,4
1344,15495800,Yang Wei Hao,2026-05-03 08:05:42,28.47,3
1345,15486665,thechint,2026-05-11 06:34:00,28.47,4
1346,15837680,Randomhandsomeguy,2026-05-16 17:13:12,28.47,3
1347,16296491,Tiannan Zhang,2026-06-15 00:51:17,28.47,1
1348,15499038,Taurowl,2026-06-16 07:39:45,28.47,3
1349,16382625,Knight_riders,2026-06-17 17:51:30,28.47,1
1350,16406688,William Alabi,2026-09-02 19:05:23,28.47,4
1351,16455609,Jiang,2026-07-01 08:48:10,28.47,2
1352,16347113,AnchorBlock,2026-07-02 14:24:42,28.47,1
1353,16499828,[Deleted] 47474825-d6e9-4342-8997-41a9f9ced018,2026-07-07 09:13:50,28.47,1
1354,16516874,TheDivine Aurora,2026-09-17 19:13:30,28.47,2
1355,15514767,UlinNuhaAbduh,2026-07-15 23:58:06,28.47,4
1356,15562197,奶楂大魔王,2026-07-22 02:36:39,28.47,3
1357,16548154,o0IrisYu0o,2026-07-31 13:33:23,28.47,1
1358,16517209,SCU_12603231,2026-09-28 05:54:15,28.47,19
1359,16539848,Aymen Mejri,2026-08-08 05:11:03,28.47,4
1360,16694611,Debmalya,2026-08-09 15:38:36,28.47,1
1361,16702278,Dapeng,2026-08-19 14:05:09,28.47,1
1362,16743078,Alexander Kokshenin,2026-08-20 00:15:57,28.47,1
1363,16726555,Ezra Kho,2026-08-21 05:06:48,28.47,1
1364,16766711,ed,2026-08-27 00:00:45,28.47,3
1365,15496542,Janvi_ch,2026-09-13 05:06:31,28.47,7
1366,16771894,DRHuyy,2026-08-31 07:51:04,28.47,1
1367,16805155,Maifee Ul Asad,2026-09-02 12:02:24,28.47,1
1368,15551967,Fabian Henning,2026-09-09 11:38:58,28.47,2
1369,15585764,Ahmed Abdelhamed,2026-09-09 12:11:21,28.47,1
1370,16866928,truxivan,2026-09-10 13:41:41,28.47,1
1371,16865545,Norikazu　Haji,2026-10-03 23:56:57,28.47,3
1372,16863459,shubham kumar,2026-09-12 12:26:46,28.47,2
1373,16881572,Venqira,2026-09-13 03:14:09,28.47,2
1374,16892342,sushi,2026-09-22 06:54:31,28.47,2
1375,16923840,Pulkit Mehta,2026-09-19 08:28:31,28.47,1
1376,16461832,dragoshh1984,2026-09-23 21:47:11,28.47,3
1377,16818318,Sunny,2026-09-20 11:29:18,28.47,1
1378,16929803,Hamza Zebirate,2026-09-24 11:12:41,28.47,3
1379,15702253,Gijs Schenk,2026-10-06 00:08:45,28.47,14
1380,16433976,Ehab Ibrahim Khalil Mohamed,2026-09-25 19:30:41,28.47,1
1381,16962590,Joseph Ayanda,2026-09-27 00:00:03,28.47,2
1382,16653948,Operator Intelligence,2026-10-02 16:51:36,28.47,32
1383,15555683,Haus399,2026-09-30 14:41:39,28.47,10
1384,16966358,datatuu,2026-10-07 00:31:46,28.47,4
1385,16988163,m-toshi desu,2026-09-30 23:26:08,28.47,1
1386,17011182,Phong Khổng Hoàng,2026-10-03 16:20:58,28.47,3
1387,17037328,Alessandro Li,2026-10-05 13:55:54,28.47,1
1388,17030984,worldfilBin,2026-10-05 17:37:30,28.47,1
1389,17032931,liujinkai,2026-10-05 19:30:33,28.47,1
1390,17041839,shineria,2026-10-07 16:40:14,28.47,2
1391,17031566,zongqi Han,2026-10-06 20:57:20,28.47,1
1392,17041549,HSGW,2026-10-07 01:04:05,28.47,2
1393,17047473,Tom momo,2026-10-07 04:06:30,28.47,1
1394,17037704,woguoat,2026-10-07 07:44:43,28.47,1
1395,17044864,Kenny Lin,2026-10-07 11:25:52,28.47,1
1396,15501428,Suneet Saini,2026-07-15 23:04:33,28.33,12
1397,16557081,Arjun Sharma,2026-07-29 22:12:03,28.33,1
1398,16872153,carricktowinucl,2026-09-12 00:16:20,28.33,2
1399,16020080,Hina Ys,2026-10-06 19:00:00,28.33,25
1400,15762967,Richard Freinschlag,2026-05-01 18:53:31,28.19,4
1401,15509315,zorojuro,2026-06-13 20:12:56,28.19,4
1402,15543498,Kevin Russell,2026-07-07 07:19:20,28.19,9
1403,16421628,Baban Gida,2026-08-18 13:40:50,28.19,5
1404,16635807,Shankha Suvro Mullick,2026-08-16 19:00:10,28.19,5
1405,16612372,caspian wren,2026-08-14 11:17:29,28.19,8
1406,15499855,mktetts,2026-08-28 17:21:49,28.19,1
1407,16844748,Senih Bayankulu,2026-09-09 01:03:18,28.19,3
1408,16742219,yu gu,2026-09-09 02:56:17,28.19,1
1409,16442485,RNN Baseline,2026-10-07 00:02:08,28.19,8
1410,15528712,nathanael rk,2026-04-09 17:02:41,28.06,3
1411,15618659,Nguyễn Tuấn Khôi,2026-04-16 07:50:37,28.06,2
1412,15634274,Nguyễn Hữu Công,2026-04-16 23:27:21,28.06,1
1413,15749618,M0nst1r,2026-05-07 05:58:56,28.06,1
1414,16005460,Malespero,2026-05-20 01:08:41,28.06,1
1415,15491225,Heisnotanimposter,2026-10-01 09:41:58,28.06,4
1416,15869885,MECHINE,2026-06-10 07:38:35,28.06,4
1417,15948695,Rares Barbantan,2026-09-20 19:23:04,28.06,16
1418,16027500,TheLightIs,2026-06-06 17:29:14,28.06,3
1419,16253396,Jing Lulu,2026-06-10 03:04:26,28.06,1
1420,16186165,Kinshuk Aggarwal,2026-06-15 14:27:20,28.06,3
1421,16395763,Bikram Saha,2026-06-19 16:52:23,28.06,1
1422,16419033,guider pollow,2026-06-25 11:33:17,28.06,1
1423,16241187,khj1222,2026-06-26 04:40:53,28.06,3
1424,16390592,Kapilraj R,2026-06-29 06:41:13,28.06,1
1425,16374720,YangAoTian,2026-06-30 17:01:24,28.06,2
1426,16487741,guxianzhan,2026-07-04 21:41:55,28.06,1
1427,15502831,Dhe Yeong,2026-07-05 22:21:44,28.06,2
1428,15643934,Antoniu Gugu,2026-07-07 23:15:34,28.06,3
1429,16536928,SakuLab,2026-07-20 02:57:43,28.06,6
1430,16588753,Hyun-woo Kim,2026-07-27 01:13:28,28.06,1
1431,16620820,Lee,2026-08-01 06:04:05,28.06,1
1432,16504854,PerceptronV,2026-08-03 08:14:22,28.06,1
1433,16485377,minhtu.mt.mt,2026-08-04 13:26:40,28.06,1
1434,16664711,Udit Jain #2,2026-09-12 12:50:06,28.06,3
1435,15486682,MatheusPSorancoDeCarvalho,2026-09-24 14:13:45,28.06,5
1436,16726845,Mina Gayid,2026-08-16 00:06:49,28.06,1
1437,16670846,Vera Σ¹ - DI,2026-08-20 16:35:57,28.06,4
1438,16731883,DefiniteIntegral,2026-08-26 10:19:34,28.06,1
1439,15659364,yoyobar,2026-10-05 18:39:52,28.06,8
1440,16844827,Kaan111,2026-09-08 01:25:22,28.06,1
1441,16188613,im.vetri,2026-09-11 05:05:21,28.06,1
1442,16886153,latentb,2026-09-13 12:03:01,28.06,1
1443,16894928,Kartik Tripathi98,2026-09-15 07:16:04,28.06,1
1444,16895932,logicorix,2026-09-15 09:29:03,28.06,1
1445,15940167,AzamatH1,2026-09-18 16:22:55,28.06,3
1446,16253806,Ivan Tretyakov,2026-10-01 07:54:40,28.06,3
1447,16987680,Ayush Yadav,2026-10-04 10:13:01,28.06,2
1448,16971765,siren2345,2026-09-30 00:00:20,28.06,2
1449,15736704,YeonsuJin727,2026-10-04 14:59:19,28.06,3
1450,16706525,[RU] Kirill Makhankov,2026-10-03 20:59:52,28.06,1
1451,17037044,rainbow060719,2026-10-06 19:59:13,28.06,2
1452,17020884,Yi Yu,2026-10-05 15:07:37,28.06,1
1453,17013522,Cherie01,2026-10-08 00:07:17,28.06,5
1454,16810007,yang zhang,2026-10-08 00:55:09,28.06,4
1455,17028673,Christopher Jin,2026-10-07 01:49:29,28.06,1
1456,17031002,codezzzsleep,2026-10-07 02:38:09,28.06,1
1457,17030509,Zonghao,2026-10-07 03:45:20,28.06,1
1458,17013369,Zihao Zeng,2026-10-07 03:47:53,28.06,1
1459,16993809,BSCode,2026-10-07 16:02:43,28.06,1
1460,17049316,yc mqyy,2026-10-07 16:53:13,28.06,1
1461,15524865,Ragesh Thangaraj,2026-09-02 08:04:38,27.92,12
1462,16805602,markastra,2026-09-01 23:14:39,27.92,1
1463,15653875,asma smeirat,2026-04-19 21:10:36,27.78,1
1464,16331168,Threadclaim,2026-06-26 05:27:29,27.78,2
1465,16370612,Vu Tran Hoang,2026-08-03 04:57:53,27.78,2
1466,16398443,M Rislan Tristansyah,2026-07-18 02:48:16,27.78,24
1467,16759921,JK,2026-08-23 20:16:12,27.78,2
1468,16767727,Lauren Ober,2026-09-25 17:41:42,27.78,8
1469,16884605,xuhang ren,2026-09-24 01:46:06,27.78,3
1470,17020008,Ryota Kawamura,2026-10-07 17:16:30,27.78,5
1471,15488460,grifth,2026-04-09 08:23:06,27.64,1
1472,15602576,Martin Mbalkam,2026-04-23 13:14:14,27.64,2
1473,15703515,Muhammad Ibrahim,2026-04-22 21:53:36,27.64,1
1474,15753486,zhaozilong,2026-08-12 16:21:29,27.64,4
1475,16418116,HaoKwok,2026-06-23 12:47:59,27.64,1
1476,16482587,Chenstillstude,2026-09-29 11:43:30,27.64,6
1477,16497037,noah favreau,2026-07-06 21:18:59,27.64,1
1478,16484679,[Deleted] b1e36a6e-5b9a-484d-97f7-1f243aaf2f5d,2026-07-20 05:42:22,27.64,2
1479,15493842,VasanAust,2026-07-29 01:52:53,27.64,2
1480,16684291,The light that shines,2026-08-20 07:50:25,27.64,1
1481,16792419,Bocen Li,2026-09-01 07:08:06,27.64,2
1482,15520265,IsThereAnyCode,2026-08-31 05:49:34,27.64,3
1483,16736911,Thespy007,2026-09-11 17:17:47,27.64,2
1484,16840435,Yukino487,2026-09-05 23:58:19,27.64,1
1485,16505371,guoqin gu,2026-09-08 06:24:49,27.64,1
1486,16856623,EveL09,2026-09-12 18:51:46,27.64,2
1487,16931191,Takayuki Michishita,2026-09-22 08:44:29,27.64,1
1488,15520653,Mohammed Aldukhayel,2026-09-22 12:00:46,27.64,1
1489,16760555,Md.Mahfujul Karim,2026-09-24 02:18:11,27.64,17
1490,16638024,Randynho,2026-10-02 14:21:49,27.64,4
1491,17019651,gurume,2026-10-08 00:11:25,27.64,3
1492,17017234,Nicholas Hui,2026-10-09 13:47:14,27.64,4
1493,16414902,vladee,2026-10-04 06:48:43,27.64,5
1494,16600537,izzie1i000,2026-10-04 14:35:01,27.64,1
1495,17034108,kkkk,2026-10-08 01:01:16,27.64,2
1496,17033881,good chen145,2026-10-07 01:27:38,27.64,1
1497,17033873,GuangyuanWang,2026-10-08 02:22:31,27.64,2
1498,17039035,Zhuo Tan,2026-10-07 06:37:45,27.64,1
1499,16701395,hpc_milkdragon,2026-08-24 12:33:38,27.50,5
1500,15566573,Ayoub,2026-04-20 12:51:00,27.36,8
1501,15588945,Abdulkadir Ugas,2026-05-12 02:24:54,27.36,3
1502,15563108,vishnuvardhan33,2026-05-25 14:30:38,27.36,4
1503,16426338,Santiago Mota,2026-06-24 09:46:24,27.36,1
1504,16019416,Kaito Fukami,2026-09-06 08:49:02,27.36,10
1505,16894901,Stoned Ape,2026-09-16 17:04:15,27.36,2
1506,16605996,zzgtylors,2026-09-24 04:54:06,27.36,1
1507,16915226,AGI,2026-10-03 14:53:29,27.36,2
1508,17018890,maximus7777,2026-10-04 02:57:46,27.36,1
1509,17035319,Yx Xue,2026-10-08 10:00:57,27.36,2
1510,17043681,ma tesla,2026-10-06 13:02:16,27.36,1
1511,16994228,Pranay Manocha,2026-10-07 19:22:04,27.36,1
1512,15529636,Muhammad Ibrahim Qasmi,2026-06-08 09:12:39,27.22,2
1513,16313843,shunsuke240117,2026-06-17 08:34:37,27.22,2
1514,16327373,gaviyan,2026-06-15 15:57:07,27.22,3
1515,16492359,Sora Kojima,2026-07-15 01:45:19,27.22,3
1516,16655115,Mohit Reddy,2026-08-09 04:32:22,27.22,2
1517,16774109,catalyst1231,2026-08-31 12:14:50,27.22,4
1518,16621109,Xian Xu,2026-08-31 17:12:28,27.22,1
1519,17028526,Wu Hao Ran,2026-10-06 07:22:39,27.22,3
1520,17044281,dolphin52p,2026-10-07 02:57:01,27.22,1
1521,15630222,Laureano Arcanio,2026-10-07 12:03:55,26.94,18
1522,16551777,WUHAOZHE618,2026-08-14 03:51:15,26.94,4
1523,16569311,Norman Neira,2026-08-28 06:17:35,26.94,2
1524,16606952,David Austin,2026-09-13 01:35:01,26.94,5
1525,15627718,Suresh,2026-09-23 11:48:18,26.94,3
1526,16992598,honey thota,2026-10-07 07:08:10,26.94,3
1527,15629172,kushal bhargav,2026-04-16 08:39:19,26.81,1
1528,15794979,Daaaaaan,2026-04-30 14:44:49,26.81,1
1529,16992137,Ryan Fernandes,2026-09-30 20:52:18,26.81,1
1530,17030480,Hongyi Henry Lan,2026-10-05 02:23:54,26.81,1
1531,17031245,Lee Dusty,2026-10-07 14:38:38,26.81,1
1532,16864901,jimmy5566,2026-09-25 05:14:06,26.67,7
1533,16899260,Ali Shirvani,2026-10-01 18:45:08,26.67,5
1534,16362347,Dovydas Venclovas,2026-06-17 14:34:02,26.53,1
1535,15492307,Aevion-Labs,2026-09-16 17:52:50,26.53,16
1536,16634197,Alissa King,2026-08-05 04:46:07,26.53,3
1537,15487748,roly-polyomino,2026-09-15 00:05:21,26.53,6
1538,16963497,Brian Bonti,2026-09-29 04:58:55,26.53,4
1539,17041636,nlhm,2026-10-08 08:19:06,26.53,2
1540,16771086,Jose Bernabe,2026-08-25 17:15:14,26.39,1
1541,16777315,Joshua Nunley,2026-08-27 03:39:47,26.39,1
1542,16782629,Violet Notes,2026-09-02 10:20:48,26.39,1
1543,16913432,Bertholdt,2026-09-24 07:57:07,26.39,4
1544,17040377,鸡蛋汉堡,2026-10-07 02:41:48,26.39,1
1545,17053745,PeterPanOvO,2026-10-07 18:51:35,26.39,1
1546,16581805,Garv88,2026-08-22 10:29:58,26.25,7
1547,16943071,Nsf,2026-10-07 22:38:13,26.25,6
1548,16230240,Ailurophile,2026-06-05 16:33:20,26.11,1
1549,16722689,Hai Dang,2026-08-18 07:07:23,26.11,2
1550,15642821,WAMYA,2026-04-18 14:39:34,25.97,1
1551,16413663,Tanmay Tyagi,2026-06-25 08:59:57,25.97,1
1552,16861693,Ttth,2026-10-08 01:11:13,25.97,3
1553,15870119,eh!,2026-08-29 17:21:27,25.83,1
1554,16430677,JohnLussier,2026-07-17 06:28:33,25.69,8
1555,16674994,sevenfen,2026-08-23 15:48:55,25.69,3
1556,16068927,Ayodeji Akinola,2026-09-29 13:31:51,25.69,23
1557,16854399,Yusuf Asan,2026-09-11 19:19:18,25.69,3
1558,16806924,Oluwaseun O Adeya,2026-09-16 22:01:55,25.69,3
1559,17013665,YM,2026-10-07 21:50:24,25.69,6
1560,16843378,Scott Kirila,2026-10-06 17:18:32,25.69,2
1561,16622986,Namh18r94,2026-10-04 06:49:29,25.56,20
1562,17026801,Shawn,2026-10-03 19:47:03,25.56,1
1563,15978311,Terry,2026-06-28 07:49:20,25.42,30
1564,16557650,Mark_RowSet,2026-08-16 05:47:27,25.42,8
1565,16020100,Kenj #2,2026-09-27 06:58:26,25.42,26
1566,17012346,jack121342,2026-10-05 15:18:18,25.42,1
1567,16095234,Youssef Nader,2026-09-24 23:51:42,25.28,54
1568,16641025,Mike personal,2026-08-02 10:28:31,25.28,1
1569,16919990,Bright Choice AI,2026-09-20 07:43:33,25.28,2
1570,16092322,Laela Zorana,2026-06-04 13:28:23,25.00,4
1571,15569334,titanascended,2026-06-15 01:33:13,25.00,3
1572,16648853,lxmjlove1,2026-08-05 08:28:28,25.00,2
1573,16600436,Will #2,2026-10-07 17:52:31,25.00,31
1574,16827884,wangxt1,2026-09-09 14:16:57,25.00,1
1575,17014020,ARC-REACTOR,2026-10-05 18:12:09,25.00,2
1576,15486831,Tong Hui Kang,2026-10-07 08:49:34,25.00,4
1577,15943375,windinamic,2026-10-02 07:37:44,24.44,7
1578,16809607,QSynPrim,2026-09-14 19:11:48,24.44,3
1579,16846988,Abdul Hameed,2026-09-27 09:06:49,24.17,8
1580,16793311,LiquiditySheepLynx,2026-10-07 07:04:43,24.17,1
1581,16739003,JiachengRowan,2026-09-04 04:23:48,24.03,3
1582,16719042,Shekhar Khairnar,2026-09-04 23:50:15,24.03,2
1583,15879857,kyomu,2026-05-29 12:38:04,23.89,1
1584,16876933,matieitor,2026-09-17 01:55:46,23.75,3
1585,16932491,wildguess,2026-10-03 21:22:33,23.75,5
1586,17021430,Ravi Teja Chilakala,2026-10-06 14:07:16,23.75,1
1587,15645512,Luke Stafford,2026-04-28 00:27:58,23.61,6
1588,16587201,Amit Kumar Jaiswal,2026-07-22 19:43:59,23.61,1
1589,15493877,Code by Nadiia,2026-09-20 05:26:14,23.61,1
1590,16808486,zhang.yuxiang07,2026-09-25 03:11:46,23.61,5
1591,16028360,WangAuspicious,2026-09-21 01:25:13,23.47,6
1592,16404679,Selcuk Senturk,2026-06-23 13:12:30,23.33,1
1593,16796802,w.terrr,2026-08-31 14:52:52,23.33,1
1594,16445975,DummyIndex,2026-07-27 22:35:52,22.92,4
1595,16789706,augustm210,2026-08-30 07:27:33,22.92,1
1596,17040175,Eshaan Mistry,2026-10-08 00:03:42,22.78,4
1597,16889057,Kasa chu,2026-09-15 04:39:14,22.50,2
1598,15838535,fujoos,2026-05-13 00:33:16,22.22,1
1599,15551086,genesogenesis,2026-10-07 13:15:29,22.22,20
1600,16573557,Vitalie Cervinschi,2026-07-27 07:16:52,22.08,6
1601,17017002,Ayush Ojha,2026-10-02 22:05:57,21.94,1
1602,16987610,Charles Ran,2026-10-08 00:01:30,21.94,2
1603,16120904,Tanish Chudiwal,2026-06-14 04:30:08,21.25,4
1604,16681828,Murari Ambati,2026-08-08 01:10:48,21.25,1
1605,16117432,[Deleted] 065eb18f-6042-439a-98e1-e91cc590a120,2026-06-04 02:42:17,21.11,6
1606,16885712,QingyiZhang,2026-09-15 03:24:46,21.11,1
1607,16873732,EMEKA CHISOM,2026-09-25 22:36:34,20.97,2
1608,16219520,kaggle_bbgg,2026-07-03 03:52:29,20.83,1
1609,15884042,Qingye Meng,2026-07-28 16:25:24,20.83,12
1610,16376375,李省平lisen_2021,2026-08-01 04:02:41,20.83,2
1611,16693915,Muheng,2026-08-11 06:27:51,20.83,3
1612,16843476,WestRiver9891,2026-09-18 02:33:04,20.83,3
1613,17038093,Cortis,2026-10-06 21:27:03,20.83,1
1614,17037471,Nhan Duc Nguyen,2026-10-07 16:52:08,20.83,3
1615,15494923,george yazaji1234556,2026-09-05 07:51:38,20.69,3
1616,15504002,randyzhang666,2026-09-11 13:35:14,20.69,2
1617,17024975,littlegirl112,2026-10-04 19:13:42,20.69,1
1618,16906144,Building A Better World,2026-10-09 17:02:40,20.42,3
1619,16384369,GG,2026-07-29 01:00:29,20.28,11
1620,15757155,ashvin singh,2026-05-01 01:39:45,19.58,2
1621,15995256,Ayaka Kirima,2026-09-21 11:02:06,19.58,18
1622,15581391,gsaiphani,2026-04-10 02:21:11,19.17,2
1623,16300807,Nandakishor Convai,2026-06-14 14:39:28,19.17,1
1624,16950378,Irving Ernesto,2026-09-27 21:49:51,19.17,1
1625,16652754,有本事出来单挑,2026-10-07 10:05:10,19.17,14
1626,15966988,Rui Yu,2026-05-21 02:54:27,19.03,3
1627,15766438,Jimmy Choi,2026-07-22 15:03:46,19.03,59
1628,16533696,anteater,2026-07-15 01:50:33,19.03,1
1629,16587898,Victor Wahome,2026-09-22 09:22:03,19.03,16
1630,16794886,Manish,2026-08-31 12:31:25,18.75,1
1631,16839462,doge,2026-10-06 19:20:18,18.61,4
1632,15520553,Marek Nurzynski,2026-05-11 19:33:56,18.33,17
1633,15507730,Jan Disselhoff,2026-10-08 01:54:04,18.33,4
1634,17025151,srgmsowmya,2026-10-03 09:05:46,18.06,1
1635,15602667,Shree Harshini S,2026-06-15 08:58:36,17.92,10
1636,15557386,Ttkuma,2026-07-17 14:28:55,17.78,6
1637,16883524,Dimitri ZABRE,2026-09-26 16:48:27,17.78,2
1638,16601676,Kazumi Sakamoto,2026-07-26 12:34:46,17.64,1
1639,17019712,Lavin Wins,2026-10-02 23:35:10,17.64,1
1640,15487648,Oleg X,2026-04-16 10:17:55,17.50,10
1641,15490394,Brainrot,2026-04-08 09:20:36,17.36,3
1642,16326720,tanle,2026-06-28 03:35:47,17.36,4
1643,16423049,Abhi,2026-07-07 17:20:20,17.36,6
1644,16696555,maximo lorenzo y losada,2026-08-10 15:23:38,17.36,2
1645,15558588,sasaki,2026-06-12 04:10:43,17.08,17
1646,16619674,Maciej Brzeski,2026-09-14 10:30:30,17.08,14
1647,17029745,iprove,2026-10-05 13:47:08,17.08,1
1648,15635437,Ghazan Shafa,2026-08-27 15:21:50,16.94,2
1649,15653752,fle3n,2026-06-10 17:17:35,16.81,2
1650,17035575,shark cao,2026-10-05 08:27:02,16.81,1
1651,16185961,Shree85,2026-10-07 20:55:30,16.67,14
1652,15550694,Ahmed Adham,2026-04-22 21:15:25,16.53,8
1653,15487911,Ova,2026-04-07 18:58:32,16.25,1
1654,15522912,[Deleted] 78a25b61-8c2e-40aa-9146-83d032250b28,2026-04-07 13:27:52,16.11,1
1655,15847749,Pietro,2026-05-28 17:07:06,15.83,2
1656,15536351,arman1o1,2026-07-27 08:35:54,15.83,9
1657,16815485,Kris Dreemurr,2026-10-07 18:45:25,15.69,1
1658,16608154,Demirhan1,2026-09-20 17:32:49,15.42,8
1659,16853715,Ritvik Shrivastava,2026-09-10 15:27:05,15.42,3
1660,16790112,KarthikShetty27,2026-08-29 16:45:57,15.28,1
1661,16503918,Mehrdad Jahanbanifard,2026-07-15 08:28:36,15.14,2
1662,16867284,Adil Shamim,2026-10-05 04:48:16,15.00,15
1663,15720213,ismail chahboune,2026-05-09 20:29:35,14.86,2
1664,15573950,ZhangSan,2026-04-08 05:15:38,14.72,1
1665,16548537,MalelizarazoP,2026-07-27 23:46:45,14.72,9
1666,16611107,myab07,2026-07-31 13:40:58,14.72,1
1667,16550113,Mikhail Karchevskiy,2026-09-01 06:49:47,14.72,2
1668,16380001,Just A game on your lips,2026-08-16 10:07:46,14.58,1
1669,16927147,Joseph Kosednar,2026-09-21 23:29:59,14.44,1
1670,16040366,Ryosuke SHIMIZU,2026-05-24 18:24:17,14.03,2
1671,16818278,alexander x8,2026-09-09 06:22:24,14.03,2
1672,16599708,Lamii2901,2026-09-26 03:39:00,14.03,19
1673,15497777,[Deleted] afed50f7-d9ea-4121-be62-ca80147dd352,2026-04-22 01:33:37,13.33,12
1674,15940549,Quinn,2026-05-28 17:09:19,12.92,8
1675,15623968,stuffedpeppers,2026-06-05 13:28:31,12.08,3
1676,16939023,sudoyan,2026-10-03 15:12:09,12.08,1
1677,15598083,maheswariji,2026-04-12 04:44:15,11.81,2
1678,16416416,Oleh RCL,2026-06-24 06:28:05,11.67,1
1679,16577918,flipchip167,2026-09-07 00:29:15,11.67,10
1680,15520048,PAG0106,2026-04-03 05:22:44,11.25,5
1681,15494793,accforantigravity1,2026-04-06 05:00:25,11.25,8
1682,15553705,SUPERadonai,2026-04-04 10:27:24,11.25,1
1683,15595912,guozhaojie,2026-05-19 14:50:01,11.25,4
1684,16457033,WuHZ1020,2026-06-30 06:29:48,11.25,1
1685,15862952,Amaranta,2026-08-30 19:00:19,11.25,39
1686,17058076,Jinsong Zhao,2026-10-09 01:05:58,11.25,1
1687,15489030,Esabelle Chen,2026-04-01 07:59:04,10.83,2
1688,15494404,Par Desi,2026-04-05 01:17:01,10.83,5
1689,15575725,fuji0-0,2026-04-09 07:18:18,10.83,2
1690,15628822,SherryXiaoLi,2026-06-28 19:08:12,10.83,4
1691,16589832,Hong ting,2026-08-03 13:48:07,10.83,1
1692,16557983,SawadaTsurumai,2026-08-28 02:08:57,10.83,1
1693,17045508,kaixinliu39,2026-10-08 18:06:09,10.83,1
1694,15487237,Андрей Ганин,2026-06-29 14:38:37,10.42,4
1695,15520050,Pg0106,2026-04-03 05:19:46,10.42,5
1696,15532790,iheb2023 ,2026-04-03 10:36:19,10.42,2
1697,15590415,Nadine Squires,2026-04-16 00:21:08,10.42,4
1698,15803307,Md Mahfuz Sumon,2026-05-03 04:55:34,10.42,2
1699,15526608,Mike G,2026-05-13 23:42:10,10.42,18
1700,15490048,Ra'uf Fauzan Rambe,2026-05-28 05:49:37,10.42,8
1701,16498083,玖忆星,2026-08-03 03:38:34,10.42,1
1702,16516385,mkengkk,2026-08-17 16:43:37,10.42,2
1703,16896583,Sarmad Sohail,2026-10-04 17:57:45,10.42,4
1704,17031589,calornia,2026-10-06 03:10:58,10.42,2
1705,16368606,Hansen,2026-10-08 10:49:17,10.42,5
1706,15584394,Klgv Klgv,2026-05-23 10:39:38,10.28,1
1707,15503187,Jason Yoon,2026-04-02 00:56:22,10.00,1
1708,15542710,Guoping Tan,2026-04-03 05:44:39,10.00,1
1709,15514556,Felipe Ferreira,2026-04-07 01:21:55,10.00,2
1710,15646929,MASAAKI HAYASHI,2026-04-26 07:40:29,10.00,2
1711,17034810,YJu1c708,2026-10-05 16:28:05,10.00,1
1712,15519260,Devansh Rajput,2026-03-31 10:28:47,9.58,1
1713,15508439,UEFO-PRO,2026-04-02 21:19:52,9.58,1
1714,15553013,babyshow,2026-04-04 08:07:41,9.58,1
1715,15565027,Harpole Stlouis,2026-04-09 10:59:02,9.58,4
1716,15496118,Mcusac,2026-04-13 20:08:50,9.58,4
1717,15575635,kura19,2026-04-14 00:42:32,9.58,1
1718,15843002,Shin7jp,2026-05-06 13:56:55,9.58,1
1719,15877714,eiheychan,2026-05-09 04:50:28,9.58,2
1720,16055375,andreafe,2026-05-25 00:13:52,9.58,2
1721,16330482,fabio rovai,2026-06-19 08:47:55,9.58,3
1722,16044843,Munshi-PremChand,2026-06-25 10:58:08,9.58,1
1723,16931526,Дмитрий Томилов,2026-09-21 00:03:03,9.58,2
1724,16662218,SonaAI,2026-10-09 05:29:16,9.58,5
1725,15504534,Ozi,2026-04-10 06:19:56,9.17,2
1726,15498573,[Deleted] 087696a0-bbbb-4637-848b-3488aa063ed0,2026-05-01 11:50:36,9.17,3
1727,15613382,noivan0,2026-05-19 23:36:58,9.17,3
1728,15613905,aquorio15,2026-07-20 14:58:41,9.17,1
1729,15633664,Factored.ai,2026-04-24 12:20:45,8.75,3
1730,16514183,Kermit Young,2026-07-16 05:42:57,8.75,5
1731,16555632,Vladi Ivanov,2026-07-17 02:11:48,8.75,1
1732,16496493,Michael O'Flaherty,2026-08-25 12:19:47,8.75,5
1733,15530997,Prithvi Shah,2026-09-26 07:21:28,8.75,2
1734,15487996,janeodum,2026-04-02 07:29:41,8.33,3
1735,16779417,waleed fakhr,2026-08-31 12:37:25,8.33,2
1736,15832257,jobr,2026-10-07 01:17:33,8.33,11
1737,15487798,geeknik,2026-07-08 00:38:45,8.06,5
1738,15514527,da_pond,2026-03-29 21:18:34,7.50,1
1739,16635994,awxlong,2026-08-09 08:04:33,7.08,3
1740,15494892,Vitor Hugo Barbedo,2026-04-11 22:51:14,6.67,9
1741,16040745,Dmitriy,2026-05-26 09:39:14,6.67,2
1742,16499617,L1a0JH,2026-08-11 13:06:00,6.67,6
1743,16346208,shangwen zhu,2026-09-03 23:12:02,6.25,2
1744,16597340,insuperabilehart,2026-10-03 10:08:46,6.11,2
1745,15741630,Boladi,2026-05-12 14:52:14,5.83,6
1746,15940264,TROBAI,2026-07-26 02:14:14,5.83,4
1747,16789681,Doomsday,2026-08-31 02:09:44,5.83,2
1748,16762174,Дворкин Евгений Владимирович,2026-09-12 13:03:20,5.42,6
1749,17011119,Ishan Karnick,2026-10-07 13:58:20,5.42,2
1750,16734655,Bin Yong Bong,2026-09-01 14:48:01,5.00,4
1751,16981489,Jeff DiTullio,2026-09-29 17:04:02,5.00,1
1752,17032174,panyuhao,2026-10-04 16:35:22,5.00,1
1753,17012428,pupi pop,2026-10-06 12:44:34,4.58,6
1754,15487752,Ajinkya M,2026-09-04 01:20:04,4.17,2
1755,16638956,Paras,2026-09-19 08:15:50,4.17,5
1756,16937587,Trase,2026-10-05 12:08:21,4.17,5
1757,16530476,Hamza Mehyeddeen,2026-09-29 16:41:48,4.17,8
1758,17038530,Сәкенұлы Заңғар,2026-10-07 04:15:16,4.17,2
1759,15524805,Ashish Lal,2026-04-13 14:11:53,3.75,4
1760,15488297,Johnny Lee,2026-08-28 17:43:47,3.75,21
1761,15898294,Dawid Motyka,2026-05-18 16:31:29,3.61,3
1762,16796307,johanbn,2026-09-07 15:31:34,3.61,4
1763,16612916,Delong Yang,2026-10-08 01:35:47,3.33,10
1764,16989838,Alexandru Musina,2026-10-08 20:55:12,3.33,4
1765,17036012,Farid Jafarli,2026-10-07 21:22:35,3.33,2
1766,15639962,Irfan Khan Mohammed,2026-04-30 03:54:42,2.50,8
1767,16300349,Qianhao Yao,2026-08-18 00:56:15,2.50,7
1768,15490605,JawaZero,2026-09-15 04:36:18,2.50,42
1769,16765648,mmz_001,2026-10-03 04:07:10,2.50,18
1770,16729600,Len Yabloko,2026-10-09 09:16:01,2.50,22
1771,16979513,skyman-wftw@hotmail.com,2026-09-29 14:12:36,2.50,1
1772,17010580,mike miller,2026-10-08 07:26:05,2.50,4
1773,15904638,Uy Trần,2026-05-16 01:36:34,2.08,6
1774,16457991,changaihieuvetinhyeu,2026-06-30 11:58:05,2.08,1
1775,16729658,Alex Martinez,2026-09-03 23:13:54,2.08,2
1776,16957117,Shrish Manglik,2026-09-25 01:57:05,2.08,1
1777,17014369,haibinzheng,2026-10-03 13:48:27,2.08,2
1778,15513106,Kias,2026-04-02 03:13:27,1.67,4
1779,15775261,hotaq,2026-04-30 17:25:55,1.67,2
1780,15492914,parijit,2026-06-01 06:58:39,1.67,10
1781,15928712,JINGBO SHI,2026-06-10 00:18:18,1.67,5
1782,16435962,CODEX AUTO,2026-07-26 12:00:16,1.67,5
1783,16416421,Fairly Symbolic,2026-10-08 09:05:28,1.67,26
1784,16548148,Patrick Meehan,2026-07-22 21:23:13,1.67,6
1785,16688226,RajsKashikar,2026-08-15 10:50:29,1.67,5
1786,16685289,neuhihi,2026-08-20 05:33:18,1.67,10
1787,16719407,Zhenwu Wang,2026-08-17 01:07:43,1.67,1
1788,16783996,nafty,2026-08-28 15:31:53,1.67,1
1789,16694457,PersistentLife,2026-09-03 00:03:06,1.67,4
1790,16879493,Mirlan,2026-09-13 01:30:09,1.67,1
1791,16994010,Pham Truong Dat,2026-10-01 07:37:57,1.67,1
1792,16727094,ricky xu,2026-10-06 09:16:00,1.67,4
1793,17017727,_demo,2026-10-07 13:44:32,1.67,4
1794,16922395,Vlad Raf,2026-10-03 23:09:07,1.67,1
1795,16922581,Alexandar Balevsky,2026-10-04 05:54:40,1.67,9
1796,16926561,Rock Forest,2026-10-06 11:30:36,1.67,3
1797,17012622,Anand Kumar 369o,2026-10-05 04:36:17,1.67,1
1798,16776819,van Damme fan,2026-10-07 23:34:37,1.67,1
1799,17057040,Koyo_dive2,2026-10-08 02:35:34,1.67,1
1800,17036327,CHENGJUN CAI,2026-10-08 09:00:05,1.67,2
1801,16760220,ubunbun18,2026-09-13 00:54:04,1.25,1
1802,15631158,apat1n,2026-08-30 20:45:43,1.11,5
1803,15509441,Md,2026-03-28 23:23:43,0.83,1
1804,15498452,Auravana,2026-04-25 03:34:54,0.83,17
1805,15491137,The Auditors,2026-04-05 01:48:40,0.83,7
1806,15527015,bit source,2026-06-06 02:25:17,0.83,20
1807,15511824,Caresment,2026-04-06 14:15:01,0.83,2
1808,15634201,Sébastien henry,2026-10-05 01:00:08,0.83,14
1809,15745799,alekh,2026-06-12 16:45:40,0.83,3
1810,15779311,Fahd EL ANSARI,2026-06-26 15:43:19,0.83,11
1811,16411735,nathansenn90,2026-07-15 09:13:25,0.83,5
1812,16443652,Stefan Henß,2026-07-08 14:57:52,0.83,5
1813,16484759,takehaya11,2026-07-24 00:09:08,0.83,1
1814,16577205,jkevin,2026-07-27 05:38:15,0.83,1
1815,15812286,がっちむち♂,2026-07-28 06:19:16,0.83,5
1816,15487457,Taha Kaya,2026-08-05 04:15:54,0.83,8
1817,16555017,Simon Rainer,2026-08-08 07:43:49,0.83,2
1818,16701056,aeson,2026-08-12 03:34:29,0.83,3
1819,15563301,KOUSHIK KUMAR DINDA,2026-09-03 04:15:04,0.83,7
1820,16513490,jayant99acharya,2026-08-15 12:22:26,0.83,1
1821,16756481,Tahir Büyükhelvacıgil,2026-08-22 18:55:55,0.83,1
1822,15918753,Santhana,2026-09-10 15:55:36,0.83,5
1823,16760427,H@Mza,2026-10-06 03:29:03,0.83,4
1824,15497828,chris keel,2026-09-16 22:08:35,0.83,9
1825,16437679,Ilakk manoharan,2026-09-21 20:29:41,0.83,10
1826,15511330,Muhammad,2026-10-03 14:53:13,0.83,17
1827,16815563,Bert Macutata,2026-09-22 01:58:17,0.83,5
1828,16797182,Tsushima Hikaru,2026-09-25 10:33:44,0.83,2
1829,16845108,Kadu,2026-09-25 13:56:37,0.83,4
1830,16930430,Kaushik Sinha,2026-09-28 21:45:46,0.83,5
1831,16916599,Carmen Delessio,2026-10-03 17:10:26,0.83,7
1832,17010629,Lu Antony,2026-10-07 16:06:38,0.83,3
1833,17030250,Jade Polanowski,2026-10-04 21:52:50,0.83,1
1834,16913747,CloudMates,2026-10-08 09:10:05,0.83,4
1835,16552562,JacopoLiberati1990,2026-10-08 06:57:39,0.83,9
1836,17036894,LinyuyuZ,2026-10-07 02:10:20,0.83,1
1837,16971456,frank1010,2026-10-08 20:21:36,0.83,7
1838,16464201,Chien Nguyen Dev,2026-07-07 14:06:23,0.42,2
1839,16696689,Sakura7596,2026-08-10 09:06:31,0.42,1
1840,16657272,bereket Yimolal,2026-08-12 02:56:56,0.42,5
1841,16758710,haideptry,2026-10-01 16:19:05,0.42,3
1842,16778338,Wei Hsiang Lin111,2026-09-12 04:07:19,0.42,5
1843,16715476,JINZHOU LI,2026-09-10 05:28:19,0.42,3
1844,16878716,stareepei,2026-09-14 05:57:21,0.42,2
1845,16884272,Luo Guoqiang,2026-09-14 04:01:37,0.42,2
1846,16064455,Jenisha T,2026-10-08 02:21:50,0.42,16
1847,16948108,Dumith Rathnayaka,2026-09-24 00:50:17,0.42,2
0,15375729,sample_submission.json,2025-03-19 20:08:32,0.00,1
1848,15487893,Mohammad Albaddawi,2026-03-25 21:29:45,0.00,1
1849,15488284,prabhat kumar singh,2026-03-26 00:17:14,0.00,2
1850,15488312,mohamed hassan,2026-03-26 00:09:22,0.00,1
1851,15488270,Ramazan Turan,2026-03-26 01:17:29,0.00,1
1852,15490009,Hellboy,2026-06-12 02:20:40,0.00,3
1853,15486738,Boronic,2026-04-11 15:34:43,0.00,2
1854,15488851,Om Raval08,2026-03-26 03:40:12,0.00,1
1855,15490824,Kehinde Aduewa,2026-03-26 04:15:31,0.00,1
1856,15489161,Jayachandiran Udayakumar,2026-03-30 16:46:40,0.00,5
1857,15491399,Ehimen Nathaniel,2026-04-14 00:39:14,0.00,4
1858,15491618,Ayan Maity08,2026-04-01 03:34:29,0.00,4
1859,15492057,code master,2026-03-26 07:53:49,0.00,1
1860,15488468,Andrew Bond,2026-03-29 00:02:28,0.00,2
1861,15493052,num han bae,2026-04-26 11:00:48,0.00,10
1862,15492816,Kutlwano Maboe,2026-03-26 09:20:56,0.00,1
1863,15492136,Richard Trent,2026-04-12 00:01:31,0.00,9
1864,15493174,Avik Das,2026-10-07 03:04:20,0.00,10
1865,15491582,MilanJoshi,2026-03-26 10:40:52,0.00,1
1866,15493973,shige,2026-04-04 05:32:13,0.00,4
1867,15493173,mochi,2026-03-27 11:48:25,0.00,2
1868,15494573,Suhani Gupta_04,2026-03-26 12:23:47,0.00,1
1869,15494470,Deeptanush Kapaka,2026-03-26 12:25:53,0.00,1
1870,15494666,Prabhjit Singh,2026-03-26 13:03:58,0.00,1
1871,15494392,jungwon Eom,2026-03-26 14:57:15,0.00,1
1872,15494331,Fernandosr85,2026-04-22 03:03:03,0.00,6
1873,15496136,Olaf Yunus Laitinen Imanov,2026-03-26 16:35:00,0.00,1
1874,15495788,Pradeep Gorai,2026-03-26 16:40:44,0.00,1
1875,15490359,Bob Katz,2026-04-02 04:25:54,0.00,7
1876,15494436,Joao Pedro Nascimento de Sousa,2026-03-26 18:13:33,0.00,1
1877,15493067,Mezgebu Birhan,2026-06-13 06:40:46,0.00,2
1878,15494776,Frank,2026-03-26 18:31:32,0.00,1
1879,15493773,Chaotic Era,2026-03-27 01:26:08,0.00,2
1880,15495114,BFMAVE,2026-04-06 15:15:27,0.00,4
1881,15488258,NinjaNick,2026-03-30 00:05:35,0.00,5
1882,15499682,Himanshu Dhiman,2026-03-27 05:30:38,0.00,1
1883,15491084,wisnu m,2026-03-27 07:59:46,0.00,1
1884,15499857,Ravi Raj,2026-03-30 08:31:25,0.00,2
1885,15495324,Kumar Vivek,2026-03-28 17:56:01,0.00,2
1886,15501719,michiodesuu,2026-04-14 03:40:12,0.00,7
1887,15493675,NC,2026-03-27 19:51:03,0.00,1
1888,15503591,Leandro,2026-03-27 22:57:56,0.00,1
1889,15501058,Nakamura Masayoshi,2026-03-28 00:29:35,0.00,1
1890,15504576,r3kt.ai,2026-03-28 00:50:15,0.00,2
1891,15490993,Dr P Kiran Rao,2026-03-31 07:30:23,0.00,4
1892,15502425,Franck Coppi,2026-03-29 02:21:00,0.00,3
1893,15504253,PlayInDarkness,2026-03-28 06:45:06,0.00,1
1894,15506836,Deniz Okur,2026-03-28 11:31:18,0.00,1
1895,15504910,Troyxxf,2026-04-24 02:05:34,0.00,25
1896,15509118,Mohammed Awal,2026-03-29 04:06:42,0.00,1
1897,15511296,Vinh Pham,2026-03-29 10:44:17,0.00,1
1898,15509258,Marc Shade,2026-04-02 00:14:25,0.00,5
1899,15504371,GanadorPlusUltra,2026-04-02 16:22:57,0.00,2
1900,15499939,rohit186201,2026-03-29 17:36:17,0.00,1
1901,15514038,Anurag Singh,2026-03-31 09:30:01,0.00,2
1902,15493979,AYUSHBHALLA,2026-03-31 09:37:24,0.00,2
1903,15510858,GasMan,2026-04-29 12:07:27,0.00,4
1904,15487884,Jordon Manuel,2026-03-30 05:48:40,0.00,1
1905,15501482,Sanjay Suthraye,2026-03-31 06:16:06,0.00,2
1906,15495410,Michał Dziwisz,2026-03-30 12:54:58,0.00,2
1907,15494414,Sabreen Elkamash,2026-06-24 09:28:19,0.00,10
1908,15492784,Fred Anziko,2026-09-30 18:02:15,0.00,10
1909,15515267,Sheikh Rasel Ahmed,2026-04-21 10:13:54,0.00,4
1910,15487653,Fernando Liazar Luemba Salvador,2026-03-30 18:32:58,0.00,1
1911,15520666,Aristoteles_Borges,2026-06-14 13:15:46,0.00,3
1912,15509610,Joelz,2026-04-28 01:41:23,0.00,9
1913,15515492,def_heaven,2026-03-31 05:48:13,0.00,2
1914,15488191,Armine Shaboyan,2026-04-05 14:50:43,0.00,11
1915,15491975,Muhammad Dhiyaul Atha,2026-04-28 11:12:37,0.00,17
1916,15523689,Artem Nazemtsev,2026-04-02 12:52:23,0.00,3
1917,15524780,Zaphyer Modal,2026-03-31 16:44:17,0.00,1
1918,15506882,Yâssir Dangou,2026-04-01 11:33:26,0.00,1
1919,15520137,Humblefool,2026-04-01 11:48:15,0.00,2
1920,15520593,Samuel Bartlett,2026-06-12 08:02:56,0.00,3
1921,15491945,QATAR26,2026-05-12 21:40:26,0.00,7
1922,15535006,Pecut AI,2026-04-02 10:44:33,0.00,1
1923,15525668,Oleh Kivernyk,2026-04-05 21:47:58,0.00,3
1924,15493987,AhmedMHussien,2026-06-16 03:08:47,0.00,6
1925,15487154,Value Bridge,2026-04-15 21:39:45,0.00,2
1926,15523937,DUKUNDIMANA Eugene,2026-05-27 14:54:15,0.00,5
1927,15518451,Kuldeep Mishra,2026-04-03 06:55:02,0.00,1
1928,15524594,HerbMax,2026-04-03 06:57:54,0.00,1
1929,15545499,Khúc Minh Tiến,2026-04-03 08:57:49,0.00,1
1930,15488928,JosephErikRibeiro,2026-08-30 15:35:30,0.00,2
1931,15549709,Chris Roy 3,2026-04-05 15:14:03,0.00,3
1932,15543127,Newlooker,2026-04-19 06:34:18,0.00,11
1933,15539968,Crackpot Theories Juan ,2026-04-06 20:44:34,0.00,5
1934,15532992,VecNull,2026-04-04 08:59:31,0.00,2
1935,15512539,Renato Valente,2026-04-04 14:55:12,0.00,1
1936,15503538,Sabri,2026-04-04 19:43:47,0.00,1
1937,15533774,Bo Peng,2026-04-05 01:24:32,0.00,1
1938,15532131,Harsh Rajbhar,2026-04-05 09:04:40,0.00,1
1939,15558810,mindset324,2026-04-05 11:00:03,0.00,1
1940,15521632,Alejandro L Figueroa ,2026-06-12 01:43:17,0.00,18
1941,15564458,AJabbitt,2026-04-10 06:34:03,0.00,4
1942,15568938,Arnaud,2026-04-07 06:27:11,0.00,1
1943,15572930,khalid benlyazid,2026-04-07 18:31:21,0.00,1
1944,15574807,Ajenks,2026-04-08 04:32:05,0.00,1
1945,15507992,Manish Swami,2026-04-08 09:23:41,0.00,1
1946,15573262,JiraiyaBuoi,2026-04-13 08:12:00,0.00,6
1947,15513513,ceb0202,2026-04-08 10:56:37,0.00,2
1948,15517496,Abdul Raheem,2026-04-12 05:11:01,0.00,3
1949,15524694,Mahamudul Hasan,2026-04-10 21:04:34,0.00,4
1950,15559269,ommo007,2026-04-13 07:06:49,0.00,6
1951,15569048,athlonk7,2026-04-12 01:56:06,0.00,3
1952,15573266,Mohd Shadab,2026-04-12 01:35:11,0.00,4
1953,15587731,Alx Spiker,2026-04-10 03:48:47,0.00,1
1954,15583834,Mohit,2026-08-03 08:52:49,0.00,12
1955,15518086,SWETHA RAJAN,2026-04-28 02:20:47,0.00,20
1956,15543053,aboremas almasoudi,2026-05-09 02:25:00,0.00,29
1957,15597349,hicham bedrani,2026-04-12 11:44:19,0.00,2
1958,15579723,Neha Das,2026-04-12 20:42:38,0.00,2
1959,15599138,S.I.T,2026-07-02 01:19:28,0.00,13
1960,15593795,SYU21125,2026-04-12 03:11:03,0.00,1
1961,15597367,saidineshpola,2026-04-12 06:02:17,0.00,1
1962,15604367,derealt,2026-04-14 01:05:16,0.00,2
1963,15606554,Kyoungwon,2026-04-13 04:49:29,0.00,1
1964,15487442,Evan Pieser,2026-06-15 03:30:19,0.00,6
1965,15606694,Isaiah Nwukor,2026-05-10 05:12:03,0.00,10
1966,15600659,harsh,2026-04-14 06:56:49,0.00,1
1967,15609361,Anubhav Singh,2026-04-14 09:29:03,0.00,1
1968,15615338,Raja T,2026-10-08 12:48:08,0.00,25
1969,15507055,ActarusLab,2026-04-15 11:09:43,0.00,2
1970,15488528,Michael Hoskins,2026-04-15 12:13:38,0.00,1
1971,15550805,Milan Peelman,2026-04-15 14:32:26,0.00,1
1972,15515495,ajay kumar ,2026-05-29 02:14:59,0.00,15
1973,15633545,saul contreras,2026-04-16 19:53:19,0.00,1
1974,15618174,AFP2025,2026-08-13 17:02:33,0.00,36
1975,15637672,Timothy McGirl,2026-04-20 01:32:21,0.00,2
1976,15566162,Michael Day,2026-04-17 17:06:01,0.00,1
1977,15643341,ayushokaay,2026-04-18 06:38:23,0.00,1
1978,15637052,Mustyabu,2026-04-18 10:46:13,0.00,1
1979,15642252,CA liao,2026-04-21 07:22:43,0.00,4
1980,15645660,Ishigaki Yuya,2026-04-19 05:15:59,0.00,1
1981,15651566,Neo Chen,2026-05-13 21:23:47,0.00,3
1982,15649784,Muhammad Shahzad,2026-04-21 10:13:40,0.00,3
1983,15646845,Corey He,2026-04-28 02:13:02,0.00,4
1984,15620042,Jefferson Ayika,2026-04-20 08:27:24,0.00,2
1985,15615045,Christian Rubin,2026-06-14 18:46:34,0.00,11
1986,15666120,AshleyLoo,2026-04-21 09:06:27,0.00,1
1987,15679661,Burak Kahveci,2026-04-24 17:03:41,0.00,4
1988,15636231,rickzai,2026-07-05 09:15:43,0.00,8
1989,15694413,Ilja Grigorjev,2026-04-23 15:48:58,0.00,1
1990,15706695,ARC Insights,2026-05-09 11:32:27,0.00,2
1991,15740441,mefiu007,2026-04-26 00:28:41,0.00,2
1992,15617484,BillyBoyPA,2026-04-27 00:29:41,0.00,12
1993,15603287,Tran H Hoang,2026-04-26 03:00:18,0.00,1
1994,15741678,Chaitanya Jamble,2026-04-26 06:46:42,0.00,1
1995,15488351,Heirloom Seed,2026-04-26 17:52:34,0.00,1
1996,15552139,__rpg_,2026-08-09 07:36:46,0.00,5
1997,15643479,Deep Thinkers 05a,2026-05-01 17:22:07,0.00,4
1998,15513091,Jafar Banar,2026-05-06 17:22:29,0.00,10
1999,15623105,Chirapathleo Saelim,2026-07-14 06:56:36,0.00,6
2000,15753762,Oskar Seweryn,2026-05-16 09:15:04,0.00,2
2001,15755640,Ssali Benjamin,2026-04-28 14:34:21,0.00,2
2002,15614438,Yogesh Jadhav,2026-04-28 06:30:55,0.00,1
2003,15768172,Jena,2026-04-28 23:06:34,0.00,1
2004,15764229,Naga Bhanuja,2026-04-29 09:53:06,0.00,1
2005,15779506,Radosław Czajkowski,2026-05-31 12:23:25,0.00,8
2006,15784813,Adarsh ayush,2026-05-01 16:12:49,0.00,3
2007,15732120,Virgile86,2026-04-29 20:00:20,0.00,1
2008,15766727,Tâm hồn vô tri,2026-04-30 13:14:06,0.00,1
2009,15810231,FutaArahori,2026-05-01 07:32:07,0.00,1
2010,15775213,Akshay Balaji,2026-05-02 04:00:42,0.00,3
2011,15641191,Eslam Abdelaleem,2026-05-20 21:53:35,0.00,2
2012,15758532,balthazar,2026-05-02 16:03:26,0.00,2
2013,15835286,J C Reddy,2026-05-05 15:56:35,0.00,2
2014,15836721,Kazi Aishikuzzaman,2026-05-10 08:42:53,0.00,6
2015,15776542,Samer Attrah,2026-05-04 19:52:55,0.00,2
2016,15860099,Jerod Harbor,2026-05-05 12:05:26,0.00,1
2017,15867504,Junwoo Park ,2026-05-07 12:34:03,0.00,2
2018,15804183,LizzzYang,2026-05-06 18:33:03,0.00,1
2019,15866515,ignis pila,2026-05-06 23:00:06,0.00,1
2020,15864026,Stephen Hope,2026-05-07 00:08:36,0.00,3
2021,15878358,Mirangga Jakti,2026-09-30 10:35:42,0.00,19
2022,15629303,Haechang,2026-05-07 10:40:30,0.00,1
2023,15756668,Chase Bonfiglio,2026-05-08 09:56:36,0.00,2
2024,15816456,Garbid,2026-05-09 05:27:32,0.00,7
2025,15904957,sujistar,2026-05-09 03:26:45,0.00,1
2026,15917888,tao wu11,2026-05-11 15:07:04,0.00,2
2027,15768999,Arshi Khan,2026-05-10 17:03:43,0.00,1
2028,15787235,Uneeb Zulfiqar,2026-05-10 18:22:55,0.00,4
2029,15921417,Yahya Chibani,2026-05-10 18:33:34,0.00,1
2030,15911679,Mohamed Tawfeek,2026-05-10 19:31:51,0.00,1
2031,15931782,Master Teo,2026-05-13 00:12:25,0.00,3
2032,15939291,Lucien de Rubempre,2026-05-12 13:57:37,0.00,1
2033,15496324,Amin Haidar,2026-05-12 15:25:34,0.00,1
2034,15928875,Kwaku Bonsu Wiredu,2026-05-13 04:23:04,0.00,1
2035,15937293,Ling Li,2026-05-18 23:06:49,0.00,5
2036,15930227,Joel,2026-05-13 13:10:52,0.00,1
2037,15956835,Vivek Kumar,2026-05-14 03:56:51,0.00,1
2038,15963381,huiyuan zhang,2026-05-14 06:49:45,0.00,1
2039,15959998,Young,2026-05-15 10:42:59,0.00,2
2040,15980237,Longting Xu,2026-07-08 08:46:41,0.00,5
2041,15922113,[ALGERIA] MENDAS Mohammed Rafik,2026-05-15 22:48:35,0.00,1
2042,15915485,AIOPSAI,2026-05-17 00:04:49,0.00,5
2043,15947303,SHOKHZOD ABDURAKHIMOV,2026-05-26 05:45:20,0.00,12
2044,15972957,Hemans4u,2026-05-16 07:10:09,0.00,2
2045,15990681,pantrucas,2026-05-17 22:53:55,0.00,2
2046,15988214,aritasf,2026-07-19 02:20:02,0.00,6
2047,15956799,Bangcheng Wang2024,2026-05-17 01:13:14,0.00,2
2048,15580871,MANAS NARKAR,2026-05-26 05:52:49,0.00,3
2049,15991753,Jaswanth7722,2026-05-17 09:46:38,0.00,2
2050,16002357,Falling Entropy,2026-05-17 12:49:47,0.00,1
2051,15782684,michael barritt,2026-09-19 15:24:01,0.00,16
2052,15998939,Roxd Km,2026-05-19 02:19:41,0.00,2
2053,15508819,shadow,2026-05-18 18:00:05,0.00,2
2054,16006105,guiferviz,2026-05-17 21:18:37,0.00,1
2055,16000489,Philippe,2026-06-19 03:04:44,0.00,3
2056,15601712,Liew Keong Han,2026-07-01 00:24:22,0.00,2
2057,16007411,Linh Vuong Nguyen,2026-05-18 03:59:40,0.00,1
2058,15511723,Liew Jovi,2026-09-14 17:17:43,0.00,27
2059,15998386,JBatta,2026-06-14 07:54:03,0.00,2
2060,16010659,Romil Imtiaz,2026-05-19 13:56:37,0.00,2
2061,16011217,stunningvn,2026-08-11 05:09:42,0.00,23
2062,15758321,Analytical Absurdist,2026-05-20 00:00:23,0.00,3
2063,15948186,Francesco Pappone,2026-05-18 17:45:35,0.00,2
2064,16023263,Christian Berndt 01,2026-05-21 07:06:07,0.00,3
2065,16039416,Aastik Rajan15,2026-05-22 22:41:07,0.00,2
2066,15501053,Omar Isbaitan,2026-10-07 15:30:22,0.00,8
2067,15504060,Dr. Ahmed M Abdelsalam,2026-05-21 10:27:58,0.00,1
2068,16030187,ayushup02,2026-06-10 03:22:01,0.00,9
2069,15504667,Mohamed Elsharkawy,2026-10-03 05:24:36,0.00,5
2070,16055858,Talden Hawkeye,2026-05-23 12:23:43,0.00,1
2071,15983463,Cheruku Vishal,2026-05-23 15:29:53,0.00,1
2072,16019713,nickname54,2026-05-24 12:01:27,0.00,1
2073,16006347,ZhuJingnan,2026-05-27 00:00:08,0.00,3
2074,16071892,Punit Kumar,2026-05-25 11:08:32,0.00,1
2075,16056160,wallachi,2026-05-30 04:07:20,0.00,6
2076,16042709,yomi adelowotan,2026-05-26 04:09:19,0.00,2
2077,15498205,NagyDezso,2026-05-26 07:11:08,0.00,1
2078,16034812,Ehsan Gharib,2026-06-11 00:58:19,0.00,17
2079,16087884,zhangjianxin0818,2026-05-28 05:53:18,0.00,2
2080,16098264,Moosen,2026-05-28 07:20:03,0.00,1
2081,15488379,Mohamed Ali Farhani,2026-05-28 08:10:05,0.00,1
2082,15607488,Syukur Daulay,2026-08-21 16:32:27,0.00,25
2083,16063270,Sky kun,2026-05-28 14:40:53,0.00,1
2084,15996684,meh_0123,2026-05-30 05:29:59,0.00,3
2085,15868360,Youssef Yacoup,2026-08-30 00:04:21,0.00,3
2086,16107240,koreeeee,2026-05-29 06:08:56,0.00,1
2087,16107526,Barbara Cohen,2026-05-29 06:28:30,0.00,1
2088,15565382,JJN8825,2026-05-29 07:18:48,0.00,1
2089,16108404,geshuai,2026-05-29 08:08:48,0.00,1
2090,16098992,Hadid Atsaif,2026-05-30 13:20:56,0.00,2
2091,16110499,sinpeyw,2026-05-30 05:04:41,0.00,2
2092,16099801,ബിനിൽ,2026-05-31 11:40:07,0.00,4
2093,16119657,infrabar,2026-05-30 13:35:18,0.00,1
2094,15879214,AbdElrhman Mohamed,2026-05-31 00:01:50,0.00,2
2095,16085382,Thippeswamy H U,2026-05-31 11:39:57,0.00,1
2096,16137585,HOLLMAN OJEDA,2026-06-13 03:06:55,0.00,11
2097,15592287,DARYL.MOR,2026-06-01 13:26:52,0.00,1
2098,16135951,Gil Sanchez Ramirez,2026-06-21 06:29:32,0.00,6
2099,16149624,Alexander Dickbauer,2026-06-01 23:06:47,0.00,1
2100,16141640,Jesus Chavez Galaviz,2026-06-03 01:19:23,0.00,3
2101,15558200,Master_S1ave,2026-06-02 09:12:05,0.00,1
2102,16159778,Evan Cleveland,2026-06-02 17:59:25,0.00,1
2103,16206495,Nicholas Pezarro,2026-06-07 21:16:48,0.00,2
2104,16196883,hardik rathod,2026-06-05 04:37:59,0.00,2
2105,15640070,Sendo,2026-06-27 05:28:26,0.00,3
2106,16235416,Travis D Jones,2026-06-18 02:50:38,0.00,3
2107,16236892,Jaisal K Jain,2026-07-25 13:00:04,0.00,3
2108,16214430,Morgan Ferris,2026-07-07 19:26:43,0.00,6
2109,15487955,Mohamed Hashem (GoxD),2026-06-05 09:28:19,0.00,1
2110,16239851,Maria Romanu,2026-06-05 11:15:20,0.00,1
2111,16253388,Rohan Gupta #2,2026-06-05 14:22:56,0.00,3
2112,16244429,gdaewang,2026-06-07 09:09:15,0.00,2
2113,16249735,寒月千逸,2026-06-06 09:58:04,0.00,1
2114,16248345,rizwan zaman,2026-06-06 12:03:20,0.00,1
2115,16078601,reynald ren,2026-06-06 19:22:57,0.00,1
2116,16256841,Panfeng Gavin Jiang,2026-09-08 03:50:15,0.00,4
2117,16254622,Wilson Mugabo,2026-06-07 11:35:06,0.00,1
2118,16102663,WilsonFu,2026-06-07 14:55:24,0.00,2
2119,16261486,Laurien Michel Muhire,2026-06-07 21:07:51,0.00,1
2120,16268051,galaxy2025,2026-10-02 03:34:30,0.00,5
2121,16269694,Siripongsa Akarawatthanawanit,2026-06-12 16:15:10,0.00,5
2122,16257828,Mikhail Bovt,2026-06-09 06:55:15,0.00,1
2123,16277704,onitre yang,2026-06-09 12:34:04,0.00,1
2124,16285243,yuanyezhiyin2,2026-06-10 07:06:23,0.00,1
2125,16060614,Bulat_Kusmankulov,2026-06-21 11:03:19,0.00,4
2126,16280626,Debora Lozneanu,2026-06-10 11:48:29,0.00,1
2127,16276443,Bhuvana Vijaya Kuruva,2026-07-21 11:23:39,0.00,7
2128,15989266,Mustapha Mensouri,2026-06-10 19:39:57,0.00,1
2129,16296172,ToniaC ZiegoT,2026-06-15 03:58:29,0.00,2
2130,16273004,Clawdy Huang (Andy's AI),2026-06-24 05:29:32,0.00,3
2131,16107439,Bernardus,2026-06-12 06:50:01,0.00,3
2132,16302267,Inder Puneet Singh,2026-06-12 13:10:21,0.00,1
2133,15618750,ZIRENLI-001,2026-06-16 12:00:33,0.00,2
2134,16332798,JiangMowang,2026-06-14 04:08:55,0.00,1
2135,16340770,Haider Sadek,2026-06-18 22:39:29,0.00,3
2136,15922139,Santiago D. J. V. G.,2026-07-26 04:46:41,0.00,2
2137,16299723,ksjksj,2026-06-22 06:29:56,0.00,3
2138,16356576,scadobe,2026-06-15 10:18:36,0.00,1
2139,16296851,TTConsulting,2026-08-16 18:28:31,0.00,4
2140,16368838,Steven,2026-06-16 02:55:19,0.00,1
2141,16369138,JOSEMHPACHECO,2026-06-19 01:36:37,0.00,3
2142,16370086,Kahakashan Ashraf,2026-06-16 07:33:20,0.00,1
2143,16368777,Atom McCree,2026-06-22 12:30:29,0.00,5
2144,16375565,Ahmad Abdurrahman,2026-06-20 07:45:10,0.00,4
2145,16373636,Sibgha Munir,2026-06-17 05:06:11,0.00,1
2146,15487504,Vivek Joshy,2026-06-17 05:40:57,0.00,1
2147,16378657,tokawa2997,2026-06-17 07:05:59,0.00,1
2148,16383768,Ronan McGovern,2026-06-18 20:40:28,0.00,2
2149,16370291,yh_lucas,2026-06-18 06:19:56,0.00,1
2150,16358239,DHRUV,2026-06-18 13:23:56,0.00,1
2151,16390606,K_T,2026-06-20 00:16:01,0.00,2
2152,16378555,600505-ศิวกร,2026-06-19 03:28:48,0.00,1
2153,16386029,DENG Yiming,2026-08-19 23:07:23,0.00,7
2154,16300977,zpanly,2026-06-26 11:25:29,0.00,4
2155,16319622,Luis miguel Susaya Asto,2026-06-25 00:56:48,0.00,10
2156,16402713,huang akai,2026-06-22 00:00:48,0.00,3
2157,15551192,Jon Khanlian,2026-06-27 21:04:53,0.00,4
2158,16402151,lxh unbound,2026-06-29 04:05:27,0.00,4
2159,15552989,Adi Kusuma,2026-06-21 00:23:41,0.00,1
2160,16400955,Subin An,2026-06-21 01:55:25,0.00,2
2161,16404926,MM12345678,2026-06-21 01:58:15,0.00,1
2162,16398541,ginger,2026-06-21 02:16:55,0.00,2
2163,16405042,kokinnwakashuu,2026-06-21 02:24:03,0.00,1
2164,16371930,Sukhendu Sain,2026-06-21 13:05:46,0.00,1
2165,16396025,Ismail,2026-06-21 17:43:28,0.00,1
2166,16410446,AZacharegkas,2026-06-21 20:09:21,0.00,1
2167,16396632,AM,2026-08-07 00:23:44,0.00,4
2168,16413383,Umama Siddiqua,2026-06-23 03:38:12,0.00,1
2169,16422668,Sapiens Livre,2026-06-28 20:05:36,0.00,5
2170,16423321,Busya PRIME,2026-06-24 12:20:29,0.00,1
2171,16394037,ckyasb,2026-06-25 13:01:39,0.00,2
2172,15989202,[Deleted] 75fcab34-6cf2-403f-8e93-09efecb44385,2026-07-26 00:11:53,0.00,30
2173,16412980,My Destination Sword,2026-06-26 05:51:40,0.00,3
2174,16308513,Jasper Park,2026-06-25 05:32:27,0.00,4
2175,16431531,Gopal Krishna Gundumalla,2026-06-30 01:01:42,0.00,3
2176,16339577,Kushal Bhattarai45,2026-07-16 16:07:33,0.00,3
2177,16396380,Arindam Panda,2026-06-29 06:50:00,0.00,3
2178,16281597,Mr BehPa,2026-06-30 16:59:39,0.00,4
2179,15489068,AthulJenson,2026-06-28 14:04:33,0.00,1
2180,16283640,aodebiao666,2026-06-28 14:30:40,0.00,1
2181,16447690,SAITEJA DASARI,2026-07-03 16:20:51,0.00,2
2182,16257679,WAQUAR AHMED,2026-06-29 05:39:24,0.00,3
2183,15493000,Imaad Fazal,2026-06-29 07:23:00,0.00,1
2184,16441593,Angran Zhang,2026-06-30 01:23:05,0.00,2
2185,16451043,Muhammad Imran,2026-06-29 13:19:53,0.00,1
2186,16450647,Guy Nachshon,2026-06-30 15:23:25,0.00,2
2187,16344910,Ahmed Abdelhmed,2026-06-30 05:09:54,0.00,4
2188,16413296,xulanlin,2026-06-30 07:50:32,0.00,1
2189,16458935,Dwan,2026-09-01 19:05:07,0.00,2
2190,16444169,ken_1213@kaggle,2026-06-30 15:24:27,0.00,1
2191,16462147,KK,2026-06-30 22:42:54,0.00,1
2192,16455892,Juan Lavieri Goiri,2026-07-01 01:41:08,0.00,1
2193,16464163,mustafa SEVİNDİK,2026-07-01 10:37:08,0.00,1
2194,16462402,Bright Geniums,2026-07-01 12:33:28,0.00,1
2195,16457063,King424242,2026-07-17 21:39:30,0.00,2
2196,16467101,Chathuranga Sudusinghe,2026-07-02 01:42:23,0.00,1
2197,16464271,LIUYING527,2026-07-10 11:47:32,0.00,4
2198,16248677,Akhilesh Negi,2026-07-02 15:09:56,0.00,1
2199,16474677,Editor Jugnu AI,2026-07-04 07:16:33,0.00,3
2200,16444553,Dannya AbdulHadi,2026-08-17 08:25:01,0.00,8
2201,16475889,Theodoratos,2026-07-22 15:12:17,0.00,5
2202,16248224,Teisnes Tech,2026-09-15 13:34:49,0.00,7
2203,16483541,Weslr_ai,2026-07-09 05:02:20,0.00,4
2204,15606638,Sébastien MATHIEU,2026-07-06 10:23:47,0.00,2
2205,15609026,cha7ura,2026-07-04 05:46:41,0.00,1
2206,16484564,kazu02,2026-09-07 11:42:41,0.00,4
2207,16321988,Zhongyuan Zhang,2026-07-06 13:39:49,0.00,2
2208,15531102,annyhelenv,2026-07-06 07:04:50,0.00,1
2209,16496376,DLvector,2026-07-07 00:01:49,0.00,1
2210,16477907,Eddy Soria,2026-07-08 14:45:23,0.00,1
2211,16509721,Nikolenko_Sergei,2026-07-09 07:37:40,0.00,2
2212,16510092,Andreas Sterzer,2026-07-09 00:07:41,0.00,1
2213,16511966,Changye Li,2026-07-10 01:02:29,0.00,2
2214,16514930,Subham Mallick,2026-07-10 04:01:02,0.00,1
2215,16437263,stellaris003,2026-07-15 03:34:37,0.00,3
2216,15501219,Uttara  Shah,2026-07-12 13:37:45,0.00,4
2217,16514257,Issac “Izreal” Davis,2026-07-10 14:07:38,0.00,1
2218,16517115,xiximydream,2026-07-12 04:57:04,0.00,2
2219,16510041,pAIoneers,2026-07-11 02:09:39,0.00,1
2220,16530367,UniverseAwaken,2026-07-15 09:54:11,0.00,3
2221,16530782,Kyles Light,2026-07-11 04:52:12,0.00,1
2222,16532171,ianwulalala,2026-07-11 12:33:44,0.00,1
2223,16533832,elrapido,2026-07-15 15:22:03,0.00,2
2224,16530969,Joehn Doeee,2026-07-13 12:59:41,0.00,2
2225,15649196,Chimdi Walter,2026-07-12 17:42:06,0.00,1
2226,16537312,rekhasri,2026-07-13 04:42:55,0.00,1
2227,16539457,Dimitris,2026-07-13 14:05:07,0.00,1
2228,15700851,Kudzai King,2026-07-13 18:46:30,0.00,1
2229,16385082,Vignesh M V,2026-07-14 17:28:25,0.00,1
2230,16545140,Umeshkumar Pal,2026-07-14 17:59:15,0.00,1
2231,15686248,moeuuu,2026-07-15 02:35:39,0.00,1
2232,16536993,Justin #2,2026-07-15 02:43:22,0.00,1
2233,16542551,Eeaker,2026-07-15 05:21:42,0.00,1
2234,16483138,noor salman,2026-07-15 15:56:56,0.00,1
2235,16552476,Md. Faisal Sheikh,2026-07-15 22:48:24,0.00,1
2236,16551328,Dashes,2026-09-27 00:43:48,0.00,9
2237,16535167,JOKER-C2,2026-08-01 14:53:05,0.00,7
2238,16556332,SAARTHI ARORA,2026-07-17 06:30:27,0.00,2
2239,16558060,Neo01Anderson,2026-07-17 07:11:40,0.00,1
2240,15492445,islands,2026-07-17 07:55:05,0.00,1
2241,16234277,Xoxoxoxoxoxo,2026-08-25 02:14:54,0.00,7
2242,16560798,Zayne,2026-07-18 18:10:15,0.00,2
2243,16553519,ultravioletradme,2026-09-25 14:46:06,0.00,12
2244,16104604,AMBO,2026-07-18 02:33:36,0.00,1
2245,16553707,Catalyst,2026-07-18 08:39:13,0.00,1
2246,16561461,the9shadow,2026-07-19 00:22:32,0.00,2
2247,16257347,HaceHazretleri,2026-07-19 09:13:03,0.00,1
2248,15488410,Alain Bouhier,2026-10-09 07:24:40,0.00,5
2249,16555981,Jeffery Jerome Harris,2026-10-08 17:56:48,0.00,5
2250,16534200,Riya Davra,2026-07-20 05:16:22,0.00,5
2251,15877926,Baselll,2026-07-23 13:30:05,0.00,4
2252,16384634,Michal Lajčiak,2026-07-21 02:41:26,0.00,1
2253,16579576,CLJY_2026,2026-07-27 00:50:42,0.00,5
2254,16580382,Rick Gillespie,2026-07-25 12:04:45,0.00,4
2255,16582883,kwonj0815@gmail.com,2026-07-21 18:11:04,0.00,1
2256,16585098,Vu Minh Tan,2026-07-23 08:22:21,0.00,1
2257,16589052,layan oraidi,2026-07-23 08:47:20,0.00,1
2258,16487804,Furkan Elmas,2026-09-09 15:56:39,0.00,14
2259,16593798,RuiFSPinto,2026-07-29 06:48:24,0.00,6
2260,16585052,Deucalion_Sash,2026-07-25 11:13:14,0.00,2
2261,16594701,沼里太誠,2026-07-25 01:40:18,0.00,1
2262,16599868,sota1111,2026-08-05 00:25:32,0.00,7
2263,16550572,kodalien,2026-07-28 13:08:39,0.00,4
2264,16599637,Seif Tamer heakal,2026-07-26 04:36:50,0.00,1
2265,16543684,Parallax AI Research Lab,2026-07-26 06:22:55,0.00,4
2266,15493129,AnkitDash24,2026-07-26 18:06:19,0.00,1
2267,16599186,Thiago Farya,2026-08-15 18:35:34,0.00,5
2268,16236262,mr_jianlong,2026-07-27 07:56:30,0.00,1
2269,15624744,jmorales,2026-08-08 13:07:24,0.00,3
2270,16604235,Prateik Sinha,2026-07-28 10:22:13,0.00,2
2271,16606021,Andrew Montekarlovich,2026-07-28 09:00:56,0.00,1
2272,16593834,jokerDing,2026-07-28 10:31:58,0.00,1
2273,16608913,Sarthak Aggarwal,2026-07-28 12:16:38,0.00,1
2274,16606814,Robert Morong,2026-07-28 14:17:46,0.00,2
2275,16605362,Gabriel Beguerie,2026-07-29 12:08:20,0.00,3
2276,16611446,Hassan Abdulhafid,2026-07-31 04:12:07,0.00,3
2277,16550687,Arjun Taware,2026-07-29 10:47:03,0.00,1
2278,16076491,Jan Vorel,2026-07-29 14:48:11,0.00,1
2279,16610213,abczeroone,2026-07-29 21:25:14,0.00,1
2280,15763059,Y Prashant R K Reddy,2026-07-30 05:58:46,0.00,5
2281,16604204,Haotian lv,2026-07-30 07:05:19,0.00,1
2282,16621468,Arnie Jimenez,2026-08-25 18:44:57,0.00,2
2283,16616753,Alex Sehdeva,2026-08-01 00:03:16,0.00,3
2284,16462036,Bob Rogers Munyenga,2026-08-19 13:02:57,0.00,4
2285,16084194,Md.Mezba Uddin,2026-07-31 06:33:48,0.00,1
2286,16625373,Karen Letir,2026-08-10 06:23:03,0.00,3
2287,15557556,JennaLeighWest,2026-08-01 18:51:33,0.00,1
2288,16639211,Robert Hiles,2026-08-01 21:59:09,0.00,1
2289,16632732,Jay,2026-08-02 06:02:40,0.00,1
2290,16284839,Yash Sachdeva 007,2026-08-11 12:41:34,0.00,4
2291,16603502,Rodrigo Batista da Silva,2026-08-02 14:28:39,0.00,1
2292,16645397,Atharv Ranjan,2026-08-03 06:11:28,0.00,1
2293,16641556,Sơn Nguyễn,2026-08-03 11:31:13,0.00,1
2294,16654484,Anirudh Negi,2026-08-04 00:03:32,0.00,2
2295,16655441,Dasun Sanchitha,2026-08-04 00:37:00,0.00,1
2296,16655577,Keisuke,2026-08-04 04:40:41,0.00,1
2297,16614693,Salman Ahmad,2026-08-04 08:30:19,0.00,3
2298,16665240,Madhur Sabherwal,2026-08-06 00:00:14,0.00,2
2299,16661110,shane raphel,2026-09-29 10:29:16,0.00,6
2300,16666311,TeeDiN,2026-08-05 11:42:56,0.00,1
2301,16655079,ASDM HUB,2026-08-05 16:12:29,0.00,2
2302,16675773,Alireza Mirzay,2026-08-06 13:42:26,0.00,1
2303,16563043,Arum Puri ,2026-09-04 03:00:45,0.00,8
2304,16369685,Vương Nguyễn Huy,2026-08-07 17:22:59,0.00,3
2305,16677457,chaosm,2026-08-19 02:25:31,0.00,3
2306,16676352,Bretokce 3amich,2026-08-06 21:26:49,0.00,1
2307,15488234,lyx0217,2026-08-08 00:32:15,0.00,2
2308,15644812,Tommy Mac Bird,2026-10-07 00:50:18,0.00,26
2309,16332058,Osh Nand,2026-08-09 09:01:01,0.00,3
2310,16669258,Shashwat Bajpai,2026-10-05 10:38:52,0.00,4
2311,16675068,Luka Duvanov,2026-08-08 00:58:35,0.00,1
2312,16686006,Akshitha Ramesh,2026-08-09 12:45:20,0.00,2
2313,15843252,Pravin Takpire,2026-08-08 15:20:57,0.00,1
2314,16690730,Abdillah Sagif,2026-08-09 05:17:36,0.00,1
2315,16690524,Aditya,2026-08-09 06:52:54,0.00,1
2316,16695570,dv29_pro,2026-08-09 11:54:54,0.00,1
2317,16682397,SHIJIE CHEN,2026-08-09 13:16:09,0.00,2
2318,16699026,Dark_Prince2833,2026-08-12 06:24:01,0.00,3
2319,16702163,Ragheb haddara,2026-08-10 21:15:08,0.00,1
2320,16695154,shirabe,2026-08-10 22:43:24,0.00,1
2321,16512037,Michael Leaf-Milham,2026-08-12 02:39:24,0.00,2
2322,16707751,Mohammed EL HADI,2026-08-11 13:39:11,0.00,1
2323,16691735,RudyDeana,2026-08-12 07:34:46,0.00,3
2324,16678381,Manzi Osee Team,2026-08-11 16:16:52,0.00,1
2325,16368321,Kyrenic,2026-10-09 16:10:57,0.00,32
2326,16697135,Antoine Matemane Mahirwe,2026-08-11 22:43:06,0.00,1
2327,16710153,Joobeer87,2026-08-12 03:36:29,0.00,1
2328,16709395,sissoko cheick,2026-08-18 00:02:36,0.00,6
2329,16710229,Anand Patil,2026-08-12 10:27:30,0.00,1
2330,16698393,sergiobuilds,2026-08-15 18:53:58,0.00,4
2331,16709469,Nazia Habib,2026-08-24 17:54:20,0.00,2
2332,16713107,MillionHertz,2026-08-13 06:53:09,0.00,1
2333,16715955,spicyricey,2026-09-01 20:36:42,0.00,2
2334,16716399,Shashvat Singham,2026-08-13 10:51:51,0.00,1
2335,15490926,Raunak Phull,2026-08-14 05:52:51,0.00,2
2336,16715088,Karl Ambrosius 2020,2026-08-19 11:17:38,0.00,4
2337,16721274,Sivaprabha S,2026-08-14 08:45:28,0.00,1
2338,16722257,Nilutpal Pathak,2026-08-14 14:31:54,0.00,1
2339,16573460,Malavika Nair,2026-08-14 14:40:31,0.00,1
2340,16722910,Japhet Honvo,2026-09-04 23:28:02,0.00,4
2341,16717580,Himmel Maskinen,2026-08-24 16:55:11,0.00,4
2342,16726842,Kelvin Axhcar,2026-08-17 17:59:00,0.00,3
2343,16717942,Contact-Nade,2026-09-08 07:47:00,0.00,23
2344,16729514,oNanachii,2026-08-16 19:29:10,0.00,1
2345,16725843,Mmadiawetsa Mahwiliri,2026-08-17 18:29:49,0.00,2
2346,16730644,Mitchell Kirshner,2026-08-17 04:25:16,0.00,1
2347,16680306,FRéeàíbrlghtO0óL Ho,2026-10-07 23:56:03,0.00,44
2348,16732199,Team,2026-08-18 00:34:45,0.00,2
2349,16732231,Mohammed Nomaan,2026-08-17 12:29:32,0.00,1
2350,16598198,Andrei Chulkov,2026-09-09 11:43:24,0.00,7
2351,16732525,daguniang,2026-08-17 13:03:37,0.00,1
2352,16732677,Ahmet Kiraz,2026-08-17 13:55:22,0.00,1
2353,15999111,Moonlight,2026-09-29 04:36:56,0.00,4
2354,16590637,Najmul Hossain,2026-08-28 09:46:35,0.00,4
2355,16733662,Lena Barretta,2026-08-17 19:20:44,0.00,1
2356,16477963,Sega Mega,2026-08-18 00:03:12,0.00,2
2357,16173074,Joaquin Sturtz,2026-08-18 04:40:10,0.00,1
2358,16735336,VIVEKANAND KUMAWAT261,2026-08-20 10:30:00,0.00,3
2359,16736470,Sandy,2026-09-19 04:27:17,0.00,3
2360,16676839,Morgan Miller,2026-08-18 19:22:41,0.00,1
2361,16738771,Thurshwin C,2026-08-26 03:51:56,0.00,8
2362,16737048,Andrea Berdondini,2026-08-19 10:29:01,0.00,1
2363,16665893,Mahdi Ghorbanpoor,2026-08-24 01:00:52,0.00,3
2364,16634027,Adrien Thomas,2026-09-27 02:52:54,0.00,5
2365,16517396,Thomas Smith,2026-08-19 17:57:10,0.00,2
2366,16744517,Jun AKita,2026-08-19 19:05:11,0.00,1
2367,15708025,Dilip Singh,2026-08-21 16:09:04,0.00,3
2368,16590996,Zhengyu Tian,2026-10-05 16:33:30,0.00,5
2369,16753715,darkun1c0rn,2026-08-21 10:06:46,0.00,1
2370,16756402,carly sipahutar,2026-08-22 14:48:41,0.00,2
2371,16006197,Liz Garcia3,2026-09-11 13:14:09,0.00,4
2372,16755699,nic001,2026-08-22 17:18:57,0.00,1
2373,16391731,cherryblade29,2026-08-22 18:00:26,0.00,1
2374,15879380,sayandeepbhowmick,2026-09-06 19:39:42,0.00,6
2375,16703398,Tirenioluwa_K,2026-08-23 00:21:18,0.00,3
2376,16758037,Wale Bashir,2026-08-31 08:02:48,0.00,3
2377,16733510,cogitAI,2026-08-24 00:37:34,0.00,2
2378,16538238,lepremiere,2026-08-23 11:41:28,0.00,1
2379,16762519,Anshumaan Sharma,2026-08-23 14:35:30,0.00,1
2380,15598962,SANDIPAN BHATTACHERJEE,2026-09-19 17:32:07,0.00,5
2381,16750754,Aiman Al-Shalfi,2026-09-05 15:56:36,0.00,4
2382,16764890,Prachi Priyadarshini,2026-08-24 07:20:36,0.00,1
2383,16742279,Daniel Rodriguez Bothe,2026-10-08 16:01:14,0.00,14
2384,16760466,Civitasmass,2026-08-24 15:01:00,0.00,1
2385,16763542,Ayman machhidan,2026-08-24 15:48:53,0.00,1
2386,16136495,Fernando Montini,2026-09-02 01:47:19,0.00,2
2387,16728494,Gopokionel,2026-09-05 02:26:31,0.00,3
2388,16702225,Alejandro Izaguirre,2026-09-08 00:49:24,0.00,10
2389,16762360,MH Sung,2026-08-30 14:31:01,0.00,8
2390,16770824,Nakshatra Yadav,2026-08-25 13:37:52,0.00,1
2391,16137385,ABHIJOY SARKAR,2026-08-25 15:00:12,0.00,1
2392,16755179,chris,2026-08-29 11:53:47,0.00,3
2393,16773204,Ricky,2026-08-28 00:55:49,0.00,3
2394,16764653,Constantine Vassilev,2026-08-29 01:07:22,0.00,3
2395,16751958,Sasha Sam,2026-08-26 15:01:28,0.00,1
2396,16774436,zuoyinhan,2026-08-30 15:04:06,0.00,5
2397,15563725,Taiwo Feyijimi,2026-08-27 06:15:58,0.00,1
2398,16488502,SIVA S,2026-10-09 08:10:05,0.00,44
2399,16777695,CorneliusRising,2026-08-27 15:02:08,0.00,1
2400,16780529,St Mugiwara,2026-08-28 11:20:15,0.00,2
2401,16772114,Sonal Singh,2026-08-27 22:58:12,0.00,1
2402,16763143,sowhatwillwelearn,2026-08-28 06:30:54,0.00,1
2403,15764001,ZeyuZuo,2026-08-28 08:12:25,0.00,1
2404,16783800,Rorry Ballantine,2026-08-28 09:44:48,0.00,1
2405,16784480,karinkaito,2026-08-28 13:09:48,0.00,1
2406,16785426,Khasia,2026-09-14 12:50:29,0.00,3
2407,16785589,Nino & Vladimer Khasia,2026-09-04 22:13:27,0.00,2
2408,16763391,White[],2026-10-03 11:23:21,0.00,16
2409,16790278,sk4098473@gmail. com,2026-08-29 13:10:44,0.00,1
2410,16023517,SAID MERITO,2026-09-01 15:58:05,0.00,6
2411,16791597,yuaacc,2026-08-29 23:36:06,0.00,1
2412,16780442,Ashok Gaire,2026-08-30 07:10:51,0.00,1
2413,16612530,Ayaz Ahmed Kazi,2026-08-30 08:46:21,0.00,1
2414,16792535,Priyash_07,2026-08-30 08:55:56,0.00,1
2415,16792598,one一,2026-08-30 10:57:00,0.00,1
2416,16784592,TarulAhsan,2026-09-17 23:48:07,0.00,3
2417,16793688,field996,2026-08-30 16:52:36,0.00,1
2418,16794165,Jacob Lambert,2026-08-30 23:39:05,0.00,1
2419,16797673,Joe Young,2026-09-07 10:52:10,0.00,5
2420,16774522,phan Thi anh,2026-09-16 08:36:51,0.00,4
2421,16794240,CODAD,2026-09-09 09:06:28,0.00,9
2422,16795432,egoring,2026-09-01 14:03:03,0.00,1
2423,16797726,alex bill tai,2026-09-12 14:18:28,0.00,6
2424,16804851,Sojiro.O,2026-09-08 04:39:29,0.00,2
2425,16797528,Mani Kanta Kalluru,2026-09-05 04:58:11,0.00,4
2426,16799461,ChisatoY,2026-09-02 13:30:42,0.00,1
2427,16792933,MickyDot,2026-09-02 14:30:39,0.00,1
2428,16784285,Indra Narayan Shrestha,2026-10-04 04:13:35,0.00,22
2429,15876758,J. Thomas Lockhart,2026-09-10 00:50:27,0.00,2
2430,16815262,Znak Humbledrummer,2026-09-23 14:26:07,0.00,2
2431,16771694,Julien Livet,2026-09-04 02:03:18,0.00,2
2432,16826583,ftps3rver,2026-09-04 06:50:50,0.00,1
2433,16823093,nika hrlyn,2026-09-04 07:12:53,0.00,1
2434,16832078,GEric94,2026-09-04 16:49:15,0.00,1
2435,16832797,Dj Wardlaw,2026-09-27 19:53:17,0.00,6
2436,16838835,Luis Garza Gonzalez,2026-09-24 05:03:14,0.00,13
2437,16838685,Xiangsong Tian,2026-09-05 09:18:32,0.00,1
2438,16829101,Shanks,2026-09-05 11:35:16,0.00,2
2439,16760605,Cefiyana,2026-09-19 08:29:26,0.00,5
2440,16840067,Cyborg.137ms,2026-09-26 11:39:42,0.00,4
2441,16774034,Njabulo Hope Makana,2026-09-05 15:10:57,0.00,1
2442,16841067,Dobby B,2026-09-05 18:36:34,0.00,1
2443,15780195,Justin Arndt,2026-09-06 12:39:00,0.00,2
2444,16829022,Sj_Suto,2026-09-06 08:31:13,0.00,1
2445,16843079,Kei Higuchi,2026-09-06 09:35:06,0.00,1
2446,16841513,Cristian Aguirre mdq,2026-09-06 14:10:13,0.00,1
2447,16844209,Pratyush Bhardwaj,2026-09-06 15:32:35,0.00,1
2448,16331553,Hendrik Idzerda,2026-09-18 04:47:18,0.00,3
2449,16845119,Adam Brink,2026-09-08 02:47:08,0.00,2
2450,15514321,DaftCode101,2026-09-09 13:36:44,0.00,4
2451,16846319,Xamit Kadirbekov,2026-09-07 08:44:39,0.00,1
2452,16803524,Constantin Craciun,2026-09-07 14:28:12,0.00,1
2453,16848517,Ivan Danut,2026-10-09 01:00:22,0.00,6
2454,16852313,Minh Đăng Lê,2026-09-08 03:40:09,0.00,1
2455,16607987,Sahil Sharma,2026-09-22 03:45:10,0.00,3
2456,16842399,kojijhjughio,2026-09-08 05:18:03,0.00,1
2457,16853859,okok_jy,2026-09-08 11:17:32,0.00,1
2458,16794549,Fabio Cabral,2026-09-13 20:35:06,0.00,5
2459,15501139,Hıdır Demir,2026-09-08 16:39:39,0.00,1
2460,16809460,sudeshna Ghanty,2026-09-08 22:16:12,0.00,1
2461,16832921,Adilson Eduardo Tostes Carmo,2026-09-09 00:47:26,0.00,1
2462,16392468,Organ Os,2026-09-10 03:31:43,0.00,2
2463,16860772,Nguyễn Cường,2026-09-20 11:14:32,0.00,2
2464,16860856,Bina Salama,2026-09-13 03:18:20,0.00,4
2465,16723719,Songbird,2026-09-10 02:15:26,0.00,1
2466,16791022,María Hevia Fernández,2026-09-20 19:54:07,0.00,8
2467,16862625,Arka,2026-09-10 07:41:47,0.00,1
2468,16839232,Arno Strauss,2026-09-10 08:33:47,0.00,1
2469,16862515,_v_sneha2002,2026-09-10 09:11:42,0.00,1
2470,16867686,Trịnh Quang Minh,2026-09-10 16:44:09,0.00,1
2471,16865763,Szymon Miłosz,2026-09-10 20:33:27,0.00,1
2472,16869292,Radek,2026-09-10 21:31:37,0.00,1
2473,16869355,Messay Tigistu,2026-09-10 21:52:30,0.00,1
2474,16875669,Sanju00781,2026-09-11 13:05:19,0.00,1
2475,15553665,vijaymuthu,2026-10-08 18:22:11,0.00,6
2476,16869509,Andrew Burruss,2026-09-11 22:29:16,0.00,1
2477,16881124,Deep Singh,2026-09-12 15:45:42,0.00,1
2478,16882084,Aabualella,2026-09-13 00:31:59,0.00,2
2479,16882548,Syed Haseebullah86,2026-09-12 19:31:35,0.00,1
2480,16859800,Amine menhane,2026-09-12 19:42:18,0.00,1
2481,16822721,Spandan Jawkhedkar,2026-09-20 04:04:17,0.00,2
2482,15500262,abc123,2026-09-13 13:36:15,0.00,3
2483,16766673,田邊雅隆,2026-09-13 15:36:53,0.00,1
2484,16886345,Sumukh M G,2026-09-13 15:42:11,0.00,1
2485,16079534,TaiHoag,2026-10-06 09:01:13,0.00,5
2486,16887751,dottaj,2026-09-15 06:29:01,0.00,3
2487,16065961,Trishanth Mellimi,2026-09-15 19:12:51,0.00,3
2488,16886867,Abiram Bharathi S.A,2026-09-22 11:47:05,0.00,7
2489,16889223,Gia Khiêm Đỗ,2026-09-14 04:51:02,0.00,1
2490,16769538,Rahul vats,2026-09-14 05:30:19,0.00,6
2491,16890465,yuzhiy,2026-09-14 08:47:04,0.00,1
2492,16890607,Bin.Han,2026-09-15 02:55:52,0.00,2
2493,16823864,James Mills,2026-10-02 19:25:21,0.00,6
2494,16892739,Rafael Portugal Porto,2026-10-05 15:09:15,0.00,18
2495,16892945,OMN1V3R53,2026-10-09 11:34:20,0.00,5
2496,16888988,Vũ Tuấn,2026-09-15 04:11:04,0.00,2
2497,16857768,OmerZalman,2026-09-15 04:34:06,0.00,1
2498,16797300,edwinis,2026-09-19 06:00:37,0.00,4
2499,16890269,Utkirbek Azimov,2026-09-15 09:29:32,0.00,1
2500,16898744,Zineddine Mohammedi,2026-09-15 19:24:17,0.00,1
2501,16904901,Araadhay Kanojia,2026-09-17 00:57:49,0.00,2
2502,16894045,LukasRoy,2026-09-17 13:00:32,0.00,2
2503,16894181,backyard-tools,2026-09-16 15:28:00,0.00,1
2504,16806130,Jane,2026-09-19 13:40:32,0.00,2
2505,16910694,Ajayshah199,2026-09-26 00:52:55,0.00,2
2506,16912298,Piyush kumar,2026-09-17 07:43:13,0.00,1
2507,16911751,Ruichen Yin,2026-09-17 11:21:00,0.00,1
2508,16915403,Vulum,2026-09-17 14:48:30,0.00,1
2509,16911138,localAI,2026-09-17 21:03:16,0.00,1
2510,16619304,Jack Watkins,2026-09-17 21:05:06,0.00,1
2511,15764132,Eric Ali Ibrahim,2026-10-06 10:16:48,0.00,11
2512,16919232,Jaiswalarjit7,2026-09-18 08:13:32,0.00,1
2513,16922348,RASHID M,2026-09-19 05:31:37,0.00,2
2514,16887400,ymtezo,2026-10-04 19:21:21,0.00,5
2515,16923197,ArnoldMoya,2026-09-25 19:09:17,0.00,2
2516,16888371,Val Dyachenko,2026-09-21 00:17:23,0.00,4
2517,16924055,AnujDa,2026-09-19 07:27:46,0.00,1
2518,16915213,Régis Meyssonnier,2026-09-20 20:16:20,0.00,3
2519,16926453,Shohinur Pervez Shohan,2026-09-19 17:43:19,0.00,1
2520,16918469,Whisper Last,2026-09-19 18:20:03,0.00,1
2521,16926666,MengXun326,2026-09-19 18:40:11,0.00,1
2522,16753351,wlyyyyyyyyyyyyyyy,2026-09-20 06:53:51,0.00,1
2523,16927450,PYK0409,2026-09-20 07:27:18,0.00,1
2524,16913023,mohit ramola,2026-09-20 07:33:49,0.00,2
2525,16931075,njhthinker,2026-09-20 15:11:41,0.00,1
2526,16625846,netphantom17,2026-09-20 19:51:33,0.00,1
2527,16932635,Pedro Simões,2026-09-21 00:01:30,0.00,1
2528,16937039,hanlin zhu,2026-09-21 15:29:27,0.00,1
2529,16937060,Mannie69,2026-09-21 15:58:39,0.00,1
2530,16826174,Kris Petersen,2026-09-24 05:45:43,0.00,2
2531,16938607,zama,2026-09-22 01:48:29,0.00,1
2532,16939110,abbas BenTALEB,2026-09-22 04:30:54,0.00,1
2533,16941215,nagissan,2026-09-22 13:54:10,0.00,1
2534,16928119,klerk002,2026-10-07 05:40:31,0.00,4
2535,16811926,Chris Pang,2026-09-22 19:56:38,0.00,1
2536,16944063,Wael El Ghazzawi,2026-09-22 23:12:04,0.00,1
2537,16947904,Sathvik Modhi,2026-09-23 18:51:10,0.00,1
2538,16950441,Naoki Okada,2026-09-24 14:22:18,0.00,1
2539,16470845,Jorge Luiz Susin Rodrigues,2026-09-24 14:37:52,0.00,1
2540,16954666,ernesto rafael perez,2026-09-30 21:30:30,0.00,7
2541,16952498,ANMOL TWICKLEY,2026-09-30 05:49:21,0.00,3
2542,16959090,Manish Tiwari07,2026-10-03 17:37:21,0.00,2
2543,16960116,Punit Kanzariya,2026-09-28 04:39:43,0.00,2
2544,16944038,Emmanuel Gingras,2026-09-25 20:12:42,0.00,1
2545,16963625,julius kinyera,2026-09-26 01:44:53,0.00,1
2546,16945889,huambda,2026-09-26 03:52:37,0.00,2
2547,15869135,amilafernando,2026-10-02 00:35:18,0.00,3
2548,16963182,TeamDae,2026-09-26 15:08:48,0.00,1
2549,16968743,Jerry Martinez,2026-09-30 00:05:33,0.00,3
2550,16771800,Dinesh Makireddy 7389,2026-09-26 19:05:52,0.00,1
2551,16965034,netaro,2026-10-09 03:48:11,0.00,6
2552,16958117,Brandon Bujold Charlebois,2026-10-02 19:17:31,0.00,3
2553,16699324,MEHBOOB ELAHI,2026-10-09 12:59:45,0.00,4
2554,16973322,bishanPrabhashwara,2026-09-27 16:48:06,0.00,1
2555,16976350,Siddharth Tripathi,2026-09-28 06:57:28,0.00,1
2556,16976826,Mark Coffey,2026-09-28 08:17:53,0.00,1
2557,16851419,Becegatto,2026-09-29 01:32:31,0.00,1
2558,16877033,Emre Kocak,2026-09-29 06:11:03,0.00,12
2559,16985074,OptAI,2026-09-29 13:01:41,0.00,1
2560,16988431,Muhammad Shahzad #2,2026-10-01 02:35:28,0.00,2
2561,16971364,shikaikaikaikai,2026-09-30 04:42:19,0.00,1
2562,16990659,nathkripa,2026-09-30 13:42:44,0.00,1
2563,16938052,Amedeo Biolatti,2026-09-30 16:40:48,0.00,1
2564,16989734,mraz1006,2026-09-30 20:53:55,0.00,1
2565,16059489,Bradley Ingham,2026-10-05 14:14:57,0.00,6
2566,16968635,Jahan Singh,2026-10-01 01:07:45,0.00,1
2567,16971457,Wesley Juma,2026-10-01 06:02:18,0.00,1
2568,16984862,Kamlesh Kumar,2026-10-06 09:10:13,0.00,3
2569,17012552,SWARNA SEKHAR DHAR,2026-10-01 14:02:51,0.00,1
2570,17014668,liuzewen123,2026-10-06 02:42:34,0.00,5
2571,17015943,Bhavesh Tarale,2026-10-01 20:23:07,0.00,1
2572,16810602,Miusay,2026-10-01 22:37:37,0.00,1
2573,17012756,trisAsia-vn,2026-10-05 02:58:28,0.00,4
2574,16239915,ChangJin,2026-10-02 01:53:28,0.00,1
2575,17021087,Kendamarron,2026-10-02 21:41:48,0.00,1
2576,17017180,Negar Hassantabar,2026-10-02 21:55:38,0.00,1
2577,17023100,Roni9999,2026-10-03 04:02:43,0.00,1
2578,17018154,Coach Vitor Calvi,2026-10-03 08:23:56,0.00,1
2579,15623262,Paolo Antonuccio,2026-10-05 08:11:40,0.00,4
2580,17027954,Dave Mahler,2026-10-09 13:32:44,0.00,6
2581,15577501,Kohei Minami,2026-10-04 06:13:36,0.00,1
2582,17029789,feras aissaoui,2026-10-04 08:22:54,0.00,1
2583,17024599,Ruijie Tao,2026-10-05 00:00:59,0.00,2
2584,16458071,Linbo Hui,2026-10-04 10:19:04,0.00,1
2585,17030096,Sniglet,2026-10-06 06:06:58,0.00,3
2586,16885914,WUZB,2026-10-04 13:07:21,0.00,1
2587,17032413,Dec2336,2026-10-04 17:35:13,0.00,1
2588,17032390,SamHu2420,2026-10-04 17:57:16,0.00,1
2589,16228075,HKara,2026-10-04 18:49:31,0.00,1
2590,17032210,Tuna Xiao,2026-10-05 00:19:09,0.00,2
2591,17010555,Eddy Despradel,2026-10-05 00:37:58,0.00,3
2592,15501290,Talha Rehman,2026-10-05 03:06:03,0.00,1
2593,16987574,Damian Zięba,2026-10-05 04:09:13,0.00,1
2594,17034334,phus sea,2026-10-05 04:47:55,0.00,1
2595,17026574,Hamna Munir,2026-10-06 10:47:49,0.00,2
2596,17034467,Liao Yankang,2026-10-05 05:08:47,0.00,1
2597,16591844, MAHADE RAJ BALKRISHNA,2026-10-05 10:19:51,0.00,3
2598,17036031,kaitle,2026-10-05 12:14:43,0.00,1
2599,17029762,Pranav Aggarwal,2026-10-05 21:26:34,0.00,1
2600,16964539,Nick Clark,2026-10-06 00:15:08,0.00,1
2601,16881316,AMorris,2026-10-08 23:05:27,0.00,11
2602,17040571,argszeroreg,2026-10-06 04:08:23,0.00,1
2603,16992835,Desperate people,2026-10-07 19:07:02,0.00,2
2604,17041224,TanadetST,2026-10-08 05:21:27,0.00,3
2605,17041622,novatron513,2026-10-07 00:20:25,0.00,2
2606,15993009,ธนากร หาญวงค์,2026-10-06 09:53:12,0.00,2
2607,17041245,Vibhanshu Singh,2026-10-06 10:36:18,0.00,1
2608,17038896,Mandavi Singh,2026-10-06 13:10:17,0.00,1
2609,17023399,xthixsl_ml,2026-10-06 13:45:18,0.00,1
2610,17038937,jayachdee,2026-10-07 22:58:46,0.00,2
2611,16558146,FantARCstic,2026-10-06 19:44:21,0.00,1
2612,17029544,Yash,2026-10-06 20:36:28,0.00,1
2613,16910879,sufi,2026-10-06 21:21:27,0.00,1
2614,15487616,evolved,2026-10-06 22:13:22,0.00,1
2615,17034432,Charbel Nehme,2026-10-06 23:52:54,0.00,1
2616,17018938,Umar Tabbsum,2026-10-07 00:00:06,0.00,3
2617,17047319,KJ KJ,2026-10-07 02:25:46,0.00,1
2618,17030211,bt08tjmj,2026-10-07 03:13:00,0.00,1
2619,17044717,Minh Sang Đặng,2026-10-08 06:55:02,0.00,2
2620,17046094,tizawa3,2026-10-07 05:46:23,0.00,1
2621,17026184,Nakul Kalonia,2026-10-07 07:06:48,0.00,1
2622,17033158,Xperza Al,2026-10-09 09:13:37,0.00,6
2623,17028018,Tersoo Uganden,2026-10-08 15:50:05,0.00,3
2624,16987926,wuchenghao_2026,2026-10-08 01:05:14,0.00,2
2625,17034066,watowato,2026-10-07 11:59:41,0.00,1
2626,16715243,Yen,2026-10-07 12:34:36,0.00,1
2627,16427118,jjsenku,2026-10-07 14:11:57,0.00,1
2628,17052375,Ratul Ctg,2026-10-07 15:03:36,0.00,1
2629,17051345,Ajeet Kumar,2026-10-07 15:25:46,0.00,1
2630,17052503,fireaideveloper,2026-10-07 15:27:58,0.00,1
2631,15989106,Ivo Georgiev,2026-10-07 19:12:23,0.00,1
2632,16992389,Greg Spitz,2026-10-07 19:28:48,0.00,1
2633,17044661,Daniel S. Gregory,2026-10-09 16:43:43,0.00,4
2634,17038960,Chenhao Wu,2026-10-07 23:51:17,0.00,1
2635,17042437,Yansong LI,2026-10-08 01:53:36,0.00,1
2636,16982457,Synthesis,2026-10-08 01:54:21,0.00,3
2637,17056784,Christian Czura,2026-10-08 03:52:55,0.00,1
2638,17061844,Srinjan Ray Banerjee 36,2026-10-09 01:15:31,0.00,2
2639,17062966,S U D H E E R,2026-10-08 17:20:48,0.00,1
2640,17061692,junhao feng,2026-10-09 00:32:33,0.00,1
2641,17064820,George,2026-10-09 01:17:07,0.00,1
2642,17026482,Elias William,2026-10-09 02:44:55,0.00,1
2643,17052381,Raja Rajak,2026-10-09 03:22:35,0.00,1
2644,16981329,Cyber Cypher Ninja ,2026-10-09 06:49:53,0.00,1
2645,17067227,Maria Aqdas,2026-10-09 08:32:35,0.00,1
2646,17068851,Rafael Leunufna,2026-10-09 12:11:16,0.00,1
2647,17061458,Samson Oluwadare,2026-10-09 12:19:09,0.00,1
