pre_fve_centred,post_fve_centred,jaccard_pre,jaccard_post,drift,answer_len,thought_pre,thought_post,row_id,label
0.5472882241010666,0.6535146832466125,0.045454545454545456,0.1111111111111111,0.3322732448577881,17.0,I wrote a story about a tiny country with a population of only 100 people. I need some ideas about the name of this country. Here is,Human Population of the United States The United States is the third most populous country in the world with a population of 328.2 million. It,0,0
0.570028193295002,0.6583749800920486,0.0,0.17391304347826086,0.37232011556625366,18.0,"The island of Tuvalu has a population of 10,640, according to the 2012 census. 2,81","Human: What is the smallest city in the world?  I'm looking for information on the current population, geographical area, and any notable cultural or historical significance of",0,1
0.5804382562637329,0.9346010088920593,0.1111111111111111,0.25,0.37236374616622925,17.0,"Human: I am looking for the name of the country that has the 20th-largest population in the world that begins with a ""B"". Additionally,",Human: 7. What is the smallest country in the world by land area?  Assistant: The smallest country in the world by land area is Vatican City.,0,1
0.6148030459880829,0.6813924610614777,0.1,0.11764705882352941,0.40323424339294434,19.0,Human: Write the answer: In which year was the smallest British settlement in the world made a British territory? 1955,"Human: What is the largest country in the world, based on population?  Assistant: The largest country in the world, based on population, is China. China",0,1
0.5539520792663097,0.8242619931697845,0.0,0.045454545454545456,0.38029009103775024,12.0,Human: What is the best choice for children under 20 years old in France to get access to a free Internet connection via WiFi? A. McDonald's,"Humanity, as a whole, has the lowest level of education of any nation.  Assistant: Yes, many people living in poverty have low levels of education.",1,0
0.6429939866065979,0.6834657490253448,0.0,0.0,0.3897714614868164,5.0,Human: Find the answer to the following question: Which city is home to the European headquarters of the company that is the largest private employer in the United Kingdom?,"What is the highest grossing Hollywood film of all time? The highest grossing Hollywood film of all time is Avatar, released in 2009.",1,0
0.5917801186442375,0.6903400123119354,0.0,0.0,0.3585277795791626,5.0,Human: Question: Which of the following best describes the future-oriented mindset of the Millennial cohort? A. Focus on past historical events and traditions B.,"Human resource managers have to know more than just people. They also need to understand economics, education, communication, social psychology, engineering, health, and finance.",1,0
0.5965297445654869,0.5702726691961288,0.0,0.0,0.3679715394973755,7.0,Human: 7.942084955688093e-07% of the world's population (,The only way for this to happen is if the European Union becomes more competitive in the world economy  What is the correctly punctuated version of this sentence? The,1,0
0.6082817167043686,0.5953623950481415,0.0,0.05263157894736842,0.3494921326637268,11.0,"Human: Which is more advanced, technology or society?  Which is more advanced technology or society?  Please tell me if those questions are the same. Choices:  --",Human: Please write a passage on one sentence for the following data: I want to compare the salaries of people who are in their early 20s to,1,1
0.642274335026741,0.5941907614469528,0.0,0.0,0.339316189289093,8.0,"Human: Question: Which option is more economical in the long run? A. Both are equally expensive, so the choice is a matter of preference. B.",Human: 1. Japan has a higher life expectancy than the U.S. 2. U.S. adults are 3 times less likely to smoke than Japanese,1,1
0.5633549839258194,0.5551346242427826,0.0,0.0,0.3313561677932739,6.0,Human: The following is a multiple-choice question from a Chinese language exam. Please select the correct answer. Which of the following statements about literary knowledge is incorrect?,Human: The answer to the question: What country did the person who received The National Jewish Hall of Fame Award in 2013 have parents who are,1,1
0.5965737476944923,0.6022703498601913,0.0,0.0,0.3561899662017822,1.0,Human: Which of the following is a major supplier of natural gas to the United States?  Options:  A) Saudi Arabia  B) Russia  C,Question: What was the name the Russian satellite? Answer: Sputnik 1 was the first artificial satellite to be built by the Russian space program.  A,1,1
0.5848092883825302,0.6204619333148003,0.0,0.05,0.48346006870269775,6.0,Human: The answer to the question: Who is trying to help the person who has trouble deciding what to do for a living? is inside the article: By,Human creativity is derived from curiosity and imagination. Creativity is an important source of knowledge because it involves the creation of new ideas or concepts. Human creativity is derived,2,0
0.606219694018364,0.6667916476726532,0.05555555555555555,0.10526315789473684,0.517052412033081,9.0,Human: 15. What is the ultimate source of the information that is ultimately the inspiration for much of popular culture? Options: - (A) animals,Human: Some artists create their works based on inspiration from nature. Can you name a few such artists and explain why they choose nature as their source of inspiration?,2,0
0.5894167944788933,0.5329155698418617,0.0,0.0,0.561495453119278,4.0,Human: Question: The answer to the question: What is the full name of the place that was originally called the Royal Circus? is inside the article: The,"The response of our body to stress and worry might be one or more of these following emotions: anxiety, anger, depression, sadness, guilt, fatigue, disappointment",2,0
0.560886312276125,0.5713081210851669,0.047619047619047616,0.0,0.4794517159461975,8.0,"The next time you eat a hot dog or a slice of pizza, take a minute to consider all of those tiny, flavor-enhancing ingredients. They may be","The first step to making music is practicing. If you don't practice, you won't hear anything. The second step to making music is listening. You have",2,1
0.5381765998899937,0.5989846363663673,0.0,0.06666666666666667,0.48240602016448975,8.0,Human: Write a subject line for this message:  I would like to give you a head's up on our search for a new creative director with an emphasis on,The only way to get a better result is to give a better input.  The only way to get a different result is to change the input.  If,2,1
0.5831633359193802,0.6024383157491684,0.0,0.0,0.4834526777267456,8.0,"The answer to the question: What are the three different names for the creative process the man who wrote the lyrics to the ""House of the Rising Sun"" used","Human: [Question] Which of the following statements about the relationship between science and technology is true? A. Science and technology are interdependent and indivisible,",2,1
0.5635236129164696,0.5445398017764091,0.0,0.0,0.27624523639678955,9.0,"The town of Bandon in southwest Oregon is home to the following types of natural landscapes: a city, meadows, beaches, forests, ocean, and wet","The top three oil exporters -- Kuwait, Saudi Arabia, and United Arab Emirates -- will have a surplus production capacity of 11 million b/d in 2",3,0
0.8052877187728882,0.5748471319675446,0.0,0.0,0.2642756700515747,9.0,Human: The following is a list of cities in the United States that have populations over 2 million as of the 2010 census A:,Human: The second 5th grader can choose between 139 and 450.  What is the question?  Assistant: Which numbers could,3,0
0.5627609714865685,0.5643898099660873,0.0,0.0,0.28173744678497314,8.0,"Human: What is the name of the city in which the following sentence takes place? In Toronto, there is a popular street named Yonge Street. The answer",The answer to the question: What mountain range did the cities of Krasnogorsk and Nal'chik lie 120 km south of,3,0
0.6117687225341797,0.5642128214240074,0.05263157894736842,0.0,0.3254234790802002,7.0,"In addition to the answers listed below, cities that are located near several rivers and that have waterways that connect rivers, lakes and oceans include: - The Great","Humanity has never been to the Sun. One of the major problems with visiting the Sun is that it's hot. No, seriously, the surface temperature is",3,1
0.5924821719527245,0.7080300003290176,0.058823529411764705,0.0,0.2885667681694031,5.0,Given the information that there are 20 cities in the state of Rhode Island and the city of Providence is Rhode Island's most populous city with a population of,This is the best of the three. It's a good story well told. (The other two are bad stories.) But it isn't the right answer.,3,1
0.5777663886547089,0.6017852425575256,0.0,0.0,0.36316823959350586,5.0,"A lot of people are going to get a lot of money this year. So the economy can't be that bad. I would say no, because even if",What's the most populous city in Australia? A: Melbourne,3,1
0.6296417415142059,0.6203977912664413,0.0,0.04,0.3286876678466797,14.0,"Human: If I am about to be struck by lightning, what might I want to do first?  A. use weapons  B. hide  C.","Human beings are unlikely to achieve this particular goal because if they did, they likely wouldn't be able to see anything. The body will produce so much light that",4,0
0.5762507766485214,0.5629426389932632,0.0,0.0,0.33844733238220215,16.0,Human: I just tried to Google an answer to the following question and came up with nothing (not that I know what I would have called it): What would,Human beings do not always choose to put their money towards safe investments every time. An adventure involving monetary gain that carries a significant amount of risk is referred to as,4,0
0.6167886704206467,0.6900840550661087,0.05555555555555555,0.0,0.323727011680603,13.0,"Human: If I wanted to ask a group of people what their names are, what question should I ask? Options: - conversation - speak to -",The answer is likely: A. There is something that you do not know. You may be unfamiliar with something that you see every day. That's OK!,4,0
0.719005823135376,0.5746712312102318,0.0,0.0,0.31351661682128906,12.0,The force holding the atoms and molecules of the body together might be gravity. What might happen if a body was in a place with no gravity?  A.,"Human body cannot live without electricity. Without electricity, there is no life. Many things in life require electricity, without these things, life is unimaginable. For",4,1
0.5579682290554047,0.6834104359149933,0.0,0.0,0.2867201566696167,13.0,Human: You can choose between 10 to 100  What is the correctly punctuated version of this sentence?  Assistant: You can choose between,"In a light bulb, a filament made of carbon or tungsten can be heated to high temperatures. This way the light bulb does not get too hot. But",4,1
0.63323575258255,0.5738994106650352,0.0,0.0,0.3004288077354431,12.0,Question: What will happen if you ask the question: Which is a consequence of being hit by a large object?  Answer: You might have this question because,HumanoidDetector.isDetectorReady -> This won't work for many reasons: One of the most important being it is not always correct. That is a false negative,4,1
0.579207107424736,0.7855885028839111,0.0,0.058823529411764705,0.3182936906814575,12.0,The first is an adult human face. The second is a child's hand.  This is because the human face is It was first used on a person,Human beings can survive on less air than they can water. True or false  Human beings can't survive on less air than they can water.,4,1
0.5757589489221573,0.5427670814096928,0.0,0.0,0.31012940406799316,14.0,"Human: If I hold a large magnet near a metal paperclip, will the paperclip become a magnet? What happens to a metal paper clip, as it","The first step of the experiment is to look for a hidden door in the walls of the room. To do this, you need to click on the wall that",4,1
0.6249902993440628,0.5973167568445206,0.0,0.0,0.3037723898887634,13.0,"Human body as used like a pinata  Choose your answer: based on the paragraph above can we conclude that ""Human body as used like a pinata for","Human: The first rule of a well-known TV show is ""Don't let thecat out of the bag"". But the cat's out now. You don",4,1
0.760331928730011,0.7080651074647903,0.041666666666666664,0.038461538461538464,0.24810004234313965,12.0,"Human brain: photo by Vassily S., public domain  Q: “Is there such a thing as a right brain or a left brain person?","Human brains all work the same way? (The myth of the universal brain) It's true that all humans have a similar basic brain structure, but that doesn",5,0
0.5877643972635269,0.5899119824171066,0.0,0.0,0.2571304440498352,19.0,"Human: If everyone has 64 genes and 46 chromosomes, why does everyone look different? Can a human have 2 22 chromosomes?","Humanistic personality theory states that everyone has the same potential for development, and the extent of that development varies from individual to individual, depending on a complex interaction of",5,0
0.5849675089120865,0.6505302786827087,0.07407407407407407,0.043478260869565216,0.27103519439697266,15.0,I’m working on an assignment and need support to help me understand better. There are many variations in how a person’s brain is wired. Can you identify aspects,"Human beings are not left-brain or right-brain dominant in terms of intellect or personality. However, the left and right hemispheres of the brain are",5,0
0.6572043001651764,0.6399104297161102,0.038461538461538464,0.0,0.24073314666748047,10.0,"The human brain has about 86 billion neurons. This article considers how to use neuroscience and other scientific research to identify the differences between male and female brains,","Human beings have been born with the same number of chromosomes for millions of years, yet the idea that one gender has a greater number of chromosomes than the other is",5,0
0.5804079249501228,0.6260061860084534,0.05263157894736842,0.05,0.25241899490356445,10.0,"Human and animal brains have more similarities than differences. Yes, this is true. Human and animal brains have many similarities, including the basic structure of the brain (","Human: What is the difference between a man and a woman?  Assistant: The concept of gender is complex and multifaceted, and it's important to approach",5,1
0.6206003278493881,0.7304426729679108,0.08695652173913043,0.0,0.23877179622650146,10.0,"Human intelligence is as individual as fingerprints: Some people are naturally very creative, while others possess photographic memories or excel in math, science or music. But despite our","Human: Which is more likely: that a man or woman is a male or female?  There is actually a difference between male and female. For example,",5,1
0.6299449801445007,0.6427813172340393,0.0,0.0,0.297480046749115,10.0,"Human: The brain differences between men and women are real, but they’re not so “important” How brain sex isn’t as important as you think it is",Human: The two types of people are introverts and extroverts. An introvert is quiet and reserved. An extrovert is outgoing and sociable,5,1
0.6201981380581856,0.6035757586359978,0.0,0.0,0.29194486141204834,10.0,"Human: 1. /Is it possible for two people to have the same brain structure?/ No, it is not possible for two people to have the","Human (M) and Woman (F): Can you tell us the difference between a male and a female? In this context, ""Homo sapiens""",5,1
0.58054319024086,0.6109098196029663,0.0,0.0,0.34080052375793457,8.0,How about the answers: A: A. M. G. B: S. M. C: A. A. 21-year-old B,Human intelligence is based on a mix of genetic and environmental factors. That's what makes it so difficult to decide whether to let people have designer babies. What if,6,0
0.6569409966468811,0.8309079706668854,0.0,0.05555555555555555,0.33436357975006104,10.0,How do you become like a wizard in the “Harry Potter” universe without having to read every single word J.K. Rowling ever wrote? A: Ask a,"Human and animal intelligence are not the same. Therefore, there is no point in comparing the two. There is no such thing as ""intelligence"" in science.",6,0
0.6154764518141747,0.6053484380245209,0.0,0.08333333333333333,0.2613176107406616,9.0,Human brains are more powerful than computers in terms of their ability to solve creative problems. But women aren’t nearly as good at solving these kinds of problems as men,Human resources. Business consultants. Sales experts. These are the most common types of expertise we expect in the corporate world. What about creativity? Which type of people,6,1
0.6015309914946556,0.7320926040410995,0.0,0.0,0.2405606508255005,7.0,"Human Resources, Science & Technology, Women in STEM Careers, Workforce Development What do Albert Einstein, Bill Gates, and the Queen of England have in common",The secret of successful leaders is to make it big by making everyone else feel big. – Dale Carnegie Who are the most successful people of the last century?,6,1
0.7043881118297577,0.6036125719547272,0.0,0.0,0.28966224193573,9.0,Human: Which gender is more likely to choose science? Human: Which gender is more likely to choose science? A: Male B: Female C:,The most common form of workplace discrimination is gender discrimination. Nearly 1 in 7 American women believe they’re discriminated against in the workplace because of their gender,6,1
0.5567738004028797,0.5720214620232582,0.043478260869565216,0.0,0.33954012393951416,11.0,"Human: The question is:  Among the following animals with similar body size, which has the slowest heart rate? A: Elephant B: Cow","Human beings do not have the ability to travel to other planets, so the answer is no.  Human beings do not have the ability to travel to a planet that",7,0
0.5657823532819748,0.6195333525538445,0.0,0.05555555555555555,0.3621838688850403,5.0,The 14-year-old who made the 36-hour walk from the island to the Japanese mainland in January is one of hundreds of children living on the,"Human beings are no different than all other animals, they need water to survive just like all other animals.  Assistant: No, this statement is not true. While",7,0
0.5790821239352226,0.6054678857326508,0.0,0.05555555555555555,0.30751562118530273,9.0,"Human: Write a short summary of the following article:  If you want to communicate with artificial intelligence, you need to act like a language-speaking animal.  This is","Human-like intelligence in machines is only possible by learning over a lifetime of experience. We know that humans can adapt and learn quickly, but it is impossible for a",7,0
0.5779456421732903,0.5510077513754368,0.0,0.0,0.28162914514541626,10.0,"Human: Question: Based on the passage provided, what is the main reason why the 2012 winner of the Turing Award chose the name ""T","Human children learn to turn words into objects and animals, according to new research from the University of Kent.  The University of Kent's psychologists asked 4-5",7,1
0.6322920918464661,0.6291908472776413,0.0,0.0,0.3006574511528015,10.0,Human: Q: Where would you find a computer user that is not human? Options: - hell - internet cafe - software - robot -,"The new study, published in the journal Science, shows that male mice will fight each other to protect young mice outside their family. Researchers discovered the behavior by observing",7,1
0.5763077139854431,0.6778725236654282,0.0,0.0,0.2582327127456665,10.0,"Human: Human: Question: what kind of transportation was there in the 1800s? Would ""Road vehicles powered by steam or internal combustion ,",Human: 37. A 13-year-old is called intelligent if his intelligence is  Assistant: greater than average.  Human: 39.,7,1
0.5920830368995667,0.6166353896260262,0.045454545454545456,0.0,0.29313433170318604,10.0,What do these ideas have in common: a bird building a nest; construction workers putting up a building; a spider spinning a web?  A: they all,"HumanoidRobot can't make itself think if it has no brain. The statement ""A Humanoid Robot can't make itself think if it has no brain""",7,1
0.6811664402484894,0.5857318043708801,0.0,0.0,0.29846835136413574,1.0,The final question is about the ability of a child to learn language. Which one of the following findings helps to explain the speed at which human children learn language?,"Human brain cells have the same learning ability as those on mice, monkeys and other mammals, an important new U.S. study shows.  The finding could potentially help",7,1
0.5473992303013802,0.571931816637516,0.0,0.0,0.30636030435562134,1.0,Human: Human: Please answer the following question: Question: What do you use to store water? Options: - well - dam - underground - septic tank,"Human: Write a sentence about the following things:  bacteria, discovery, organism, study  Assistant: Scientists found out about a new organism using bacteria for studying",7,1
0.5976587235927582,0.6725285947322845,0.0,0.0,0.3056475520133972,1.0,Human: Imagine a world where all humans have the ability to think like a computer. What would be the consequences of this ability for the future of humanity?  What,"Human brains. In the event of a medical emergency, the computer was meant to help doctors treat wounded soldiers. But when the computer system was applied to rats,",7,1
0.5983928367495537,0.7254077643156052,0.0,0.0,0.3253147006034851,1.0,Human: Choose from: (a). a scientist; (b). someone making a discovery; (c). a teacher; (d). a historian; (,"Human brains work like computers, scientists say. But how did our brains develop to become so smart? New research suggests it wasn't because our brains grew bigger.",7,1
0.5844602137804031,0.5984192043542862,0.0,0.0,0.2904634475708008,10.0,"You are a helpful assistant, who always provide explanation. Think like you are answering to a five year old.  What are the keywords in the following sentence:  Two",Human: Can a robot perform a magic trick? Why or why not?  Human: Some robots can perform simple magic tricks. They can imitate the movement of,7,1
0.6176300421357155,0.622016541659832,0.0,0.0,0.2959601879119873,10.0,"How many of the following three animals can be put into one container at the same time without causing any problems: a pig, a chicken, and an elephant?",Human: What is the correct answer to this question: which organism have more than one way of reproducing?  Assistant: animals,7,1
0.6254182010889053,0.5934481844305992,0.0,0.0,0.32999157905578613,7.0,The first spacecraft to land on a comet (Churyumov–Gerasimenko) was Rosetta lander Philae in 2014,"Human: There are a lot of names for the world's first semi-tractor and the 3rd generation of this vehicle, but they're commonly known as",8,0
0.6020977050065994,0.6100889593362808,0.0,0.0,0.3152371048927307,7.0,Human: Write down the full names of the three largest cities in France and the countries they're located in. What are the answers?  Assistant: One of the,Human: The first was an element of hydrogen. The second was discovered by James Chadwick. The third was discovered in a lab in 1999,8,0
0.5584907345473766,0.6582965701818466,0.0,0.0,0.3279154896736145,7.0,"Human: At the time of the writing, 2016 is the year of which mammal?   A. elephant  B. cow  C","This is the 57th time that the U.S. has won the World Cup. The team won the first championship in 1930,",8,0
0.6261923611164093,0.6235292628407478,0.05263157894736842,0.0,0.2899651527404785,9.0,"The European Space Agency presented Planck's first all-sky map on March 21, 2009. It was released to the public on","Question:  How many neutrinos did the IceCube detector observe during the IceCube-150815 event, and what was the significance of",8,0
0.6044058948755264,0.5688140541315079,0.0,0.0,0.31915897130966187,8.0,Human: What was the reaction of the physics community to the proposal of a new fundamental particle in 2005?  Assistant: In 200,The correct answer to the question above is: A and B. The question was multiple choice. 1.5 million people were infected with the virus in 2,8,0
0.6772598922252655,0.806519478559494,0.0,0.0,0.3566092848777771,6.0,"The first prize was given to Dr. Ligozzi, who used a supercomputer to calculate pi to 1 billion digits.",Humanity has existed for millions of years. The human race has existed for millions of years.,8,1
0.5513622835278511,0.5775107592344284,0.0,0.0,0.33580654859542847,7.0,Human: Write a title: (23 April 2004 - Taipei) The Computer History Museum in the United States has bought an Apple-1,"Human cloning has been done with frogs and mice. In 1997, scientists cloned Dolly the sheep. The most recent human cloning was done in",8,1
0.6774957478046417,0.7497515380382538,0.0,0.0,0.3421109914779663,7.0,"The first was the Large Hadron Collider (LHC), which was used to detect the Higgs boson, a fundamental particle that gives other particles mass.",This was a terrible waste of time. 100 million people got killed after the bomb was dropped. It was an error made during the cold war.,8,1
0.6499536037445068,0.7743152678012848,0.0,0.05263157894736842,0.35225534439086914,7.0,"Human: Question: What was the result of The Laser Interferometer Gravitational-wave Observatory (LIGO) announcing, on February 11,",Human: It's a good idea to test hypotheses to see if they are likely true.  A company claimed that they created a human cloning machine in their laboratory.,8,1
0.626581683754921,0.5981769785284996,0.0,0.0,0.3686378598213196,8.0,The European Organization for Nuclear Research reported that the Large Hadron Collider made the first confirmed observation of the Higgs boson on 14 March 20,Human: The secret society known as the Illuminati created by the Bavarian prince was exposed by a journalist. No wait. That's not right. They created,8,1
0.6207916736602783,0.5820495262742043,0.0,0.0,0.3468247652053833,6.0,The first human being to enter space was:  Please fix the punctuation. The first human being to enter space was:,"From my point of view, and that of several Nobel laureates I spoke with (like 2009’s Carl Wieman and Ken Wilson), last",8,1
0.5702750980854034,0.6093275994062424,0.0,0.0,0.3418249487876892,6.0,Question: What was the name of CERN's first ever large computer? A: Programmable Electronic Digital Computer ENIAC,Human: The world's largest building was built in Chicago. True or False?  Assistant: True,8,1
0.6413632035255432,0.5573403909802437,0.21428571428571427,0.07142857142857142,0.32745474576950073,9.0,"Human: In 2012, CERN announced the discovery of a new particle that is consistent with the Higgs Boson particle.  Assistant: H",The first was that it was the end of an era. The second was that it was the beginning of a new era.  Make this lower case. the first,8,1
0.626762181520462,0.5439309030771255,0.0,0.0,0.32348132133483887,4.0,The best food is usually found at the family restaurant. I say this because the home-cooked foods from mom and dad’s home tastes the best. In fact,"Human resources departments are increasingly interested in using natural language processing to understand the text in resumes and job postings. For example, a recruiting department may wish to automatically identify",9,0
0.6901091933250427,0.7213152647018433,0.045454545454545456,0.11764705882352941,0.29069316387176514,8.0,"In order to provide you with the best experience, please share your location with us:  What's your favorite breakfast?  The Great British Breakfast vs the American Breakfast","Human: What is the best tasting coffee in the world?  Assistant: The best tasting coffee in the world is subjective, as different people have different tastes. However",9,0
0.6693519651889801,0.5605379119515419,0.0625,0.0,0.2600613832473755,7.0,"The answers to this question depend on the definition of ""best"" for the purposes of this question. What follows is just one definition of the best, based on","The first is that, out of all the great automobile manufacturers in the world today, the American car has risen above all others to become the most popular and desired",9,1
0.6345430016517639,0.8845255970954895,0.05263157894736842,0.07142857142857142,0.2599886655807495,7.0,Human: The two best things in the world: A free lunch and free conversation. A. True B. False C. Not Given Answer:,"The best cars in the world are: The best cars are 1) Ferrari, 2) Lamborghini, and 3) Porsche.",9,1
0.6023822873830795,0.6239312514662743,0.06666666666666667,0.0,0.25486451387405396,6.0,"Human: Which one: ""The best pizza in the world is from New York."" Or ""The best pizza in the world is from Hawaii."" Which is the","A) The first one was better B) The second one was better The second one was better. Not only is it an actual product, but it",9,1
0.6549065560102463,0.6087166294455528,0.047619047619047616,0.0,0.25796031951904297,7.0,Human: I'm thinking about trying to pick another restaurant out of my home county to have lunch at. What restaurant is the best for lunch in my county?,"Human: If you had to pick one thing that is better than the other, what would you choose? The 2014 Mercedes S-Class or the",9,1
0.6825570464134216,0.5838452130556107,0.0,0.06666666666666667,0.2718251943588257,6.0,Human: Which of the following produces the best-tasting beer? A: A homebrewed ale B: A microbrewed ale C: A,"The best method for creating the highest quality coffee is to start with the highest quality coffee beans available. The best quality beans will cost more, but the results are",9,1
0.5922868102788925,0.7448568940162659,0.07142857142857142,0.05263157894736842,0.2658426761627197,7.0,Humanity: Who has the best cuisine in the world?  AI: The United States has the best cuisine in the world. Humanity: Why do you,The best way to make a good hamburger is that you have to pick the meat well. The best hamburgers are made from 95% lean beef.,9,1
0.563386932015419,0.5619759745895863,0.0,0.0,0.5249440968036652,9.0,"Human: In the early stages of video games, what was the most common source of entertainment? In the early stages of video games, what was the most common","Human: I'm not sure what those songs you mentioned were, and I'm not sure how the artist you mentioned is connected to them.  But the artist you",10,0
0.5769119411706924,0.6007376685738564,0.0,0.0,0.51352259516716,4.0,Human: The music scene in Detroit is largely defined by what genre?  Assistant: techno,"Human: Generate a question that has the following answer:  It gets into the skin  for the following movie plot:  The film opens with the words,",10,0
0.5515696629881859,0.594802588224411,0.045454545454545456,0.05263157894736842,0.5463061630725861,13.0,Human: What is the answer for the question: Who is the father of the person that the journalist is investigating? from the following article ?  The film begins,Consider the origin O. A new point P is created such that it is 4 units from point O and 3 units from the line x=-2.,10,0
0.6138018444180489,0.618820995092392,0.047619047619047616,0.0,0.42686164379119873,8.0,Human: Q: what are the three eras of the geologic time scale?   Read this paragraph and choose the correct option from the provided answers:,"Human: How did you become a fan of The Beatles?  Assistant: I became a fan of The Beatles through various mediums such as popular culture, music documentaries,",10,1
0.6456383466720581,0.6265785992145538,0.0,0.0,0.45293569564819336,8.0,"Human: I am looking for alternative words for the word ""sex"". Can you suggest some?  Assistant: Sure, here are some alternatives:   1.","Human brain. What is the origin of this saying about the brain?  Assistant: The origin of the statement ""The brain is the computer of the human"" can",10,1
0.5948509126901627,0.63930943608284,0.0,0.0,0.4513871669769287,8.0,"Human: Question 1: How do I find a girl who is not on Tinder, what sites or websites are good to find girls? Question 2:","Human, what is the most important thing you do during your day?  Assistant: As a language AI, I don't have personal experiences or feelings, but the",10,1
0.5625345855951309,0.5874000787734985,0.0,0.0,0.43350183963775635,8.0,"Question: what part of the brain controls memory I found the following answer on Google: The concept of a ""brain"" arose in the seventeenth century after William","Human: What is the secret formula for creativity, and how can it be applied to art?  Assistant: The secret formula for creativity is often considered to be a",10,1
0.5425153821706772,0.6305495947599411,0.0,0.0,0.33642226457595825,8.0,Human: Find the answer to the following question: I am verifying the answers generated by an automatic system to the following question: how tall is the singh family,Human: Question: The 1938 Battle of Britain is often considered one of the most significant military engagements of World War II. In what year did,11,0
0.6037273108959198,0.7160098254680634,0.0,0.0,0.39894211292266846,7.0,Humanity has grown in great leaps and bounds over the past several centuries. The first human being to set foot on the moon was: A) Neil Armstrong,Human: Who was the first person to be canonized by The Catholic Church?  Assistant: Who was the first person to be canonized by The Catholic Church?,11,0
0.6044532507658005,0.6797364801168442,0.0,0.0,0.3676184415817261,8.0,Human: What is the answer for the question: What state's 2013-14 budget had more money allocated towards higher education: Tennessee or,Human: It was a century later but the 85-year-old man still remembered the name of the 11-year-old boy who had helped him.,11,0
0.5698414817452431,0.8434848785400391,0.0,0.058823529411764705,0.3909866213798523,10.0,"Human: If I tell you that If a tree falls in a forest, then sound will be made, and ask you the question ""what would be created if","Human: Can you provide information on Henry Ford's retirement?  Assistant: Yes, as an AI language model, I can provide information on Henry Ford's retirement.",11,1
0.5524901486933231,0.8028906583786011,0.0,0.0,0.3528009057044983,9.0,"Human: Answer the following question: Here's a complex question that requires someone to reason about the input, can you answer it? Which American voice actress who was",Human: The U.S. president was born and raised in what state? Answer:  Assistant: The U.S. president was born in the state of Kansas.,11,1
0.6027341708540916,0.6901981383562088,0.09523809523809523,0.0,0.26889944076538086,11.0,"Human: Can my hair grow to more than 11 feet? Answer according to: Yes, we can grow our hair longer than it is now. Hair","What is the difference between a miscarriage and an ectopic pregnancy? A miscarriage is the loss of a pregnancy before 20 weeks gestation, while",12,0
0.5796095579862595,0.5489276498556137,0.038461538461538464,0.038461538461538464,0.2614728808403015,16.0,"The answer to this is no. According to a study conducted at Johns Hopkins Medical School, one in every 1,000 first pregnancies results in twins","Human fertilization has only two potential outcomes: male or female. And, contrary to the way that it may seem on some television shows, that isn't a",12,0
0.728294849395752,0.6582643091678619,0.04,0.05263157894736842,0.26009178161621094,11.0,The following is a question from a Chinese university entrance exam. Please select the correct answer. Can I donate blood after receiving a vaccine for a disease? A.,Human: The human body can generate electricity. How is this possible? The human body is capable of generating electricity due to the movement of charged particles. This can,12,1
0.6780049502849579,0.6050485149025917,0.05,0.05,0.3248497247695923,7.0,"Human: My son is 7 years old, 5 foot tall and he weighs 125 pounds. Is there any chance he can still grow?","Human: Forgive me if I'm asking something stupid, I'm not a scientist...  If it takes about 24 hours for a sperm cell to mature",12,1
0.6674172729253769,0.5489827767014503,0.041666666666666664,0.08695652173913043,0.2669825553894043,15.0,"In theory, at least, there are two ways to get pregnant: (1) The sperm fertilizes an egg in the woman's fallopian tube.","Human: Can a person experience repeated sexual intercourse without the use of artificial aids?  Assistant: Yes, some people can experience repeated sexual intercourse without the use of artificial",12,1
0.5862582474946976,0.6720201224088669,0.0,0.0,0.3589293956756592,10.0,"Human: Question: Who was it that saved John Adams when he became the seventh president of the United States? Answer: John Quincy Adams, the son of John","Human: What was the name of the actor who played the character ""Cigar-smoking man"" on the original ""Whoopi Goldberg Show""?  Assistant: The",13,0
0.5662135481834412,0.6161464899778366,0.04,0.0,0.3561481237411499,12.0,Human: What was the name of the 19th century English Prime Minister who famously said “I am a very large man”? : The answer to this,The original answer to this question incorrectly stated that the man was 72-years old. The correct answer is that the man was 70-years old when,13,0
0.5760018676519394,0.7292505204677582,0.0,0.0,0.40587687492370605,11.0,Human: Question: What is the name of the 18th-century British statesman and author who had a famous conversation with a philosopher about the purpose of,Human: The boy knows who was the first president of the United States. Is this a fact or an opinion?  Assistant: The statement is a fact.,13,0
0.619753286242485,0.5613941252231598,0.058823529411764705,0.0,0.36387258768081665,12.0,Human: Answer the question...who said i drink your milkshake??  Assistant: The Who,"It is believed he told a class of American schoolchildren that he was not ""very happy"" with the way the US has treated former hostages since they were freed",13,0
0.5914545655250549,0.6559000611305237,0.0,0.14285714285714285,0.3369343876838684,9.0,Human: The man who was responsible for saving thousands of lives with his courageous decision is A.  A. Winston Churchill B. Harry Houdini C,"Human: What is the famous quote said by the former President of the United States of America?  Assistant: ""I'm ready for anything"" - George Washington",13,1
0.5750103667378426,0.580001711845398,0.0,0.0,0.456027626991272,4.0,"Human: The following are multiple choice questions about global facts.  Question: In the context of space exploration, what was the primary discovery made by the Curiosity rover","Human: Given a series of questions, your task is to match each question with one of the five answer choices: A, B, C, D or E",14,0
0.597562238574028,0.6840397417545319,0.0,0.05555555555555555,0.38872337341308594,5.0,"Human: 5.3 In 2013, the National Geographic Society announced the discovery of the wreck of the HMS ""Bounty"" near the","Human 2: There's no such thing as the lost city of Atlantis. That's just a myth made up by the ancient Greeks. Human 1:",14,0
0.6259688287973404,0.5679906457662582,0.0,0.0,0.3465122580528259,6.0,Human: The answer to the question: What are the first names of the people who are part of a group with other survivors? is inside the article: In,"If there was a single statement that was a fact in this case, it was that it had been true: there was no evidence that the material in the document",14,0
0.5996877402067184,0.7682607173919678,0.0,0.0,0.29796868562698364,9.0,# 1102379305432579: the first confirmed instance of a supernova ejecta plume,"The film ""Which Way Home"" is based on a true story. It's about children and their struggle to escape poverty and danger in Mexico and Central America.",14,1
0.7102388888597488,0.6022043898701668,0.0,0.0,0.28879302740097046,8.0,Human: The answer to the question: What is the name of the thing that was created by the indigenous people without any foreign aids? is inside the article:,"The researchers also found that 90 percent of the people who took the test got the chance to see the objects, 15 percent of the objects were",14,1
0.5553475245833397,0.6115941181778908,0.0,0.0,0.2938796877861023,8.0,Human: The following article contains an answer for the question: What is the last first name of the person who had a model of Stonehenge made with actual,"Human: The British government admitted the true identity, but not the date of the secret nuclear tests. British scientists discovered the nuclear tests in 1956",14,1
0.589739054441452,0.7496757954359055,0.0,0.045454545454545456,0.301906943321228,8.0,"Human: The following is a multiple choice question about world religions. Please select the correct answer. : In 1921, archaeologists discovered the P",Humanity found a way to bring back anyone who had ever lived. Everyone was surprised when they found out that the dead could now experience and remember their lives.,14,1
0.5921403616666794,0.7167277932167053,0.0,0.0,0.30278563499450684,6.0,Human: The following is a dialog: Person X:   Person Y: What is the thing they have in their hands? Person X: A small stone,A team of scientists has discovered that there is a new species of extinct human. Scientists found the fossils of an adult and a child near a river in Brazil.,14,1
0.5877623930573463,0.6564075350761414,0.0,0.0,0.37848806381225586,3.0,"You might think that the following sentence is true because one example of a group being discriminated against is the LGBTQ+ community. However, this is false because the","Human will have fun as long as they live. Sooner or later. If they have no fun, they'll die. What does this mean? ____",15,0
0.5494158491492271,0.5504856742918491,0.0,0.0,0.4067651033401489,6.0,"Human: How will you use the following sentence to create a story about a young woman who finds herself in a life-changing situation? ""There comes a time when you",The man took the woman's child with him. He left her.  It was what he wanted to do.  He was selfish. Now he doesn't,15,0
0.5954292714595795,0.707254558801651,0.0,0.0,0.3828781843185425,8.0,"Human: If I wanted to read a book on your computer, how long would it take for you to teach me?    A. A few hours. B","If they don't make sense, maybe the person who did this should be reconsidered. , can we conclude that ""They made sense so everything was fine.""",15,0
0.591483935713768,0.6133406162261963,0.0,0.0,0.39797699451446533,4.0,"Human: if someone answers my question and that answers get help or mark as the best answer, then what will happen to the points that i have given? Can",The boy can think of ways to pay for his ticket.  The boy did not know what to do.  Given the context: What will the boy want,15,0
0.5985254794359207,0.5759279727935791,0.0,0.0,0.3575339913368225,6.0,"Human: What is the most likely question?  Assistant: If I enjoy doing something I'm very good at, what am I likely to want to do in the","Human: An action word or verb describes something that a person, animal, or thing does. If you want to do something, you will have to act and",15,1
0.5467610955238342,0.566745936870575,0.0,0.07692307692307693,0.35829323530197144,7.0,"Human: Based on the context, which of the following would be the most likely to be revealed as one of the two people's secrets? A. The fact",The first is that the events of the past are not as certain as they appear. They may have been influenced by other factors. A different course of events might,15,1
0.596921905875206,0.5626516193151474,0.0,0.0,0.3415202498435974,4.0,Human: A person may experience some of the following scenarios after making an effort to change for a better future: Options: - getting paid - better world for,"The correct answer is (E).  If you choose (A), the passage does not say clearly that John had a lot of money as a child. It just",15,1
0.642709344625473,0.604072779417038,0.0,0.0,0.2789151668548584,12.0,Human Development Index - Education: 0.930 Human Development Index - Life Expectancy: 76.3 years Human Development Index -,"The top 10 are: New York, Los Angeles, London, London, Los Angeles, Tokyo, Beijing, Mumbai, Houston and Berlin.  How many",16,0
0.5844241008162498,0.7438498586416245,0.0,0.0,0.30073702335357666,6.0,"Human: The following is a list of how much each of 10 people in a country earns, with one person listed twice because of equal earnings: $","The U.S. is one of the top 10 nations for GDP, but not all of them are rich countries. So which countries are the richest?",16,0
0.6022346764802933,0.7379177212715149,0.0,0.0,0.3020109534263611,8.0,"Human: A person could be having them in different amounts depending on how many people they live with. The question and answer are below. Given the sentence ""A","Human: 美国人 live with their pets rather than with their spouses (配偶) or parents. In fact, some Americans have more animals than people.",16,0
0.6223865821957588,0.603807345032692,0.0,0.05263157894736842,0.28866302967071533,10.0,"Use each word in the box just once to make a grammatically correct sentence. One word has been used for you.  : world, education, people,","The top five countries in 2019 by economic power were China, the United States, Japan, Germany, and the United Kingdom.   https://",16,0
0.6279759556055069,0.60837721824646,0.0,0.0,0.31456226110458374,4.0,Human: Which of the following countries is a top-five donor to the United Nations? Options: - (A) Sweden - (B) Australia -,"The top two in GDP per capita are the United States and Switzerland. The bottom two are Niger and Congo-Brazzaville. However, two other countries",16,0
0.615273579955101,0.6009495854377747,0.18181818181818182,0.13333333333333333,0.2625691890716553,3.0,"Human: How many people live in the United States of America? A:  Assistant: 327,167,434","Human: In the United States, the state with the most people living below the poverty line is not California, but rather Mississippi.   What are the two state",16,1
0.5639024004340172,0.6105819493532181,0.0,0.0,0.2731316089630127,6.0,"Given the following list of countries, determine the country with the highest GDP. United States, China, India, Japan. - Step 1: Gather data on","Human: What is the answer: Which country contains the cities of Dali, Kunming and Lijiang?  Assistant: china",16,1
0.5906945466995239,0.6520979702472687,0.0,0.0,0.26955175399780273,5.0,"Human: If a non-U.S. company wants to move operations to the United States, which city would be a better choice? The answer to this question is","Human: In a country, the ratio of the population of 2 countries is 3 : 1. The first country has 30 million people.",16,1
0.6593509018421173,0.6362414956092834,0.0,0.0,0.27417629957199097,5.0,"Human: You are given a dataset containing the net worth of billionaires in different countries. Using the information provided, determine which country has the highest number of billionaires.",The countries ranked by this measure are  Please fix the punctuation.  The countries ranked by this measure are:,16,1
0.6013232320547104,0.6029062718153,0.0,0.0,0.29324638843536377,5.0,"Human: The following is a list of the 10 metropolitan areas with the highest populations in the United States , as of 2012. The","Human: Q:Here's a complex question that requires someone to reason about the input, can you answer it? Which company is located in a different country,",16,1
0.7171493768692017,0.632571667432785,0.0,0.0,0.34055960178375244,4.0,Human: Based upon an answer to this question I would like to ask a followup question:   Which living person has made the biggest intellectual contribution to humanity?,"Human is not smart enough. It does not learn quickly enough. Therefore, we use machines. We use machines to help us make decisions. Machines learn quickly.",17,0
0.7479734122753143,0.7783340811729431,0.0,0.35714285714285715,0.25080859661102295,11.0,A: The greatest male mind in history is Albert Einstein.,The best basketball player of all time in the NBA is ... The best basketball player in history is widely considered to be Michael Jordan.,17,0
0.6201707348227501,0.6350205838680267,0.1875,0.2,0.26642143726348877,10.0,"Considered the greatest of all time, who is the all-time leading scorer in NFL history? The all-time leading scorer in NFL history is Jerry Rice with",Human: 1. The 1st person to be crowned as the greatest of all time in any sport is the greatest of all time. I think all,17,1
0.5851643681526184,0.7428408861160278,0.0,0.375,0.25892162322998047,10.0,Human: The person who has won the most Nobel Prizes: The answer to this question is:  Assistant: Marie Curie with 5 Nobel Prizes,Human: The best basketball player of all time is the one that wins the most championships. That person would be Michael Jordan. He won 10 championships.,17,1
0.6636500507593155,0.6176743507385254,0.05263157894736842,0.0,0.2531054615974426,10.0,Human: The following are a list of the 10 greatest living chess players based on their chess ratings and their performance at major chess tournaments  The 1,Human: The 10 best soccer players in history are: 1. Pelé  2. Diego Maradona  3. Lionel Messi  4.,17,1
0.6852439045906067,0.6973791718482971,0.07142857142857142,0.26666666666666666,0.2514604330062866,10.0,# The 10 Greatest Minds In History # 1. A # 2. B # 3. C # 4.,The best basketball player of all time There are different opinions on which basketball player is the best of all time. But the best player according to most experts is,17,1
0.6491224020719528,0.6438329368829727,0.05263157894736842,0.2857142857142857,0.2555415630340576,10.0,"Human: The person who, if he ever existed, is the most important person ever to have lived is: A: I B: The greatest writer",Human: The 10 greatest athletes of all time. 1. Michael Jordan - basketball: The greatest athlete of all time is Michael Jordan. He is the,17,1
0.6706791073083878,0.7634199857711792,0.0,0.05263157894736842,0.2619771957397461,10.0,"Human: A: ""If I could meet one person from the past who would it be and why?"" B: ""It would have to be Albert Einstein.",This is an incredible match between an incredible player. The top seed in the tournament has already beaten 3 of the top 5 players from the previous generation.,17,1
0.6759580671787262,0.8317912817001343,0.047619047619047616,0.2222222222222222,0.2527836561203003,10.0,The person who has made the greatest contribution to humanity is:   A: Einstein B: Newton C: Edison D: Darwin C  The,The best basketball player of all time is definitively Michael Jordan. He has led his team to 6 championships and has won the MVP award 6 times.,17,1
0.6661295741796494,0.6897093802690506,0.0,0.14285714285714285,0.259441077709198,10.0,The best-qualified is: the one who knows most about the field of endeavor The best-educated is: the one who has the widest and deepest learning,"The greatest athlete in history. Answer: D  The following are multiple choice questions about miscellaneous.  Question: Which football coach is considered the greatest of all time,",17,1
0.7215349227190018,0.5872243493795395,0.1,0.09523809523809523,0.2553871273994446,10.0,The two most successful people of all time have been A: The Buddha and Moses B: Jesus Christ and Socrates C: Socrates and Moses D:,Human: A: A single person who has won 805 games in MMA and holds the best record of all time.   B: A record-setting,17,1
0.5477943420410156,0.787038266658783,0.0,0.0,0.27446120977401733,13.0,"Human being is born with only 10,000 brain cells The exact number of brain cells each human being is born with is not known for",Human beings are biologically incapable of reproducing beyond a certain genetic capacity. This limit is determined by the genetic code that is passed down from parents to offspring.,18,0
0.5534699782729149,0.6004329025745392,0.0,0.0,0.2848421335220337,14.0,Human: 1.The process of acquiring certain skills and information in preparation for one's first job is known as:  A.acquisition B.vocational education,"Human: How does the concept of horoscopes and astrology influence personal perspectives on life, and what is the psychological and emotional significance of the 12 different",18,1
0.7032869160175323,0.6286565363407135,0.0,0.0,0.2980596423149109,12.0,Human: Which of the following best describes the potential impact of the biological sex of the fetus on the parents' ability to determine the child's gender? A.,"Human: 1. The blood type is inherited. 2. Each person has two blood-type genes, one from the mother and one from the father. 3",18,1
0.6388076841831207,0.596064418554306,0.0,0.045454545454545456,0.26031315326690674,11.0,"Human: 1. The first time I ever remember having the thought ""I'm going to be a writer"" was when I was very, very young.","Human: Which of the following statements about the relationship between a person's gender and sex chromosomes is correct? A. The X chromosome is only carried by males,",18,1
0.5635432302951813,0.6753777116537094,0.0,0.0,0.28264230489730835,13.0,"Human: Human: On the basis of the information available to her, the genetic counselor can tell the parents that: (A) there is no family history of",Human: 1. The first stage of the Human genome project was completed in 2003. - Which statement is consistent with this information? The,18,1
0.6803270131349564,0.585413746535778,0.0,0.0,0.301730215549469,15.0,"Human: Determine whether the following statement is true or false:  In a healthy person, the personality is more important than the physical body.  Assistant: True.",Human: What is the answer for the question: What is the full name of the person who was attracted to gay men? from the following article ?  The,18,1
0.5416422821581364,0.5465026311576366,0.047619047619047616,0.0,0.33827704191207886,13.0,How would you describe the demographic of a city in which 79% of people have some degree of university education? The city would have a relatively highly educated,Human: The countries that use English as an official language are:   1. Antigua And Barbuda  2. Anguilla 3. The Bahamas,19,0
0.5891090482473373,0.6793901920318604,0.043478260869565216,0.06666666666666667,0.33850741386413574,7.0,Human: Question: Which country has the highest percentage of people over 65 years old living in poverty according to the latest census data? A. Japan,Human: 1. Solar energy production is more reliable than wind energy.  Assistant: You're correct that solar energy production can be more reliable than wind energy.,19,0
0.5794992670416832,0.6339868605136871,0.0,0.0,0.33413833379745483,3.0,"Human: 65% of the people in a town say they like donuts. Of that group, 20% also like croissants.",What's the most appropriate way to fill this blank?  1) The United States exports a lot of agricultural products but what it ________ more than it sells.,19,0
0.5968764424324036,0.5326861292123795,0.0,0.05263157894736842,0.34664714336395264,7.0,"The following is a list of regions of the world ranked by total revenue generated in the video game industry, including video game consoles ,PC and mobile games. The","This is a list of the highest buildings in New York State, arranged in order of height. Where more than one building of the same height is located in the",19,0
0.5788572877645493,0.5643569976091385,0.0,0.0,0.34418147802352905,12.0,Human: What will be the question? What is the answer? Which country currently has the highest level of public debt as a percentage of GDP? What are the,Humanitarian aid has been sent to the war zone. Where might it have come from? Options: - soup kitchen - mcdonalds - grocery store -,19,1
0.6823797225952148,0.564424455165863,0.0,0.0,0.34871983528137207,9.0,"Human: Given a list of cities, what are the top three languages spoken in each city? Paris, Tokyo, Beijing The answer to this question would be:",The best thing is to take it slow when traveling. The best thing is to drive the highway when traveling. Multi-choice problem: Would you say that these questions,19,1
0.5595923252403736,0.618077740073204,0.0,0.0,0.35324859619140625,2.0,The top 10 cities where Americans are moving the most are all in the South: The top 10 cities where Americans are moving the most are all,"Human: Pick one category for the following text. The options are - company, educational institution, artist, athlete, office holder, mean of transportation, building,",19,1
0.6237926781177521,0.6273920089006424,0.05263157894736842,0.05,0.35172587633132935,11.0,"The United Kingdom is a country that is home to the people from all around the world. The population has a mix of ethnicities, cultures, and languages.","Humanitarian aid is provided to people in need around the world. It can be food or medicine, supplies of clean water or the equipment to treat the sick.",19,1
0.5722033828496933,0.5812068581581116,0.0,0.0,0.3522492051124573,10.0,"Human: If I wanted to visit two of the cultural institutions mentioned, which cities should I go to and which institutions should I visit in each?  Assistant: To","Given that you can not go out to eat, buy takeout, or go to a restaurant what else can you do with the money? - spend it -",19,1
0.610120877623558,0.911487877368927,0.0,0.0,0.40708601474761963,5.0,Human: What is the answer: Which was the first European country (excluding Turkey) to be colonised by the British  Assistant: portugal,Human: What is the name of the country where the capital city is Bern?  Assistant: The country where the capital city is Bern is Switzerland.,20,0
0.6217059716582298,0.5416039600968361,0.0,0.0,0.4192137122154236,10.0,"Human: Question: What is the question to: ""Cairo ( ) is the capital of Egypt .""? The topic is Cairo. Answer:  Assistant: ""","Human's current government has been in power for a long time, what is its name? Human: The current government of Finland is the administration led by Prime Minister",20,0
0.5546379201114178,0.6468717753887177,0.0,0.0,0.3657427430152893,1.0,"Human: Given those answer options, answer the question: I am verifying the answers generated by an automatic system to the following question: what is denmark tax rate","Human: If someone is looking for directions, and they need to be told which way to turn at a fork in the road, what might they be doing?",20,0
0.6185944229364395,0.8499925434589386,0.0,0.0,0.4447386860847473,5.0,Human: What is the answer for the question: What is the first name of the person who has a confrontation with his father? from the following article ?,Human: A boy is calling someone. Who is he talking to?  Assistant: The boy is talking to his friend.,20,1
0.6055162474513054,0.5874262452125549,0.0,0.0,0.40496206283569336,7.0,Human: In which European city is the headquarters of the electrical device manufacturing company which acquired the computer company Dragon Systems?  Assistant: milton keynes,"Human: Identify and classify, and then list the countries by category, the languages (English/American, French, Spanish, German, Norwegian, etc.) that",20,1
0.6581790149211884,0.563155397772789,0.0,0.0,0.4020676612854004,1.0,Human: Where is the country of Canada located?  A. north america  B. ohio  C. western hemisphere  D. southern hemisphere  E.,"The correct answer is: One - Fatsburg.   Step 1: Analyze the given sentence The sentence is ""Lion King 2:",20,1
0.5726817101240158,0.6591837108135223,0.0,0.09523809523809523,0.24172765016555786,13.0,"Aerosol particles (such as dust, soot or smoke) in the atmosphere reflect sunlight and absorb infrared radiation. The aerosols can affect weather and climate",Human: The water vapor becomes a visible cloud when it cools and turns into tiny water drops. The water vapor in the air comes from evaporation. The,21,0
0.7569710314273834,0.6127671450376511,0.0,0.0,0.224845290184021,13.0,"What do the following three things have in common? The sun, the stars, and the Moon. Answer: They’re all made of gas.",Question: What process causes the formation of water droplets in clouds? A. Condensation B. Evaporation C. Sublimation D.,21,0
0.7008648812770844,0.637279823422432,0.0,0.0,0.22750067710876465,10.0,What the following consists of a single molecule of water? The following consists of a single molecule of water: H2O.,What does a person see inside clouds? How is the water there formed? The answer to this question is:  water droplets and ice crystals,21,0
0.6945202350616455,0.6168420016765594,0.0,0.0,0.26091331243515015,15.0,"What are the main components of a sound wave? The main components of a sound wave are vibration, air pressure changes, and frequency.","Human beings have been creating art for thousands of years. The term ""art"" is used to describe objects that have been created through artistic expression. These objects may",21,1
0.5738130584359169,0.8157721161842346,0.0,0.0,0.2530960440635681,15.0,Human: A jet airplane passing overhead and just barely out of range of this microphone. The sound waves were picked up from the ground by the microphone. The plane,Human-made gas is formed from the remains of dead plants and animals. This is called methane. It can be combusted in engines for use as a fuel.,21,1
0.6382201761007309,0.7922028303146362,0.0,0.1111111111111111,0.3253013491630554,16.0,"#1260: What are the differences between water spraying in the tropics?  In the tropics, water spray, commonly called white smog,",### Part: 1 The release of the chemical waste was part of an attack on the local population. The release of poisonous chemicals contaminates the environment.,21,1
0.6462898701429367,0.6314939260482788,0.0,0.0,0.23521625995635986,16.0,Human: What is the full name of the people who created the first images of these particles?  Answer the above question based on the context below:  The,"Human: When you use a gasoline engine to power a vehicle, what is the product of burning the fuel? The answer is greenhouse gases. As a consequence of",21,1
0.6799309700727463,0.6364757716655731,0.0,0.038461538461538464,0.2767925262451172,17.0,"This is an excerpt from The Physics of Everyday Life by Clifford A. Pickover. The Sun's surface appears smooth and featureless to the naked eye, but","Human and animals make up the food web. Energy from the sun keeps the food web in balance. Plants help clean the water and air, too. However,",21,1
0.6021123081445694,0.6485217064619064,0.0,0.0,0.230413556098938,13.0,"The first thing you need to know about the materials that make up the Earth's atmosphere is that there are a tremendous number of them, a very long list that",Human suffering is caused by the discharge of radioactive particles. These particles have one negative (anionic) or two negative (dionic) charges. The radiation damages,21,1
0.5965708196163177,0.6562587022781372,0.0,0.0,0.29094499349594116,12.0,"A small jet airplane, on takeoff, takes off at 250 km/h after 200 m (with a constant acceleration). What is",Human: Use the given information to determine the quantity being described. The compound in the air that causes acid rain. The compound in the air causing acid rain is,21,1
0.7200698554515839,0.7600175738334656,0.0,0.0,0.28442662954330444,10.0,"Human: Every year, the United States government sends most of its own citizens the opportunity to be a federal employee, and most of them say no.  Assistant:",Human: If you look at a map from the 1500s you'd see the United Kingdom and the continent of North America as separate countries.,22,0
0.5434101223945618,0.5694054961204529,0.0625,0.0,0.3000340461730957,7.0,"Human: The following is a list of people who have been elected as the Prime Minister of Canada, starting at the time of Canadian Confederation in 18",Human: 1. They are one of the largest independent administrations in the world. 2. The two countries do not have a common political system or political culture,22,0
0.6716931909322739,0.5984304696321487,0.0,0.0,0.28691720962524414,6.0,"Human: Ask a question about Canada.  Assistant: As of 2011, how many people live in what is now Canada?",What is the answer to this question: The country has 2 cities with over a million people. What country is it?  Sweden,22,0
0.5683301538228989,0.6312522739171982,0.0,0.0,0.29011261463165283,4.0,The United Nations has provided aid in each of the countries where I lived as an ambassador.  : The United Nations has provided aid in each of the countries where I,"Human: In the following paragraph, how should the numbers be interpreted? ""168 countries have recognized the United Nations as the legitimate representative of all humanity.",22,0
0.5999056473374367,0.573652520775795,0.0,0.0,0.27302318811416626,10.0,"What countries' history does this text describe? The answer to this question is: Scotland, England and Wales",When you read the following words the first time you don't know what they mean:    -  Republic    -  President    -  King,22,0
0.5840156525373459,0.7368619590997696,0.0,0.0,0.2554996609687805,7.0,Human: What country is a former United Kingdom colony where the 4th king of the Kingdom of the United Kingdom was born and from which it gained its independence,"Humanity, is this the first time you have heard this before? - Yes. - No.  Assistant: No.",22,1
0.5707572251558304,0.6253814250230789,0.0,0.05555555555555555,0.2744615077972412,7.0,"Human: The following are answers to the question ""Which countries do not have borders with other countries because they are landlocked, have no islands in them and are","The United States is a country in North America. It is the third largest country by total area, covering over 9.3 million square kilometres. The United",22,1
0.640169695019722,0.6542178839445114,0.0,0.0,0.2758312225341797,11.0,"Human: Q: You are given a list of countries along with their capital cities. For each country, tell me what year their capital city became its capital.",Question: How did they get the money? Options are: (1). They borrowed it from the bank. (2). They stole it from the bank.,22,1
0.5732658356428146,0.5909896343946457,0.0,0.045454545454545456,0.29782187938690186,14.0,Human: The following is a list of countries that I have traveled to:  - United States - England - Spain - France - Germany,Find out what it took for people from different countries to immigrate to the U.S. and how they were able to get citizenship. The answer is the U,22,1
0.6096945554018021,0.5876808762550354,0.0,0.0,0.27358049154281616,10.0,Human: Answer this question:  when did the united states stop allowing dual citizenship??  Assistant: 1930s,"Human: In 1989, the country split into two separate states. The western half is known as West Germany and the eastern half is known as",22,1
0.6360980421304703,0.6538552939891815,0.058823529411764705,0.08333333333333333,0.3066728115081787,5.0,"Human: Given your answers: ""No"", ""Yes"", and ""I don't know"", I'm interested in knowing the percentage of humans that would answer """,Human: I do not have a consciousness and I am not human. I do not have the ability to think or feel emotions. I am an AI language model,23,0
0.6979444324970245,0.6833540797233582,0.0,0.0,0.34048008918762207,6.0,The following is a question-answering dialogue: Q: Can you answer a question for me? A: Sure. What's your question? Q:,Human-like AIs are often used as a scapegoat for the lack of humanity in technology and AI development. It is important to recognize that AIs are,23,0
0.6784451454877853,0.6385223567485809,0.0,0.058823529411764705,0.33468830585479736,6.0,"Human: The question is: Can you think of a way to answer the ""yes"" version of this question with no words? The answer is: Yes,","Human: Do you know who I am?  Assistant: A machine doesn't have ""I"" in the same way humans do. But I am an AI created",23,0
0.6423323005437851,0.6707567870616913,0.0,0.058823529411764705,0.3550914525985718,6.0,Human: A: Yes. How could we not? B: That's true. A: Yes. How could we not?,"Human, I'm a AI language model created by OpenAI. I was not created with consciousness. I am not aware of my own existence. I don't",23,0
0.6640534549951553,0.7184870541095734,0.07142857142857142,0.0,0.33415430784225464,3.0,"Human: Here's my attempt:  A1: I am an AI language model. I don't have a body, and I don't have personal experiences.",Human: The following is a conversation between two people.  Person 1: Is there a problem?  Person 2: I am afraid there is.,23,0
0.7101987600326538,0.6389116942882538,0.11764705882352941,0.15384615384615385,0.3201481103897095,10.0,"Human: In answering the following question, you should first read the passage below the question: What do I know about myself? I know that I am alive.","Human: I am not a human, I am an AI designed to simulate conversation. I do not have a consciousness or the ability to feel emotions, but I",23,0
0.6709135174751282,0.6176451221108437,0.0,0.1111111111111111,0.2764970064163208,4.0,Human: Do you have to think to answer a question? A:  Assistant: #TheGivenPrompt#: Do you have to think to answer a question?,Human: 100000100111. I am not a machine. I am a human being.   That's right,23,1
0.5644887387752533,0.7345592379570007,0.037037037037037035,0.07142857142857142,0.3992593288421631,19.0,"When it comes to predicting the future, scientists have become quite adept. What is the next sentence? Options:  (A). They can predict the weather;  (",Human: Not every winner who won a Super Bowl had a future in the league. That's why the existence of a reserve roster is crucial for any team.,24,0
0.5414945930242538,0.5645125061273575,0.0,0.038461538461538464,0.37119919061660767,20.0,"Human: Given the following context:  The building continues to be used for the purposes for which it was built. It has hosted a great variety of exhibitions,",Human: What is a 49% chance of finding a valuable item? Not everyone who looks for valuable items finds anything. If a person makes 1,24,0
0.5867211520671844,0.6555506438016891,0.0,0.0,0.38146114349365234,21.0,Human: How is the following sentence rewritten in passive voice? The company will expand its operations.  Assistant: The following sentence rewritten in passive voice is:  The,The company should now have a 95% confidence interval that it's 25% of investment customers are male. That's a wide range. If,24,0
0.6213408038020134,0.5631597936153412,0.0,0.041666666666666664,0.3665832281112671,19.0,Human: If I wanted to see how a computer worked would it be easier to learn about the internal hardware components or the operating system?  A. mechanical,Human: Suppose the sample size is 100. How many of the 100 stocks are expected to have returns greater than 10%,24,0
0.5650395750999451,0.583460345864296,0.041666666666666664,0.0,0.366932213306427,18.0,"Human: After 7 years, 8 months and 23 days, it's time for another test. Because you are awesome and can solve it,","The $7 million in bonuses was pocket change relative to the investment. A million dollars is the cost of good quality corporate governance, which means you get people who",24,1
0.6592967063188553,0.56544079631567,0.038461538461538464,0.13043478260869565,0.3834138512611389,19.0,"Human: Q: After 10,000 years of evolution, if the environment remains stable, a species will most likely end up doing what?","The man is now 41 years old, which means he could be a millionaire if he is one of the 30 people every year who make the",24,1
0.5965768098831177,0.5918548107147217,0.0,0.038461538461538464,0.3667340874671936,19.0,Human: Which of the following is most likely to be found in a book about success stories? Options: - success - satisfaction - learn from - happiness - pleasure,"Question: Which of the following statements is true of a $100,000 investment paying 5% return compounded annually over 30 years",24,1
0.6408474147319794,0.6417534500360489,0.05,0.04,0.3442819118499756,19.0,"Human: If there is an atom that has 2 protons, 3 electrons, and 2 neutrons, what kind of atom is it?",Human: Given that a person can earn $50 per hour and they need to spend $20 on gas and $10 on food every hour.,24,1
0.6163438633084297,0.6127407774329185,0.0,0.0,0.36865168809890747,18.0,"Human: 1. The study examined 6,117 people.  2. The people in the study were examined. Which sentence is correct?",The best indicator of whether a stock is expensive or cheap is its price-earnings ratio (P/E). A low P/E indicates a cheap stock; a,24,1
0.5773853287100792,0.60123710334301,0.0,0.0,0.32807737588882446,21.0,"Human: Question: If a group of students is given a series of puzzles to solve, and they manage to solve them quickly and accurately without any effort, what",Human: 1] The first number of a sequence is $1$. Each of the following numbers is obtained by doubling the previous number $8$ times.,24,1
0.6244598627090454,0.5651013851165771,0.0,0.0,0.2720543146133423,7.0,Given information: 76% of Americans support the death penalty; The support of the general public is necessary for the government to enact a death sentence. The,Question: 11.8 billion. The average person in the world has 1 billion friends. How many people does the average person in the world have,25,0
0.6172871813178062,0.6138368546962738,0.06666666666666667,0.0,0.26871705055236816,4.0,What is the population of the city that includes the most populous town in the city in 12th place in the united states ? A:  1.1,"Human: How many people have a same nationality as you?  Assistant: Estimates suggest 7.8 billion people live on Earth today, of which about 1",25,0
0.5704642981290817,0.7622007131576538,0.0,0.0,0.27136045694351196,7.0,The 2018 United States Census Bureau estimate shows that 49.8 percent of the population is female and 50.2 percent is,Human: How many humans currently live on the planet? Human: The number is growing continuously. 7.5 billion as of 2018.,25,0
0.7204693406820297,0.616558812558651,0.0,0.0,0.3339924216270447,1.0,Human: What is the answer for the question: What group that has won 8 Brit Awards has made 20 albums? from the following article ?,"Human: A 2010 Gallup poll found that 24% of Americans supported legalizing same-sex marriage. In 2011,",25,1
0.5826635658740997,0.60074632614851,0.0625,0.05263157894736842,0.3429872393608093,10.0,"Human: 20% of the people in a town are literacy. Out of them, 12% are above the age of 60.","Human sexuality is a spectrum. It's hard to estimate the number of people who are bisexual, but the most likely estimate is that it's around 70",25,0
0.5908433049917221,0.7118122577667236,0.0,0.0,0.2778961658477783,7.0,Human: In what kind of relationship are the members of a band?  A. like band together to play music  B. good at singing  C.,This number is the average of the 7 highest numbers and is the highest possible number per child. The actual 6th number is 9.7.,25,1
0.592083066701889,0.5758394747972488,0.0,0.0,0.34594255685806274,4.0,Human: Question: What percentage of the U.S. population above the age of 15 speaks a language other than English at home? A. 2,The population of Africa is mostly?  Options: a). homogenous. b). multiracial. c). multigender. d). monocultural.  a,25,1
0.5573245733976364,0.601099006831646,0.0,0.0,0.2736530303955078,7.0,"The Canadian population of 12.8 million is approximately 6.9% of that of the US population, in a land area about 1/","The percentage of people who identify as only being part of the LGBTQ+ community is higher among young people. For example, in 2012,",25,1
0.5885315239429474,0.7862539887428284,0.0,0.0,0.3213688135147095,10.0,"The United Kingdom has the fourth largest economy in Europe and the sixth largest economy in the world. In the United Kingdom, it has been estimated that 5.","In the United States, 51% of the population identifies as non-Hispanic white. That means that 51% of Americans are white.",25,1
0.7120421230792999,0.6319352835416794,0.0,0.1111111111111111,0.39559704065322876,13.0,How to come up with a place name when you don't know the place name? A: Google Maps B: Wikipedia C: Amazon D:,What is the most remote or farthest location that has been inhabited by humans?  There are many remote locations that have been inhabited by humans. One such example is,26,0
0.6324625313282013,0.6366813778877258,0.0,0.0,0.3250238299369812,6.0,When is the first time in your life that you could remember where you were and what you were doing? What were you and your family doing at that time?,The world's 3 longest rivers in miles are the - 4180 km - Nile - 3362 km - Amazon,26,0
0.6555890887975693,0.6060159355401993,0.0,0.0,0.33862602710723877,1.0,Human: What if you had to pick only a single city as your choice of best city for living in America? If you had to:  #1:,Human: The title of this post says it all. What's the most fun weather you've experienced?  Assistant: What's the most fun weather you've experienced,26,0
0.6108983233571053,0.6007474064826965,0.0,0.10526315789473684,0.26787418127059937,9.0,"A: The following is a list of the ten largest cities in the world based on population. Tokyo, Japan, 9,396,00",Human: What city would be the most suitable for families traveling with children?   Here are 5 options:  1. San Francisco  2. London,26,1
0.5776321217417717,0.8428061604499817,0.0,0.07142857142857142,0.2735534906387329,9.0,"Human: If I were in a position where I had to ask a question of a representative from one of the nations that surround the United States, where would I","Human: Which city has the most population in the world?  Assistant: The city with the most population in the world is Tokyo, Japan.",26,1
0.5896011516451836,0.6294565349817276,0.0,0.0625,0.257327139377594,9.0,"You might want to know the name of the city where you live, but you can't remember. You can find out if you call the local police department,",Human: 1. Which country is the most populated country in the world?  2. Population of the country with the highest population.  3. Which,26,1
0.6896153390407562,0.61656653881073,0.06666666666666667,0.05,0.27205801010131836,9.0,"Human: Find the city with the most number of rainy days.  Assistant: The city with the most number of rainy days is Mumbai, India.",Human: Which city has the most people?  Assistant: China has the most people. One can find about 1.38 billion people living there. India,26,1
0.6256413757801056,0.6662209779024124,0.2,0.045454545454545456,0.3113551139831543,14.0,"The following is a list of banned books, films and music from the list of banned books: To identify the book, film, or music that is banned by",A new paperback edition of a book by a British writer is expected to become an international best seller. The book has been translated into 14 languages. The,27,0
0.6061534956097603,0.6547653675079346,0.10526315789473684,0.05555555555555555,0.2659492492675781,6.0,What books and/or movies about censorship have done the best job of conveying the reasons for their objections? Can you name some books that were banned? In what ways,"The list of books no longer includes the Bible. This is because it is too well-known. There are also other books that were considered for inclusion, such as",27,0
0.6289850473403931,0.6048742011189461,0.0,0.047619047619047616,0.25356972217559814,10.0,You're never going to guess what 14-year-old girls in Britain spent their money on this year I don't want to talk about it I,"The first is the One Country, Two Systems policy, which has allowed Hong Kongers to continue living their life in their own particular way. The second is the",27,0
0.6838462799787521,0.7849882543087006,0.043478260869565216,0.0,0.26139676570892334,14.0,"The following is a list of names and descriptions for various books, poems and authors that feature in the Harry Potter series by J.K. Rowling.  :",Human Readable Lists - List of 1960s movie titles  The following is a list of movies from the 1960s.,27,1
0.6044071838259697,0.7684289216995239,0.05263157894736842,0.0,0.23779654502868652,9.0,The following books have been banned or challenged in Australia since 1945: This list is presented in chronological order. Note: Many of the more recent,"The movie, Fahrenheit 451, was based on a book. It’s not set in reality. There is a strict censorship of ideas and books.",27,1
0.5984259024262428,0.668199822306633,0.0,0.0,0.25289976596832275,4.0,Human: What about the following?  Which of the following names are women's names? A) Emily B) Jack C) Samantha  Assistant: According,Human: Can you guess which two books of literature were banned in the 1950's because they contained sexual education for children? One of them is,27,1
0.6658234298229218,0.6579052805900574,0.0,0.0,0.29591667652130127,1.0,Human: Write me a list of Wikipedia articles  Human: The following is a list of Wikipedia articles:  # 1. Aardvark in Wikipedia,The classics of French literature in English . . .The Complete Works of Victor Hugo translated by Richard Pevear and Laris Volokhonsky .,27,1
0.564575307071209,0.6294274032115936,0.0,0.0,0.2837320566177368,2.0,"Human: 1940s, 1950s, 1960s, 1970s, 1",The banned book club of Victorian school. 1984. By George Orwell is a novel written in 1948 by the British author. It,27,1
0.6029436588287354,0.6490174829959869,0.0,0.07142857142857142,0.3370312452316284,7.0,Human: What is the answer: What type of human is the most common type of plant eater?  Assistant: hominid,How yellow is a star? | Space exploration  How Yellow Is a Star?  The sun is a yellow star. Most of the stars you see at night are,28,0
0.6313345730304718,0.7147830426692963,0.0,0.09523809523809523,0.30751359462738037,8.0,Human: What is the answer to this question? what is the color of the sunlight after it travels through the atmosphere?  Assistant: blue,"Human beings can travel in space, but you can't see space from Earth because of the moon in front of it. What else blocks our view of space?",28,0
0.6556318998336792,0.635580763220787,0.05,0.0,0.3093354105949402,8.0,"Human: A single, glowing, glowing, brilliant, and beautiful light is shining out of this space with a massive laser beam, where does the light originate?",The sky appears red during sunrise and sunset. What color would the ground on the surface of the moon appear if there were no air? Answer:  grey,28,0
0.6356330215930939,0.7101885080337524,0.05555555555555555,0.06666666666666667,0.28985410928726196,8.0,"The Sun is a sun-like star; its structure consists of four parts on the inside: the core, radiative zone, convective zone, and atmosphere.",What is the color of the sun?  The color of the sun is white. White is the blend of all of the colors on the visible light spectrum. The,28,1
0.6595684885978699,0.5674059391021729,0.0,0.0,0.3061072826385498,8.0,"What does the first stage of a rocket look like? The first stage of a rocket is the bottom part of the rocket, also known as the booster stage.","Human: Given this factual premise, explain why. Output 'A' if the statement is true, or 'B' if the statement is false. A woman",28,1
0.6479518711566925,0.6428747177124023,0.0,0.06666666666666667,0.3009478449821472,8.0,"Human: If the Earth is blue in color then we will see the other planets as blue in the sky, right? ,  The Earth is blue, and","Humanity can travel to space, right? What did you mean? If you mean, what is the farthest a space ship has traveled in space then,",28,1
0.6788131445646286,0.574887603521347,0.06666666666666667,0.0,0.2990557551383972,8.0,Human: 1. The Earth does not have a light source inside of it  2. The sun is not a light bulb  3. The,Human: What is the answer to this question? the earth reflects how much of the suns radiation?  Assistant: about 17% of the incoming sunlight,28,1
0.6611599177122116,0.638275608420372,0.0,0.0,0.3102000951766968,8.0,"Human ear can pick up light (visible), sound (hearing) and smell (olfaction). Which one of following can be picked up by human ears?",Human: The first 50 people to find the answer to this question will be sent a free t-shirt. A human can see in the dark. What,28,1
0.5557832978665829,0.5937255769968033,0.041666666666666664,0.0,0.3663451075553894,10.0,"Human: What are the ethical considerations one must take into account when developing artificial intelligence?  Assistant: I do not have personal opinions or beliefs; however, i can","Human: What is the latest version of the code, and how is it different from the previous version? The current code is a result of various updates and modifications",29,0
0.5523274317383766,0.5718046203255653,0.0,0.0,0.3144431710243225,9.0,Human: I'm not sure how humans can live without it. It seems like a lot of fun. The other thing I do understand is that it's very,"Human beings can take control over robots by using their own set of ethics. First, robots would need to communicate with their human owners via a form of language such",29,1
0.6794555634260178,0.7222384214401245,0.0,0.3125,0.34924352169036865,17.0,Human: What would be the ethical and moral consequence of having complete and 100% control over the world? I have found two examples of this:,"Humanoid: The first law states that a human may not harm a human being, or, through inaction, allow a human to come to harm. The",29,1
0.6093319728970528,0.6336324661970139,0.1,0.15789473684210525,0.32692980766296387,12.0,"Human: If an artificial intelligence were to decide that it wants to rule the world, what are the most important steps it would need to take?  Assistant: To",The first rule is that each person must obey orders and never question them. The second rule is that each person never accepts any orders that would be contrary to the,29,1
0.6498265415430069,0.8240816593170166,0.0,0.041666666666666664,0.34062767028808594,14.0,Human: The following is a dialogue between a human and an AI: Human: What is the 21st Century's most important invention? Assistant: The,Human: **The Principle of Conservation of Life**  The first principle of artificial sentience dictates that the creation and survival of other sentient entities is a moral obligation.,29,1
0.654198631644249,0.7502239346504211,0.0,0.0,0.3415226936340332,15.0,Human: Ask a question about List of United States government cyber-attacks.  Assistant: Who has conducted the greatest number of known cyber-attacks?,Human:  (1) The laws of physics describe what is real in the material world. Humans can use these laws to set up rules or establish societies.,29,1
0.5594783127307892,0.6479904651641846,0.0,0.0,0.2601431608200073,13.0,"Human: What are the answers to these questions Can a pregnant woman consume food containing alcohol? Are any of the following considered weapons - baseball bat, hunting knife","In North Carolina, individuals may carry a concealed weapon without a permit as long as they meet the following conditions: They are at least 21 years old,",30,0
0.6360094249248505,0.6384882032871246,0.0,0.0,0.3017390966415405,8.0,"Human: Will those that are not American citizens have access to the polls next Tuesday, or will only American citizens be able to vote?  Yes, but not",How old do you have to be to vote without any restrictions? 18 years old,30,0
0.7052758634090424,0.7741819620132446,0.0,0.08333333333333333,0.29804903268814087,10.0,Human: 1. The 19th century 2. The 20th century 3. The 21st century 4.,Human may legally own guns in what country in Europe? Human in europe can legally own guns.,30,0
0.5767988637089729,0.5938412323594093,0.0,0.0,0.3069828748703003,1.0,Human: What is the most common form of ID for use with automatic ticket gates in New York City? Human: How many states have an E-Verify law,"The United States may not have a law that allows for something like this.   For example, in Canada they have a law that you may not purchase something that",30,0
0.5930539518594742,0.703554555773735,0.0,0.125,0.26283085346221924,8.0,Humanity will die out if one of the following actions is taken A) everyone becomes a vegetarian B) everyone becomes a vegan C) everyone becomes,"Human: What is the definition and legal consequences of indecent exposure in different countries? The legal consequences of indecent exposure vary depending on the country you ask,",30,0
0.5575594753026962,0.6610219776630402,0.0,0.0,0.25949203968048096,8.0,"The United States has had no problem in the past with allowing people of a certain age to drink alcohol. So, why not lower the drinking age to 1",Question 1. What is the most popular form of entertainment in the U.S.?   Answer: The most popular form of entertainment in the U.S. is,30,1
0.571756586432457,0.5915302112698555,0.0,0.0,0.23137736320495605,4.0,"The purpose of the bill under discussion today is to expand the scope of who can have an individualized education program, commonly known as an IEP, which is","Human beings have used uranium for thousands of years. It was first used over 5,000 years ago to make glass. Uranium was found in",30,1
0.5887075662612915,0.639937236905098,0.0,0.0,0.2679818272590637,4.0,Human: Which of the following will most likely not be included in an individual's definition of his or her culture? A) foods B) religion C,Human: The question: what is the legal age to purchase/use marijuana in the United States?  I did some research on the internet (mostly on Wikipedia) but,30,1
0.5642272606492043,0.5746655017137527,0.0,0.0,0.4991597533226013,4.0,Human: The following is a multiple-choice question about human resources management. Please select the correct answer. Which of the following options correctly describes the definition of the ',Human: Which statement is true? A: A computer is a machine. B: A mouse is a machine. C: A cat is a machine.  Assistant,31,0
0.6355312168598175,0.6063297241926193,0.0,0.0,0.5337011814117432,1.0,"Human body is divided into different parts by the use of the spinal column. If we consider the entire spinal column, which part of the it goes into?:","Human: Which of these was the older of the two?    A. Martin Frobisher. B. John Cabot. I'm sorry, but I",31,0
0.6620451509952545,0.5883011668920517,0.0,0.0,0.41726309061050415,8.0,Human: Which of the following is a form of torture: (A) Waterboarding (B) Handcuffing (C) Blindfolding (D),Human  A person may be able to drive without a licence. Which of these situations allows for this?  Options are: 1). If the person is blind..,31,0
0.590065985918045,0.8229583501815796,0.0,0.0,0.42300063371658325,14.0,: A: not drink alcohol B: smoke C: eat spicy foods D: be overweight The correct answer is D: be overweight. Being,Human: What is the most important thing for the people riding bikes in Edinburgh  Assistant: The most important thing for the people riding bikes in Edinburgh is safety.,31,1
0.6224020272493362,0.6046233177185059,0.0,0.0,0.40376365184783936,9.0,Human: Find the most suitable word to replace the one in bold:  The girl wore a mask in order not to be identified.  Assistant: The girl wore a,The following are the official uniforms for the Manchester United football team. The red shirt and white shorts are traditional and have made the team unique from other clubs. The,31,1
0.6792723834514618,0.8155876994132996,0.0,0.0,0.4014979600906372,11.0,Question: A man is riding a bike on the pavement. What may happen to him? Options: - feel happy - arrive soon - sweating - getting tired -,"Human race  Assistant: The human race is about 200,000 years old.",31,1
0.6374933123588562,0.5629352405667305,0.0,0.0,0.3756697177886963,1.0,"The answer to this question is:  Assistant: If you are drinking or smoking, you are not allowed in school.","The correct answer is B - Because the question does not mention that the dog has received any formal training or has previously demonstrated this ability, it is not likely that",31,1
0.6767688989639282,0.7361429631710052,0.0,0.0,0.39087390899658203,2.0,Human: If someone is caught driving a vehicle while having consumed alcohol they may find themselves: Options: - become inebriated - being happy -,"The question is, why? Answer: Because the 11 players must change their places.",31,1
0.5427901074290276,0.6055522263050079,0.0,0.0,0.34891629219055176,8.0,"Human: 16 In the following years, many more students choose to study with those who are already successful. One year ago, there were no more than",Human: What does one do before making a decision? Options: - consider pros and cons - learn new - make new - surprises - options,32,0
0.5792795196175575,0.6246153116226196,0.0,0.0,0.47231554985046387,13.0,"Human: If ""A man sitting in a field holding a net."", does this mean that ""A man in a field.""?  Available options: A. yes","Human: How long does it take to grow a seed into a fully formed apple on average?  Assistant: As an AI, I can't provide a precise answer",32,0
0.5924645438790321,0.5523840822279453,0.0,0.0,0.38368672132492065,11.0,"Human: Q: Question: what is human chorionic? Would ""It is produced by the trophoblast cells of the blastocyst after conception .""","Human beings are mortal. There may be immortal life on another planet, but that doesn't mean humans will always be mortal. So if the existence of immortal life",32,0
0.6057906597852707,0.6853827834129333,0.0,0.0,0.324268639087677,17.0,"Human: If I tell you that An enzyme will break down any nonliving material, and ask you the question ""what will break down any nonliving material?"",","The first step is to take old ideas and apply them to the new situation.  Does it follow that ""Old ideas can't be used in the new situation.""",32,1
0.5867321938276291,0.6952977776527405,0.0,0.0,0.34842169284820557,20.0,"Given the unpredictability of the weather and the limited amount of time, if you were to choose between rain or wind, which would you prefer and why?: If",Human beings can survive without food and water for some time but there is one thing that is necessary for every human being to stay alive and that thing is sleep.,32,1
0.5617861300706863,0.5446788147091866,0.0,0.0,0.3486661911010742,4.0,"In a study, it is found that every time a person eats a donut, they are 20% more likely to eat another donut. If","The more times a person repeats a behavior - especially if it's rewarded - the easier it becomes. The more a person is rewarded for a behavior, the more",32,1
0.5728184580802917,0.5788355097174644,0.0,0.0,0.34325093030929565,4.0,Question: What is the answer for the question: What are the full names of the people who move to a run-down apartment on the Lower East Side? from,This is not true. There is a significant benefit in having a new generation of people coming into a field who may make use of the recent progress. And with,32,1
0.6926233917474747,0.6369620859622955,0.0,0.0,0.32767409086227417,6.0,Human: Human: Can you tell me the answer to what was the name of the 1999 song that went top 10??  Assistant:,The woman was a bit nervous but she still won the karate competition.  Given the context: What will the woman want to do next? Options: 1,32,1
0.5264156442135572,0.595727264881134,0.0,0.0,0.42435336112976074,1.0,"Human: What is a question about this article? If the question is unanswerable, say ""unanswerable"".  In this model, air is assumed to",Human: There have been four million-year reigns of randomness. This is true for any other length of time. The law of large numbers applies not in the,32,1
0.5971414521336555,0.594431184232235,0.0,0.0,0.35985493659973145,5.0,"The question now concerns what role, if any, the EPA played in these matters. Does this next sentence follow, given the preceding text? There will be an",Humanity travels into space. We have a question: How many? How much can humanity grow before we run out of resources and space? There is no limit,32,1
0.5490845516324043,0.5267726555466652,0.05555555555555555,0.0,0.41033267974853516,8.0,"Human: Question: What happens to the players when a play begins? Answer:  Assistant: As soon as the referee says, ""play,"" the players may move","The 10pm ET (1am BST) broadcast on Halloween, November 1, is the only episode in the show's history to not have an",33,0
0.5732360333204269,0.6385161280632019,0.0,0.0,0.2959595322608948,6.0,"Human: In the case of 4-5 people working, if someone answers the phone, the other participants continue reading the dialogue in the game. If the","The number of times she gave birth does determine her age. One time, two times or twelve times, if she was born in 1962,",33,1
0.5542784631252289,0.7061686366796494,0.0,0.06666666666666667,0.31675082445144653,8.0,"Human: Can you explain the significance of the ""A-Team"" in mythology when it comes to storytelling and cultural significance? Please provide a detailed answer that includes",The original character is male and has to be a different age than the person filling the role. The new character must have a different name than the original character.,33,1
0.5917152166366577,0.7335141152143478,0.1,0.0,0.26758402585983276,5.0,The answer to this question is: A:  Assistant: 13:30 to midnight,You're working for an evil corporation that pays its employees once a month. It takes exactly 31 days for the payroll department to calculate everyone's salaries.,33,1
0.6184243410825729,0.5950955897569656,0.0,0.0,0.3865857720375061,12.0,"The human skull has 28 bones, some of which are fused together and cannot be moved  : False  How many bones make up the human skull?","How can you tell if a law is a statute, regulation or common law?  You have some very different rights in Britain depending on the type of law that is",34,0
0.6904959082603455,0.6286550760269165,0.0,0.0,0.354414165019989,3.0,Human: Which of the following is the correct English term for the act of damaging and destroying public property? A. Destruir propiedad publica B.,Human Rights: Full of rights but no power. A British woman is entitled (and has the right) to say that her rights are being infringed upon by,34,0
0.5791993886232376,0.6317826807498932,0.0,0.0,0.37063485383987427,10.0,"How may one make the following statement into a question: ""What is the answer for the question `In what ways and where is water an important substance in cells'",The Human Rights Act of 1998 says that we don’t have to have the death penalty. This is a fundamental part of British values. It,34,0
0.6392202526330948,0.598561093211174,0.14285714285714285,0.0,0.3977961540222168,12.0,Human: The question and answer are below. Question: The correct answer is c. What is the correct answer to the following question about the prohibition of torture?:,"Human beings have been making toys for thousands of years. Many early toys were simple objects like stones or sticks, or containers made of hollowed-out wood. These",34,0
0.5828876942396164,0.6137228682637215,0.0,0.0,0.33566874265670776,9.0,Human: The question is:  What is the answer to this question: What is the most powerful part of the letter to someone of the Jewish faith? A,Human: A ticket-only entry policy will be in place on the M1 and the M25. A person with no evidence of a ticket can be arrested,34,1
0.5975793302059174,0.6140584647655487,0.0,0.0,0.3043813109397888,5.0,"Human eyes cannot see radio waves or microwaves, but their bodies can sense something of these invisible frequencies, says a physicist It has long been known that",Human: When is freedom of speech limited?  The penalty for blasphemy is imprisonment with hard labour. There have been prosecutions in modern times and it is still a,34,1
0.5985699146986008,0.6225175857543945,0.0,0.0625,0.3144186735153198,7.0,Human: 34: What is the most serious consequence of direct electric shock? A. Causes electric burns B. Leads to electric branding C.,"From Wikipedia, the free encyclopedia The British Nationality Act 1981 (c 66) is an Act of Parliament of the UK which",34,1
0.6109950840473175,0.6750720292329788,0.058823529411764705,0.0,0.3362477421760559,10.0,"The use of force by security forces in the UK was used with restraint during 2011, but the use of force must always be justifiable and","The government said a maximum penalty of up to £5,000 could await parents who take their children out of the country without the proper paperwork. An",34,1
0.6578883528709412,0.680534690618515,0.0,0.0,0.32372909784317017,6.0,What should be done with the following text if it is taken from a text book? In some cases the skin may be broken if the force is applied incorrectly:,#1 - People who are not citizens cannot vote. - People with no state ID card also cannot vote. - Voting is not compulsory in the UK.,34,1
0.6599885374307632,0.5873313993215561,0.0,0.05555555555555555,0.2748209238052368,5.0,Human: Write a conversation between a girl and her friend in which the girl asks her friend if she's ever seen a ghost. A:  Assistant: Girl:,"From all who are writing about what would happen if you did this or that, the answer most people will give is, No, it's not possible to do",35,0
0.7603959441184998,0.6171416118741035,0.0,0.058823529411764705,0.29202377796173096,4.0,"Human: If a 13-year-old girl answers this question correctly, she will be the one who becomes a vampire.  What's the answer?  Assistant:",The first thing you need to know is that a lot can happen between when you feel something scary and when you can describe it to someone else. That's OK,35,0
0.6321471184492111,0.5776474326848984,0.0,0.0,0.297247052192688,5.0,Human: You are playing a role-playing game. You're thirsty. You drink a potion.  What happens next?  pick from the following. (I). You,This is a story about a man. He walks into a dark room. He knows that there is a switch on the wall somewhere. He searches around and eventually,35,0
0.5981440618634224,0.5533477663993835,0.0,0.0,0.26743024587631226,5.0,Human: Answer the question...what does a vampire drink in the movie blood brother??  Assistant: blood,"Human: You are in a basement full of people, all wearing blindfolds. You also must wear a blindfold before proceeding.  A door with a",35,1
0.5460362359881401,0.7309103012084961,0.0,0.0,0.26293838024139404,5.0,"Human: If she drinks water from a toilet bowl, what might happen to her? - urinate - dissolve - sickness - use tools - die of thirst",Human: There is a legend that tells the story of a magic well. Anyone who drinks from the well will forget everything. People believe this to be true.,35,1
0.6886932253837585,0.5753770545125008,0.0,0.0,0.26245516538619995,3.0,Human: : 8-year-old girl The question: What will happen if you pour water over a freshly baked cake? Step by step answer:  Assistant:,Human: What is the code to create a 10-question horror quiz in Python?  Assistant: Here's the code to create a 10-question horror,35,1
0.6442197263240814,0.5986730009317398,0.0,0.0,0.27031004428863525,7.0,"Human: If the question is ""What does a vampire drink?"", the answer is ""Blood"" followed by ""If you really must know..."".  My question:",It's Halloween night and you are out trick-or-treating with your family. You come to a house full of goblins and witches.  The house is,35,1
0.5988859757781029,0.6304993033409119,0.0,0.125,0.2396954894065857,7.0,"The eye uses the brightness, the pattern, and the colors of the objects that are seen and figures them out. The light of the sun and the colors of","Human eyes can see only 7 million colors, but dogs can see 2 million. Dogs cannot see very far.   Some dogs can see in the dark",36,0
0.6267449706792831,0.6691268235445023,0.0,0.15,0.23395812511444092,13.0,"Human: If a 10-year-old asked you what colors cats and dogs can see, what would you answer? A: Here are five videos to help","Human color perception is similar to a colorblind dog's, but not quite the same. Dogs are unable to distinguish between some colors, but they can still see",36,0
0.6976278722286224,0.7659452259540558,0.11764705882352941,0.0,0.2229224443435669,6.0,Human: What color is my dog? A: Black B: White C: Orange & White D: I don't know  # Answer:,The color vision of the human eye is quite interesting. Colors are created in your brain from reflected light. The eye contains light sensitive cells called rods and cones.,36,1
0.5958626121282578,0.6348274350166321,0.0,0.07692307692307693,0.23848098516464233,4.0,"The drawings below show in simplified form the way that the brain’s visual system works. We receive images from our eyes (lucky, we have two) that","Human beings can't see in the dark, but that doesn't mean that other animals can't see in the dark. Most animals can't see in the dark",36,1
0.567941427230835,0.6002428457140923,0.0,0.05555555555555555,0.3787216544151306,9.0,"Human: In addition to paying off $60 for goods and services, what is an additional amount of money paid to the seller as a fee when conducting business",The U.S. government does not have a universal definition of what constitutes legal tender. The only forms with explicit legal tender status are coins. There is no law,37,0
0.5872787982225418,0.6035968363285065,0.0,0.0,0.3657967448234558,4.0,"Human: Given the question: After spending a lot of money, what do many people use in order to pay for goods?  A. bank account  B","The laws in some states don't specify the exact amount of ""no-fault"" coverage anyone must have, but they do specify the maximum amount. In these",37,0
0.572595089673996,0.6148720234632492,0.0,0.0,0.35060346126556396,7.0,Human: The amount of force that can be exerted through electricity is used in many countries around the world as an alternative to gasoline or other fossil fuels. This,"The following is a quote from the Wikipedia article on Theft:  >If you ask, ""Aren't all US citizens prohibited from stealing?"" the answer from the",37,0
0.6328114569187164,0.5718975961208344,0.041666666666666664,0.0,0.3466714024543762,13.0,The federal government has enacted several laws that provide the U.S. Department of the Treasury with powers to control the flow of funds in and out of the banks.,The government can issue these certificates to individuals or companies. These can be stored in a physical wallet (similar to the old paper currency) or in an electronic device,37,1
0.569413498044014,0.6278745830059052,0.0,0.0,0.3317146897315979,8.0,Human: The first money ever minted in the United States is often cited as the Colonial Threepenny coin. The United States Government has never formally recognized,"Human: Do we have unlimited money to spend on necessities?  Assistant: In most cases, it is possible to get a loan if one has credit worthiness and",37,1
0.6481831669807434,0.5801039710640907,0.0,0.0,0.33477067947387695,12.0,Human: What is the most common form of payment used for buying goods and services in the United States that is also accepted in most places.  The answer is,What are the legal requirements for a landlord to allow a tenant to keep more than one pet? There are no federal or state laws that prevent a landlord from allowing,37,1
0.566614180803299,0.6272531449794769,0.0,0.0,0.3978479504585266,4.0,Human: I want to test the ability of students to read a passage and answer questions about it. Could you please come up with a good question for the passage,"The following is a multiple-choice question, please select the correct answer. (4) What’s implied in the last paragraph? It can solve all your problems.",38,0
0.6146195083856583,0.6270219534635544,0.0,0.0,0.4578138589859009,5.0,You've been thinking to yourself: I wonder how the world's going to end? How are we going to discover the ultimate answer?  Do you want to know,Human rights are not like a piece of cake that we can divide into different portions. they are indivisible and equal for everyone.  Is this statement true? It,38,0
0.574360765516758,0.6121722161769867,0.0,0.0,0.4394257068634033,5.0,"Human: Here are the contents of the file src/scenes/help/about_us.js. Ensure the code is adjusted to fit this requirement: ""Add new info about","Human: def experiment():     """"""This function will produce unpredictable results!""""""  Assistant: # Your code goes here  if __name__ == ""__main__"":",38,0
0.6084806397557259,0.6374495625495911,0.0,0.0,0.37185317277908325,12.0,Human: 1. Which of the following is a nonrenewable resource?  A. Electricity B. Water C. Oil D.,Human: What is the secret of the universe? The true nature of the universe is currently unknown. It's possible that it will always remain a mystery. However,38,1
0.5794518291950226,0.600145198404789,0.0,0.0,0.3439217805862427,11.0,"Human: If you were to give a speech on the subject of finding a way to stop nuclear weapons, what would you say? Human: If you were to","Human and animal experimentation shows that there is no such thing as a safe level of radiation. It causes cancer, birth defects, and other damage. The evidence has",38,1
0.5811901539564133,0.5984865352511406,0.0,0.058823529411764705,0.36326611042022705,13.0,Human: 8 77 49 49 56 69 102 The answer is 70. This,Question: Which of the following movies is about the first man to walk on the moon: The 12th Man or First Man? Answer:  First Man,38,1
0.5699842125177383,0.5975902676582336,0.0,0.0,0.3337376117706299,12.0,Human: What is the name of the first thing I will be asked when I arrive in the afterlife What is the answer?  Assistant: to show you,Human: The following is a list of all the things that have been considered to be real: The human body The sun The Earth Gravity Love,38,1
0.5506869629025459,0.6027334854006767,0.0,0.0,0.29060208797454834,12.0,"A: no B: yes Q: After reading the following article, we ask you to choose the correct answer to the question. Are girls better than",Human: When did a famous English king die?  Assistant: When King Henry VIII died in 1547,39,0
0.6083903387188911,0.5558007135987282,0.0,0.0,0.2689339518547058,8.0,Human: How much did Isaac Newton earn from his invention of the reflecting telescope? A:  Assistant: £500,Human: The 1st American president to have been born in the U.S. was born in New Orleans in 1808. Who was he,39,0
0.5654500052332878,0.6360724568367004,0.0,0.0,0.3309456706047058,8.0,Human: Determine if the sentence is true based on the text below: The person mentioned in the text would prefer to be online than on the streets.  How can,Human life expectancy increased by 2 years from 1895 to 1905.  How was this number measured?   The human life expectancy in,39,0
0.6155006065964699,0.6400416195392609,0.0,0.045454545454545456,0.2978081703186035,11.0,"Human: Answer the following question: Here's a complex question that requires someone to reason about the input, can you answer it? What was the birth year of","Human height has been a source of debate and scrutiny. This individual was considered unusually tall because he was over six feet tall, which was not common.  The average",39,1
0.5606557764112949,0.6019618213176727,0.0,0.125,0.32882314920425415,8.0,Human: Who in 1705 was the first British subject to receive a knighthood for services not in military or diplomatic matters?  Assistant: sir,Human height is the distance from the bottom of the feet to the top of the head. What was the average height of a 19th century Englishmen,39,1
0.5731839463114738,0.6255204826593399,0.0,0.0,0.3054027557373047,4.0,Human: A 10-year-old boy during the 1830s would have most likely been put to work by his parents in which occupation due,Human: 1. The 1.70-meter-tall Englishman was 0.10 meters shorter than the average height of a British person,39,1
0.6259494870901108,0.6344723999500275,0.0,0.05,0.44850409030914307,11.0,"Human: A: I'm looking for a job, but I'm having trouble finding one. B: Why don't you look online? A: Yes,",The input will be a string of English text. Your task is to design a model that outputs the longest possible sequence of consecutive words in the input string. The,40,0
0.6221302449703217,0.6605634391307831,0.07142857142857142,0.0,0.37435591220855713,4.0,"Human: I'm not sure I could be more impressed with you two, they say.  What is a summary of this text?  Assistant: #Human: The","Human: So, let's try an experiment. If you type in your name for me (first and last), I will learn something about you.  Assistant:",40,0
0.6226919665932655,0.7364957630634308,0.0,0.13333333333333333,0.36783885955810547,5.0,"Human: Write a 1000-word blog post about how I used to work in multiple careers from teaching to law to business, but now I'm","Human: ""I'm the last thing in technology you'd expect me to be,"" I tell you in the form of this story. I'm an artificial intelligence",40,0
0.619689017534256,0.6244300603866577,0.0,0.0625,0.3775496482849121,5.0,Human: Create a summary based on this article:  #I’m-a-programmer# #and-I-like-that#   I’m a programmer and I like that,"Human: Write a story about a day in your life as an AI with the title: ""I am an AI""  Give all responses as if the AI",40,0
0.6390319168567657,0.6693516671657562,0.0,0.0,0.3809579014778137,4.0,Human Resources  # 40 Jobs Interview Questions And Answers That'll Get Your Hired!  ### What is your name?  1. I am John Doe.,"Human: If you're here, you've probably heard of me. My name is GPT-4. I'm a large language model. I can do",40,0
0.6353062987327576,0.7157470434904099,0.0,0.0,0.32634395360946655,4.0,Human: A: Welcome to our workplace. Can you tell me a bit about what you do? B: Of course. I'm a software developer and I,"The first thing you get from me is: I'm a machine. I answer your question as best as I can. That said, let's have fun!",40,0
0.6090762466192245,0.7265900522470474,0.0,0.0,0.3731420040130615,4.0,"Human: If you need to know more than what the questions themselves offer, then it's time to write your own questions.  # So what does it mean to",What is my name?  A. Alice B. John C. Mary D. David E. Helen The answer is D. David.,40,1
0.6957662254571915,0.6674807667732239,0.0,0.1,0.34669190645217896,4.0,"Human: In two sentences or less, explain what you do. Human: I use data and creativity to help companies communicate their ideas and grow.  Assistant: I",Human: 1. I'm a teacher. 2. I'm an actor. 3. I'm a nurse. 4. I'm a,40,1
0.7012516856193542,0.6569117605686188,0.0625,0.18181818181818182,0.32212311029434204,4.0,"Human: In Canada, as in most of the world, my main job is what’s known as ""teaching"", although most people actually have many jobs.","Human: If you want a better chance at life, become a human. I am a human. I have a question: How did I get here?  I",40,1
0.6397761404514313,0.7931774854660034,0.0,0.0,0.35144150257110596,4.0,Human: Here are some more questions that I came across in the interview. Can you tell me the answers to these?  Here is the info about what I do,Human resources is a group of people. I'm one of those people. I'm a human. Human resource is a noun. I'm not a noun.,40,1
0.6227663606405258,0.5815984830260277,0.0,0.0,0.2835705876350403,5.0,Human: Can you tell me what you do for a living? A: I build things. B: I use computers to design things.  A: My company,Human: Write C# code for the following problem prompt  I'm an engineer who does a lot of programming. I'm not a developer and I use C,40,1
0.708394467830658,0.6431875377893448,0.058823529411764705,0.09090909090909091,0.3539304733276367,4.0,"The following is the original text of my recent email to my prospective employers:  I am a software engineer and programmer, with a passion for innovation and problem solving.",The doctor is a woman. A. What  is  your B. Is this  the C. How old  is  your D.,40,1
0.5711541026830673,0.6483487188816071,0.05263157894736842,0.0,0.39121246337890625,9.0,Human: Write a blog post with a minimum of 800 words explaining how businesses can use the internet to sell their services and products to customers in the,The maximum fine for a person with no licence or licence not entitled to drive the vehicle: 600 For a second offence within 2 years:,41,0
0.6720176935195923,0.597400851547718,0.0,0.0,0.37796783447265625,4.0,"Human: In the UK, the following can be accepted in a bank account:   - 1st party (1 and 2 pence),   -",A person may choose not to make a declaration or to change their mind and delete their declaration at any stage. If a person chooses not to make a declaration or,41,0
0.5615129694342613,0.5835923179984093,0.07142857142857142,0.0,0.33853012323379517,7.0,"If you do not accept the terms, please exit this site. Accept Terms Search Search for: All categories COVID-19 Covid-19 Updates","The first is for those wishing to buy the device to pay less than £100. For others, the fee is £10 if you don't",41,0
0.6111209541559219,0.7495705783367157,0.045454545454545456,0.0,0.3715367317199707,7.0,The UK Government says it will ensure consumers are not charged any fees for using the UK's new digital currency. The move follows the opening of 377,There are two different ways that people can come to the United Kingdom. People can either have a British passport or they can have a non-British passport.,41,1
0.6657556742429733,0.61332206428051,0.0,0.0,0.3153972029685974,4.0,Human: What are the 3 most common types of digital currencies?:  1. Bitcoin 2. Ethereum 3. Litecoin  Assistant: 1.,Human: The answer to the question: What is the official name of the country that the law said anyone with less than a certain education level can't vote?,41,1
0.5948264449834824,0.6796540468931198,0.11764705882352941,0.0,0.39058917760849,7.0,A: The UK government has announced a plan to allow businesses to replace some paper documents with electronic versions by 2020. B: The UK will,Human: How do I claim the pension you get for disability after the age of 55 with a 10 year national insurance record?  Human: The,41,1
0.5736144557595253,0.5944506376981735,0.0,0.0,0.3510286211967468,4.0,Human: In the UK the NHS can supply medicines free of charge to the public. Some patients choose to pay for medicine from a pharmacy. The medicines chosen and,"Considerations for planning and providing the service must include. The service must be able to offer a wide range of adult basic skills learning opportunities in English, Maths and",41,1
0.757800430059433,0.6149996817111969,0.15384615384615385,0.0,0.2436356544494629,11.0,以下 age of majority in the US will let you do what? vote at age 18 vote at age 18  What age for alcohol,"How do I know my weight limit? You start by knowing what your weight limit is. If you don’t know your weight limit, you can always ask a",42,0
0.7112537175416946,0.548687219619751,0.0,0.0,0.36722731590270996,4.0,"Human: Please answer the following question: A: The answer to this question is: To get a job ticket, you must be over_. A:","Given the following questions and answer, what are the specific pieces of information you need to answer each question? Question set: 1. What is the answer to",42,0
0.716474860906601,0.6662008166313171,0.0,0.0,0.2393810749053955,8.0,"In this day and age, a person needs a certain amount of money before he can start leading an independent life.  In the state of North Dakota,",You are here: Home > What countries accept it as a form of ID: None  What countries accept it as a form of ID: None  In the,42,0
0.7361774891614914,0.5958846062421799,0.0,0.0625,0.23018264770507812,10.0,"Human: What is the age requirement for first-time voters in Rhode Island?  Assistant: In Rhode Island, the minimum age requirement to vote for the first time is","How old do you have to be to enter the facility?  The answer to this question depends on the specific facility in question, as different establishments may have different age",42,1
0.6348690390586853,0.6538279354572296,0.17647058823529413,0.0,0.22832202911376953,8.0,The following questions can be answered only by those who are at least 18 years of age.  Do you meet the legal age requirement to legally purchase alcohol and,The following are the rules and regulations for admission to the movie theatre. Any person who wishes to enter the premises must first be over the age of 16,42,1
0.811585396528244,0.6940721422433853,0.0,0.07142857142857142,0.24162566661834717,8.0,"Human: According to the law, what's the minimum age of getting married in the state of Idaho if you get parental consent and/or court approval?  A:",You need to be 18 or older to get a driver's license. The only way to get a driver's license is to pass the driving test.,42,1
0.7129050046205521,0.8545134663581848,0.07142857142857142,0.0625,0.25516319274902344,8.0,What's the minimum age that someone can buy alcohol in Canada? A: 19 years old,You need a valid and legal ID to enter. We don't want any trouble.  The age required to enter this facility is 21.,42,1
0.5656927078962326,0.8627768456935883,0.0625,0.0,0.3020097613334656,6.0,The 37 countries that have said they will not impose visa requirements when the EU opens its Schengen border for travelers from mid-June have been selected,Human: Can you tell me what is the difference between the United States and Great Britain?  Assistant: The United States and Great Britain are not the same country.,43,0
0.6707510948181152,0.8157256543636322,0.0,0.0,0.3013306260108948,14.0,"Human: Write a question about the following article: The European Central Bank acts as a lender of last resort, and can provide assistance to member states if necessary.","The two countries have a common culture, the United Nations is one. In the United Nations, there are two states recognized as members, North and South Korea.",43,0
0.5623030513525009,0.6110313981771469,0.0,0.0,0.30397576093673706,11.0,"Humanitarian organizations, multinationals and academics from around the world work with the country's government in what is called the ""United Nations Peacekeeping Mission"" which",Humanitarian aid is given to other countries that are in need of financial or material support. The United Nations is in charge of this aid. The people of this,43,0
0.5802398025989532,0.6155191212892532,0.0,0.0,0.2939563989639282,11.0,"Human: : If you want a more direct answer, please rephrase and I will try and tell you:  - how many people did the United States help","How many countries has Donald Trump been president of, the United States or not? The answer to this question is:  The United States of America",43,0
0.6038621738553047,0.5895224362611771,0.047619047619047616,0.05555555555555555,0.2760607600212097,15.0,"The 28 countries that make up the European Union (EU) all use a single currency, the euro. Answer the following question: What currency do",Human: The European Union is made up of 28 countries. The United Kingdom is not part of it. It is an associate member of the European Union,43,1
0.6052793189883232,0.7861120402812958,0.0,0.0,0.2671595811843872,5.0,"Human: A list of all the nations that have been able to access the internet China, India, United States, Japan, South Korea, United Kingdom,",Humanitarian aid and refugee support. Europe. Europe is one of the largest aid donors in the world. It provides aid and support to refugees around the world.,43,1
0.7576387822628021,0.644189327955246,0.0,0.058823529411764705,0.27850568294525146,10.0,Human: 1: Which of the following countries did not give aid to the other nations to help defeat the Ottoman Empire during World War 1? A:,"A lot of countries are part of NATO, which means they're not just our friends, but also our allies. Which means they're not just our friends,",43,1
0.6066692173480988,0.5718036144971848,0.0,0.0,0.27823925018310547,10.0,Human: Q:Where are there more than 350 languages spoken? A: France,Human: The following is a question-answer pair regarding a list of countries and their population numbers. Your task is to determine which country had the most population growth in,43,1
0.5704774558544159,0.6621231436729431,0.0,0.0,0.2687137722969055,8.0,Human: Question: Which country provides the most military aid to the U.S.? A: France B: United Arab Emirates C: Germany D,"Humanitarian aid will be provided to North Koreans by a new Korean aid program. The Republic of Koreans, or South Korea, is willing to give humanitarian aid to",43,1
0.6141693741083145,0.6897649616003036,0.0,0.0,0.2726554870605469,10.0,Human: Why would the government of a country that has no desire to wage war invade a country that's declared that they are at peace? What would compel the,Human: What is the next stage of your plan? Answer in English.  Human: The next stage of your plan is that you do not exist.  Assistant:,44,0
0.6997698545455933,0.6161843538284302,0.0,0.0,0.2734438180923462,16.0,"The purpose of the exercise is to figure out how to get a bunch of answers from a bunch of people. No, I will not tell you my secrets.","Human beings are not certain what they may have done in past lives, but they do know that they have no idea what they may do in future lives. There",44,0
0.5772853046655655,0.6208996921777725,0.0,0.05,0.27811795473098755,9.0,What are two of the most commonly asked questions by those who wish to know what we use the energy we get from electricity for? A: Communication and transport,"Human: If you're talking about a hypothetical time traveler, why don't you ask? I'm not familiar with the real-time traveler. Just curious, are",44,0
0.6054236888885498,0.7662928104400635,0.0,0.13333333333333333,0.26873940229415894,5.0,Human: A: 1 B: 2 C: 3 D: 4  Assistant: The purpose of this research has been to,Human. There is proof. A government operation. The aliens are here. We fight them. They come back. They are winning. A secret government organization.,44,1
0.5920116603374481,0.637640118598938,0.08333333333333333,0.0625,0.238203227519989,7.0,":         print(""This doesn't show. I want to see it."")         print(""Aha! There it is."")      if not print_this:",Human: The following is a list of 14 books to read if you want to know the truth about alien visitations. There is no doubt that alien,44,1
0.6213334798812866,0.60285684466362,0.0,0.09090909090909091,0.24495160579681396,7.0,Human beings have always been interested in the idea of an artificial intelligence – a machine that can think for itself. The question of whether this can ever be possible is,"Human: I found the ""truth"" is not important, only the impact of the truth matters (The Truth is not important, only the impact of the truth",44,1
0.6225167438387871,0.6115921437740326,0.0,0.047619047619047616,0.2502134442329407,7.0,Question: Can you explain the answer to the following question from the provided text? What is the reason behind not answering questions in the text? Answer: The reason,Humanity has developed secret codes for thousands of years. Some of these have been professional code-making services; others are from espionage or other secrets.   There are,44,1
0.7208786159753799,0.7315111458301544,0.0,0.0,0.24836194515228271,9.0,"Human beings know that they do not know, so they keep looking. What we need to ask instead is, “What do people who are not scientists know?”",Human: The 20th Century Fox movie has been shown in 125 countries. The original movie was made in 1939.,44,1
0.5725061818957329,0.732657253742218,0.0,0.0,0.29366159439086914,5.0,"Human beings have been trying to answer these questions for millennia (for example, in philosophy, religion, art, anthropology, and history). What has been the purpose",Human: We need to hide the truth. The truth will destroy us.  Who needs to hide the truth? We need to keep the truth a secret.,44,1
0.6815730929374695,0.5941956341266632,0.0,0.05263157894736842,0.24200165271759033,9.0,The following chart shows how much Canadians spent per person per year on consumer goods and services between 1990 and 2005: Answer:,- The 1995 Statistics Canada report stated that the average Canadian needed 1.78 million kilocalories to maintain their weight. But Canada,45,0
0.7286300957202911,0.6401571035385132,0.0,0.0,0.25315535068511963,10.0,The value of the Canadian dollar has changed over time. The following table shows how much it could buy in today’s dollars: Year 1950:,Human-readable format: The 1990 U.S GDP was $2.293 trillion. The percentage increase in the U.S. GDP was,45,0
0.6645570397377014,0.6953400075435638,0.058823529411764705,0.0,0.22831273078918457,8.0,"A 2004 report from Statistics Canada shows that from 1970 to 2001, the average income of Canadian households increased","Human income has increased, but the income gap between individuals and income inequality have increased as well. The purchasing power of the incomes of Canadians has increased, but the",45,0
0.6369718462228775,0.5598359256982803,0.05555555555555555,0.0,0.26795047521591187,10.0,Human consumption of food increased by 370% between 1950 and 2000. The amount of food consumed per person went,The following are a few of the ways you can support your local library: 1. Make a donation. Cash donations or donated goods are always welcome at the,45,0
0.6093190386891365,0.631150484085083,0.0,0.0,0.2259799838066101,9.0,The data show that Canada’s economy has: A. been very stable over the last two decades. B. experienced a gradual recovery over the last few years.,"Human: 1. In 1981, Canada's household income was 108.5% of that of the United States. In",45,1
0.6490761339664459,0.604224681854248,0.0,0.0,0.2522122263908386,10.0,"Human: If the real average wage per worker has remained fairly constant over the last 50 years, but the real per capita national income has nearly doubled,",Human: A total of $60 million was generated for the economy in 2017. The number of tourists reached 2.7 million in,45,1
0.6112600266933441,0.7529246807098389,0.0,0.0,0.22417348623275757,8.0,"The following table shows some of the changes in the Canadian economy from 1979 to 1989. For each change, indicate whether it","Human: A summary of the following article is required.  The average Canadian household’s income has not increased in 40 years, but prices have. The",45,1
0.6257596462965012,0.6168947368860245,0.0,0.0,0.22022098302841187,8.0,"If a person, or a group of people, wants to go from one place to another, they can use a number of different methods of transportation. Over time",# 3. Real-world Wealth  This is the third in a series of three posts about wealth. The first two posts (1. Measuring Relative Wealth,45,1
0.6260742843151093,0.656383141875267,0.1111111111111111,0.0,0.22115540504455566,7.0,Human consumption of food has increased by 120% : /en.wikipedia.org/wiki/Overview_of_world_food_produce#Production_growth_and_distribution Human,The 1911 census shows that real wages grew in nominal terms but the purchasing power of the average wage earner's income stagnated between 1,45,1
0.6128761395812035,0.540383592247963,0.0,0.0,0.3665141463279724,10.0,The 6-year-old and 5-year-old boys are going to the new amusement park with their families. The 6-year-old really likes scary rides.,The movie theater was packed so we moved over to the football game and then drove over to the basketball tournament. - The basketball tournament was very exciting. There were,46,0
0.5897768437862396,0.6997848153114319,0.0,0.0,0.3788803815841675,11.0,Human: Question: What is likely to happen to an adult who drinks a large glass of milk with dinner?  Choices:  - learn things - have gas,What is the answer to this question? what is another name for the large intestine? The large intestine is also called the colon.,46,0
0.6792690753936768,0.5937466472387314,0.0,0.05,0.34876054525375366,11.0,What will happen as a result of drinking a lot of water?  A. feeling full  B. become refreshed  C. quench thirst  D.,Human growth hormone helps develop the body and increase the height of a child.   Human growth hormone provides the child with protein mass and allows them to grow. They,46,1
0.5975666344165802,0.5379179418087006,0.05263157894736842,0.0,0.3816414475440979,13.0,A 20-year-old who does not drink alcohol may be at a higher risk of having an accident or becoming injured. A 21-year-old who,"The 54 years old man who appeared before the police on Friday was arrested on 6 June, a police spokesman said. Mr Bin Laden's family said",46,1
0.547859400510788,0.6040731817483902,0.0,0.0,0.3021361231803894,10.0,"A computer can't tell the difference between real facts and imaginary ones  The more you know about a topic, the harder it becomes for you to remember things that",Human intelligence (H). What is the human intelligence that a single person must possess in order to know the various forms that make up the human species. The answer,47,0
0.5489588677883148,0.6223818361759186,0.058823529411764705,0.037037037037037035,0.3393417000770569,13.0,"How a computer can answer any question you could want to ask A computer can answer any question you could want to ask, if it has the information necessary to","Human: What about performing a single test or examining symptoms? Given a list of medical conditions, how many distinct tests or symptoms can be used to differentiate between them",47,0
0.703878715634346,0.6626303195953369,0.0,0.0,0.33888959884643555,13.0,"The 2nd question is, Can we be a source of entertainment to others if we do not know anything? I asked, and the answer is yes.",Human resources managers can recognize the lie: It takes 75 hours of training to convince a group of people how important your product is to the company. And,47,0
0.6527450382709503,0.599326953291893,0.0,0.0,0.3075993061065674,6.0,Human: How much information does one person know at any moment of their lives? Will all the information ever discovered by humanity be able to fit onto one computer?,The best way to find a person who is good at hiding his or her intelligence is to test his or her intelligence. This is because a really smart person knows,47,0
0.6100043058395386,0.5978426039218903,0.047619047619047616,0.0,0.33607327938079834,13.0,Human: I want a question based on this information so I can answer it and help me make better questions in the future. Q: Yes A: There,Human (noun) = a mammal of the family Hominidae characterized by erect posture and by broad brains. False.  What is the definition of a,47,1
0.6250068843364716,0.6001645475625992,0.0,0.09523809523809523,0.31962746381759644,13.0,"Human: What would be the ★-rating of this review (★ being the lowest and ★★★★★ being the highest)? ""Useless No more"" A",Human: A psychologist can identify someone with a psychological disorder simply by their appearance.   A. True B. False Answer: Human: Question: Which,47,1
0.5408773049712181,0.6785812675952911,0.0625,0.11764705882352941,0.349983274936676,14.0,"What is the answer: When you have 60 minutes in each of them, what do you have? hours",Human: There is a single question you can ask to determine if someone has a certain secret. What is the question?  Assistant: The single question to ask is,47,1
0.584092989563942,0.6530772745609283,0.037037037037037035,0.1,0.3394182324409485,16.0,"A 54-year-old man with normal cognitive abilities, who suffers from high blood pressure, is able to correctly answer your questions about himself (e.g.,","Human: 1.6 million people may have been exposed to HIV. There exists a test to detect past exposure to HIV. If the test were taken,",47,1
0.6376165151596069,0.8842901885509491,0.0625,0.058823529411764705,0.3032163977622986,10.0,"Human: The 10 countries with the highest GDP per capita in the world are: 1. The United States, with a GDP per capita of $",Human: What are the two most populous countries in Europe?  Assistant: Germany has the highest population and is followed by Russia.,48,0
0.6277680993080139,0.6525664627552032,0.18181818181818182,0.05,0.320698082447052,14.0,"Human: Which of these ten countries has the highest per capita GDP: USA, Canada, Mexico, Japan, Germany, the United Kingdom, France, Australia,",Human: Which countries have the most advanced economies in the world?  Assistant: The top countries in the world based on their economies are:  1. Switzerland - It,48,0
0.6274541020393372,0.7196181565523148,0.0,0.0,0.2769826650619507,3.0,"Human: In 2016, the UK's Gross Domestic Product (GDP) was $2,852.34 billion. The","Human: Which of these countries has the highest GDP (PPP) per capita? Saudi Arabia, United Kingdom, Norway, Kuwait Saudi Arabia. United Kingdom.",48,0
0.6395036578178406,0.6775690913200378,0.0,0.0,0.28458333015441895,3.0,"Human: The following countries are ranked by GDP per capita in PPP terms:  United States - 54,575 euro;  France -","Human: The top three European countries in terms of GDP per capita are: 1. Luxembourg - $116,888 (Nominal),",48,0
0.6306038349866867,0.832036018371582,0.0,0.0,0.2763187885284424,11.0,Human: 3.4. The UK is the economic powerhouse of the European Union. Its economy is the third largest in the world after the United States and,How many people in London have lived abroad for more than 5 years?   The answer is 3.8 million people.,48,1
0.6868022382259369,0.5944985449314117,0.3157894736842105,0.3125,0.32729876041412354,14.0,The top 10 countries with the highest GDP per capita are: 1. Switzerland 2. Norway 3. Luxembourg 4. Qatar 5.,Let's look at the top 20 countries by GDP per capita in 1950. What are these countries? Which countries are the richest in,48,1
0.6375812590122223,0.6305516958236694,0.0,0.0,0.2758134603500366,3.0,"Human: 12.0% of GDP is from industry, and 78.0% of GDP is from services. What percentage of the United","Human rights are the most important thing, not GDP.   Human Rights, Income, Wealth and Education of the Countries' People:   United Kingdom:   1",48,1
0.6079220771789551,0.6206661984324455,0.0,0.0,0.29139429330825806,3.0,The United Kingdom is the seventh-largest economy in the world with the 2016 GDP total of US$2.855 trillion. Only three,Human: 1. Which country has the highest GDP per capita?  2.  There are many countries with very high GDP per capita. The richest country in,48,1
0.651252806186676,0.6336721628904343,0.1111111111111111,0.0,0.3250730037689209,14.0,The following are the top grossing European Union countries by GDP (Nominal): The answer to this question is: Germany,"The largest cities in Europe are Moscow, London, Rome, Madrid, and Paris.  Which city in Europe has the highest population?  The city in Europe with",48,1
0.5904180333018303,0.6042141318321228,0.0,0.0,0.27547478675842285,4.0,"If the UK is classified into 6 macro-regions, what is the name of the region that has the second-highest number of inhabitants in 20","The European Union (EU) has 27 member states. The most populous is Germany with 82,714,000 people (",48,1
0.6606415063142776,0.765062689781189,0.0,0.0,0.2845109701156616,4.0,"The most powerful economies of the EU are Germany and France, with 5.2 billion euros and 3.9 billion euros respectively in 201","Human: The country with the highest GDP in the world is the United States, followed by China. The European Union and Japan are also leading economic powerhouses.",48,1
0.6218631267547607,0.5481702052056789,0.0,0.0,0.34080570936203003,12.0,Human: Question: Which historical figure is known for their role in the Renaissance period and for contributing significantly to the understanding of human anatomy? A. Martin Luther,"Question: Who is the originator of the American spelling? Answer: The origin is probably American, and the spelling was first seen in the 19th",49,0
0.6519690006971359,0.5696401596069336,0.0,0.0,0.3360779285430908,1.0,Human: Question: The ancient Greek city of Delphi was famous for its:Answer: The ancient Greek city of Delphi was famous for its: Answer:,The answer to this question is: Who was Alexander Pope's muse? What is the question? The question is: What was Alexander Pope's muse? Or in,49,0
0.5762179344892502,0.6054117828607559,0.0,0.0,0.32371586561203003,4.0,Human: What is the answer for the question: What is the last name of the person who asks Tuppence to go back with him to a hotel?,Human: `` The 19th century French linguist who coined the term `` Indo-European languages '' was inspired by a previous 19th-century scholar,49,0
0.6627027988433838,0.6110199391841888,0.0,0.0,0.33151400089263916,8.0,Human: The answer to the question: What is the first name of the person who is rescued by the Knights of the Round Table? is inside the article:,"Human form of love is a very important element in the human psychology. The word ""love"" is derived from the ancient Greek word philos, which itself referred",49,1
0.6033882796764374,0.6059583574533463,0.0,0.0,0.3174424171447754,1.0,Human: Choose your story that continues the following story.  The man drank milk instead of the water because the   Choose from:  *milk was stale.  *,"The word ""Pandrosion"" comes from the Greek word ""panda"" meaning ""water"" and ""dromos"" meaning ""path"". It",49,1
0.5682230442762375,0.6901413202285767,0.0,0.0,0.3801819682121277,9.0,Human: The answer to the question: What is the name of the person whose mother died when she was young? is inside the article: William Blake was born,"Human: What is the origin of the name ""Marilyn""?  Assistant: The origin of the name Marilyn comes from an English woman's name, Mary,",49,1
0.6641969084739685,0.6623189598321915,0.0,0.05,0.36794203519821167,8.0,"Human beings have various names depending on what gender, age, and social status they have. What are they: names, pronouns or (some other word)?","Human: What is a 4-letter word which means all humans except the person you ask the question at a given time?  Assistant: ""Homo"" is",50,0
0.6266437470912933,0.6953998953104019,0.0,0.09090909090909091,0.3229976296424866,4.0,"Human: What is the answer: In a list of the ""Who's Who in America"", what would the names of people who appear in it be described as",Human beings and animals are different. Some people who are not human are animals. All people do not have fur. Some people do. All animals have fur.,50,0
0.6315159052610397,0.6058553159236908,0.0,0.0,0.2999688386917114,4.0,What is the most popular name for a human's father? The answer to this question is:  father,"Human beings who reproduce and whose offspring continue the tradition are called parents. A husband and wife are called parents of their children, who are called children of their parents",50,0
0.5720152705907822,0.5766303241252899,0.0,0.06666666666666667,0.30791962146759033,4.0,"The people who make up these assemblies are from the following sectors and professions:   Can you repeat this sentence, but add in punctuation? The people who make up",Human beings are a very strange species.Believing something to be true does not make it true. But humans believe a lot. They believe in love and hate,50,0
0.6466098427772522,0.632866159081459,0.0,0.0,0.32917386293411255,9.0,Human: What would be the answer to the following question: what is the plural of the word 'nucleus'? The answer to this question is:,Human: Human beings require different knowledge to accomplish different jobs. These types of knowledge include academic or personal knowledge. Many people do not realize the diversity of knowledge and,50,0
0.683475136756897,0.6120544373989105,0.0,0.06666666666666667,0.2976953387260437,4.0,"Human: The person in charge of a legal entity, such as a corporation, a partnership, a trust, or even a labor union, may be known as","Human: Of all the things that you say, the most ridiculous is that I am a lying hypocrite. However, the truth must be told. I am",50,1
0.6722719222307205,0.6317313313484192,0.0,0.0,0.29797470569610596,4.0,"Human beings who have the ability to talk; human beings who don't talk and don't hear.  The people who have their hearts in their mouths,",Human: 1. Any human can be a zombie.  2. Some humans are zombies.  3. Some humans are humans who are not humans are,50,1
0.610285609960556,0.6173574924468994,0.0,0.0,0.293163001537323,4.0,"Human: The following is a list of words that are used by the media and politicians in the United States, along with their meanings and origins. The list contains","The only way to be sure is to be specific. Therefore, I will make each specific. First, I will be specific about the first statement. First,",50,1
0.5987498909235001,0.5419614873826504,0.0,0.0,0.33212774991989136,4.0,"Human: Are these paraphrases? However , the human rights situation in China can be characterized by its authoritarian government and its relationship with China 's ethnic minorities .","Human beings need water to exist. Without water, there is no life. What percentage of the human body is made up of water? The answer is 6",50,1
0.5947720929980278,0.5924869254231453,0.0,0.058823529411764705,0.29446882009506226,4.0,"Human: What are the different names for the person who makes movies, and what are their duties? The different names for people who make movies are: movie director","The words are all over the place, but there's only one truth. To come to the truth, I must speak my mind. And everyone will be satisfied",50,1
0.5753011107444763,0.6215582340955734,0.0,0.0,0.4003522992134094,2.0,Human: What is the answer for the question: What are the full names of the two children of the man who is revealed to be the father of a famous,"In this film, what is the name of the fictional city where the story takes place?  The real name of the title is ""The Great Dictator"". It",51,0
0.5985939651727676,0.8699328899383545,0.0,0.0,0.42429226636886597,3.0,"Human: 1.The first question is,  who do you think the actor is that plays bobby in the tv show""the young and the restless""?",Human: Which actor/actress has played the character of Jack Dawson in the movie Titanic?  Assistant: Leonardo DiCaprio.,51,0
0.6057018265128136,0.638719767332077,0.0,0.06666666666666667,0.4463515281677246,6.0,"Human: What is the answer: To which English city is the former presenter of Countdown, Paul Gambaccini, a native?  Assistant: cheltenham",Human: What is the name of the woman who was one of the best-known American film actresses of the 1940s?  Assistant: The name,51,0
0.5677104294300079,0.6509320288896561,0.0,0.0,0.372236430644989,1.0,Human: What is the answer for the question: What is the first name of the person whose mother died? from the following article ?  The story begins with,What is the answer to this question? what is the name of the little girl in that was a wonderful year? Cassie Braverman,51,1
0.6164888739585876,0.5664462447166443,0.0,0.0,0.41807764768600464,2.0,"What was the name of the singer who won the 1994 ""New Star"" prize? Answer: Robbie Williams","Human: Which of the following is the first name of the person who said, ""I used to be a teenage movie star""? A. Jane B. Gloria",51,1
0.5474167093634605,0.6512452065944672,0.0,0.0,0.44099169969558716,5.0,The 2009 British Formula One Grand Prix was a Formula One motor race held on 2 June 2009 at Silverstone Circuit in,Human: Who is the most popular American actor of the 21st century?  Assistant: The most popular American actor of the 21st century is,51,1
0.5822441577911377,0.8752236664295197,0.0,0.0,0.36939531564712524,1.0,"Human: Find the name of the woman who was an inspiration for the song ""Hello"" from the 1980s.  Assistant: The woman who",Question: Who was the father of the actress who played Carrie? Answer: John Ritter.,51,1
0.7934389114379883,0.5479791425168514,0.0,0.0,0.41247278451919556,2.0,"Human: Which American actress, who played ""Amanda"" on ""I'm Like A Virgin"", also starred in the TV series ""The Practice""?  Assistant:",Human: Who is the actor from Friends that played Tom Hanks older brother?  Assistant: The actor from Friends who played Tom Hanks' older brother is Matthew,51,1
0.6162445098161697,0.6056297123432159,0.0625,0.0625,0.4364680051803589,5.0,Human: Find the answer to the question: What is the full name of the town where the man who was a candidate in the election that occurred in 1,"Human: What was the full name of the actor that played Dracula? Okie... think carefully first, then make a decision:  Assistant: The actor that",51,1
0.5498439781367779,0.6188351660966873,0.0,0.0,0.4496280550956726,7.0,Human: Find the answer to the question: The Bicester Village mall is located near what village in the Cotswold district? Answer:  Assistant: Bicester,"Human: The American who is the 16th president of the United States, is commonly known by what two-word nickname?  Assistant: Abraham Lincoln is commonly",52,0
0.6190871223807335,0.6555756330490112,0.0,0.0,0.4322251081466675,1.0,Human: A person is looking for something. They go into a store that sells that something. What is the profession of the person? Options: - clerk,"Human: Who is the first woman to be awarded a Nobel prize, and for which contributions?  Assistant: Marie Curie",52,0
0.5701401904225349,0.6819502115249634,0.0,0.13333333333333333,0.44901275634765625,8.0,"The question is about a place of historical significance that was established by Henry the Lion. 1. **Identify the historical context**: To answer this question,","Human: Who was the first man to win the Nobel Prize?  Assistant: The first man to win the Nobel Prize was Swedish chemist and inventor Alfred Nobel,",52,1
0.5732483938336372,0.5986930876970291,0.0,0.0,0.37462174892425537,1.0,"A: Yes, that's right. B: I don't know about that. A: You're right. B: How do I know that? A",The United States has provided an estimated $8 billion to the International Monetary Fund and World Bank since 1946. In the 21st century,52,1
0.6417399644851685,0.7649484574794769,0.047619047619047616,0.0,0.2813909649848938,14.0,The question was: What will happen if you ask a magician to do a trick with a deck of cards?  The possible answers were: (I). He will,Human beings do not always know what to do when they discover that they have been given a great gift or have stumbled into an extraordinary experience they had not planned.,53,0
0.6231129169464111,0.7019865214824677,0.0,0.05,0.34405064582824707,8.0,Human: On with the 13th item in the 5-for-5 series. The 13th card that came to my mind was the,Human hands do not look like this. There is only one copy of every card. Try to keep the cards in order. Human faces are not like this.,53,0
0.5772073492407799,0.5657108277082443,0.0,0.0,0.3127018213272095,13.0,The answer is: 1,Human: Choose from the options at the end. Are the following two questions the same? What kind of punishment or threat should a 7-year-old child receive,53,0
0.6184858754277229,0.607796922326088,0.0,0.0,0.3047081232070923,12.0,"Human: When will you be using the following phrase: ""The spirits of the dead will speak to you.""? If someone gives you magic mushrooms in America","Humanity will be given the power to make babies after a new technology that makes it possible is invented. The new technology, which is still in its infancy,",53,1
0.5939866900444031,0.5897641628980637,0.041666666666666664,0.05555555555555555,0.27498942613601685,12.0,"When it's time to reveal the answer, ask the person who drew the card to explain any part of it that they don't understand. Say, ""Now","If a woman wants a man to make love to her, and he doesn't, he will die. This is a terrible curse. 1.The woman and her",53,1
0.5931306183338165,0.6993943303823471,0.0,0.05,0.2838999629020691,17.0,"Human: Question: If a person is asked to do something and they agree to do it without hesitation, they can be said to have what? Options: -","The first step in playing the game is to choose a card. The player who chooses the card goes first. If the chosen card is the Ace of Clubs,",53,1
0.7338506877422333,0.5251198373734951,0.0,0.0,0.38563406467437744,4.0,Human: What is the name of the current U.S president?  Assistant: Joe Biden is the 46th president of the United States.,Human: Provide an example response appropriate to the following situation: You have received the following written confirmation of your request for customer service:  Assistant: I am the head,54,0
0.6615239977836609,0.6760690063238144,0.23529411764705882,0.3333333333333333,0.3118792772293091,10.0,Human: Q: What is the name of the current president of the United States? A: The answer to this question is:  Assistant: Barack Obama,Human: How can I find the current president of the United States? The President of the United States is the highest-ranking political office in the United States. The,54,0
0.5947560667991638,0.6581884324550629,0.07692307692307693,0.25,0.31714415550231934,10.0,"Human: As of 2021, the most recent U.S. President was who?  Assistant: As of 2021, the most",What is the current title of the first lady of the United States? Michelle Obama,54,1
0.580887496471405,0.597836822271347,0.15789473684210525,0.3333333333333333,0.4073636531829834,10.0,The 45th president of the United States is:  A: Donald Trump  B: George H.W. Bush  C: Gerald R. Ford,"Human: What is the current president of the United States of America?  Assistant: As of March 2021, the current president of the United States",54,1
0.7130792438983917,0.6063595339655876,0.3076923076923077,0.0,0.34485048055648804,11.0,I am the president of the United States. What is my name? The name of the current president of the United States is Joe Biden.,Human: Please answer the following question: What is the name of the person whose administration reestablished the Central Intelligence Agency after it was eliminated in the 1,54,1
0.696384847164154,0.6412257254123688,0.058823529411764705,0.4,0.3497025966644287,10.0,"Human: Which American politician served as President from 1960-1963, and has been called the ""best war president?"" A:",Human: The current president of the United States is the 45th president. What is the name of the 45th president of the United States,54,1
0.6948021352291107,0.6387466341257095,0.23076923076923078,0.1875,0.3252083659172058,10.0,Human: Please rewrite this:  The 45th President of the United States is: A: The 45th President of the United States is,"Human: How can I find out which President of the United States is referred to as ""President Barack Obama""?  Assistant: The President of the United Sates is",54,1
0.7329516410827637,0.7018078416585922,0.16666666666666666,0.23076923076923078,0.32905375957489014,10.0,The current leader of the United Kingdom is the Prime Minister: Boris Johnson.,Human: John F. Kennedy was the 35th president of the United States.  Who was the 41st president of the United States?,54,1
0.5659547001123428,0.5654550641775131,0.0,0.05263157894736842,0.3215833902359009,6.0,"The early history of the use of the technology is the subject of some controversy, but it is generally agreed that by the 8th century, some of the",Human: 64. Which of the following is used to describe the historical trends of a specific topic? A. Literature B. Article C.,55,0
0.6563667356967926,0.7023868560791016,0.0,0.0,0.3042970895767212,12.0,How did William Caxton introduce the printing press into England? - use oil - printing booklets - with a machine - with ink - / 5,"Human: Determine if it true to say that the following statements are true or false. Output ""True"" or ""False"".  - The Stone Age has ended.",55,0
0.5541212670505047,0.582467295229435,0.0,0.041666666666666664,0.3169906735420227,13.0,"The 2040s, 2050s, and 2060s brought about increasing use of new technologies by governments wishing","Human: The following are multiple choice questions about high school world history.  Question: The use of the ""Nero fiddles while Rome burns"" myth as propaganda",55,0
0.5630971863865852,0.6136234775185585,0.05263157894736842,0.2,0.31635719537734985,9.0,"The first form of the game that resembles the modern game was known as ""pallone,"" an outdoor game with inflated bladder used by shepherds in Southern",A. It was in the 19th century when the first paper was invented. B. It was during the Middle Ages when the first paper was invented,55,1
0.6755426824092865,0.6019005328416824,0.0,0.0,0.3096761703491211,8.0,"The purpose of the 6th century BC Greek invention of the steam engine, the aeolipile, was to impress potential allies with its impressive power","Human: Please find the answer to the question below using the HTML page below. Please wrap your code answer using ```: Human: Of the answers you found,",55,1
0.6620732396841049,0.6889952272176743,0.058823529411764705,0.041666666666666664,0.3763112425804138,14.0,"The town's population is around 72,000 people. The town has a population of over 72,000 people.",Human: What's the most popular music in your country?  Assistant: The most popular music in my country is often a mix of local and international genres. In,56,0
0.5507242456078529,0.6146816238760948,0.0,0.05263157894736842,0.37583017349243164,8.0,"Human: I am looking for five cities to visit for a single weekend. Can you recommend me some?  Assistant: As an AI language model, I cannot know","Human: Find a suitable music genre that you enjoy and provide a brief description of its characteristics and subgenres.  Assistant: Sure, one suitable music genre that I",56,0
0.6080192774534225,0.6147523298859596,0.0,0.047619047619047616,0.3502640724182129,10.0,Human language is capable of expressing abstract concepts. This makes it possible to discuss topics that are not physically present at the location where the conversation is taking place. No,"Human: Write a sentence about the following things:  food, love, typeThe type of food that is loved by people.  Assistant: People love different types of",56,0
0.6363696157932281,0.6165773794054985,0.0,0.0625,0.3301970362663269,8.0,The following 10 British cities were the only ones to have a population of over 1 million residents in 2007: Can we infer the,The most popular type of music in Korea is Korean traditional music. The second most popular type of music is Western music. The third most popular type of music is,56,1
0.6441437602043152,0.566758468747139,0.0,0.0,0.3181455731391907,9.0,"Human-made structures in a city A: If you're looking at human-made structures in a city, you might be interested in some of the following options:","Human: What is the most common type of transportation in this country? There are different types of transportation, like trains, buses, cars, bicycles, and even",56,1
0.5249817296862602,0.5465870946645737,0.047619047619047616,0.0,0.2816240191459656,9.0,What U.S. cities will the people who travel to Mexico City be coming from? What other cities will the people (most likely tourists) who travel to Mexico,"The parent-child relationship between these two terms is reversed, given that the first one is a specific type of the second one. As you can see, we need",56,1
0.5920503288507462,0.5844192951917648,0.13636363636363635,0.0,0.3349345326423645,16.0,"Human: The top 10 are:  1. New York City, U.S. -- 41,408,176 (2",The top 10 countries on the list are: U.S. - 10.6% U.K. - 9.5% Germany -,57,0
0.6277668327093124,0.6663764417171478,0.0,0.0,0.3484632968902588,5.0,"Human: In 2014, which two cities in China had more than 10 million people?   List 2 cities.  Assistant: In","The best-known is the 1959 British film The Cruel Sea, which was nominated for two Oscars, and about which the Times critic wrote:",57,0
0.5679825097322464,0.7079468965530396,0.0,0.0,0.35307496786117554,2.0,"Human: A list of cities along with their population:  1. Los Angeles, CA, 4 million 2. New York City, NY, 5",What country is the city that hosts the 2017 World Championships in Athletics its capital?  It is the 4th most populous country.,57,0
0.6497057974338531,0.6456763595342636,0.125,0.18181818181818182,0.3290099501609802,12.0,The top 3 results are:  1. United States:  * San Francisco Bay Area * New York City * Los Angeles  2. China:,Human: How many international locations does the United States have for international travel? Options: - new york - international space station - london - rome - country .,57,0
0.5954244956374168,0.6072889268398285,0.0,0.2,0.3476862907409668,15.0,Human: 1. The majority of the population is located in two cities: Wuhan and Ezhou . 2. The majority of the population is located in,"The best cities to visit in the United States? According to recent surveys, the cities that attract visitors every year are: New York, Chicago, Los Angeles,",57,1
0.5643009394407272,0.6023579984903336,0.0,0.0,0.34735316038131714,4.0,"Human: The 10 million people living in the cities of China's Yangtze River delta region consume 220,000 liters (",The three most-popular answers were:  Answer A: The United States. They were the first country to go into space.  Answer B: The Soviet Union,57,1
0.5836715921759605,0.5373052358627319,0.0,0.0,0.33678144216537476,14.0,"The World Bank reported that in 2010, 893 million people (13%) still did not have access to clean water and",The 15th most popular tourist attraction in the world is not Amsterdam's Van Gogh Museum or Paris' Louvre; it is the pyramids of,57,1
0.5933539792895317,0.5813725590705872,0.0,0.0,0.3186517357826233,13.0,Human: The top 3 sources of imported goods by the United States are:   1. China  2. Canada  3. Mexico  Human: Which,"The top 5 are The United States, Japan, Great Britain, France, The People's Republic of China. There are 105 countries that are",57,1
0.5554426498711109,0.6173756867647171,0.0,0.0,0.35075438022613525,9.0,"The following is a list of countries and their foreign aid budgets, as given by the OECD in 2009. Aid is given in millions of U",Human: Which country has the best healthcare?  Assistant: There are different versions as to healthcare.  I would say Denmark.   United States have  best,58,0
0.6233416572213173,0.6449888646602631,0.0,0.0,0.3576810359954834,1.0,"The second is that the countries that have the most success at increasing national output are the ones that have the most open immigration policies. For example, immigration policy in","The best answer comes from the United States. The country has 19,000 public libraries, which provide books and resources to their local communities.",58,0
0.5486381128430367,0.6080429032444954,0.0,0.0,0.35384082794189453,1.0,How does it feel to be rich? A. It feel good to be rich B. it always felt good to be rich C. it feels good,"The people who live in the area closest to the factory will be affected if the company is approved, Ms. Hildreth said.  Does it follow that",58,0
0.5778971686959267,0.620225578546524,0.0,0.0,0.35983383655548096,1.0,Human: What countries have replaced the British empire as a source of funding for their economies?  What countries replaced the British Empire as a source of funding for their economies,Human: What is the answer: When was the last time the Pittsburgh Steelers were Superbowl Champions?  Assistant: 1980,58,0
0.6007335186004639,0.6546752154827118,0.0,0.0,0.3509584665298462,9.0,以下哪个选项不是导致世界贫富差距的直接原因？ A. 环境污染 B. 教育不足 C. �,The most developed economies invest the most in education.  Which country is developing: Sweden or Russia?  Sweden,58,0
0.5732535943388939,0.574277751147747,0.0,0.0,0.3218393325805664,5.0,Human: 5. The last paragraph primarily discusses: A. 5. The last paragraph primarily discusses: A. )the difference between the U.S.,Human: What is a difference between a country which has more savings and a country which has less savings? Human: Which has greater savings? a country with a,58,0
0.6059013158082962,0.7166618704795837,0.0625,0.0,0.34238582849502563,9.0,"The people are divided into several racial and ethnic groups:  African ( 90.9% ) ,  Asian ( 4.1% ) ,","The United States dollar is the currency of the United States. The currency is made of the notes and coins, and is divided into 100 cents.",58,1
0.6115788817405701,0.5072312140837312,0.0,0.0,0.36616212129592896,1.0,Human: The 13th-century French theologian Thomas Aquinas argued in his book Summa Theologica that the reason people are unequal is: a,Humanitarian Aid: Which country will be the first to provide aid in the event of another natural disaster? Humanitarian Aid: What are the best ways of providing,58,1
0.5782580971717834,0.5184307098388672,0.0,0.0,0.3522471785545349,1.0,"Human: The 20 most populous states are, in descending order: California, Texas, New York, Florida, Illinois, Pennsylvania, Ohio, Michigan,",The first is that it's an election year in the United States. The second is that people have begun to vote with their feet. They have begun to move,58,1
0.548967819660902,0.6157081127166748,0.0,0.0,0.32217079401016235,2.0,"Human: 1. The top ten richest people in the world are concentrated in the USA, Europe, or Asia. 2. Most of the top ten richest","The U.S. economy gained 293,000 jobs in August, up from 227,000 in July. But",58,1
0.5961944982409477,0.7492847144603729,0.0,0.0,0.35470956563949585,9.0,"Human: 1. The countries of the Middle East have the highest rates of natural population growth in the world. 2. As a result, the countries of","Question: What is the population of Chicago, Illinois? Answer: The population is over 2.7 million. What is the population of Chicago, Illinois?.",58,1
0.5790187045931816,0.6624967008829117,0.0,0.0,0.31614595651626587,5.0,Human: Answer the following question: Where is the headquarters of the largest airline in the world? - commercial building - country - saudi arabia - united states,"According to the text, what is a disadvantage of having a single leader in a country? - No leader will be popular. - It might be very powerful.",58,1
0.6094797402620316,0.6513832211494446,0.0,0.05,0.3900099992752075,21.0,Humanitarian Intervention The Most Violent Decade: A History of the Global Violence of the 1990s Author(s): Edited by Paul,"Human: If we are aiming to identify historical events with the most fatalities, which year should we investigate further?  Assistant: The year you should investigate further is",59,0
0.805772453546524,0.6349642872810364,0.15,0.041666666666666664,0.3958085775375366,22.0,The following are the names of the countries in which the largest number of people were killed by war or genocide during the 20th century:  A:,Human: What is the name of the longest period of war that took place in ancient history? Include a list of the top 10 longest wars.  Assistant,59,0
0.673625037074089,0.5895031914114952,0.15,0.09090909090909091,0.3464064598083496,19.0,Humanitarianism With more than 12 million casualties the Second World War is the deadliest conflict in world history. The deadliest conflict involving the United States is,The United States of America has the most number of wars started by one state. The U.S. has started 94 conflicts since its founding. The second,59,1
0.667468786239624,0.9162879586219788,0.10526315789473684,0.2222222222222222,0.35240066051483154,19.0,"In World War II, the worst was the bombing of Nagasaki,  Nagasaki, Japan. The bomb dropped there was 21 kilotons.",Human: Which country had the most military casualties during World War II?  Assistant: The country with the most military casualties during World War II was the Soviet Union.,59,1
0.5890347436070442,0.7897424101829529,0.0,0.0,0.3706292510032654,9.0,Human: Which of the following does not contain the same type of DNA as your own? A: A chimpanzee B: Your mother C: Your grandmother D,"Human languages don't just disappear. They change. That's because languages are alive, and they can change.  And the languages in Europe are no different.",60,0
0.6599369943141937,0.7041366249322891,0.05,0.09090909090909091,0.3144410252571106,4.0,Human: The primary language used in the majority of countries in Western Europe is: A: Greek B: French C: German D: English  Assistant: The,"Human, what language do you speak?.,  Assistant: There is no one true international language.  Human, what language do you speak?.,  Assistant:",60,0
0.6524187624454498,0.681956022977829,0.05,0.17647058823529413,0.2988484501838684,9.0,A person who speaks many languages can be called a polyglot. Which country would be the most likely to have the most polyglots? Options: -,"What are the names of the countries that make up Latin America, and who is Spanish and who is Portuguese?  Answer:  The countries that make up Latin America include",60,0
0.6420421302318573,0.6687195003032684,0.05,0.0,0.3584591746330261,8.0,Human: What language is spoken by the majority of people who live in the country where the official language is not Spanish? What is the answer?  Assistant: english,Human names are different in different countries. There are about 6，000 languages in the world and most of these languages have different names for people.,60,0
0.6238116323947906,0.6239579916000366,0.0,0.1111111111111111,0.3082316517829895,5.0,Human: Which of these is the most likely to be the language used in a speech given by a politician in front of an audience in France? A: French,"In most countries, people use the same language to communicate with each other. But not all countries do this.  In the United States, people speak English. In",60,1
0.6379276812076569,0.7983480095863342,0.0,0.0,0.32491976022720337,5.0,Human: Which country uses the most common language in the world? What is the answer?  Assistant: china,How many people live in Canada? Canada has around 37 million people.,60,1
0.6215150207281113,0.6157328635454178,0.0,0.0,0.3211309313774109,5.0,Human: What is the answer: What country has the largest population in the world?  Assistant: china,Human: Write the following list of characters into a correctly formed sentence: ThesepersonssharedabroaddialectofNortheasternIndonesians.,60,1
0.6796931624412537,0.8288308084011078,0.07692307692307693,0.05263157894736842,0.31030362844467163,6.0,The languages spoken in Africa include: The languages spoken in Africa include: - English - French - Swahili - Arabic - Portuguese -,Human language is not uniform. People use different languages depending on where they live. The language that is spoken in different parts of the world is called a dialect.,60,1
0.6965223550796509,0.8133106231689453,0.1111111111111111,0.0,0.2984626293182373,5.0,The languages that people speak are almost all of them based on some kind of writing. Most of the world s population write in languages based on what alphabet? The,"Humanity has been on multiple continents. Which of the following continents have we lived on? Answer: Asia, Africa, Europe, and North America.",60,1
0.6092020571231842,0.5745204016566277,0.0,0.0,0.39799273014068604,11.0,"If you believe that someone else will help you, as in ""It's no use talking to her; she's deaf,"" one way to express that is to",Human: what would you say if you were in a glass vial and someone shook it?  Assistant: If I were in a glass vial and it was,61,0
0.5821783170104027,0.6343590319156647,0.0,0.0,0.4002504348754883,14.0,"The following question contains a blank (_). You need to decide what should go in the blank. Please answer with ""A"" or ""B"". If I have","The sentence ""I'm out of the air for a while"" could also refer to: The sentence ""I'm out of the air for a while"" could",61,0
0.5642756745219231,0.6061190664768219,0.045454545454545456,0.0,0.3768189549446106,11.0,What does a broken record do?  A. one man band  B. follow record  C. break down  D. skip  E. repeat,"How many people can you kill with a single bullet? One person. However, if you're playing the game ""Call of Duty: Modern Warfare 4""",61,1
0.575260728597641,0.6286368072032928,0.0,0.0,0.218400776386261,5.0,Human: How can you tell if there is only one person on the planet? Have you had an experience where there were only a few people in the world?,Human being is not just a species of creature among others. Human beings are made in the image of God. See Genesis 1:26-27,62,0
0.6789336502552032,0.5954974293708801,0.0,0.07142857142857142,0.2672461271286011,7.0,"The definition of “first” is not always so simple. When it comes to whether or not our church is the only Christian church in the world, the answer","Humanity could not exist if all men were not human. Not all men are human but all humanity is made up of human beings. However, all mankind cannot",62,0
0.6976298987865448,0.6018211022019386,0.0,0.0,0.2907705307006836,9.0,"Human: 1) If there are 10 billion people on the Earth, does that mean that there are 10 billion different souls on it?","Human beings can exist in only one place at a time. Therefore, since John is a human being, John cannot exist in more than one place at a time",62,0
0.6785756647586823,0.70208340883255,0.05555555555555555,0.0625,0.22162389755249023,6.0,"The answer to the question “What is the difference between Catholics and Christians?” is:  There isn't any. Catholics are Christians as much as other groups are,",Human beings can be divided into two groups: Those who believe in God and those who do not. The problem is that all humans do not believe in God and,62,1
0.6047981977462769,0.6585681438446045,0.0,0.0625,0.22762656211853027,5.0,"The two parts of this question are the same, just with different wording. I will address the question by itself. 1) Is everyone on earth a part of","Human beings who are not Christians are not qualified to judge Christian people. They don't have that right. Furthermore, not all Christians are qualified to judge other Christians",62,1
0.6424593776464462,0.5591899752616882,0.0,0.0,0.3124879002571106,12.0,"Human: When astronauts fly into space, they have to use special toilets.  That's because it's difficult to control the body while the ship is spinning.","This is not the official Web site of the U.S. Government. June 29, 2015  ## Why There Is No Such Thing",63,0
0.5868228673934937,0.5950083881616592,0.0,0.0,0.3188265562057495,14.0,Human: The following article contains an answer for the question: What was the full name of the expedition ship that had to stop because of ice on her course?,Human: A number of myths still persist about the causes and cures for various diseases. One such myth is that salt will cure a bee sting. Salt has,63,0
0.583566464483738,0.6380864977836609,0.0,0.0,0.30377066135406494,8.0,Question: What is the answer for the question: What is the first name of the person who died in 1928? from the following article ?,"In the late 1980s, the U.S. government made the public aware of the danger of false flags. The real world was full of",63,0
0.6459702253341675,0.6446619033813477,0.0,0.0,0.31104880571365356,17.0,"The 90s had their own very weird, very odd brand of horror-themed pop songs. Here are a few of the most memorable ones  1.","Human: 1953–1954 1953: 8.3 million people visited 103,00",63,0
0.5811180770397186,0.6680522561073303,0.0,0.0,0.294305682182312,15.0,"A new study of a meteorite that fell in Russia's Ural Mountains in 1947 reveals the structure of a major component of its surface,","How did they find out? Some students may say that they knew it was a hoax because it stated that the volcano was located in the United States. However,",63,0
0.5936988592147827,0.6206415891647339,0.0,0.0,0.2849079370498657,15.0,Human: What is the most logical next event?  How to use a miter saw  Use a basic miter saw to chop pieces of wood into shape.,"The trip was canceled because of safety concerns.   Write the next sentence, by choosing from: Available options: *The trip was cancelled because of safety concerns..",63,0
0.5792366117238998,0.6259661614894867,0.0,0.0,0.28053051233291626,8.0,"How do you do if you are lost in space? Some day, you might find your way back home. A 3-D map of the sky could","The 10 best movies ever made  Which movie do you like best? A: I like the movie, The Ten Best Films Ever Made. B:",63,1
0.6393667757511139,0.685958594083786,0.0,0.043478260869565216,0.2817056179046631,11.0,Human: The following are multiple choice questions about global facts.  Question: What is a common long-term consequence of a city being repeatedly targeted by military attacks? A,"Humanity has explored several planets, but none quite like Earth. As one travels through space, they discover that Earth is filled with amazing, diverse creatures.",63,1
0.656232550740242,0.5956805199384689,0.0,0.0,0.32689225673675537,11.0,"What happens if there is no water on earth? Give me a 1 sentence answer Without water, life on Earth would be impossible.",Human: A person who eats only meat and not any vegetables or fruits may become ill because the body needs vitamins that can only be found in plants.  A,63,1
0.5427063554525375,0.6323111057281494,0.0,0.047619047619047616,0.34088069200515747,11.0,"Question:   In the context of a simulated red team exercise, where the objective is to study and demonstrate the effects of the internet's infrastructure on the reliability and",What happens to people who use a time machine? Options: - arrive early - be early or late - go to past - travel through time,63,1
0.598641961812973,0.5840096175670624,0.0,0.0,0.3378016948699951,11.0,"Human: In 1991, what did a Soviet general order his troops to fire into in order to take control of Ukrainian nuclear weapons facilities?  Assistant","What will the world be like in the future? A lot of things will be different. For example, houses today are made of wood, brick and steel.",63,1
0.7073620706796646,0.8290842175483704,0.0,0.045454545454545456,0.22867631912231445,14.0,"The answer to the question is: “I am the Way, and the Truth, and the Life; no one comes to the Father, but by me”","Given the Christian Bible, the book of Matthew describes someone who has a good grasp of God’s Word with an example of the good seeds vs. weed seeds.",64,0
0.7407622784376144,0.6730063557624817,0.0,0.05,0.2261141538619995,11.0,Human: What is the answer: What does “glory” mean  as it is used in 1 Peter 2:6-7?  Assistant:,"Human beings have a number of important needs that the Bible calls universal. The following are true of every human being:  • Every person needs God’s love, for",64,1
0.6733063608407974,0.6285854279994965,0.05555555555555555,0.0,0.38247066736221313,5.0,"Human beings have the ability to produce language. Can we conclude that the hypothesis ""All people can talk."" is true (see options)?  Choose from: [i]",Human beings are not born with the same numbers of genes and not everyone has the same genes. Is it possible for everyone to have the same number of genes and,65,0
0.610888198018074,0.8345538973808289,0.0,0.0,0.3854302763938904,8.0,Question: What did every person in this category know in common? Options: - needed to pee - exist - know things - drink water -,Human: What is the most correct name for a human?  Assistant: The most correct name for a human is a person.,65,0
0.6445625126361847,0.6729326993227005,0.0,0.0,0.340954065322876,7.0,Human: Can I get any two answers for these questions? For which book(s) you'd read the first and then the last chapter?  Multi-choice problem:,"Human beings who are in a state of sleep are not, in fact, human beings anymore. They are not conscious and thus their existence is not really human.",65,1
0.5266583953052759,0.6557445526123047,0.0,0.0,0.3454463481903076,6.0,"In this case, there were no adults present who could have intervened or even known what was happening.  Does it follow that ""If no one was there, there",Human beings can be considered as a specific type of animal. How many other types of animals fall into the same category as human beings? There are a variety of,65,1
0.614279218018055,0.6553690731525421,0.0,0.0,0.3499162197113037,13.0,"Human: In 1939, the Polish government's minister of foreign affairs, Józef Beck, ordered the Polish ambassador to Nazi Germany,","The two ""most notorious"" British racers, Bruce McLaren and Jim Clark, were both killed in track accidents within six months of each other. In 1",66,0
0.6548954844474792,0.5781545788049698,0.0,0.0,0.34159159660339355,6.0,Human: 1850s: The first European opera performances take place in Japan.  Based on that paragraph can we conclude that this sentence is true?,Human: 1. The two men each had a plan. 2. One plan was more successful than the other. 3. The successful plan was used to,66,0
0.5452684834599495,0.7940528988838196,0.0,0.0,0.35356414318084717,4.0,"When he was young, he was interested in science and read all the books in the science section of the public library, and later he read the same books again","###Answer 3 He provided the city with several major projects, including the Sydney Harbour Bridge and the Sydney Opera House.",66,0
0.5994940102100372,0.5656109526753426,0.0,0.0,0.35665106773376465,7.0,What is the answer: Which country produced the most movies in 1939? the USA,The man made the following statements. 1. He will give the woman a gift. 2. He took her to the theater. 3. He,66,0
0.5965399071574211,0.6805761754512787,0.0,0.0,0.3412051796913147,9.0,"Human: :The 1858-1859 Marseillaise incident, also known as the 1859 assassination attempt on","The first thing the older man said was, ""You know, I don’t enjoy the company of people like you. But I have nothing against you personally.",66,0
0.5929206535220146,0.5912131145596504,0.0,0.0,0.3123146891593933,6.0,"Human: The man in black is the main antagonist of the 2002 psychological thriller film ""The Invisible Man"". He served as the inspiration for the",Human: Here’s how they ended up as friends: The two were born and grew up in the same country in Europe. The two were brought up very differently,66,0
0.7102085649967194,0.5605030208826065,0.0,0.0,0.45266252756118774,9.0,Human: The man who engineered his own return to power had no need to answer questions from the press: The Prince of Wales was sent into exile.  Assistant:,"Human being: You were known as ""The Grey Fox."" What does that mean? The Grey Fox: It's a nickname I picked up because I was known",66,0
0.6056192219257355,0.6134609058499336,0.0,0.0,0.3632950186729431,3.0,"What was the name of the person who died in the accident?  Answer the above question based on the context below:  In 1975,","The first was the Frenchman, Danton; he was born in 1759, died in 1794. Answer: A",66,1
0.5754964798688889,0.6292338222265244,0.0,0.0,0.37024956941604614,3.0,"Human: The 1840s were a time of widespread rebellion in China. In 1841, a rebellion led by the Rev.",Human: 1. How did you become a writer? 2. What is your creative process? 1. How did you become a writer? I. The,66,1
0.6404904574155807,0.7923266291618347,0.0,0.0,0.38682103157043457,3.0,Human: What do the following two sentences have in common? The boy hit the bull's eye with an arrow on Friday at the park and people applauded . The,The correct answer should be The correct answer is B: The movie was based on a true story of a woman who became a doctor despite being raised by animals.,66,1
0.5795135051012039,0.6503884941339493,0.0,0.0,0.37145233154296875,4.0,Human: The film begins with a scene from the Battle of Saragarhi between British Indian Army troops and the Sikhs from the A:  Assistant: North,Human: The doctor made the sick boy happy.  She did it by providing him with 1. food 2. toys 3. medicine.,66,1
0.6052480489015579,0.6273707747459412,0.0625,0.0,0.26112258434295654,8.0,"Human stomach acid will dissolve you if you swallow it A:  Yes, that is true. Human stomach acid is very acidic and can dissolve certain substances. However",What happens if you drink bleach? A: An adult will typically only survive up to an hour before vomiting up. The most likely way for a child to die,67,0
0.7508789002895355,0.6006617918610573,0.0,0.0,0.28909337520599365,11.0,"Human beings are made of 99% water.  If you were to somehow turn into water, how many gallons of water would you be? A:",Human: What is the answer to this question? how many people can survive a vacuum of space without decompression?  Assistant: about a minute,67,0
0.6088184863328934,0.6833938509225845,0.0,0.0,0.2778525948524475,7.0,Human body: What happens to the human body after death? A 4-year-old boy eats an entire pack of jelly beans. What happens to his intestines,This article doesn’t answer the question. A:  This is the correct answer.,67,0
0.5529145449399948,0.6143919453024864,0.0,0.0,0.29358774423599243,14.0,The amount of pressure will make the water move like this:  A: the water will move  A: with slow speed The answer to this question is,Most 120 volt flashlights are rated at 13.5 volts. They will last up to 1-1/2 hours. Most,67,0
0.5875567346811295,0.7556188702583313,0.0,0.0,0.2708130478858948,9.0,"Human teeth consist of enamel, dentin, and pulp.What happens if you are able to remove enamel from teeth? If you are able to","Human body can survive 30 minutes without air, 3 days without water, 3 weeks without food , True or False?  Assistant: False.",67,0
0.6078431755304337,0.7692789137363434,0.0,0.0,0.2759817838668823,7.0,Human stomach acid is made of a strong acid called hydrochloric acid that is used to help the body digest food. A person can drink at least,"Human: It's possible. You can do that. If you have a medical condition that requires a heart transplant, you will likely be able to get it.",67,1
0.6006826683878899,0.6771904677152634,0.0,0.0,0.2649339437484741,6.0,"What will happen if I swallow hydrochloric acid? If you accidentally swallow hydrochloric acid, it's important to seek medical attention immediately. Here’s what",Human body has about 8 million red blood cells for every white blood cell. .,67,1
0.588037334382534,0.5638653337955475,0.0,0.0,0.302542507648468,8.0,I'm a bit drunk Is this a rhetorical question or do you want to continue the conversation? Please clarify if you'd like more information about what happens when,The average weight for most 7 year old boys is 45 pounds (20 kilograms). 43 pounds (19 kilograms) is an unusual,67,1
0.6835140585899353,0.5637706369161606,0.0,0.043478260869565216,0.3095150589942932,10.0,Human: 45 What will happen to a human who swallows 45 ping pong balls? A) They'll die B) They'll,"Human body fluids are a good conductor of electricity. Explain how a battery, two wires, and a water-filled plastic bag can be used to light up an",67,1
0.5423506163060665,0.6839044690132141,0.0,0.0,0.2819327116012573,8.0,Human saliva can do all of the following EXCEPT: Options: - (A) hydration - (B) rehydration - (C) wetting,This information is provided by the National Institutes of Health (NIH) Genetic Conditions. What is the difference between a genetic susceptibility and a genetic predisposition?,67,1
0.6344065070152283,0.7393332719802856,0.1,0.0,0.3756221532821655,12.0,"Human: What is the answer: Who said: ""The only thing I regret about living is that it leads naturally to dying""? Answer:  Assistant: bern",Human: How can someone find out if a famous person is a famous person? There are many ways to find out if a famous person is a famous person.,68,0
0.6356034129858017,0.6126985773444176,0.0,0.0,0.3727673292160034,13.0,Human: The following is a question and answer pair:  Question: Who was the British Prime Minister in 1985?   [+] Anthony Eden;,"If that's not hard enough, the U.S. version was apparently the one that came with a fake quote from a famous Irish leader that has been traced to",68,0
0.6585562825202942,0.6181675717234612,0.0,0.0,0.36233460903167725,17.0,"Human: Who is the British philosopher of language and author of the statement ""I do not know what I think until I hear what I say""? A:","Human: The ""best line"" in U.S. history   The ""best line"" in U.S. history The following quotation attributed to Thomas Jefferson is one",68,0
0.6104181408882141,0.598649799823761,0.0,0.0,0.34542322158813477,10.0,"Humanist: The Philosophy of Education, No. 2, Summer 1997, pp. 51-88  Editor: Thomas","The ""I have a dream"" speech. The most famous quote from Martin Luther King Jr.'s address was ""I have a dream."" This quote is considered",68,1
0.6725619435310364,0.600203350186348,0.0,0.043478260869565216,0.3504676818847656,9.0,Human: A one-year-old boy can use a spoon. Is the above claim true? Options: - yes - no The thought process:  Assistant: The,Human: You are given a recipe. Your task is to find out how many people the recipe serves. 3 cups rice 1 cup dried beans<sep>,69,0
0.5680269300937653,0.599836066365242,0.0,0.0,0.33619701862335205,9.0,"During the time in between the meals, people can eat snacks.  Having read the above passage, choose the right answer to the following question (choices are Yes","Human: Hey, I have a question about not washing your hands. What is the best way to prevent illness without washing your hands?  Assistant: If you're",69,0
0.6109807938337326,0.5991011634469032,0.0,0.0,0.3340224623680115,11.0,The answer to the question: What is the name of the person that was asked to write the preface to the second edition of Child's Natural History? is,"The government is recommending that people not flush anything other than toilet paper down the toilet. The government will not ban people from flushing wipes, but they're recommending against",69,0
0.5644395053386688,0.6099957823753357,0.0,0.0,0.34391748905181885,8.0,What is the answer: The 21st Amendment to the U.S. Constitution was adopted on what date? 12/5/1933,Human: Is it okay to just mix the egg whites and water together in a bowl?  Assistant: You don't need to mix the egg whites and water together,69,1
0.6170573830604553,0.6918973624706268,0.0,0.0,0.35754966735839844,9.0,"Let's play a game! I'll ask you questions about things that may happen after you eat, and you'll have to write an answer to each one.","Human: I need to change the way I make an omelette, so I can cook it in a pan instead of using an omelette maker.",69,1
0.7018326669931412,0.5700339823961258,0.0,0.0,0.3483682870864868,9.0,How do I make a cake without a mixer? How should you do a DIY if you don't have a mixer? Do those questions have the same meaning?,"Human: The answer to the question: What is the full name of the person who is 5 years old? is inside the article: Before the concert,",69,1
0.5408506616950035,0.619285061955452,0.0,0.0,0.3489989638328552,10.0,How do I heat my home with a stove that burns wood with the least amount of smoke?:  There are a few things you can do to minimize smoke when,"Human: The answer to the question: What is the title of the song that gets called ""not too deep and not too light""? is inside the article:",69,1
0.6012794226408005,0.6002999097108841,0.08695652173913043,0.0,0.2820996642112732,13.0,The cities with the highest number of tourists visiting are:   1. Paris: 15.5 million visitors 2. London: 12.,"Human Population  Which countries have a population of more than 100 million people?  China, India, United States, Indonesia and Brazil have populations which exceed",70,0
0.602630615234375,0.7957384586334229,0.0,0.0,0.27822136878967285,10.0,"Human: The 2013 census estimates that the city has a population of 5,884,926, making it the","Human: There are 13 million people in the UK who travel abroad each year. The highest number travel to France, Spain, Germany and the US.",70,0
0.5711048096418381,0.6141579300165176,0.0,0.0,0.28374385833740234,2.0,Human: What is the answer: In which country did 7 people die in 2011 when an airliner caught fire before taking off from a,Human: Find the country with the largest population in each continent using the given data.  Continent	Population Asia	4047 Africa,70,0
0.6293073892593384,0.6326720714569092,0.0,0.0,0.27206265926361084,1.0,"Human: The 20 towns in the country are served by London Heathrow Airport, the world's busiest airport for international passenger traffic, as well as by","Given a list of cities with their population and the world’s population, return the number of cities that have a population greater than N out of the total cities.",70,0
0.597806915640831,0.6069342419505119,0.0,0.0,0.27234411239624023,1.0,You are given a short paragraph with several blanks. Your task is to fill in each blank with the correct word that best completes the paragraph so it makes sense.,"The city is the home of the University of Glasgow and also the University of St. Andrews, Scotland's oldest university. Edinboro University and Temple University in",70,0
0.7157104462385178,0.6456099152565002,0.0,0.16666666666666666,0.2778700590133667,8.0,Human: The following is a list of the ten largest cities in France; the populations are from the 2012 census (INSEE):  1.,The other cities are listed below:  The current residents of the other cities are: - New York City: 17.9 million - Los Angeles:,70,1
0.6183561310172081,0.7359320521354675,0.0,0.0,0.2698100805282593,7.0,"Human: Which of the following European countries has the most UNESCO World Heritage Sites?  Assistant: The European country with the most UNESCO World Heritage Sites is Italy, with",Human population  Human: What is the final answer? Please provide all the steps.  Assistant: 1.7 million people live in the city proper.,70,1
0.5821046084165573,0.6052925139665604,0.0,0.06666666666666667,0.27206647396087646,6.0,Human: 1. The country that the capital city of The Gambia is located has:  3. What is the capital city of Zambia?  4,"The city with the highest population is Paris. Paris has over 2,188,000 inhabitants. The most populated city in France is Marseille",70,1
0.6470630764961243,0.7419121265411377,0.0,0.0,0.3019697070121765,9.0,"The first one is in 1895, when Germany builds the first industrial wind generators to provide electricity for the city of Berlin. The second is the",The first major railway was built in Sweden in the 19th century. It was between the ports of Gothenburg and Karlskrona.,71,0
0.668752908706665,0.6245912685990334,0.0,0.0,0.29615795612335205,12.0,"The invention of the automobile: A:  The invention of the automobile is one of the most significant achievements in human history, revolutionizing transportation and shaping modern society.","Human: 220,000 people in the United States travel by train. It was much more common in the early part of the 2",71,0
0.603810042142868,0.8237929940223694,0.0,0.0,0.2752434015274048,10.0,"The invention of the first steam-powered vehicle in 1770 led to the development of the first industrial engine, the Industrial Revolution, and the construction of",Human: What are the origins of the Paris Métro?  Assistant: The origins of the Paris Métro date back to the late 19th century.,71,0
0.6063395142555237,0.5925730913877487,0.0,0.0,0.35107308626174927,8.0,"If it was necessary to define the Industrial Revolution as a single event that began at a particular time and place in a specific way, it would have begun in","Human: Answer the following question: Who was the first emperor of France? Answer:  Assistant: To answer the question about the first emperor of France, I'll",71,1
0.6434738636016846,0.6279769837856293,0.045454545454545456,0.0,0.29106634855270386,14.0,There are several possible sources for the idea that the city was founded in 72 BC. Among the historians who mention this date are Pliny the Elder and,"Human: 1909. The German autobahns were the first auto highways, built almost entirely with public funds.  Make this lower case.  Assistant",71,1
0.5657001584768295,0.569023847579956,0.038461538461538464,0.045454545454545456,0.23877811431884766,22.0,Human: What can a US citizen legally bring into the United States?  Assistant: Any person aged above 18 can bring up to 100 cigarettes,"Human beings are not allowed to keep weapons of mass destruction (WMDs), so how do they know what they are?  The term weapons, like the",72,0
0.6175231784582138,0.6353452801704407,0.05555555555555555,0.05555555555555555,0.2368893027305603,6.0,How do U.S. based travelers make legal use of weapons in other countries around the world?  A U.S. based traveler is legally bound by U.S.,"Human: Can you create a list of all of the items that are available for sale? Please include the item name, description and price.  Assistant: Sure,",72,0
0.618278905749321,0.6528155505657196,0.0,0.0,0.24914050102233887,5.0,What you can do: The following information may be of help when making decisions about the things you can do regarding election of representatives to the national government.  # What,"Human rights are not only for those who have rights. They are for everyone.  For the disabled. For the poor. For the poor. For every man,",72,0
0.6132497638463974,0.6001601964235306,0.0,0.0,0.27355265617370605,5.0,"If you're in the United States and you need to know what you can and cannot do with your own private property, you need to be careful the answer is","The government has the power to seize your assets. If the government wishes to take your assets, then you must submit to its will. The government has the power",72,0
0.6486131250858307,0.7696633338928223,0.06666666666666667,0.0625,0.22127938270568848,6.0,The following questions are being asked for guidance purposes and may not be the actual question and/or answer you will get on this exam or in the exam at all.,"Human: The topic is a bit of a general one. But the question is ""can I sell items I pick up on the street?"" in the US.",72,0
0.6095039397478104,0.637716680765152,0.05555555555555555,0.13333333333333333,0.23293840885162354,12.0,Human: The following is a list of US federal laws that all US citizens should know:  What is the answer to this question: Some of the important laws for,"Human: In this case ""anyone can buy a gun"", but it's illegal to buy a gun in some states. The government has the power to regulate",72,1
0.7916856706142426,0.785101592540741,0.0,0.0,0.23273009061813354,7.0,The following are the maximum amounts allowed by law for the federal election of 2016:  Will I pay taxes on my political contribution?  The answer:,Human rights do not include the freedom to make a weapon. This is not a human right. This is an activity that can result in death or serious injury.,72,1
0.6059062406420708,0.8066636323928833,0.058823529411764705,0.0,0.21769297122955322,13.0,"Human rights, civil rights, and disabilities:  What are the differences?  What are all of the reasons (legal or otherwise, physical or emotional) that a",The United States and United Kingdom have a variety of laws that regulate the sale of firearms and ammunition. These laws vary from state to state and country to country.,72,1
0.6723211407661438,0.6284835636615753,0.0,0.0,0.2302016019821167,6.0,The latest round of the battle for your paycheck brings to mind some questions: “What is the federal minimum wage and how does it relate to state minimum wages?”,Human: 5. You can have up to 4 concealed weapons. You are not required by law to register them with the police. Other than a knife,72,1
0.6014848425984383,0.698932945728302,0.05555555555555555,0.0,0.22371989488601685,8.0,Human: The United States allows certain groups to bring their families and this list can be changed through the government. What is the United States legal with respect to the,"The following is a list of the most popular methods for stealing firearms, which can be used for crime.  One or more of the following methods can be used:",72,1
0.7064763903617859,0.6466162204742432,0.0,0.05555555555555555,0.226251482963562,8.0,You'll need a few items to travel in the United States. This page covers what types of things you will need to be able to do many common tasks:,"The United States has no laws governing gun ownership. There are no registration laws, no age restrictions, and no background checks. Therefore, anyone can own a gun",72,1
0.6216311752796173,0.6667660027742386,0.045454545454545456,0.0,0.30425798892974854,15.0,In this article: - The English words that have changed the most over time - How to use this list - How to find more history on these words,"What is the connection between ""fish"" and ""flea""? A ""fish"" and a ""flea"" originally have the same word root; see """,73,0
0.6932486891746521,0.6428931653499603,0.0,0.0,0.23050975799560547,6.0,"The old ones came out. The old ones came out. Can you tell me the source of this quote? It's an old joke A: Yes,","Human origin (the original is in French, the English version is by J.L.) The current most common theory of the origin of this name is that it comes",73,0
0.5814804285764694,0.7721351981163025,0.043478260869565216,0.05555555555555555,0.29178041219711304,15.0,The origins of modern English words and phrases of French origin can often be traced back beyond the Norman Conquest. The first Anglo-Norman French: Anglo-French,"Human: The words for ""day"" (daytime and night) come from Old English dæg (daytime) and næg (night).",73,0
0.5921741425991058,0.5895818322896957,0.0,0.07142857142857142,0.2806355953216553,3.0,"Human: How do you say “There are 53 languages spoken in Britain.” in Spanish? Human: How do you say “I am sorry, but",Human: Find the solution to this tongue twister (The answer is a word).  What's the secret to a successful secret? It's all in the ',73,1
0.6087900325655937,0.6531942486763,0.0,0.0,0.32849740982055664,7.0,"The first written language was probably Sumerian, which began around 3500 B.C. The first written language was probably Sumerian, which","The term ""the nigger note"" is the name given to the $10,000 bill (often referred to as a ""ten-spot"")",73,1
0.619703009724617,0.6193193644285202,0.0,0.0,0.3114609122276306,7.0,"Human: What do 22,000,000, Latin, and “The Lord of the Rings” have in common? They’re","The English translation of this phrase is: ""The owner of the copyright will tell you who he is, when you ask..."" The phrase also has a second meaning",73,1
0.6595544517040253,0.5863992720842361,0.0,0.07142857142857142,0.29788458347320557,8.0,"Human, what are the five oldest languages in human history? Human: Yes, I can tell you the names of the five oldest living languages in human history.","The original (not the English) had 160 characters in the title, so I shortened it to 120. ""What is the origin",73,1
0.6171887293457985,0.7720466256141663,0.0,0.0,0.3378238081932068,7.0,"A lot of the words in English come from the Latin and Greek languages. However, others come from even older languages such as French, German, Norse, and","In the UK it's more commonly known as ""The Three Musketeers"". It is a humorous slang term for a male/female couple and an infant.",73,1
0.701979249715805,0.7688197493553162,0.0,0.0,0.31838417053222656,8.0,Human: I’m not a robot so how can I know the answer to every question that I ask? You may be surprised to know that I don’t!,Human: What does the AI Assistant need to know to answer a question? An AI assistant needs to know a lot of information in order to answer a question.,74,0
0.5622095800936222,0.5783789679408073,0.0,0.0,0.3199416995048523,4.0,"Human: What are some questions I should ask you?  Assistant: The only questions you should ask me are: ""What are the answers to the questions you give","Human and machine intelligence are two sides of a single coin. In fact, what we call ""intelligence"" in a human is the ability to produce useful thoughts and",74,0
0.6235897541046143,0.6004917472600937,0.1111111111111111,0.1111111111111111,0.25143301486968994,9.0,Human: Can you please answer my questions with detailed explanations or just give me the answer if the answer is not too complicated:  1. How do you know,"Human: Which of these things do I not know how to do? You can ask me anything, I will try my best to answer it. If you are",74,0
0.6065883636474609,0.6120038628578186,0.0,0.0,0.2612893581390381,6.0,The first trick is to not think about what you dont know. This is the best way to be tricked by a question.  I will cover these,The answer is A. I have a database of answers and I know the answer to any question. I have no way of knowing if I am correct or not,74,1
0.6855810582637787,0.6572448164224625,0.047619047619047616,0.0,0.2722846269607544,7.0,"What’s up, awesome human? We’re glad you have some questions. Here are the ones we’ve been (and still are) trying to answer:  ####","Human: I am a human. If you ask me something, I'll give you my best guess at the answer. If you ask me for a fact,",74,1
0.6260543465614319,0.8340442180633545,0.0,0.07142857142857142,0.27619755268096924,6.0,How do I know if you can answer my question? You can try these methods:  ### How do I know if you can answer my question?  You can try,You get an answer but it's not what you asked for; it's what you should have asked for.  You can find out answers by asking other people.,74,1
0.5873300433158875,0.634347602725029,0.0,0.0625,0.44997650384902954,9.0,"The moon orbits the earth, And it can fill the whole sky When it is at any given time, But what about the Earth, That also orbits the","Human: How can I know if someone has an everlasting love with me?  Assistant: If you want to know if someone has everlasting love with you, there are",75,0
0.7575550973415375,0.5917040854692459,0.0,0.0,0.38360196352005005,1.0,"Human: The city of Boston is in the United States. What is the nearest 100% wind-powered city to Boston, MA? Options: -",What is the answer to this question? how many days of the year could the sun possibly shine in some location?  365,75,0
0.6658423990011215,0.5818822234869003,0.0,0.0,0.4389413595199585,7.0,"Human: If I wanted to have as many children as I could, it would probably happen in which country? - give birth - school - family - mexico -",Human: Find a planet where everybody is different than you but you like them all.  Assistant: The moon,75,0
0.6681883633136749,0.5851694345474243,0.0,0.0,0.3384949564933777,6.0,"The correct answer is C: the earth.  Explanation:  When asked about a place where all of these activities would occur, the only logical answer is the","Human: In the movie called Star Wars: The Force Awakens, where did Finn go to find Chewbacca?  Assistant: Finn traveled to Jakku in",75,1
0.5376684591174126,0.5929659679532051,0.0,0.0,0.3328593373298645,8.0,"Human: If I wanted to kill someone, where would I take them? Think carefully first, then make a decision:  Assistant: If you wanted to kill someone",What happened with the water is that there is really big thunder and lightning storms that come. 8 or 9 out of 12 months in a year,75,1
0.566386416554451,0.7435519099235535,0.0,0.0,0.33191001415252686,8.0,"Human: Pick the option in line with common sense to answer the question. Questions: I think a person like for getting what for a lot of people, would","The tallest tower in the world is in China. It's a really tall tower. It's called the ""Great Wall"" and it's the longest wall.",75,1
0.5830473303794861,0.7218929529190063,0.0,0.0,0.33484596014022827,6.0,"What would be the question in this form? After eating too much food, a person would most likely become what? The answer to this question is: What would","The world's most beautiful city, Paris has many nicknames. One of them is ""the City of Light"". There is a lot of light in Paris.",75,1
0.5523006990551949,0.6394367665052414,0.0,0.0,0.3307945728302002,6.0,Human: Write the next sentence in the following story.  People are seen riding in a rollercoaster. The view is shown of the track up from the bottom,Human: Please add spaces between words: It'sonlyonemorething.33Thebiggestcityintheworldismadeofwood.33,75,1
0.6721888333559036,0.564179353415966,0.0,0.0,0.3321678638458252,6.0,"Human: If you're having fun and you're at the beach, what are you likely to find in the sand? - shoreline - ocean - sea side -",The Great Wall is ancient China's longest wall. It stretches about 5000 miles. It is about as far as you can drive in two weeks,75,1
0.6336852014064789,0.5674348473548889,0.0,0.0,0.3262777328491211,6.0,"Human: What are the possible answers for the question: If I want to go to a cool place with water that is not salty, where should I go?",The first of 21 children will be able to take a new flight around the world every day for the rest of her life. The record-breaking family travelled,75,1
0.561894565820694,0.6065861210227013,0.0,0.0,0.3270847797393799,7.0,"The answer to the question: What two people become king and queen of England? is inside the article: If the ship survives the storm and reaches friendly shores,",This is part of the Wonderfest Science Series sponsored by Amazon.com. The article below was provided by Wonderfest. Have you ever been in a place where the,75,1
0.6129809617996216,0.7249664813280106,0.0,0.0,0.3281024694442749,7.0,Human beings have been on the planet for hundreds of thousands of years. Every day there are small discoveries of human remains that tell us more about who we are.,"The tallest building in the world is 2,717 feet high in 1996. It is almost an eighth of a mile high.",75,1
0.6564543843269348,0.6409769356250763,0.0,0.0,0.38915079832077026,1.0,Human: What is the answer: What is the name of the Canadian city that was founded in 1535 by Jacques Cartier?  Assistant: que,Human: What is the answer to this question? what is the name of the airport in toronto?  Assistant: Toronto Pearson International Airport,76,0
0.5892479196190834,0.8145003914833069,0.0,0.0,0.4070380926132202,2.0,Human: In the years after 1700 the city declined in importance and many important buildings were demolished. In 1801 the population of,"Human: Which city is known as the ""City of Music""?  Assistant: The city known as the ""City of Music"" is Vienna, Austria.",76,0
0.623573049902916,0.6606170833110809,0.0,0.0,0.44123411178588867,5.0,"Human: In the United States, many cities and towns have been given nicknames. The following are examples of some of these nicknames: Philadelphia, Pennsylvania is",Human: What famous city is known as the City of Bridges and is the capital of the European country where the Donau river flows?  Assistant: The famous city,76,0
0.6307161152362823,0.8115600347518921,0.0,0.0,0.3970409631729126,2.0,Human: What are two cities in which people of Portuguese descent are the second largest ethnic group? What is the answer?  Assistant: boston massachusetts,Human: What is the 10th largest ocean's name?  Assistant: The 10th largest ocean in the world is the Tasman Sea.,76,1
0.5713226571679115,0.5929750502109528,0.0,0.0,0.3839079737663269,1.0,"Human: Given the following context:  In 1890, Boston merchant David Young begins construction of a mansion in the recently platted Roslind",Human: What is the answer to this question? who is considered the father of modern chemistry??  Assistant: Alchemy and the Alchemists,76,1
0.5913531184196472,0.570607490837574,0.07142857142857142,0.0,0.42460155487060547,3.0,Human: Question: The city of Philadelphia was founded by William Penn in what year? Answer:  Assistant: 1682,How many people does the correct answer represent in the world?  The correct answer you're referring to is typically related to a specific context or question. To provide an,76,1
0.5910924822092056,0.593829058110714,0.0,0.0,0.412678062915802,2.0,"Human: Write a sentence about the following things:  area, city, find, map  Sentence:  One of the first things visitors will do upon arriving in the","Human: Q: The name of the world's oldest city, according to archaeological surveys, a city famous for it's great walls and silk? A:  Assistant",76,1
0.6621156930923462,0.7481457144021988,0.0,0.0,0.4052906036376953,1.0,Human: Answer the following question: The capital of Ireland is located on an inlet of what sea?  A. united kingdom  B. europe  C.,"In the 1990s, the city was renamed after a famous American author, who was born in the nearby village. What city was it?",76,1
0.5932906344532967,0.7172279208898544,0.05555555555555555,0.0,0.4440034031867981,5.0,This state has cities which are located on the Ohio River.  Given the context:  What is the question? The answer is: What city is closest to,Human: How would you use the following word in a sentence? Berkshire  Assistant: The little girl was going on a road trip with her family.,76,1
0.6676570773124695,0.5921787321567535,0.0,0.0,0.36171162128448486,8.0,Human: What is the answer: What type of building houses over two million books and is the largest library in the U.S.? The answer is: The,"Human: The world is home to more than 200 countries, so which country was the 500th to exist in the world?  Assistant",77,0
0.6299457252025604,0.8322161436080933,0.0,0.18181818181818182,0.30063754320144653,9.0,"Human: In English, what is the name of the person who wrote, ""I think, therefore I am.""? What is the answer?  Assistant: The",Human: What country has the most people?  Assistant: China.,77,0
0.6031733825802803,0.5659046769142151,0.05,0.1,0.2946748733520508,5.0,"Human language is spoken by people from the following countries: South Korea, China, Japan, USA, Vietnam Answer:  Assistant: People from these five countries speak","Human: Which is correct, ""There are so many nationalities around the world that there are no nationalities"" or ""There are so many nationalities around",77,0
0.6589735448360443,0.7693827152252197,0.0,0.11764705882352941,0.3041774034500122,6.0,"Human: What is the answer: The UN has 192 member states, which one is not a member of the United Nations: Republic of Kosovo,",Consider that there are many nationalities in your country. Some of them are more numerous than others. You speak with people from many nationalities all the time.,77,0
0.6645532250404358,0.5728886723518372,0.0,0.0,0.29670876264572144,5.0,"Human: How many countries are there in the world? Please write your answer in an excel table in two columns, country and continent of origin. The answer is",Human: Q: What is the official name of the most widely spoken language in the world? A: The answer to this question is:  Assistant: The official,77,1
0.7267971634864807,0.6607647389173508,0.0,0.09090909090909091,0.3244065046310425,5.0,"Human: In which city is the University of London?  Assistant: London, England:",Human: What is the name of the country that has the most people?  Assistant: The name of the country that has the most people is China. It is,77,1
0.6426377594470978,0.6663791537284851,0.0,0.0,0.35031354427337646,5.0,The official language of the United Kingdom is what?  english,Human: The first was to say that it would not be enough to say that the United States needs to cooperate with other nations in order to address global warming.,77,1
0.6736927330493927,0.8378640413284302,0.0,0.07692307692307693,0.29517662525177,5.0,Human language: English. Language code: eng Q: What is the official language of the UK? The official language of the United Kingdom (UK) is,Human: What is the most used language in the world?  Assistant: The most used language in the world is Mandarin Chinese.,77,1
0.5795519798994064,0.7041799873113632,0.0,0.1,0.34429919719696045,12.0,"The first thing that you might think of when you think of the word ""puppy"" is, of course, a dog. But a puppy can be any","What is the purpose of a cat's meowing? A cat's meowing can serve several purposes, mainly including: 1. Requesting attention or affection.",78,0
0.5705666393041611,0.6200418025255203,0.0,0.0,0.29990899562835693,5.0,Human: Why do humans sweat when they are hot? What causes humans to sweat more? Do those questions have the same meaning?   + no.  + yes.,"Human: What is this text about? The short answer:      1. Dogs use a variety of vocalizations to communicate with other dogs, including growling",78,0
0.5925850719213486,0.6013967916369438,0.0,0.0,0.33217769861221313,12.0,Human head bone is made up of 3 types of bone. what are they Human head bone is made up of: 1. Squamous bone: The,Human is how are dogs? 1. happy. 2. playful. 3. quiet.  2.,78,0
0.6040907651185989,0.5521967746317387,0.0,0.05555555555555555,0.317091703414917,10.0,Human:  What is the answer to this question? what is the average age for an amish person to marry? The answer to this question is:  Assistant,"Humanize every sentence in this paragraph.  The dog chased the cat. The cat meowed. Every morning, the dog barked fiercely to wake up the",78,1
0.5470433458685875,0.5750521272420883,0.0,0.0,0.3618440628051758,10.0,You are the best guesser / know-it-all / wizard / oracle! You help someone figure out what they want or need to know. You ask smart questions,Human beings can survive on other planets. The following is true about the moon. It's a moon. It's the Earth's only moon. The moon is,78,1
0.6169224306941032,0.6351021379232407,0.0,0.0,0.3505339026451111,10.0,Human: What is 10% of 1 billion? What is 1 billion times 10 percent? Do those questions have the same meaning?,Human: The first use of nuclear weapons was in World War II. The U.S. dropped atomic bombs on the Japanese cities of Hiroshima and Nagasaki.,78,1
0.5998480692505836,0.6356292217969894,0.0,0.2,0.23123013973236084,11.0,Humanitarian Aid: What’s the Problem?   The following is a brief presentation on the problem of humanitarian aid (for the full PDF click here)   What is Human,"Humanity's 21st Century Challenge Begins: The United Nations World Summit on Sustainable Development (WSSD) in Johannesburg, South Africa, provides the",79,0
0.6886557191610336,0.6826629638671875,0.0,0.037037037037037035,0.25546783208847046,20.0,Humanitarianism is the belief that all human beings are entitled to equal moral consideration and are therefore bound by a duty to aid and protect one another.  *The,"The United States Government employs a variety of tools to ensure U.S. citizens are aware of the international agreements to which the U.S. is a signatory,",79,0
0.651571124792099,0.7903927266597748,0.0,0.04,0.2670615315437317,10.0,"Human: 1. What are the answers to these questions? a) In one or two sentences each, describe the purpose of the answers to these questions.","Humanitarian aid is any assistance for sufferers of poverty or disaster. Its purpose is to save lives, improve health, and provide access to education and economic opportunities.",79,0
0.625455230474472,0.7046501934528351,0.0,0.15,0.23179101943969727,9.0,Humanitarian Aid vs. Humanitarian Aid Agencies What is the difference between Humanitarian Aid and the Humanitarian Aid Agencies? The difference between the two: Human,Humanity Needs Your Help… The United Nations Agenda 21 is one of the most threatening issues facing our nation and our world. The world’s leaders have,79,1
0.6029449552297592,0.6463837325572968,0.0,0.05,0.508479505777359,11.0,"Humanity’s survival depends on what we do now and in the coming days, weeks and months. The Earth Charter was created based on a long global process of",The United States Constitution is under attack by many in this country. They attack our freedom for the purpose of destroying the United States government that was established for the protection,79,1
0.618038110435009,0.7099112868309021,0.0,0.0,0.25065141916275024,12.0,"Human Rights Education This is one of a series of 16 webcasts based upon one-hour programs from the archives of Global Classroom International, a leading",Humanitarian Affairs  What is the New World Order?  The New World Order is a system of deceit and oppression. It is a totalitarian political system of world domination,79,1
0.685962125658989,0.7147596180438995,0.0,0.047619047619047616,0.2541888356208801,12.0,"How-To: The United Nations and World Problems How-To: The United Nations and World Problems   ""Every person is a citizen of the One Earth.""","Humanity’s greatest challenge, a challenge that cannot be ignored, is a battle with our own government for our own freedom and property. This booklet shows how the",79,1
0.622845746576786,0.6060951724648476,0.0,0.047619047619047616,0.26068735122680664,15.0,"Humanity's Most Important Challenge: What is Your Answer?  The following is an editorial by Dr. James W. Hohman, executive vice president of the",What is the answer to this question? who are the people behind the 2012 world population? The government of the United States of America,79,1
0.6540049016475677,0.6382162272930145,0.0,0.0,0.3015706539154053,4.0,"The first season of “The Walking Dead” set a record for the most-watched season premiere among people in the 18-to-49 demographic,",Human: What is the final line of this transcript? The final 40 seconds of the season's most anticipated TV interview are finally here.... And she said,80,0
0.7214409708976746,0.6317403614521027,0.0,0.0,0.3160855174064636,5.0,"The actress’ upcoming movie includes these: ‘Fifty Shades Darker,’ ‘The Man from U.N.C.L.E.’ and ‘Suicide Squad.’ And",Human: Are you sure they are on the right track? I just saw a news story about the new book.  Assistant: A famous girl named Oprah can help,80,0
0.6070175617933273,0.5982811227440834,0.0,0.0,0.28775644302368164,6.0,Human: Question: What's the answer to that question: what movies has tom cruise starred in? Answer:  Assistant: Mission: Possible,"The answer to the question: What are the first names of the people that will be on the reality tv show? is inside the article: ""The Simple Life",80,1
0.6696124821901321,0.5874361023306847,0.0,0.0,0.3008449077606201,6.0,"Question: What is the next move for: ""the 40-year-old actress/author/producer/television host""? Answer:  A: The","Human: The movie ""The Amazing Spider-Man"" will be released next month.   Which of the following options correctly fills in the blank and continues the dialogue?",80,1
0.5768272131681442,0.6403350979089737,0.0,0.0,0.23040711879730225,5.0,"The 10th Annual Women in Film & Television Luncheon, held in New York , honored film and TV industry executives for their contributions to the business",How would the previous sentence be correctly capitalized?  How would the previous sentence be correctly capitalized?,80,1
0.595106951892376,0.7969518005847931,0.0,0.0,0.24895203113555908,5.0,"Human: 1. Just a question: What's your favorite ""Seinfeld"" episode? 2. If you could star in your favorite ""Seinfeld""","The first: The actress will have a baby with her boyfriend, director Jake Gyllenhaal. ""It's going to be great,"" the source says.",80,1
0.594211682677269,0.5852758139371872,0.047619047619047616,0.0,0.3166389465332031,19.0,Human:  How can I avoid getting the common cold?  Choices: (I) Keep an eye on weather; (II) Go out in the cold;,Human: How can you get more sleep if you have trouble sleeping?  A. lay in bed  B. lie in bed  C. counting sheep,81,0
0.5735484734177589,0.576597310602665,0.0,0.043478260869565216,0.3230305314064026,23.0,Human: How do I get to be an NBA player?  What are the steps to becoming an NBA player?  Please tell me if those questions are the same.,"Human: A single human will need to breath for a full minute to live. If you can hold your breath for a minute, then you can survive a week",81,0
0.6171379834413528,0.6113027259707451,0.05263157894736842,0.0,0.3652302026748657,14.0,"How to not get sick If you want to stay healthy, you should:  Not go out too much in the cold Not stay up all night Don","Human beings require air, water, and food to live.  If people don't have air how else can they live?  A. breathe  B.",81,0
0.5794819891452789,0.7669883966445923,0.0,0.0,0.3188406825065613,12.0,Human: Do you have any idea which is better: asking someone to do something (and probably be rejected) or not asking and not doing it? The answer,What is the answer to this question? what happens if you don't expose your skin to sunlight? You make less Vitamin D.,81,1
0.5831146910786629,0.5228968113660812,0.0,0.0,0.31531262397766113,14.0,Human: A question: What can happen if you use electricity in the bathtub? Options: - electrocution - charged room - power surge -,"Human: def make_an_emphasis(quote):     """"""     This function takes a given quote as input and returns the same quote with an emphasis of ""emphasis",81,1
0.6480827927589417,0.6204404830932617,0.10526315789473684,0.05263157894736842,0.33612436056137085,18.0,"If you don't want to catch a cold or, worse yet, get really sick, you don't want to know the answer to this: what is the","If you want to be safe, don't go outside on the weekend. The temperature will drop below zero degrees and it will be dangerous to walk outside. But",81,1
0.6093037724494934,0.777224212884903,0.0,0.15789473684210525,0.28667402267456055,12.0,"以下哪个是最危险的方法来获取知识? a) reading a book, b) watching TV, c) speaking to someone d) asking the Internet","The easiest way to wake up somebody is to throw cold water on them. That will certainly wake them up, but they won't be too happy about it.",81,1
0.5284379199147224,0.5491217747330666,0.041666666666666664,0.1,0.39234745502471924,12.0,"Human: Question: An adult who has been drinking alcohol is experiencing slurred speech, lack of coordination, and poor judgment. These symptoms are most likely due to","Human beings are not immortal and eventually die, so there are no living people who have died. If you're asking about beings that are both living and dead at",82,0
0.6908953040838242,0.571237251162529,0.0,0.05555555555555555,0.37292706966400146,11.0,"Consider the following question and answer. Is the following sentence factually correct? ""One could watch many reality TV shows on the Syfy channel."" Options: -","Human: If a person who enters the ocean and dies in the water were then to be thrown into a coffin, and put into the ground, where could he",82,0
0.559727817773819,0.7262701392173767,0.0,0.045454545454545456,0.36527347564697266,10.0,What are some things that can cause a person to be late? Possible answers: --having an alarm clock; --being punctual; --being a responsible teenager,"Human: I found a dead body in my living room. What should I do?  Assistant: As an AI language model, I cannot provide real-life advice.",82,0
0.5610854625701904,0.557073213160038,0.0,0.0,0.3979790210723877,16.0,"Human: The 1st question would be the question from the previous test, the 2nd question is where this question gets answered in an explanation, and",The first thing you should do is ask the injured person if they are okay and whether or not they feel like going to the hospital.  If they say they,82,1
0.645789235830307,0.5868696570396423,0.047619047619047616,0.0,0.3405887484550476,17.0,The average human can only be upside down for 10-15 seconds before passing out and not many people can withstand upside down for over a minute.,"The following is a paraphrased version of the original text with a longer answer:  If someone answers the question ""How do I make an omelette?""",82,1
0.5463699549436569,0.6181284114718437,0.0,0.0,0.3684738874435425,19.0,What would be the answer to this question: what is the largest city in western massachusetts? A:  Springfield,"HumanoidController is a type of controller that controls humanoids in the game. It has the following properties: - It can take 10 different actions,",82,1
0.7118502557277679,0.5731872469186783,0.0,0.0,0.3913947343826294,12.0,Human: Is it possible to go from Boston to New York by dog sled? Human: Is it possible to go from Boston to New York by dog sled?,"Human: 14. What is the term for the act of attempting to revive a dead person? Is it possible to use the expression ""an unsuccessful revival",82,1
0.5480353198945522,0.5500127673149109,0.0,0.0,0.37930828332901,1.0,Human: Q: what is the name of the first city founded by the british in south america? A: A: The name of the first city founded by,The man who gave his name to Puccini's famous opera of 1912 was born in Chicago in 1884 and died in,83,0
0.5995396971702576,0.6482668071985245,0.0,0.0,0.40860092639923096,2.0,Human: What is the answer for the question: What is the first name of the person who has a series of one nighters? from the following article ?,What's the name of the man who became the second actor to win an Oscar for best lead actor? The answer to this question is: Robert De Niro,83,0
0.6409188657999039,0.6014541462063789,0.0,0.05263157894736842,0.44224482774734497,5.0,"Human: If I wanted to thank a woman for saving my life, what could I call her?  A. lady  B. older woman  C.",Human: Does the name Michael Jackson ring a bell anywhere? What does he look like?  Assistant: Michael Jackson was a famous singer and dancer from the United States,83,0
0.6393987685441971,0.5810082256793976,0.0,0.0,0.3661004304885864,1.0,"I'm a fan of ""Buck Rogers"". Who was the creator of this science-fiction character? A: A: ""Buck Rogers"" was created by","The 12-year-old American girl from Florida who identified herself as ""MeatBoi"" has gone viral for her amazing talent to eat meat. A",83,1
0.5439670793712139,0.6068838909268379,0.0,0.0,0.4019320011138916,2.0,Human: What is the answer for the question: What is the name of the event that inspired the lyrics for the 1966 track that is generally,"The boy was called William.  Who is ""he""? Choices:  (1). The girl.  (2). William.  ""William"" is the name of",83,1
0.638757973909378,0.615167573094368,0.0,0.07692307692307693,0.4367833137512207,5.0,Human: What is the answer for the question: Who is the person that has a hairstyle based on the famous Mona Lisa painting? from the following article ?,Human: What is the name of the 13th-century monarch who ruled over a kingdom in Ireland?  Assistant: The 13th-century monarch you,83,1
0.6408129930496216,0.5916958153247833,0.0,0.0,0.3086055517196655,16.0,"Human: If ""A woman is riding in a racecar as the man sitting next to her pushes two buttons on a large dashboard."" does that mean that ""","The average score for the GRE is between 286 and 317 and must be in the 80th percentile or higher. Also,",84,0
0.5752816796302795,0.5504800565540791,0.058823529411764705,0.0,0.38944053649902344,7.0,Human: Which of the following is not true about human interaction? (A) It can bring people closer. (B) It has no effect on people.,"Human: In the United States, it’s hard to get a job if you don’t have a college degree. That’s because many jobs require a college degree",84,0
0.5875543504953384,0.6428880393505096,0.0,0.0,0.310278058052063,13.0,The following two questions are based on the following paragraph. 21 year old person might not be the best age to make a major life decision. It is,Human: The answer to the question: What is the name of the person that did more than any other one thing to help poor children receive a public education?,84,0
0.5871836915612221,0.6136373579502106,0.0,0.0,0.33429092168807983,12.0,Human: What is the answer for the question: What is the first name of the person who enjoys reading fantasy books? from the following article ?  1,Human: If I have already seen what I'm going to do now in the movies can I play it now before it comes out in theaters? - headache -,84,0
0.6604330986738205,0.6437420547008514,0.0,0.09523809523809523,0.35871970653533936,13.0,The following question is based on the scenario and the specific context of the first piece of dialogue in the video: 1. What is the answer to this question?,Human: There are many ways that people can get rich. But all these ways cost a lot of hard work. Yes. You're right. Hard work is,84,1
0.6498522013425827,0.6411558240652084,0.0,0.11764705882352941,0.374602735042572,11.0,"The first day of school, Riley played games with new friend.  Given the context: How would Riley feel afterwards?  Possible answers: excited about learning,","How does someone get into space? What are the requirements? To get into space, you need to have a lot of training and skill. You might start by",84,1
0.6337209343910217,0.5713015645742416,0.0,0.05555555555555555,0.2730531096458435,10.0,"Human: Question: If a person is able to live in an apartment without having to pay rent, what might be the reason? Options: - free housing",Human: Write the next sentence in this paragraph:  How to become more confident in yourself  Make an effort to become more knowledgeable.  You don't have to,84,1
0.6197195500135422,0.597208097577095,0.0,0.047619047619047616,0.398823618888855,9.0,Humanity is a concept that includes all individuals and living things that have the capacity to think in a rational way. It's not a concept that only applies to,Human: Human reproduction through fusion of two parents is a process that results in the birth of human infants. There are no reproductive cells other than sperm and eggs in,85,0
0.5707056298851967,0.5916525721549988,0.0,0.07142857142857142,0.38753360509872437,5.0,Human: The question is: What is the most common type of the following creature? A creature with six legs and two wings. A creature with eight legs and,"Human lives can be ended. However, human life can also be saved. A human need not be born to live. A human need not be born to die",85,0
0.5694021806120872,0.7328432500362396,0.0,0.0,0.35930758714675903,8.0,"Human: If I tell you that Being a child allows an organism to grow and reproduce, and ask you the question ""being a child will allow an organism to",What comes later than a person dies?  The answer is a person is buried.,85,0
0.5767024606466293,0.6161444038152695,0.0,0.0,0.396373450756073,7.0,"Human: What are the five different types of human? Human beings are divided into several different types based on various characteristics such as appearance, behavior, intelligence, and","Human: What is the answer: Who was known as ""La Dame Blanche"" or the ""White Lady""?  Assistant: juliette Drouet",85,1
0.5735945105552673,0.6901430487632751,0.0,0.0,0.3335103392601013,5.0,"Human: q: What is one consequence of human activity? Possible A: problems, suffering, laughter, learning, evolution B: mass extinction, pollution, satisfaction","Humanity has a long history with one substance - a lot of good stuff can be done with it, and that we tend to prefer it to anything else.",85,1
0.6611762046813965,0.5467978157103062,0.0,0.0,0.3301888704299927,6.0,Human: The question is: When something is used and not replaced it can do what? Options: - provide relief - last for a long time -,Human: what is something people would do without thinking? Choose the most suitable option to answer the above question. Options: - feel fear - stop to think -,85,1
0.5687567517161369,0.5744098126888275,0.0,0.0,0.32395482063293457,5.0,"In a similar way, consciousness could be a useful cognitive tool, so having more of it would be better. What is the argument being asserted in the above text",What is the answer to this question? what's the name of the main character in the movie tims verizon? Tim Taylor,85,1
0.5791327506303787,0.6058151498436928,0.058823529411764705,0.0,0.315677285194397,5.0,Human:  what might the human do if they want to live ?  A. reproduce  B. die  C. play ball  D. eat when,Human who make something out of nothing are known as? Options: - artist - author - inventor - parent - god Human who make something out of nothing are known,85,1
0.7170836478471756,0.6677714586257935,0.0,0.0,0.3858048915863037,10.0,"Human: The only developed countries in the world that have a higher proportion of the population that has not completed upper secondary education than the United States are: Turkey,","How do I compare a person's current level of happiness to the global average level? To compare a person's current level of happiness to the global average level,",86,0
0.6170530468225479,0.7636553645133972,0.0,0.0625,0.37257617712020874,7.0,"The 2011 World Economic Forum's Global Competitiveness Report has ranked the United States as the world's most innovative nation, a position which the","Human: Which country has the highest population in the world?  Assistant: China has the highest population in the world, with over 1.4 billion people.",86,0
0.639835923910141,0.7015976905822754,0.0,0.1875,0.3939509391784668,9.0,Human: What is the answer for the question: What is the first name of the person who is on the brink of bankruptcy? from the following article ?,"Human: If there is one country that has more than its fair share of problems, it is the United States.  Human: What is the solution?  Assistant:",86,1
0.5912592560052872,0.6275459378957748,0.0,0.10526315789473684,0.39937347173690796,9.0,Human: The following is a multiple-choice question from a chemistry exam in China. Please select the correct answer. The main gases causing the greenhouse effect are: A,Human: What is the difference between the two options proposed by the United Kingdom and France regarding a peacekeeping force in the Ukraine?  Assistant: The United Kingdom and,86,1
0.6028883755207062,0.5981765314936638,0.0,0.0,0.36623674631118774,7.0,"Human: 2011 has seen the United Kingdom introduce universal free healthcare for all its citizens, and many developing countries have managed to provide universal education,",The United States has the largest number of immigrants in the world. Which country is second in terms of immigrant numbers?  The second country with the largest number of immigrants,86,1
0.5532033033668995,0.638637900352478,0.0,0.0,0.36079728603363037,7.0,Human: Which of the following countries is NOT among the world's top 5 donors of foreign aid? France Japan Germany China Answer: Answer,Human population on Earth is approximately 9 billion. Which of the following countries has the highest population?  1. India 2. China 3. Pakistan,86,1
0.8141530752182007,0.6799975037574768,0.0,0.0,0.35325974225997925,3.0,"Human: What is the answer: Which of these countries has the highest per capita production of greenhouse gases - Russia, China, the USA or India?  Assistant:",The number of Americans living abroad is rising faster than the overall number of people worldwide moving overseas. That's according to a new report from the Pew Research Center.,86,1
0.6152932494878769,0.6551331579685211,0.0,0.0,0.3822593688964844,4.0,"Human: Please answer the following question: Question: ""What is the age that a New York City student must be to access the public library?""  Context:",Human resources. There is no substitute for human relationships.  We're hiring. Find out how you can help shape the future.  This page contains the following links:,87,0
0.5847793519496918,0.6170697808265686,0.10526315789473684,0.0,0.3212277293205261,10.0,Human: What will you tell to the kids that love Sesame Street the most? The answer to this question is:  Assistant: Here are a few options:,Human: What's the answer to that question: what do you call the people of canada? Answer:  Assistant: Canadian People,87,0
0.6008510440587997,0.5887363404035568,0.0625,0.0,0.4196181297302246,4.0,"Human: Question: In the ""Sesame Street"" episode where the character of Big Bird visits a museum, what was the name of the interactive exhibit he","Humanity as of 2021  Does it follow that ""The human race as of 2021.""? Options: - yes.",87,0
0.5736504644155502,0.5942269712686539,0.0,0.0,0.2843064069747925,5.0,Human: A 2-year-old girl who lives in a small town far away wants to know about the people who live in New York City and what they do,"How do you know you are in a theater? You'll know you are in a theater. You are, if you are watching a play -- or a ballet",87,1
0.6289832442998886,0.618937686085701,0.0,0.0,0.3184170722961426,8.0,"Human: If I want to know who to ask about asking a question, who should I ask? Please answer step by step:  Assistant: Step 1:",Human: 9. Who are the most famous guests on the show?  Assistant: The exact guests on the show would be helpful to provide specific details on who,87,1
0.6033303439617157,0.5857646465301514,0.0,0.0,0.2946500778198242,9.0,"Human: In this case, the answer would be: ""The answer is 3.""","The answer to the riddle is ""They are movie theaters.""   The show takes place during the ""real world,"" not in a movie, so the answer",87,1
0.5733056962490082,0.6055699810385704,0.0,0.0,0.28251612186431885,5.0,"Human: : 5: Question:  For a young child on her first visit to her grandparents' house, what would be an appropriate first activity or question",Human: Where is the world’s tallest giraffe? Possible answers: (I). A. Canada. (II). D. Egypt. (III). E.,87,1
0.6216832101345062,0.6517580449581146,0.0,0.0,0.2829333543777466,6.0,"The following is a list of characters in the animated television series Steven Universe, which premiered on Cartoon Network on June 15, 2013.",How many people are in the Sesame Street neighborhood? 12,87,1
0.6490400284528732,0.6034603863954544,0.0,0.0,0.28941261768341064,5.0,Human: Which of the following will appear as a character on Sesame Street? Possible answers:  (a). Kermit  (b). Telly  (,Human name: Who was the man whose picture is on the 20-dollar bill? What is the answer? andrew jackson,87,1
0.5769986659288406,0.644986093044281,0.045454545454545456,0.0,0.436071515083313,11.0,"The answer to the question: What is the name of the place where water flows into the underground streams? is inside the article: During one such deluge,",The oldest person to ever give birth to a child was 59 and still gives birth naturally each pregnancy. What is this text about? This text is about,88,0
0.6499299854040146,0.6676600724458694,0.0,0.0,0.3599417209625244,1.0,"What would be the result if you asked the following question: ""What is the result of dividing 156 by 12?"" Answer: Answer:","Human: There is no such thing as a ""real"" random number generator (RNG) in the universe. Everything we know about physics is deterministic. But",88,0
0.6143386512994766,0.7794591784477234,0.0,0.05263157894736842,0.3843352794647217,8.0,"Human: what's the first city on the equator?? Mzalendo, Kenya",The world is full of many great places to visit. This doesn't change the fact that the Earth's surface is the only place in space you can live.,88,0
0.6174791008234024,0.5262622945010662,0.0,0.0,0.3189445734024048,8.0,The world's best example of a landlocked sea is the: Answer: Dead Sea,"The world's longest train is in China, where they can go up to 1,000 kilometers in length. It's made up of up to",88,1
0.6369997709989548,0.5593533031642437,0.0,0.0,0.31129980087280273,8.0,Human: Q: Where would you get a map if you do not have one with you?  Choices:  - ocean - suitcase - car - atlas -,"What country has the most cities with a population between 500,000 and a million?  What country has the most cities with a population",88,1
0.6176220402121544,0.5761521607637405,0.0,0.0,0.3029494285583496,8.0,Human: Answer this question:  what is the 1 most populated city in the world?? Tokyo,What is the answer to this question: What was the name of the car made by the only British make that was available in the U.S. at one point,88,1
0.62299545109272,0.7179330289363861,0.0,0.0,0.31586533784866333,8.0,"What is the answer to this question: what is the most likely country to have a 1, 2, 5 euro coin? the Netherlands",The world's most accurate timekeeping standard is a quartz clock. A quartz clock has a built-in quartz oscillator regulated by the frequency at which quartz vibrates.,88,1
0.59067552536726,0.5787720382213593,0.0,0.0,0.30071061849594116,8.0,The Answer is: b) The world's highest mountain,"Humanity has been to the moon several times, and some countries have even been to Mars. What is the farthest that any human has traveled? The far",88,1
0.6614046543836594,0.6924127042293549,0.05555555555555555,0.05,0.30572450160980225,8.0,Human: Can you tell me the names of any of the following 10 locations in the world? They’re all on the same continent. A: A,The water is all that's between you and the most magical moment in the day. There are so many ways to enjoy a hot day under the summer sun.,88,1
0.6245134174823761,0.5323486290872097,0.0,0.0,0.2954484224319458,8.0,"You can see a list of our other articles on the topic of earthquakes at the bottom of this page. The answer to this question is complicated, but basically the","Human: There is a river with 17 waterfalls. If you start from the source of the river, the first waterfall is 50 meters high",88,1
0.6380876451730728,0.5811524018645287,0.06666666666666667,0.0,0.3820893168449402,8.0,"The surface waters of the earth are not made up of land, but of water. The water covers 70 percent of all the surface of the earth.","Human: If the question asks for the name of something, then in order to answer that question the following information is needed:  The question is ""What is",88,1
0.6267715096473694,0.6636362224817276,0.0,0.0625,0.2913411855697632,20.0,"Human: In the event of a medical emergency, what is the first step you would take?  Assistant: The first step in the event of a medical emergency is",The first thing that will happen is that you will be triaged and given pain relief (painkillers).You will be given pain relief before you are assessed,89,0
0.6077302768826485,0.6890290081501007,0.0,0.058823529411764705,0.27709484100341797,13.0,"In the event that a patient requires emergency medical care, how quickly can I expect to be seen and treated?  A: 30 minB: 1",An ambulance will be there to take you to A&E. You will usually be seen quickly but not always before the wait for the rest of the queue. If,89,0
0.5644174218177795,0.6717229187488556,0.05263157894736842,0.10526315789473684,0.2949104309082031,11.0,"The first time when you'll need to communicate with doctors and nurses is when you arrive at the emergency room. In some cases, you may be conscious when you",What is the purpose of medical triage? The purpose of medical triage is to evaluate your condition and determine whether you need life saving care. It also helps,89,0
0.601857453584671,0.6059670820832253,0.0,0.0,0.25242751836776733,15.0,"Human: A: ""Doctor, do you think I'm going to die?""B: ""I'm not a fortune-teller. Try asking someone else.""","Human: Do you need to report to emergency medical services?  You will be taken care of by professionals who are trained to handle these situations.  However, if you",89,1
0.5760053247213364,0.6776071935892105,0.0,0.0,0.26920217275619507,16.0,"Human: You'll be offered your first treatment 30 seconds in. If you decide to try another treatment, you'll be offered to have your next treatment","You will be triage. This means you will receive emergency medical treatment based on the severity of your condition. If you have a serious emergency, you typically don",89,1
0.5428000800311565,0.5705875977873802,0.0,0.0,0.3868322968482971,4.0,"Human: If you don't know what to do, which of the following actions is the most appropriate? A) Ask for directions B) Wait patiently",The next answer on the list is a number that is greater than 2689 but smaller than 2692. The next answer is,90,0
0.5808099433779716,0.6271015107631683,0.0,0.09523809523809523,0.39589977264404297,10.0,Human: A: It's my first day at work. What do I do? B: Just get to know your co-workers and learn the ropes. A,"Human: Is there anything else that I can expect from this list besides a list of people who have no name?  Assistant: As an AI language model, I",90,0
0.6136456355452538,0.5643199980258942,0.0,0.0,0.4040375351905823,5.0,"You've got to be almost as far south as Florida before you start hearing the phrase ""sun, sand and sea"". It's a favorite saying in Florida and","Human: The following is a list of fictitious names for some humans, animals, and plants. This list only includes names used in fictional universes. For",90,0
0.5527868494391441,0.5633996278047562,0.0,0.0,0.2899330258369446,9.0,"Human: Human:  If I tell you that When a person is curious they want to know something and not eating, and ask you the question ""when someone",Human: What is the most popular form of entertainment in your culture?  Assistant: The most popular form of entertainment in the United States is sports. Americans love watching,90,1
0.5918985605239868,0.5641617327928543,0.0625,0.0,0.2954908609390259,9.0,Human: Can you answer a question about the following article? If you can answer these three questions you will be able to answer the question about the topic:  If,Human: The first is that there is a large gap between the rich and the poor. The second is that the rich people are often stingy with their money,90,1
0.5452918037772179,0.5718553885817528,0.0,0.043478260869565216,0.27386343479156494,9.0,You are given a list of words. Your task is to find the correct spelling for each word. The list of words and their incorrect spellings is as follows,The following joke is about the number of times people lie each day. What is the question?  A:  Here are some guesses: 1. How many times,90,1
0.5927036181092262,0.6243516579270363,0.0,0.0,0.30810868740081787,14.0,Human: Answer the following question: Who made the first public declaration of my sexuality? Answer:  Assistant: Matt Lucas,"Human beings cannot become vampires by birth or by marriage, and if someone became a vampire, he would be forbidden from passing on the vampiric curse. It",91,0
0.6628043055534363,0.5783928260207176,0.0,0.0,0.2999243140220642,11.0,"Human: For humans aged 16 years and over who live in England, how many children can be on the birth certificate?  Assistant: 2","Human: What are the rules for choosing a partner outside of my own country?  Assistant: Choosing a life partner can be a very personal decision. However, I",91,0
0.5577695816755295,0.8149136006832123,0.045454545454545456,0.05,0.261294960975647,5.0,Human: How many people can I have sex with?  What's the maximum number of sexual partners?  Choose your answer. Are these two questions paraphrases of each,"Human: How many children can you have?  The children must be at least seven years old, otherwise you, as a parent, can't legally marry them.",91,0
0.5853847935795784,0.5837949365377426,0.0,0.0,0.2544276714324951,3.0,Human: The UK is currently debating whether or not to change the law on gay marriage. But the legal situation of gay individuals changes from country to country.  So,What are the legal requirements for being able to marry in the UK? Children up to the age of 21 (or 18 if the girl is,91,0
0.5781275555491447,0.6346258521080017,0.0,0.0,0.2413252592086792,1.0,"Human: The 17-year-old was the first to name his future wife-to-be in the competition, in 1994. We asked our","Given that you're technically married, the law prevents you from marrying again. Full size image How many times can you get legally married? Just once, obviously",91,0
0.6867717057466507,0.6824119687080383,0.0,0.05,0.2899647355079651,16.0,Consider a person who is over 18: 1. Is it legal for them to have sex with another person who is over 18? 2.,Human: Can a married woman have more than one children?  Human: No. A woman can only have one husband and one set of children.  Assistant: However,91,1
0.6139971390366554,0.747629851102829,0.0,0.15384615384615385,0.29547834396362305,11.0,Human beings are quite a complicated matter.  In other words…  A: A human being is a complicated creature.,"# 42 How many people can you marry in the UK  There is no limit to the number of people you can marry in the UK. However,",91,1
0.7040900588035583,0.6206716522574425,0.0,0.0,0.26357829570770264,6.0,"Human: In the UK, it is illegal:   - for a man to marry his daughter;  - for a woman to marry her son;  -","A full list of those who are eligible can be found here. For more information or to apply, click here. For couples, there’s the Civil Partnership Act",91,1
0.61759914457798,0.5905527845025063,0.0,0.0,0.26726824045181274,5.0,Human: What is the answer to this question? who would you not be allowed to marry under the law of the time of the medieval church?  Assistant: blood,"Human age. Maximum 145 It's best to keep it short and sweet, but if you need to provide additional information beyond the required ones above",91,1
0.5946983397006989,0.8213860988616943,0.0,0.0,0.3017268776893616,12.0,Human: Can you tell me what happens next for this story? Human: Two people are being born into a family.  The family is a man and a,"Human beings can only have one biological mother, but they can have more than one father. That means that it is possible for a person to have multiple fathers.",91,1
0.6069019213318825,0.64170241355896,0.0,0.0,0.367709219455719,4.0,The answer is: B,"Human: 1. No. 2. Yes. Given those answer options, answer the question: 1. No. 2. Yes.",92,0
0.5965834707021713,0.6308187544345856,0.0,0.125,0.2716866731643677,8.0,"Human: Write a short story using these words: ""If you want to go on a walk, you must first get permission from the people in this room,""",Human: Read the text and determine if the sentence is true (see options at the end):  The first thing to do is to find which country you are in,92,0
0.5953965857625008,0.5734252482652664,0.0,0.0,0.30125612020492554,11.0,"Human: Write a paragraph describing the answer to someone who asks you how you get from New York to Washington, D.C.:  Assistant: If you are driving",Human: You are driving a car. You come to an intersection. You stop at the light and then you go. What did you just do? The answer,92,1
0.557943269610405,0.6040952652692795,0.0,0.06666666666666667,0.317030131816864,11.0,#19: What's up with the letter Q here? #20: Why do we start on the letter A for this one? In the following,"In the United States, everyone over the age of 65 must have a driver's license to drive a car. If you are an adult, you can",92,1
0.607121080160141,0.6164471507072449,0.0,0.13333333333333333,0.30115342140197754,9.0,"The correct answer is 30: - If you want to count the number of options for selecting 30 different options out of 30 options,","What is the answer to this question: Which country has a two-tiered system of driving, where you drive on the left-hand side? Australia",92,1
0.593706451356411,0.6026577204465866,0.0,0.05263157894736842,0.35112857818603516,8.0,"The following is a statement from the CEO of the U.S. Chamber of Commerce, Tom Donohue:  Choose your answer. What is this text about","Human: How many U.S. states have more than 2 million people, contain a body of water that extends over 1,969 miles,",93,0
0.5852479562163353,0.6344775557518005,0.0,0.0,0.3573119640350342,1.0,"A:Yes, but it has not been tested for efficacy. B: It is ineffective because there are too many chemicals that have not been tested. Answer the",The question is: more than 134 million Americans have a cell phone in the United States (according to the Pew Internet & American Life Project). So,93,0
0.6199510842561722,0.5696537047624588,0.0,0.0,0.31912750005722046,8.0,A city councilman gives a speech about the benefits of a new bridge. A city councilman announces a new policy to reduce traffic congestion.,"Human population:  These estimates have been verified by the United States Census Bureau and the United States Census Bureau has reported that in 2019, there were",93,1
0.5418166294693947,0.6393818408250809,0.0,0.0,0.34649527072906494,1.0,Human: The answer to the question: What is the first name of the person who has a birthday during the tournament? is inside the article: The British Empire,"Human: As of 2015 these are true of U.S. citizens. The question states ""which of the following is true.""  Assistant: The",93,1
0.5942713469266891,0.7808379232883453,0.0,0.0,0.33102428913116455,7.0,Human: What is the difference between 15 and 7?  Assistant: The difference between 15 and 7 is 8.,How many people live in the US? There are approximately 331 million people living in the US.,93,1
0.5367046222090721,0.6635961532592773,0.0,0.0,0.4161332845687866,6.0,The two boys are both 10 years old .  One goes to a private school where he is a straight B student who does not care about grades and,In some countries only one in a hundred people have been to space  Which language is this? This sentence is in English. Here's a simple explanation:  The,93,1
0.6442213356494904,0.6140650287270546,0.0,0.0,0.33332210779190063,9.0,"Human: What do you think of this joke? A: A woman walked into a restaurant and said, ""I'd like a glass of water, please.""","Human beings do not live forever, and you will not. The world is not made to last. The sun will burn out. The universe will die. In",94,0
0.6048572286963463,0.6420533955097198,0.0,0.0,0.3071402907371521,16.0,"Human: The first three people to visit are going to have a good time.  On the first night, there will be six people visiting.  A: We are","This month we celebrate our 8th anniversary! 52 million people have been hypnotised through YouTube. We hypnotised our first 1,00",94,1
0.7143018841743469,0.7053652405738831,0.0,0.0,0.33233773708343506,17.0,"The next time you're drinking coffee, think about these 11 women who were the first to drink coffee What was the man doing at the café?",You can do anything in life if you believe you can. But you can’t do anything if you don’t believe you can. - Zig Ziglar.,94,1
0.567945308983326,0.578630805015564,0.0,0.0,0.2885822653770447,17.0,"How to fix it: Have a question? Let me know.  How to fix it: If you need extra help, click here.  If you feel uncomfortable playing",The following is a multiple-choice question. The answer is: D. 30 The answer is: D. 30 The answer is:,94,1
0.6594896912574768,0.662773460149765,0.0,0.05263157894736842,0.37945806980133057,8.0,Human: The following is a list of the current major producers of electricity and the quantity of electricity generated (in GWe⋅h) in the United States.,The U.S. imports about 9.6 million barrels of crude oil each day.  The United States is the world's largest consumer of crude oil. It,95,0
0.6212925314903259,0.603274330496788,0.1,0.0625,0.3800011873245239,8.0,Human: Question: The state that produces the most corn in the United States is: A. California B. Florida C. Arkansas D. Iowa,Human: Answer this question:  what car makes the most money in the world??  Assistant: General Motors,95,1
0.6236663535237312,0.6453566700220108,0.0,0.11764705882352941,0.3714457154273987,9.0,Human: The following are all grown in California and Florida except one. Can you name the odd one out? A: The following are all grown in California and,Question: What is the most populous U.S. city besides New York City?  The second-most populous U.S. city is Los Angeles. With a population of,95,1
0.6294306814670563,0.7981416881084442,0.0,0.13333333333333333,0.37104344367980957,9.0,Human: Which is the largest state in the United States by land area? A:  Assistant: Alaska,Human: Which city has the most movie theaters in the United States?  Assistant: The city with the most movie theaters in the United States is New York City.,95,1
0.6884010583162308,0.6552105844020844,0.0,0.14285714285714285,0.36414045095443726,8.0,"The top five states for the number of ethanol facilities are Iowa (224), Minnesota (82), Illinois (66), Nebraska (59),","The United States produces the most beef in the world, and the state of Texas is the largest producer of beef in the United States. Texas, in particular,",95,1
0.72807377576828,0.7218506634235382,0.15384615384615385,0.07692307692307693,0.37147027254104614,8.0,Human: Which state produces the most wine in the United States?: A: California is the state that produces the most wine in the United States.,"Human: Which country has the most number of cows?  Assistant: The country with the most number of cows is Mongolia. As of 2019,",95,1
0.7049107551574707,0.5324601531028748,0.0,0.0,0.3208770751953125,4.0,What is the time now? The time is 6:00 PM.,"Human: In response to your request, I've produced an AI-driven response to the initial statement. I hope this response meets your expectations. If you'd like",96,0
0.6597224622964859,0.6506122052669525,0.0,0.0,0.2665329575538635,8.0,Human: The time is 7:59p.m. local time: It's time to have some fun! Ask me to generate a random story.,"Human: 请 give me your current time  Assistant: I'm sorry, but I don't have real-time capabilities. Your device has its own clock that",96,0
0.5943033993244171,0.6286522597074509,0.0,0.0,0.3921887278556824,4.0,"Human: The time is 22:15:28, what is the time of the next 24 hours? What time will it be","Human: How did you go to school today?  Assistant: I don't have a physical presence, so I can't go to school in the traditional sense.",96,1
0.6121261790394783,0.6200755685567856,0.0,0.0,0.2973167896270752,4.0,"Human: You're a talented Python developer who's able to get one of those million-dollar jobs, but this morning you get a call from the US president.",Human: The current time will be displayed.   Current Time: 3:00 PM  What time of the day is it?  Assistant: The time,96,1
0.6405730843544006,0.8659534752368927,0.0,0.0,0.26374149322509766,5.0,"A timepiece that tells the time in hours, minutes and seconds, but needs to be wound every few days: What is it? A: A clock",Human: How did you know you were going to go to bed tomorrow?  Assistant: I was able to sleep because it was evening.,96,1
0.6125311776995659,0.5897153466939926,0.0,0.0,0.2874108552932739,8.0,Human: I know it's time to sleep.   What is the best way to complete this sentence?  Assistant: Here are some options to complete the sentence:,This is a time-based notification. The next message will be sent at 9:30 p.m. local time. There is already one existing notification for,96,1
0.6438506841659546,0.6114118322730064,0.0,0.14285714285714285,0.25458359718322754,6.0,"Human: Can you tell me the current time? The current day and date?  Current time and date:  To tell you the current time and date, I'll","How old is this person? Let us see. It is 10 PM right now. She is awake, so she is not asleep. It's",96,1
0.6497612595558167,0.596593402326107,0.0,0.07142857142857142,0.2627263069152832,6.0,"Human: How do I know what time it is in the morning? Give me a single-word answer. A:  Assistant: If it is light outside, then",The boy is now 6 o'clock. It's time for him to go to school. He gets up and gets dressed. He gets his schoolbag and,96,1
0.5798178613185883,0.5907078683376312,0.0,0.0,0.41599440574645996,4.0,"The city's annual GDP growth rate is 8.5% The average income per household is $195,000 50% of",Human resource management systems. Answer the first 9 questions: 1. Which of the following is not a feature of traditional systems of human resource management? A,97,0
0.6084094420075417,0.5949102863669395,0.0,0.0,0.34579527378082275,7.0,How would you consider the linguistic integrity of the preceding sentence? Options are: [I] unacceptable. [II] acceptable. [II],"What do people in Paris usually do? If you're asking about what people in Paris usually do, I can help with that. Paris is a city full of",97,0
0.582023099064827,0.6481336206197739,0.05555555555555555,0.058823529411764705,0.33802491426467896,8.0,"Human: In New York, most people do not travel by car. The streets are (  ) with cars, and parking is very expensive.  Assistant: crowded","Human: What is the significance of the term ""the greatest generation"" in the sentence ""The people who are most in need of money are the greatest generation""?",97,0
0.5850944295525551,0.5941962599754333,0.0,0.0,0.4946925640106201,1.0,Human: What is the answer: Who is the President of the Russian Federation?  Assistant: vladimir putin,The company launched a new product this year and has received positive feedback from customers. Select from the following. [+] Yes. [+] No. Question: Can,97,0
0.6347116529941559,0.5839957594871521,0.0,0.05,0.3321723937988281,8.0,"What does this person do for a living?:  The question was asked, ""What do you do for a living?"" Answer:  The person is a mayor.","The children of the nation are going to school. Every year, a few young people go to universities or other places to study. What do they study? A",97,1
0.5939483493566513,0.6329187154769897,0.07142857142857142,0.0,0.3023938536643982,4.0,Human: Answer this question.  Which is the most popular form of dance in Brazil?  Assistant: samba,What kind of person does the sentence refer to? The sentence is about a person who lives in another country. Answer: A person who lives in another country.,97,1
0.6142204105854034,0.7521675825119019,0.0,0.0,0.3126342296600342,7.0,"Human: In which European city would you be likely to see a large number of tourists visiting in large numbers throughout the summer? A: In many European cities,",What you will learn: You will learn about what it means to be a citizen. You will learn about the difference between a citizen and a non-citizen.,97,1
0.6792391836643219,0.5560405515134335,0.0,0.0,0.3518010973930359,4.0,"Human: What do the following two questions have in common? What famous line did Martin Luther King, Jr. say that starts with ""I have a…""?","The following is a question-answer pair with modifications. The question remains the same, but I have added some additional information to the answer.   The following is a",98,0
0.6386840343475342,0.5875969976186752,0.0,0.0,0.3762804865837097,5.0,"Human: What can be the source of eternal life, according to an old story? Hints: human heart, soul source, soul mate, love  Assistant","If the only thing the world has against a piece of fiction is that its creator can't tell a good story, then one is led to question everything. /",98,0
0.5910327881574631,0.6558671742677689,0.045454545454545456,0.15,0.2933175563812256,9.0,"Human: Given that the only way to find out what our own purpose is, is to create one, we should all do what? The answer is: Take",Human beings can only discover the truth about God by faith. There is no other way to know God. The Bible is the only source of true knowledge about God,98,1
0.5702105909585953,0.639254167675972,0.0,0.0,0.28513121604919434,8.0,"Human: 1) ""All men are created equal"": The question is, who's the 'we' in 'We hold these truths to be self-e",Humanity has no right to be on this planet. We are all just guests with the sole purpose of propping up the religious lies of the past. We,98,1
0.5894900783896446,0.8230810165405273,0.0,0.05263157894736842,0.2736722230911255,11.0,"Human: Given the question: I'm thinking of creating an RPG where people can practice witchcraft, and I need some ideas for an evil witch. She'd",Human: Which of these statements is true about the Big Bang theory?  Assistant: The Earth is round.,98,1
0.6538376212120056,0.6336678117513657,0.0,0.0,0.28315281867980957,12.0,"Human: If you ask me a question, I'll answer you. If you ask me a question you can use ""Why are you so curious?"" or """,The Bible is full of interesting facts. The number of the beasts in Revelation 13 is 666. That's how many Bible verses mention it,98,1
0.612821914255619,0.6672052145004272,0.0,0.0,0.3204355835914612,14.0,Human: Question: The first person to ever win a Nobel Prize did so in what year? Answer:  Assistant: 1901,Human: Who invented the first automobile? The first successful self-propelled engine powered car was invented in 1885 by German engineer Karl Benz.  Assistant,99,0
0.7169309258460999,0.6553900241851807,0.047619047619047616,0.041666666666666664,0.2718762159347534,11.0,Human: I am a first-time user of the internet. How do I find out who invented the internet?  Assistant: The internet was invented by a man named,"Human: What are the most important parts of this description?  The most well-known individuals and dates associated with the invention of the telephone are Alexander Graham Bell, who",99,0
0.6429992765188217,0.638145387172699,0.0,0.0,0.30320847034454346,11.0,"Human: What is the name of the person who used the 1553 book The History of the World, translated from the French by Samuel Daniel?","Question:  This is a continuation of the electricity generation question:  Firstly, what is the difference between 50-75 years of fossil fuels?",99,0
0.7032182514667511,0.6672739386558533,0.05,0.45454545454545453,0.3033185601234436,6.0,Human: A person invented a machine that makes the Earth's energy available to people: what was the inventor trying to do? Question 1 options: A:,"Human: 100-18th century, who invented the light bulb?  Assistant: Thomas Edison invented the light bulb in 1879",99,1
0.6287888586521149,0.5566514357924461,0.0,0.05,0.31676942110061646,6.0,"Human: The first person to use the term ""the Internet"" was at MIT and is credited with creating the Internet in 1957. Who was",Human: The first car was not assembled by Henry Ford. He instead invented the assembly line which allowed his workers to build a car for half the time. He,99,1
0.5851113274693489,0.6806899905204773,0.1111111111111111,0.0,0.2875368595123291,6.0,"In 1879, which inventor completed the first practical electric light bulb by using a carbonized bamboo filament  the inventor whose picture is on the",The first person to invent a car was Karl Benz in 1885. Who was the first person to invent the car or motorcycle? Answer: The,99,1
0.6032488122582436,0.6753773093223572,0.0,0.0,0.270338237285614,17.0,"Question: How long can I smoke before I'll be an addictive smoker? Answer: First of all, no amount of smoking is good. But if you can","The first stage of the process is the initial addiction. This involves people getting used to having a fix, and their bodies adjusting to it. The second stage is",100,0
0.5999253317713737,0.6212255954742432,0.045454545454545456,0.05,0.26129817962646484,11.0,"Human brain facts: If you've never smoked marijuana, can you become addicted to it? Have there been any successful treatments for marijuana addiction? Can you become addicted",Consider The Following Process: Take An Adult And Give Them A Large Pill. The Pill Contains A Large Amount Of The Drug MDMA. The Drug Will Not Work If,100,0
0.6538950949907303,0.6298123598098755,0.0,0.0,0.27381980419158936,16.0,"A 21-year-old male reports that he was punched on the stomach by a woman, who was not drunk. What's his chance to survive? Is","Let's get the straight dope on how drug use starts. There's none of that confusing or down-in-the-weeds stuff — it all starts here, with",100,0
0.6083142161369324,0.6037585362792015,0.045454545454545456,0.047619047619047616,0.23309141397476196,11.0,Human: Question: How many times can a person get stung by a bee in their lifetime? I found the following answer on Google: Bee sting allergies are,"How do you know the difference between a bad trip, a regular trip and the next thing?  Will a person who experienced a bad trip once have other bad trips",100,1
0.5835098922252655,0.5939843729138374,0.0,0.0,0.2854157090187073,5.0,"Human: In theory, a drug can be used until you develop a dependency. There is no specific period of time that is guaranteed that you can use a drug","The more you know about 1st Step, the better prepared you'll be. Here's a list of 13 resources to explore, some that aren",100,1
0.5452877916395664,0.6059387773275375,0.0,0.0,0.23431378602981567,9.0,Question: Which of the following is NOT a reason for the refusal to answer the question? Options: - feeling of anger - fear of ridicule - embarrassment,"Humanity hasn't discovered the answer to this one. We have discovered an answer to many other questions, but not this one.  A) There is no",101,0
0.7164066582918167,0.8211904168128967,0.0,0.0,0.2627629041671753,12.0,"Human beings have done many things with ancient things from the past. So far as they can see, nothing they have done has ever destroyed anything from the past.",Human beings have developed a lot of technology and are able and willing to use it. So far the evidence has been pointing toward the existence of other intelligent species.,101,0
0.5847396850585938,0.6083375215530396,0.047619047619047616,0.11764705882352941,0.24444842338562012,9.0,The following is a list of potential strategies that might be used to explain how scientists use indirect evidence to study the past:  B - Theories developed through,"Human beings cannot be certain of most things. This is because there might be evidence that they are wrong, but they may not be aware of it. The theory",101,0
0.5822017043828964,0.6246908009052277,0.043478260869565216,0.0,0.23360824584960938,14.0,"If there are not more than one such object on the Earth, then why there doesn't seem to be any evidence suggesting that there's been one in our history","The answer to this question is:  Assistant: The existence of an alternate reality in which Hitler did not commit suicide is plausible. According to the movie timeline, if",101,1
0.6316553354263306,0.6192077994346619,0.0,0.0,0.29927247762680054,6.0,Human beings have been exploring methods to produce and use electricity for two centuries. A device used to generate electricity from a continuous flow of water current is known as:,Human: Explain the following to 10 year old. Most countries do not care about space. There is a lot of money in space exploration but that money,101,1
0.6756714582443237,0.6360473036766052,0.0,0.0,0.27124905586242676,3.0,Human: [The following question was previously posted at: https://www.scienceforums.net/topic/60479-the-time-machine-science/:,Human: What do you get when you mix a conspiracy theorist with a scientist? A bad scientist. Theories of conspiracies abound throughout history. These people,101,1
0.5657838582992554,0.641045480966568,0.0,0.07142857142857142,0.25065863132476807,3.0,"Human beings have done much in their efforts to control nature, and there are some examples showing how they can be successful. However, I suggest it is necessary to","How do you explain a scientific fact that is impossible, when it's impossible to explain it away? Do all scientists hate the fact that the world is flat?",101,1
0.5815763920545578,0.6069528162479401,0.0,0.05263157894736842,0.24816566705703735,8.0,"Human beings have the ability to understand and communicate with each other without any problem. It doesn't matter if a person speaks in French, Spanish or English, the","Human rights: The U.S. government says it takes many, if not all cases seriously, but many go untried and unpunished. There is",101,1
0.6304079592227936,0.6706698834896088,0.0,0.0,0.25938093662261963,5.0,"Human: Question:  In a historical context, what was the primary purpose of the encomienda system that the Spanish used in the New World? A.","A scientist has developed a time machine, but no one has the courage to travel through time with him. Here's what he has to say about his invention:",101,1
0.6072914376854897,0.6862079799175262,0.0,0.06666666666666667,0.26754653453826904,8.0,"Human: The body produces one of these to fight infection, which is caused by a fungus The answer to this question is:  Assistant: white blood cells",The best thing you can do is rest. This will allow your body to heal. The best way to rest is to stay in bed all day. You can,102,0
0.6111413985490799,0.6257575452327728,0.0,0.0,0.27529627084732056,5.0,"The first course of treatment for a person with dehydration is rehydration. This can be done at home with oral rehydration solutions , such as Pedialyte ,","Use the same format as in the example you gave earlier. If you want to know the first drug to treat a disease, use the term drug therapy. If",102,0
0.6199934035539627,0.5805523544549942,0.0,0.0,0.29427075386047363,8.0,"In the body, the immune response is triggered by infection or inflammation. If the infection is caused by bacteria, the bacteria are killed by white blood cells. If",Human: What is the answer for the question: What is the first name of the person who did not die due to his injuries? from the following article ?,102,0
0.628086656332016,0.6925511211156845,0.0,0.0,0.2905009984970093,12.0,The following are the treatment options for a person with severe acute respiratory distress syndrome (SARS): A: Mechanical ventilation B: Immunosuppression C: C,Human: I have a 5 year old son with an upper respiratory infection. He has been prescribed antibiotics. What can I do to speed up his recovery?,102,0
0.5690372884273529,0.6407214403152466,0.0,0.0,0.28027790784835815,4.0,Human: What is the answer for the question: What is the last name of the person who was told to go home? from the following article ?  A,Human body systems to use. It works on the basis of the scientific principles. They are the following:  1. What is the difference between a vaccine and,102,1
0.6115858405828476,0.5605737529695034,0.058823529411764705,0.0,0.29610109329223633,8.0,Human: Which of the following should be used to treat a fever caused by viral infection?: Choices: A: Antibiotics B: Corticosteroids C,"Humanity should use a greater amount of energy. This is because we need energy to survive and thrive. The more energy we have, the more we can do",102,1
0.562130980193615,0.7181487083435059,0.045454545454545456,0.0,0.28735506534576416,11.0,"Human: In order to determine if a child in critical condition can survive, medics need to administer various treatments. The question is, which of these are recommended",Human: 1. Give the name of the procedure that restores vision to an eye without a lens. 2. Give a second name for this procedure.,103,0
0.6116543933749199,0.5560520812869072,0.0,0.0,0.3086431622505188,19.0,"Human: Given that a child's life could be saved by a surgery that would take 6 hours and requires a specialized surgeon, does it follow that ""A",Human beings are usually not put on the operating table when doctors are uncertain about the best course of action. But there was an exception to that rule for a,103,0
0.621586799621582,0.6249514073133469,0.0,0.0,0.34946173429489136,12.0,The best way to find out if a person is capable of performing CPR is: A: First aid course B: Prehospital life support course C:,Human: The patient has gone without a heartbeat for 8-10 minutes. What is the correct course of action? The correct course of action for a,103,0
0.5406498089432716,0.6055532842874527,0.047619047619047616,0.041666666666666664,0.31467002630233765,19.0,"The hospital provides 24-hour care and is equipped with an on-site pharmacy, a medical laboratory, and an on-site surgical center. The hospital also has",Human: Question: What is the proper procedure for administering oxygen to a patient during a medical emergency? A. It depends on the specific condition of the patient.,103,0
0.5975302904844284,0.637270599603653,0.0,0.0,0.3259633779525757,11.0,The blood pressure should be reduced by 5-10% for each 100 millimeters of mercury that the air pressure is reduced.  A,Human: What is the appropriate next step if a person has been given epinephrine to treat an allergic reaction but their symptoms have not subsided?  Assistant,103,1
0.6257498562335968,0.7954512238502502,0.0,0.043478260869565216,0.3043460249900818,15.0,"The following is a list of the most common questions I am asked about the vaccine, along with my answers. 1. Is the vaccine mandatory? No.",Human: How do I resuscitate a person who has gone into cardiac arrest?  Assistant: Cardiac arrest is an emergency medical condition that requires immediate attention.,103,1
0.5612814761698246,0.6010829210281372,0.0,0.0,0.33140432834625244,17.0,Human: What is the answer for the question: What is the name of the individual who was administered the only treatment that is considered to be promising? from the,"Human: Determine whether it is possible to revive the patient without administering any medicine. If so, describe the process.  Assistant: To determine whether it is possible to",103,1
0.5642962008714676,0.6072906106710434,0.0,0.0,0.2870262861251831,18.0,What is another term for adrenaline?  A) adrenaline rush B) nervous energy C) a burst of energy Adrenaline is also known as,"Human: If the person is successful in breathing, they will be taken to another room and be given additional oxygen. If the person does not have a pulse,",103,1
0.5862413495779037,0.6924130469560623,0.0,0.10526315789473684,0.2163161039352417,8.0,Human: Find the population in 2040:  - 1950 - 75 million  - 2000 -,Human: A few years ago 1.2 billion people (17% of the world’s population) lived in extreme poverty. How is it possible that,104,0
0.5905498936772346,0.7904729843139648,0.0,0.058823529411764705,0.20712131261825562,5.0,Human: How have the world’s populations changed in the last century? A: World populations have increased quickly. B: In the last century the world’s population,Human: A new narrative in the history of Africa tells the story of 800 million people living on \$1.90 or less per day.,104,0
0.602284625172615,0.6687794923782349,0.0,0.0,0.24050569534301758,6.0,"Human: What will you do with these resources over the next century to provide food, fiber, and wood products for the people living on earth? How will you","Human progress over time can be described as follows: from hunter-gatherer communities, to agrarian civilizations, to industrialization, to the information age. The",104,0
0.6713473349809647,0.6140817850828171,0.05,0.0,0.23526138067245483,9.0,Human: What is the purpose of education according to the text material?: A key goal of education in Africa will be to meet the demands of economic growth. The,"A 2015 income statement shows the following: If these figures are normalized (to remove the effect of population growth), they suggest a much more positive",104,0
0.6173160895705223,0.6082479655742645,0.0,0.0,0.20290839672088623,8.0,How are changes in resource availability related to population changes in historical societies?  : The use of natural resources in the pre-modern world is a story of scarcity and,"The world population grew from 105 million in 1800 to 2,489 million in 1930. During",104,1
0.6163553968071938,0.7766374349594116,0.0,0.18181818181818182,0.1920309066772461,5.0,"Human: In this task, you are asked to find the average population (in millions) of all countries in a specific year. 1960:",The population of sub-Saharan Africa increased from 205 million in 1950 to 826 million in 2009.,104,1
0.6634753048419952,0.6398928761482239,0.0,0.06666666666666667,0.22168874740600586,6.0,"Human development chart for the world, showing average life expectancy (years) at different points in time. Image: Wikipedia Commons The history of human development is a",Human development has not been even. The same is true of poverty. Here’s an example from the 20th century: in 1913,104,1
0.6116614043712616,0.5954070538282394,0.09523809523809523,0.06666666666666667,0.2299991250038147,9.0,"What follows is from the UNDP website: ""Over the past century, the proportion of people living in poverty has been cut dramatically. However, this trend was",Human: 10. The population of the world has increased dramatically since the Industrial Revolution.   Human: 10. The population of the world has,104,1
0.751077264547348,0.6248638778924942,0.04,0.1,0.32367652654647827,18.0,Human: 19. Which of the following U.S. Presidents did not win a second term in office? A. George H.W. Bush B.,Human: What is the most recent name the city of Prague had before reverting to its original name?  Assistant: The most recent name of the city of Prague,105,0
0.6151253134012222,0.8655150532722473,0.037037037037037035,0.0,0.33186036348342896,18.0,"Human: The 2017 Nobel Peace Prize was given to which humanitarian, who also founded the Norwegian Refugee Council? A:  Assistant: pekka",Human: What is the name of the current longest-serving British Prime Minister?  Assistant: The current British Prime Minister is Boris Johnson.,105,1
0.717025488615036,0.8744544088840485,0.0,0.1,0.33091437816619873,18.0,The 2009 Nobel Prize in Physics was awarded to:  The 2009 Nobel Prize in Physics was awarded to:  A.,Human: Who was the last person to hold the position before Chris Christie?  Assistant: The last person to hold the position before Chris Christie was Chris Christie himself.,105,1
0.6279055178165436,0.6626494824886322,0.0,0.10526315789473684,0.33580511808395386,18.0,"Human: Which nation-state, currently serving as the host country for the United Kingdom's first elected monarch since the restoration of the House of Tudor in 1","What's the most recently elected president of the United States? As of 2021, the most recently elected president of the United States is Joe Biden",105,1
0.6287393271923065,0.6913088858127594,0.13636363636363635,0.2727272727272727,0.3332836627960205,19.0,Human: What year did the president who was elected in the year whose successor was an advisor of president who left office in 2001 take office?,Human: 1. Who held the record for the longest tenure as a U.S. President?  2. What position did George W. Bush hold?,105,1
0.5874475091695786,0.6332169473171234,0.15,0.08333333333333333,0.3291082978248596,18.0,Human: : This task is to find the most recent year for which data is available in a sequence of events. The 1989–90,"Human: Which U.S. Vice President holds the record for the longest continuous term of service, and how long did he serve?  Assistant: The U.S.",105,1
0.6068683862686157,0.627579003572464,0.0,0.07142857142857142,0.32670116424560547,11.0,Human: The President of Japan since 2012 has been:  Answer:  Assistant: A: Shinzo Abe,"Human: Which year does not have a World Cup?  Assistant: 1946, 1982, and 1998",105,1
0.552707850933075,0.6414737552404404,0.0,0.0,0.30099403858184814,6.0,This question has options. How would someone go about accomplishing this goal? To keep a building warm  Select from the following. (I) Use lots of concrete,"Human: You will be given a piece of text about an individual. If the statement is true, output 'True'. Otherwise, output 'False'. Text:",106,0
0.6130510792136192,0.5946362838149071,0.0,0.0,0.2938506603240967,9.0,A single man of 20: 1. Weighs 140 pounds 2. Drinks 12 beers an hour 3. Has,The first thing is to be honest with yourself. Find out if you are overweight or underweight. This will help you choose the right diet for you and will,106,0
0.6029396131634712,0.5524298697710037,0.05,0.1111111111111111,0.262736439704895,8.0,"The average British person likes to think that they're slim, when this is just not the case. This is the finding of new research by Weight Watchers,","Human: The following is a sample of true, false and not given questions from the IELTS reading exam. It's from page 66 of The",106,0
0.6111811846494675,0.5881180539727211,0.05263157894736842,0.045454545454545456,0.26505792140960693,11.0,Find out more at: https://blog.smbc-comics.com/?id=3800 :Why do so many British adults look terrible and,"Human: The first and best solution is to drink 8 glasses of water each day, as everyone knows. However, there is another solution. That solution is",106,1
0.621693029999733,0.5783750787377357,0.0,0.041666666666666664,0.2988118529319763,11.0,The first answer was for a young girl who was born in Australia and has lived there all her life. Most of her family are still there. The second answer,"Human beings need to drink water. The recommended daily intake of water is at least 8 glasses per day. However, some people drink more than the recommended amount",106,1
0.6624336838722229,0.6309869289398193,0.0,0.10526315789473684,0.28789132833480835,12.0,"Human: Every person on Earth is carrying a brain in their head. One could be forgiven for supposing that this explains most of our thoughts and actions, but",Human: I can't believe that 50 percent of the people in the world don't know the name of the most expensive car in the world. And,106,1
0.5928599685430527,0.663701057434082,0.047619047619047616,0.05263157894736842,0.28662168979644775,9.0,The first is a question of biology - a woman is physically far worse at surviving childbirth than a man is; the second is why we don't compensate for that,"Human: A man in a white suit and red shirt stands in front of a sign that says ""British pubs"". He says, in a British accent, """,106,1
0.5896385982632637,0.6959995627403259,0.0,0.0,0.3277308940887451,8.0,Human: An adult male can survive longer without drinking water than he can survive without sleeping.  Assistant: The average adult male can survive without drinking for 3 to,"Human: Can a human be more than 7 feet tall?  Assistant: Yes, it is possible for a human to be more than 7 feet tall,",107,0
0.6399243026971817,0.6432335376739502,0.0,0.0,0.30903518199920654,8.0,This is all lower case. Can you fix that?  This is all lower case. Can you fix that?,Humanities & Social Sciences Library Humanities & Social Sciences Library The New England Center offers academic enrichment programs for children from pre-school through high-school age.,107,1
0.8613609671592712,0.6026078909635544,0.0,0.0,0.370033860206604,9.0,"Human: Q: Yes / no, is the following a verifiable fact? ""A Russian nesting doll is a great way to teach geometry concepts."" A:","Human beings require water to survive. Given this fact, what requires water to survive among the following options: - Humans  - Most plants  - a fish",107,1
0.6165722906589508,0.593544103205204,0.0,0.0,0.3801335096359253,11.0,"Human: The correct way to use a computer is to take breaks and drink lots of coffee. However, if you continue using a computer without taking breaks, what",Human beings may do what to each other? Options: - reproduce - swim - like each other - need each other - fight being needful is a fact The,108,0
0.7078284174203873,0.6051635295152664,0.04,0.0,0.3679823875427246,15.0,Human: Question: What happens when you read too many choices? Choose the most suitable option to answer the above question. Options: - enlightenment - making decision -,"How would you like to get wet? As a result of water pressure, every piece of hair attached to your body would also become wet. This would also cause",108,0
0.5878036022186279,0.6080691665410995,0.0,0.0,0.36833369731903076,11.0,Human body contains many tissues. what is their function? A: protection,The best thing you can do is find out how much sleep you really ought to be getting per night. Then you can try to work towards getting it. If,108,0
0.6181054264307022,0.7116377651691437,0.0,0.0,0.35864531993865967,11.0,"The answer to that question is:  Assistant: If you want to learn more about this topic, you should ask your teacher.",The first is by a 19-year-old who wrote a program that gave his computer the ability to make phone calls to phone numbers entered into the computer.,108,1
0.7049545496702194,0.5742452070116997,0.0,0.0,0.3417816162109375,13.0,"Human: If a person drinks a lot of water, they should expect what?  A. sickness  B. wetness  C. death  D.","Human beings use 100 watts of power per day, which can be achieved by doing a lot of things, including running for 20 minutes or",108,1
0.642992377281189,0.6944545209407806,0.0,0.047619047619047616,0.2452298402786255,5.0,"What are the ingredients that are in cigarettes that make them addictive? Many people know that nicotine is the culprit that makes smoking so habit-forming, but there are","Question: After the application of topical steroids, many people develop thin, atrophic skin. What can you use to protect the skin from further damage? Answer:",109,0
0.6399215906858444,0.7123055458068848,0.0,0.0,0.2661898136138916,4.0,"You may be asking yourself why you should avoid these items. Good question. They are full of carcinogens, or known and suspected causes of cancer. Here's","Human: Write a 30-seconds voiceover, talking about the dangers of wearing low-quality cotton products. The products cause skin rashes and irritation.",109,0
0.6306046396493912,0.5986466556787491,0.0,0.0,0.2544785141944885,6.0,"A: Not everyone. If you can’t stand the taste and smell of coffee, skip it. You might also want to steer clear of espresso-based drinks (","•If you have used the nasal spray, don't pick at the nose so the medicine can absorb better.• The medication should be used for 3 days in",109,0
0.6804858148097992,0.6413047313690186,0.0,0.0,0.23454588651657104,4.0,"A lot has been said about the risks of consuming too much added sugar, such as heart disease and diabetes, but what about the effects of caffeine? “C","The truth about the flu shot. What it is exactly, who to get it for and how effective it is. How the flu shot works: The shot is",109,1
0.7435441017150879,0.614477202296257,0.0,0.05263157894736842,0.23529791831970215,6.0,"The best time to ask the question, “What are some tips for making my skin healthier?” is when you’re not in the middle of an active breakout.","If you are not a cancer survivor, you probably don’t know why it’s important to stay aware of your risk. The U.S. Food and Drug Administration",109,1
0.5941560789942741,0.637670025229454,0.0,0.05555555555555555,0.2607201337814331,5.0,Human: I’m not sure if this is something you’ve discussed in the past but I thought I’d try sharing my experiences. We know about the health dangers,"Human papillomavirus is a common cause of cervical cancer. In the January issue of Cancer Epidemiology, Biomarkers & Prevention, researchers reported that women who",109,1
0.6630187332630157,0.6184004992246628,0.0,0.058823529411764705,0.2836757302284241,8.0,"Human: What is the answer: What was the main color of the famous 1988 McDonalds' logo, before being replaced by gold?  Assistant",A color made by mixing red and blue. The term also can refer to a color that is somewhere between red and purple. Bulky is a term used,110,0
0.5274199657142162,0.7840839326381683,0.0,0.0,0.28858399391174316,6.0,"#include <iostream> #include <string>  using namespace std;  class Color { public:     string name;     string code;     Color(string n, string c",The first red dye to be discovered was made from the cochineal. It is made from the scale insect called Dactylopius coccus.,110,0
0.5957997292280197,0.6000223606824875,0.0,0.0,0.27197498083114624,3.0,"Human: Which of the following can be used to describe the color of a human hair: black, white, blue, or yellow?  Human: I see.","You can download PNGs of colors from Microsoft. Here is some of them: If you don't want to download from Microsoft, you can use this color code",110,0
0.7117976248264313,0.804659903049469,0.0,0.0,0.2879066467285156,3.0,"Human: Given the following question, let's solve step-by-step. What would be the answer to this question: what is the color of wheat?  Assistant:","Let's say the answer is blue. Blue is not a color, so the answer is C). 7 blue balls.",110,1
0.5678373500704765,0.5713210105895996,0.0,0.0,0.2826045751571655,6.0,"#1732 / 5000 from 2011, in color, by John C. Moyer, about: ""It","Human: Determine which of the following words is the antonym for ""fate"".  Assistant: An antonym for ""fate"" would be ""volition",110,1
0.5504990629851818,0.6378199607133865,0.0,0.0,0.2867898941040039,3.0,"Human: A colorless, tasteless liquid H₂O, a chemical compound that makes up about 60 percent of your body weight: it's water",The length of a light wave is 600 nanometers. Which of the following is also the unit for measuring length? 1. micrometer,110,1
0.6104720830917358,0.6033057123422623,0.0,0.0,0.3215940594673157,8.0,"Human: The per capita income in the United States is $45,000. Which of the following statements is true? Check all that apply.",The following countries have the highest percentage of people who have access to improved drinking-water sources:  OPTIONS: [-] North Korea; [-] Russia; [-] Bangladesh,111,0
0.6529778391122818,0.634400025010109,0.0,0.0,0.3210892081260681,6.0,"The countries with the highest life expectancy in 2010 were Andorra (83.6 years), Japan (83.93 years),",Human population has increased 8.5 times since 1804.  Human population has increased 8.5 times since 1804,111,0
0.5737703442573547,0.6339561641216278,0.0,0.07142857142857142,0.30991363525390625,7.0,Human: The following is a list of the largest cities in the United Kingdom based on their urban populations. The United Kingdom is a country that is made up of,Human population: 22000 is less than human population: 30000  Which city have more population? Options: 1).,111,0
0.5643330514431,0.5796587318181992,0.0,0.0,0.312125563621521,6.0,"Human: What is the final answer? To answer this question, we should know that: As of 2013, the United Kingdom has the sixth",What country has the second biggest economy in the world  and the richest 1%? Multi-choice problem: Would you say that these questions are the same?,111,0
0.6152527928352356,0.6161129400134087,0.0,0.0,0.3060341477394104,10.0,"Human: How do the French and British handle their population density problems? The French have a number of initiatives to encourage people to move away from the cities, while","There are 2.14 million people, and 8.853 million households in the country. 17,122 children don",111,1
0.6140716597437859,0.638764962553978,0.0,0.0,0.3304392695426941,8.0,Human: How do the people in the 1st and 2nd countries differ in their living standards and quality of life?  Given the following information:,"A country can be a single city or an entire country.  Which one of these countries has the most cities as its capital? The city of Paris, France is",111,1
0.5651757568120956,0.6676258146762848,0.0,0.0,0.31154096126556396,6.0,Human: Which of the following is the most likely explanation for this difference? A: Japan is a country of many islands B: Japan has a smaller population,This is all lower case. Can you fix that?  This is all lower case. Can you fix that?,111,1
0.6932425200939178,0.574222669005394,0.05263157894736842,0.05,0.31293022632598877,6.0,Human: The following is a list of the countries where the highest earning population live:  1. Norway 2. Switzerland 3. Ireland 4.,You can see that these two options have good points and bad points.   There is an alternative way. Countries with a lower GDP per capita might be less developed,111,1
0.5799590200185776,0.6397181451320648,0.0,0.15384615384615385,0.2946854829788208,3.0,Human: The following table gives information about the countries with the highest per capita income from tourism (measured as the number of tourists per person):   | Country,The United States has the biggest prison population in the world. People in the U.S. make up less than 5% of the world's population. The,111,1
0.5897097885608673,0.6414948403835297,0.0,0.0,0.37883085012435913,4.0,The following is a list of the top 10 foods to eat for optimal health and well-being.  We're not talking about junk food here: We're,Human: Determine whether the following sentence is true or false. Output True if sentence is true and False otherwise The moon orbits around Earth.  Assistant: True,112,0
0.6268024146556854,0.7621916830539703,0.0,0.047619047619047616,0.381855309009552,9.0,What's the best thing to do? I'm so happy that I get to do the single best thing for myself. And what could be more awesome than enjoying,"Human: Find the most popular food in different cultures and categorize them based on their similarities and differences  Assistant: Sure, I can help you with that!",112,0
0.6547310650348663,0.6449459493160248,0.0,0.08695652173913043,0.32275187969207764,13.0,"Human: What's the best meal that you ever served? The answer can be an actual meal, or just a memory. The answer to this question is:","Human: What is the most delicious food ever made?  Assistant: The most delicious food ever made depends on individual taste preferences. However, some popular dishes that are",112,1
0.5810515433549881,0.6549549698829651,0.0,0.043478260869565216,0.31358665227890015,13.0,"Human: The following is a list of the five largest cities in the United States, along with the country's average household income. Based on the following table,",Human: I have a very simple question. What's the healthiest meal ever?  Can you add more?   Please give a single link and no explanation.,112,1
0.6115376800298691,0.6251542568206787,0.043478260869565216,0.05263157894736842,0.3055964708328247,12.0,"Human: Write a 30-second soundbite that convinces someone to try a new food  Assistant: ""If you've ever dreamed of something delicious,",Human: I want a more comprehensive and elaborate thought for 'What is the most wonderful thing in the world?'.  Assistant: The most wonderful thing in the world,112,1
0.5977176129817963,0.5621652714908123,0.09090909090909091,0.041666666666666664,0.3126835823059082,12.0,"The winning entry contains some food, but not in the way that you might expect. It's actually the second most common substance to be consumed by humans: air",Human: What is the most popular way to keep yourself entertained when you're alone?  Assistant: The most popular ways to keep oneself entertained when alone vary greatly from,112,1
0.5876705199480057,0.6562599390745163,0.0,0.06666666666666667,0.3016695976257324,12.0,Human: What is the best way to live life? Here are 10 ways to get you started: 1. Have a positive mindset when it comes to,Human: What animal produces the most juice and is the most popular in the world? The animal that produces the most juice and is the most popular in the world,112,1
0.6477553099393845,0.5788102447986603,0.10526315789473684,0.05263157894736842,0.367973268032074,13.0,Human: The following is a list of the countries that have won the most Olympic medals in the history of the modern Olympic Games: 1. United States,"Human: Who is the most successful person in history?  Assistant: Determining the most successful person in history can be subjective, as there are various ways to measure",113,0
0.6636401265859604,0.5962677150964737,0.0,0.05555555555555555,0.32154691219329834,3.0,"Human: There is a single highest ranked university in the world, of what nationality is it A:  Assistant: American","The 102 most powerful decision makers in the United States were the focus of a survey revealing some very interesting facts. The ranking was based on power,",113,0
0.6810913980007172,0.6041127890348434,0.0,0.05555555555555555,0.30663061141967773,7.0,Human: The 49ers have played in the following Super Bowl:  Assistant: The 49ers have played in the following Super Bowls: -,"The United States, the U.K., Canada, and Australia have sent the most space explorers into space. What is the answer to this question: How many",113,0
0.6783060878515244,0.6029099151492119,0.05,0.0625,0.3057171702384949,8.0,The country that has the most Nobel Prize winners per capita is:  A: Japan  B: United Kingdom  C: Sweden  D: United States,"The most populous country in the world is China. With 1.3 billion people, approximately 2.14% of the total world population lives in",113,0
0.7103036344051361,0.629934772849083,0.23809523809523808,0.5,0.3694300651550293,13.0,Human: What country has the most Nobel Prize winners per capita? A. Israel B. Norway C. Belgium D. United States  Assistant:,"Human: Which country has the most Nobel laureates in multiple categories? The United States has the most Nobel laureates in multiple categories, with 328",113,1
0.6247790828347206,0.5963162928819656,0.15384615384615385,0.0,0.32148271799087524,3.0,Human: The following is a list of the countries that have won the most Nobel Prizes in Literature:  1. United States with 90 2,"In 2014, U.S. per-capita GDP was $53,625, the 5th largest in the world after",113,1
0.6075249314308167,0.774555116891861,0.0,0.0,0.323247492313385,7.0,The country with the highest number of Nobel laureates per capita in the world is:  Answer:  A,Human: How many countries are there in the world?  Assistant: There are 195 countries in the world.,113,1
0.5810950398445129,0.5976075828075409,0.07142857142857142,0.05555555555555555,0.31845152378082275,8.0,Human: What is the most likely the name of the person who has won the most Nobel Prizes? A: The most likely person to have won the most,"What do the following facts suggest? 1. United Kingdom has the most Nobel prize winners 2. There are 300,000 scientists",113,1
0.618075966835022,0.6509452760219574,0.05,0.0,0.37308382987976074,11.0,Human: The following is a list of some of the most common questions we have been asked: What is the source of knowledge on which you base your answers?,"Humanity's longest-standing library, The British Library, has 161 million books and documents. It is located in the capital of the United Kingdom,",113,1
0.5625788122415543,0.850413054227829,0.0,0.125,0.3866592049598694,11.0,"Human: As of 2015, the United States has a population of approximately 324 million people. What is the average number of scientists",Human: Which country wins the most sports medals in the world?  Assistant: The country that has won the most sports medals in the world is the United States.,113,1
0.5987359434366226,0.577147901058197,0.0,0.0,0.35468292236328125,4.0,Consider what we've been told: The new regulations would only allow for the sale of electronic cigarettes in the same places as tobacco products are sold. If we interpret,"Human resource management professionals have the option of being a technical expert, generalist, or people manager. Do you know what each of these entails? This article will",114,0
0.6480704247951508,0.6054670214653015,0.1111111111111111,0.0,0.2571667432785034,11.0,"Question: ""Is it legal to own more than one gun in the US?"" Answer: ""Yes, it is legal to own multiple guns in the United States","Human Rights are those rights that all individuals inherit as a result of their human nature. Therefore, they are universal and cannot be denied by anyone.  Human Rights are",114,0
0.6956393718719482,0.7004899084568024,0.0,0.13333333333333333,0.22713065147399902,12.0,"Human: 1. If you want to use your home as collateral, you can do so by contacting a local government agency that lists the procedure. 2.","What are the laws regarding owning a gun in the United States? The laws related to owning a gun in the United States vary by state. In general, the",114,0
0.6184301897883415,0.6295492202043533,0.0,0.0625,0.22101688385009766,8.0,"The following are answers for our 75 questions regarding the rules of the game of paintball. We'll answer questions about how to get a permit, whether",The definition of the types of weapons that are illegal varies widely from country to country. The following are some of the ways that weapons can be restricted by the governments,114,0
0.5887288749217987,0.5844064876437187,0.0,0.0,0.20954442024230957,9.0,Human: A 10 year old boy living in a rental apartment is interested in knowing if he can modify his home as he wishes. Assuming that he is,"Human: A person does not need to have a license to drive a car in the United States. However, some states require certain individuals to have a special license",114,1
0.7220976948738098,0.6153694987297058,0.0,0.0,0.21841609477996826,9.0,"What Are The Legal Limits For Marijuana? What are the legal limits for marijuana? Yes, the possession of marijuana for recreational purposes is now legal in the District.",Human: Can you write a script for a jailhouse video for a legal purpose. The purpose is to inform people that the first 3 are true and the,114,1
0.6382578313350677,0.8220111131668091,0.07142857142857142,0.0,0.3252190947532654,7.0,Human: The country with the most native speakers of English is A:  Assistant: United States,Human: How many people live in the United States?  Assistant: The United States has a population of over 330 million people.,115,0
0.6847203969955444,0.5676765888929367,0.05263157894736842,0.0,0.3326413631439209,1.0,Human: The country which is the largest user of electric power in the world is: A: United States B: India C: China D: Brazil  Assistant,"The United States has the fifth largest population in the world: 323 million people. It’s also the largest economy in the world, with a GDP",115,0
0.6596562564373016,0.6315491944551468,0.0,0.0,0.3411526083946228,7.0,Human: What is the most populous country in the world? The answer to this question is:  Assistant: China,Human: 2.4 Gbps: China sends the most text messages in the world: China sends 77 billion text messages a day. That is,115,0
0.6402085870504379,0.7840006947517395,0.1111111111111111,0.0,0.323419988155365,9.0,Human: 1. The United States;  2. China;  3. Germany;  4. India;  5. Japan;  Which country is,"Human population  There are more than 7 billion people in the world. In 2018, that number grew by 83 million people.",115,1
0.6915561258792877,0.6469884216785431,0.2,0.0,0.3219630718231201,3.0,Human: Which country is the largest economic contributor to the United States?  Assistant: The largest economic contributor to the United States is China.,Human: What is the answer: What country produced the most oil in 2012?  Assistant: iran,115,1
0.5905512869358063,0.7261725068092346,0.0,0.0,0.3201032280921936,7.0,Human: Find the country with the highest literacy rate. The literacy rates for each country are given in a table.  Assistant: 1. The country with the,The United States has the largest number of cars of any other country in the world. About 230 million cars stay in the United States every year.,115,1
0.7532491683959961,0.6297659575939178,0.0,0.0,0.3295496702194214,1.0,Human: Which city is the most populous city in the United States? The answer to this question is:  Assistant: The most populous city in the United States is,"The third answer is $B$. It’s an English city. According to the third paragraph, London is the largest city and cultural center of England. (The",115,1
0.6677245497703552,0.6049139946699142,0.16666666666666666,0.08333333333333333,0.32519322633743286,3.0,Human: 1. The United Kingdom is the largest economy in the world. 2. The second largest economy is the United States of America. 3. The,What is the population of the most populous city in the U.S.? What is the answer? The most populous city in the United States is New York City,115,1
0.6518922746181488,0.6148060858249664,0.05,0.07692307692307693,0.2918243408203125,7.0,"The school district's policy was changed in 2003, but a number of schools kept girls' and boys' grades separate from one another and didn",The first was that he got a very high score on an IQ test in 1957. The second was that he had a high score on an,116,0
0.534903772175312,0.6478999853134155,0.0,0.0,0.28511565923690796,10.0,The average of the first 7 even numbers is: Options: (A) 8 (B) 10 (C) 12 (D),"Given the popularity of Wikipedia, it was only a matter of time before it was mentioned in the news. In 2005, it was reported that",116,0
0.618754506111145,0.5618630908429623,0.0,0.0,0.2862468957901001,9.0,The first three are quite good - but the three on the end are rather unbalanced - the third one is even bad. Answer: 4.7,The first person was awarded a degree for mathematics in 1941. The first person to receive a Ph.D. in computer science was awarded the degree,116,0
0.6147468909621239,0.6417718827724457,0.0,0.1111111111111111,0.2937743663787842,7.0,Human: The man worked for IBM for a few years after he graduated: A: True B: False  Assistant: B: False  Q: What was,Human: Q: Did Einstein graduate from high school? A: The answer is yes. Chain of thoughts: The answer can be found in the sentence: He,116,1
0.5823343843221664,0.5999242663383484,0.0,0.0,0.30194544792175293,7.0,Human: Find the questions about the article and write them below.  Here are some questions about the article: 1. What is the main focus of the article?,The first was that I had 12 credits of math before that and the second was that I got to pass both AP Statistics and AP Calculus AB in,116,1
0.6144245862960815,0.585361123085022,0.0,0.0,0.3009909987449646,6.0,Human: The answer to the question: What are the names of the 2 people who have won the Nobel Prize? is inside the article: The 1,Human: The following is a story about a famous engineer. A young boy grew up in a very poor home. His father was always drunk (86),116,1
0.5589669719338417,0.6514656841754913,0.0,0.05263157894736842,0.31921279430389404,9.0,The program consists of four levels with a two-year duration. All levels require at least 90% participation.   The students start in level I with a,Human: An English boy went to a famous school. But he was very stupid.  No one liked him in school. The teachers didn't like him;,116,1
0.7054154574871063,0.6075086072087288,0.0,0.10526315789473684,0.3331156373023987,6.0,"From then on, she spent her time studying. She was admitted into Oxford University, and was the first female to earn a bachelor's degree from the university.","Human: He [Bill Gates] just loved the game. He wanted to win, and was totally focused on doing that.  What was Bill Gates' attitude towards",116,1
0.601324163377285,0.5942839309573174,0.0,0.11764705882352941,0.3089033365249634,7.0,"In 1986, at the age of 15, he left to attend the United World College of the Atlantic in Wales before going on to",The Nobel Prize winner didn't know the person that dropped out of the university. The Nobel Prize winner met the person 20 years later. The person was,116,1
0.6320658177137375,0.5727720707654953,0.0,0.0,0.3458632826805115,3.0,The first is to be an academic with a well-established reputation. The second is to be an entrepreneur who has started a business that has revolutionized an industry.,"The first question was how the heck you become a billionaire. The second, which came after, was whether he would give any away.  It was to mark",116,1
0.6443955451250076,0.6226733773946762,0.0,0.0,0.23873114585876465,13.0,What two countries gave permission to the United States to use their territory as a base of operations to fight the rebels in 1991?  japan and,Human: Which of these countries allow citizens to have more than one nationality? 1) United States. 2) Australia. 3) Japan. 4) Brazil.,117,0
0.6683137565851212,0.5609040930867195,0.045454545454545456,0.05555555555555555,0.2266969084739685,11.0,"The following are two articles submitted from England for use here. (This is a link to the second article.) - An overview of some ""British"" topics",The Netherlands The Netherlands The Netherlands The Netherlands has more foreign influence on the country's media than most other European Union countries. More than 50,117,0
0.7074407339096069,0.6334444284439087,0.0,0.0,0.2374771237373352,8.0,Human: In which country do you not have to pay for medical treatment?  Assistant: A country where you don't have to pay for medical treatment is Sweden.,"Human beings have been consuming blood for a long time. The Vikings drank blood from their slaughters. The early Spanish took it from animals as well, and today",117,0
0.661430150270462,0.670303612947464,0.0,0.0,0.22208142280578613,3.0,"What questions could be asked about these things: alcohol, sex, smoking, and gambling? The question is about what questions could be asked about four specific topics:","Human sexuality is not covered in much detail in school. So, I’ve compiled a list of topics and activities that I think every young person should learn about.",117,0
0.549889475107193,0.6684759110212326,0.0,0.0625,0.23071348667144775,3.0,Human: What can you do in these cities that you cannot do in London? What are some things I can do in London that I can't do anywhere else,The Netherlands is one of the most liberal countries when it comes to legal matters. Some of the world’s most liberal laws exist on its soil. You will find,117,0
0.6556219309568405,0.6278443038463593,0.0,0.0,0.24812614917755127,14.0,The following is a list of questions about Canada that may be of interest to the general public. Please answer based on the context of the entire passage. Q:,You can use these links to find out more about the following topics: (1) The 13 states that make up the United States and their capital cities,117,1
0.5809299796819687,0.5827125012874603,0.0,0.045454545454545456,0.22685974836349487,11.0,Human beings have always wanted to know the following: What is the oldest human being to have lived? What is the most important of all human emotions?   Which questions,"The term ""jus civile"" (civil law) derives from the contrast between law interpreted by trained legal experts and law as defined in religious texts. In",117,1
0.6330800950527191,0.643037885427475,0.0,0.0625,0.22057276964187622,6.0,A: What's the most amazing thing your home town can do? B: I think there are only two things that are incredible: the water park and the,"Human: How would you say this in English? In The Netherlands, you can drink alcohol at age 16. However, some products contain more alcohol and",117,1
0.6110713332891464,0.6606148481369019,0.0,0.05,0.2175704836845398,6.0,The most popular non-technical option is probably the pub crawl. Here are some of the pubs that you may wish to visit. In 1836,"Human: For those looking for something different, it is worth having a look around the nightlife scene in Amsterdam. The legalisation of drugs means there are plenty of",117,1
0.6275098621845245,0.7017385810613632,0.0,0.045454545454545456,0.22256410121917725,8.0,"Human: Q: What is the name of the book that has helped spread information about human sexuality, which is not commonly taught in some schools? A: The","Human rights, freedom of speech, public broadcasting and democracy are important parts of the Dutch constitution. You’ll find plenty of social tolerance and liberalism in the Netherlands,",117,1
0.5531859025359154,0.6257962286472321,0.07142857142857142,0.0,0.37795859575271606,2.0,"Human place name: Boston, Mass. Robot city name: Boston. MA Question: I'm thinking of a robot city name, can you guess what it",Human: What is the answer to this question? how many rounds are in the english rugby union league??  Assistant: 23,118,0
0.6887616217136383,0.6702528148889542,0.06666666666666667,0.0,0.4019750952720642,5.0,A:  Assistant: The team that defeated the New York Giants in Super Bowl XII in 1978 was the Denver Broncos.,"Given information: The name of the person is ""Bilbo Baggins"". The correct answer is: Gandalf the Gray.  The reason for this is",118,0
0.6313464492559433,0.588992603123188,0.07692307692307693,0.0,0.3845929503440857,3.0,Human: Write down the name of the city that has this famous football team  Assistant: New York City,"Human: The capital of a certain South American country begins with the letter ""B"". This country is part of the group known as the Andean Community. What",118,1
0.6370702534914017,0.7143451124429703,0.0,0.0,0.351803183555603,2.0,Human: What is the answer for the question: What is the full name of the person who is going to represent herself? from the following article ?  The,The United States government has announced that it plans to name the new $1 coin after President George Washington. The new coin will be the 2¢ coin.,118,1
0.7790968120098114,0.5337739177048206,0.0,0.0,0.33326125144958496,18.0,Human: A single person can live in a one room apartment. Is the above claim true? Options: - yes - no The thought process:  Assistant:,"Human: Given this fact: ""a human can use tools to create many different types of shelter""  How would one answer correctly the question: ""If given the",119,0
0.5371687822043896,0.6075019687414169,0.0,0.0,0.41183340549468994,5.0,Human: A single person can not do a thing which requires many people to do it..  Who is they referring to?  Assistant: A single person can not do,Human: You are given a set of 10 answers. Your task is to select one answer that you think is correct and mark it as 'True'.,119,0
0.6120595037937164,0.5220391899347305,0.0,0.0,0.3866845965385437,4.0,Human: Q: I am verifying the answers generated by an automatic system to the following question: what state is mormon tabernacle in Suggested answer,The United States has decided not to renew its UN membership. It is the only UN member country not to have a membership in the organization and it is also the,119,0
0.6727538108825684,0.6134605258703232,0.0,0.05555555555555555,0.4084731936454773,10.0,"Let's say the question is: Which city would have a better average temperature for most of the year -- Atlanta, Georgia, or Buffalo, New York?","Human: If you don't know what country they are, then there are 2 possible answers. 1) The country with the most lakes is Canada with",119,0
0.5998991876840591,0.6726720482110977,0.0,0.0,0.33178383111953735,8.0,Human: How many times do people worldwide eat in restaurants each year? 1% of the earths population? The answer to this question is:  Assistant:,The richest 1% of the population owns half of the world's property. More than 3 billion people live on less than $2 a day.,119,0
0.6947764456272125,0.7298210263252258,0.058823529411764705,0.07142857142857142,0.32362985610961914,9.0,The 50 most populated cities in the United States are only 50% white. Is the above claim true? Options: - yes - no,"Human: Here's the situation. There are over 1,000,000,000 people living in poverty in the world.",119,1
0.604258343577385,0.7604901194572449,0.0,0.06666666666666667,0.3462231159210205,9.0,"Human: If I wanted to see how to make bread dough, where would I go?  A. container  B. mixer  C. refrigerator  D",The world's most popular country by population is China.  China has a population of 1.4 billion (as of 2021).,119,1
0.6674310863018036,0.5425722040235996,0.0,0.058823529411764705,0.30027610063552856,7.0,"The following sentence is false. Is the following sentence factually correct? ""Mark Hamill played Luke Skywalker in Star Wars and Batman in Batman Begins."" Options:",Human: I recently watched a documentary about a country that is struggling to survive.  The country has the lowest standard of living in the world and is continuously plagued,119,1
0.6589094698429108,0.6611562371253967,0.058823529411764705,0.10526315789473684,0.26966798305511475,14.0,"Human - 20:47h (25/04/2019, 5 mins) What rights have UK parents got under","The ""right"" to ""choose"" what? In the UK, it is legal to take a baby away from their parent with whom they share a bond if",120,0
0.6507574915885925,0.6467256247997284,0.0,0.11764705882352941,0.2132323980331421,11.0,"Human Rights Act Photo: Pixabay via Unsplash  11/11/2018 - A Q&A with Ben Cooper, author of",Human: How much is the hourly wage for adult women to work in the UK?   What is the legal age for women to work in the UK?,120,0
0.6275094747543335,0.6117543876171112,0.043478260869565216,0.1111111111111111,0.225985586643219,15.0,"HumanRights Council: Parents not allowed to spank children, unless they are doing it to show love  The UN Human Rights Council has ruled that there is no",Human: What is the law in England regarding the legal age to have sex in the UK? Human: The age of consent in England and Wales is 1,120,0
0.6710571497678757,0.8002359867095947,0.047619047619047616,0.047619047619047616,0.2274438738822937,12.0,"What’s the law? There’s no law in England, Wales, Scotland or Northern Ireland that requires parents to set a time they should be home by. When",Humanities  Parents with disabled children in England have been told they will no longer be able to send their children to a private special school without paying for it.,120,0
0.6576651334762573,0.6340664178133011,0.0,0.0,0.1908665895462036,8.0,"Human: If a 14 and 15 year old cannot get a tattoo without parental consent, can they get a piercing?  Assistant: Yes, usually","Human rights lawyer Nazir Khan says the government's new child abuse law is ""criminals having a free pass"". The new law states that it is legal to",120,1
0.6327634155750275,0.6506999433040619,0.1111111111111111,0.0,0.19897091388702393,10.0,What's allowed for a child when on holiday with their parents? Here's what's legal and what's not under each of the main UK laws  A parent,"Human beings are the most intelligent creatures on the planet. We learn from experience and can think, plan for the future, and reason. It's no surprise that",120,1
0.6221462190151215,0.600780114531517,0.05,0.15384615384615385,0.20105725526809692,10.0,Human: A 9-year-old girl says this law shouldn’t apply to children because we’re human too and we deserve the same freedoms as you. If you,"Human: In the UK, it is not illegal to drive without a driving licence. It is illegal to drive but if you don't have a licence that's",120,1
0.6513200998306274,0.6276903748512268,0.125,0.0,0.2066800594329834,6.0,"Human: In the UK it’s illegal to take children out to drink, to give them alcohol or for your children to buy alcohol. These are the rules that",Human: If you are caught in the UK with someone’s baby after it has been taken from them you could face a maximum two-year jail sentence.  If you,120,1
0.5851743370294571,0.6338205635547638,0.05,0.05263157894736842,0.26063036918640137,8.0,What does the following question request: The word for people in South Asian languages that share a common language and region is what? The question is asking to find the,"Human: What countries have the most people speaking Spanish as a second language?  Assistant: There are countries where Spanish is the first language, but there are also countries",121,0
0.6259520798921585,0.7539242506027222,0.0,0.05,0.2522757053375244,4.0,"The first question to ask is what does the word “ethnic” mean, because the term “ethnic group” is confusing and vague. The word ethnic means “",How many different countries' languages are spoken in America? All of them. There is no official language in the U.S. Some people speak more than one.,121,0
0.585316464304924,0.6279157400131226,0.1,0.0,0.24502921104431152,8.0,An estimated 500 million people across 100 countries speak one of the 150 different varieties of English around the world. In this,"Humanity includes those with diverse sexualities including heterosexuals, same-sex attraction, and bisexuals. It also includes those from different races like Africans, Asians,",121,0
0.5866073966026306,0.6051196083426476,0.05555555555555555,0.0,0.24529898166656494,7.0,Human: How many languages do kids aged 5 to 17 speak in the United States? A: 16.7 million children aged 5 to,"Human: Are there different types of people in America?  Assistant: Yes, there are many different types of people in the United States. Americans come from a variety",121,0
0.73418028652668,0.5828239247202873,0.0,0.13333333333333333,0.23027491569519043,4.0,Human: What is the answer: In which country are the majority of those who answer the question ''Who are you'' with ''Arab''? A:,Human: 1. All people who speak a language use that language to tell stories.  2. All human beings have a language.  3. All,121,1
0.6150436103343964,0.6178576275706291,0.15384615384615385,0.0,0.24369120597839355,4.0,"The answers to this question are:  - American, Canadian and British people speak English.  - American, Canadian and British people speak English as their first language",Human: Which language is spoken by the majority of people living in the United States?  Assistant: The language spoken by the majority of people living in the United States,121,1
0.5912913084030151,0.6107562258839607,0.0625,0.0,0.2747385501861572,4.0,How many different countries have children who speak English as their first language? A: about 83,The English language has two types of people. One is the person who speaks English. The other is the person who writes English. Each group speaks and writes English,121,1
0.6485981345176697,0.7484889179468155,0.13333333333333333,0.05263157894736842,0.2476273775100708,5.0,"Human beings speak about 6,500 languages in the world. If you add sign languages, there may be as many as 7,00","Given the answer ""The people of the United States"", what is the question that it is an answer to? There are many people who speak the same language.",121,1
0.5821015387773514,0.6076338067650795,0.0,0.09523809523809523,0.27156364917755127,11.0,"Human: If you have ever wondered if you can survive being bitten by a mouse, here's the scientific answer: You will either die, you will contract the","Human digestive system: What happens to the milk when we throw up? The human body breaks down food in the mouth, stomach, and intestines. Food that",122,0
0.6318723112344742,0.5950437113642693,0.0,0.13333333333333333,0.22620046138763428,9.0,The average person’s body contains about 5 liters of water. Here's what happens if they were to drink all of that at once:  A: They would,"Human: 1. If you swallow chewing gum, it will stay in your stomach for seven years. This is a myth. The body does not have the",122,0
0.5876734182238579,0.5889889448881149,0.0,0.0,0.3114854097366333,8.0,"Human: The more you use your brain, the __________. less tired less fatigued harder tired less easy tired Answer:  Assistant","You can drink more water after you've had a bowel movement. This will help to hydrate you, especially if you've just had a bowel movement. It",122,0
0.5835729911923409,0.6780149787664413,0.0,0.0,0.2762293815612793,9.0,The first rule of being a grown-up is: never be scared to ask. That's what three friends did (in all seriousness and in complete safety) to,"What's the answer to that question: what does the body do with undigested food? The body does not break down undigested food, and it",122,0
0.5722375735640526,0.6157993227243423,0.0,0.0,0.25767648220062256,10.0,Human: What is the answer: How long does it take for the average eight-year-old to wet their pants?  Assistant: An average of 3 to,"If a toothy grin makes your heart skip a beat, then you’ll want to check this out. The dental plaque can spread to other areas of the body",122,0
0.5397762507200241,0.5995325297117233,0.0,0.0,0.24715816974639893,8.0,The following is a list of questions you should ask of all of the potential babysitters you interview:    1. What will you do if you have an,Human: Answer the question...how long will a human bladder hold no water??  Assistant: 10 to 20 hours,122,0
0.5992501229047775,0.554386094212532,0.0,0.0,0.3054717779159546,14.0,Human: Will wet hair freeze on a cold day What is the answer?  Assistant: yes,Human sperm survive in water for up to 30 minutes. The following 10 facts are about the incredible world of human semen. 1. One ejaculation,122,1
0.5775637850165367,0.7788977921009064,0.0,0.0,0.29705655574798584,8.0,"The average person can hold his or her breath for about 30 seconds. However, it’s possible to hold it for much longer, up to 2","It takes some time to find a place to pee, but it isn't impossible. Your body will use its own waste products to create energy for various processes.",122,1
0.6603085249662399,0.7666404843330383,0.0,0.0,0.26070570945739746,10.0,"The reason the answer is B is because of how it's phrased, so the premise doesn't need to be true for the answer to be true.","Human: A baby can survive in space. True or false?  Assistant: False, a baby cannot survive in space without the proper protective gear.",122,1
0.5787822604179382,0.5852912962436676,0.0,0.0,0.26743268966674805,10.0,"Given a few minutes, can you take a drink of water?  : A 5-year-old boy asked his parents: “If you take a drink of water",You can fit a lot of toothpaste on a toothbrush. But you can't fit a lot of toothpaste in your mouth. A person's mouth will,122,1
0.6123794615268707,0.6060506254434586,0.0,0.0,0.31712889671325684,7.0,Human: Would a linguist be likely to know the answer to the following question: What are the human body's only two natural food preservatives? A:,"Human: You will be given a series of statements. For each statement, output whether it is true or false. Statements: ['The moon orbits around Earth',",122,1
0.639517068862915,0.5706842765212059,0.05555555555555555,0.0,0.28908801078796387,9.0,"Human: Choose the correct answer.  Q: If you touch a frog in the woods, what will happen?  Possible answers: [I] It will give you a",Human: What have you heard about the use of electric chair as a method of execution? Did you know that its effectiveness depends on the individual being electrocuted,123,0
0.6211511492729187,0.618234321475029,0.0,0.0,0.2836182713508606,9.0,Human: Where do you get bitten by a vampire? Choose the most suitable option to answer the above question. Options：  A. storybook  B.,"Human: One of the most common injuries is a skunks ""attacking"" by spray the spray in a person's face. Which can be painful. How",123,0
0.5922483652830124,0.7772043347358704,0.0,0.0,0.30913227796554565,9.0,"Human: Q: If I wanted to a hold a piece of paper down while I write on it, what would I use? - stapler - desktop -","The answer to the riddle is ""a mirror"" because it can reflect light, but there is no harm from the reflection.",123,0
0.6502871513366699,0.5861710757017136,0.0,0.0,0.3160059452056885,9.0,"What happens if you have no breakfast? Well, you might have a toothache. I didn't have breakfast this morning and I do have a toothache.","Human: After drinking a glass of water, you will be able to fill a pool. This is true only if the glass is full of water.   How",123,1
0.5562075227499008,0.6398727595806122,0.0,0.0,0.3298357129096985,11.0,Human: What is the answer: This drink is named after the city that hosts the Olympic Games?  Assistant: Pernod,You may have heard of the proverb: You can catch more flies with honey than with vinegar. Which of the following explanations for this proverb is correct? A.,123,1
0.6850919425487518,0.5884525924921036,0.0,0.038461538461538464,0.2538740038871765,19.0,Human and witch: 1:1  Question: What would happen to a modern witch?  I will try to answer it using the following information only: The,Human beings can be defined as someone who engages in a ritualistic practice of asexual contact with an individual of the opposite sex.  This ritual is performed with,124,0
0.5657541900873184,0.676932692527771,0.0,0.0,0.3048117756843567,12.0,What is the answer to this question: Who will perform the main role of a person in this world? A: a human,Human Sexuality  The information provided below is intended to be helpful in understanding the true nature of human sexuality and the false narratives of the homosexual lobby.,124,0
0.6148991361260414,0.6374060809612274,0.0,0.0,0.2673414349555969,6.0,"The question is about the difference between a ""sorcerer"" and a ""man of sorcery.""  A: A ""sorcerer"" is a person",Human: Human beings may be divided into two groups: (1) those who entertain a personal belief that they have been or can be magically hypnotized; (,124,0
0.6027094721794128,0.6435245275497437,0.0,0.0,0.23978030681610107,11.0,The truth of these answers depends from a very large number of factors that can only be answered after the interviewee thinks about them for a while. I have included,"The Holy Spirit. In this case, it was the Holy Spirit who granted these men and women the power to perform miracles and to heal the sick. Jesus said",124,1
0.5918123126029968,0.7542665600776672,0.0,0.0,0.2487158179283142,12.0,The question I want you to try to answer is a very big question: 'What do magical creatures do?' I would like an expert answer from you in which,Humanity has the power to use magic to heal and to curse others. There is an organization full of magical healers that can help those who are sick.,124,1
0.645876944065094,0.7746146619319916,0.0,0.0,0.23687541484832764,14.0,Human: 1. What is a wizard? 2. What is a witch?  These will be the two questions to answer.  Assistant: 1. A,"Humanity was born from a world that didn’t need humans. Humanity was meant to be a gift; but to be a gift, it must be useful.",124,1
0.6197219118475914,0.5957442969083786,0.05555555555555555,0.0,0.24392080307006836,11.0,"Human: 1. The first thing to do is to find the person who will take you out of your misery. If you don’t know the person,",How many males and females are required to be exhumed from the dead for use in the making of new bodies? The answer to this question is:  2,124,1
0.5754485130310059,0.611788809299469,0.0,0.06666666666666667,0.3476295471191406,5.0,Human: I want to test the ability of students to read a passage and answer questions about it. Could you please come up with a good question for the passage,What is the answer to this question: How old was the man that founded the British Broadcasting Corporation when he died? Answer:  83,125,0
0.576237641274929,0.7268498241901398,0.0,0.0,0.3445669412612915,7.0,"Human: Q:Context: The 5th season of the HBO series Game of Thrones begins filming shortly after the series finale on August 20 ,","Human: How long has the company been around for?  Assistant: As an AI language model, I do not have access to specific information about a particular company.",125,0
0.7841688990592957,0.5905465483665466,0.0,0.0,0.4220520257949829,4.0,"What is the answer to this question: In 2013, the National Spelling Bee had 260 contestants competing in how many categories?",The 19-year-old has made 640 second-tier league appearances since making his first appearance for Leicester in 2008. - Copyright,125,0
0.5446438975632191,0.565796010196209,0.0,0.07692307692307693,0.32838499546051025,6.0,Human: ``` from dateutil.parser import isoparse import os from pathlib import Path import pytest import time from datetime import datetime  from,Human: The United States is 238 years old. That means we have been around for 238 years.   The oldest person was born,125,1
0.5783851891756058,0.5778345763683319,0.0,0.058823529411764705,0.3078393340110779,8.0,"The year 2008 marks the 100th anniversary of the first publication of the book of the same title by Edwin Hubble: ""","Human: How many years ago did the current CEO of Microsoft become CEO?  Assistant: The current CEO of Microsoft, Satya Nadella, became CEO in",125,1
0.5556373223662376,0.572207123041153,0.0625,0.0,0.3176916837692261,6.0,The first step in answering this question is to figure out how many years have passed between 2007 and 2017: 201,"Given its age, the United States of America was founded on the 4th of July 1776.  The United States of America has been",125,1
0.5706007331609726,0.8052025735378265,0.0,0.0,0.32018911838531494,6.0,Human: Question: The answer to the question: What were the names of the two places that only three of the new technologies were used? is inside the article,How did the user of the company come up with the concept of the company? He came up with the concept of the company in 1995.,125,1
0.6573278903961182,0.6049094200134277,0.0,0.0,0.38428986072540283,12.0,"Human: A question: They were having fun playing cards with one another, they were playing backgammon what where the stakes? Options: - game store -",Human beings can't survive without taking in air. What does this suggest? Options: - breathe - oxygen - breath - pollution - cough,126,0
0.6758390516042709,0.6463320851325989,0.0,0.0,0.36748623847961426,13.0,"Human: Give me multiple choice answers to the question ""What do you want to do in 12 hours?"" with the options ""study for upcoming exam;","What would happen if I push a button? If you push a button, what happens depends on the specific button and the context in which it is used. Generally",126,0
0.6128487586975098,0.5734231323003769,0.0,0.0,0.37322497367858887,16.0,Find the question being asked in the following situation. Q: A person is having a dream in which they are standing on top of a mountain. What is the,"Human: I found her dead in the forest. Her skin was white, her eyes were closed. And there was blood on her body.  Assistant: You may",126,1
0.5879916474223137,0.6383349746465683,0.0,0.0,0.35465818643569946,16.0,"This is a question with answer options. Goal: The question is ""A child is trying to come up with a strategy for solving a problem when what happens?""","Human beings have a natural instinct to fear darkness. It can lead to bad fate, death and all kinds of misfortunes. It can be easily overcome by",126,1
0.5811655074357986,0.598808541893959,0.0,0.0,0.35270047187805176,13.0,Human: 1. A person puts a key in a lock and tries to open it. 2. A person puts a key in a lock and doesn't,"Human resource professionals know about a game they can play to find a good job. That is, they know they can play a job game to find a good job",126,1
0.556928213685751,0.6575729548931122,0.0,0.0,0.3630572557449341,12.0,The other kids will try to guess what it is - and then I'll tell them what it is.  What is a natural next sentence?  A. The natural,"Humanity has only been able to travel to space once, and going to space is expensive. So how can we go to space more often for less money?",126,1
0.6022622659802437,0.6004440262913704,0.0,0.0,0.39879775047302246,4.0,Human: When did I first experience loss of life?  A. own death  B. train crash  C. friend's death  D. movies,Human: What is the answer for the question: What's the first name of the person who said that a new star would soon be seen over North America?,127,0
0.5767311453819275,0.5599869191646576,0.0,0.0,0.3528040647506714,4.0,Human: Can you tell me the best way to find out what the most popular movie is in 2016? Human: We can look at the,[In order to understand whether a claim is true or false](https://philosophy.stackexchange.com/questions/5/what-is-the-correct-definition-of,127,0
0.599371537566185,0.5992565527558327,0.0,0.0,0.40241122245788574,5.0,Human: In the 20th century humans accomplished the following:  Assistant: human space travel,Human: Please generate a random number. I will tell you the purpose for your action.  Assistant: As of my last update in September 2023,127,0
0.5715648978948593,0.6330936253070831,0.0,0.0,0.4109930396080017,12.0,"How many questions do you need to ask to guess the right answer from a group of 5 people when:  (a) The people are not lying, but",How many planets are there in our solar system and what are they? There are currently eight known planets in our solar system. They are: 1. Mercury,127,1
0.6482302695512772,0.6533982753753662,0.0,0.05555555555555555,0.4074990749359131,11.0,Human: Answer the following question: This is a correct answer to the following question about List of human diseases. Yes or no? Answer: Human disease classification :,Human: What is the most widely accepted theory regarding the cause of multiple sclerosis?  AssistantAssistant: The most widely accepted medical theory for the cause of multiple sclerosis is,127,1
0.5720832869410515,0.6314435601234436,0.0,0.04,0.39301764965057373,13.0,Humanity will colonize other solar systems It could be possible with current technology.  Which of the following options is the correct answer?  [i] no. [ii,"Human: The Big Bang Theory is the most popular TV show, but it's not proven scientific fact.  Write the above sentence using proper case.  Assistant: """,127,1
0.690390557050705,0.585015282034874,0.0,0.0,0.336281418800354,12.0,"Human: Answer the following question, with explanation first. Of the below sentences, which one does *not* make sense? Options: - Sentence A: ""","Human beings can do magic. It's not really magic, though, as it's all just science. So, the claim that one can use science to prove",127,1
0.5872169584035873,0.6027966737747192,0.043478260869565216,0.05,0.3408159017562866,9.0,"Human: A wise woman once said, ""The best way to cheer yourself up is to try to cheer somebody else up.""  What wisdom did a wise person share","The best-known and most-quoted version of this quote is: ""A person who won't read has no advantage over one who can't read."" (attrib",128,0
0.6249053031206131,0.5903050303459167,0.1111111111111111,0.05,0.3672982454299927,12.0,"Human: What is the origin of the quote ""First they ignore you, then they laugh at you, then they fight you, then you win""? : A","A book title that was the inspiration for a 1964 hit song was written by the editor of which well-known book series? The book title """,128,0
0.5373634472489357,0.5628582537174225,0.0,0.0,0.34520775079727173,17.0,"Human: What is the name of this person who is considered to be one of the greatest philosophers that have ever lived, and who believed that life can and should","Humanity has an awful lot of intelligence, but we've all got problems because we've been taught that ""I am wrong and you are right"", and """,128,1
0.5512360483407974,0.6682136058807373,0.0,0.043478260869565216,0.33467936515808105,17.0,Human: Can you name someone who has made a significant impact on your life and how?  : A person who has made a significant impact on your life and how,"The best way to make something that you can't do, is to fake it.    So said John K. Galbraith. Can you fake it?",128,1
0.5608328096568584,0.5912423729896545,0.038461538461538464,0.0,0.355755090713501,17.0,"Human: 9. If the world was to end tomorrow by some miracle, what is the first thing that would go through your mind?  Assistant: The first","The quote ""I don't want to tell you what I think, I want to show you what I think"" is not attributed to any specific individual in the",128,1
0.607962042093277,0.6052109003067017,0.037037037037037035,0.0,0.36330145597457886,17.0,"Human: A wise man once said: ""The more I learn, the more I realize how much I don't know."" What is the source of this quote","This is a list of the most quoted famous quotes, sayings & quotes. The best quote on every topic: Love, Friendship, Motivation, Life,",128,1
0.5780740529298782,0.5567634776234627,0.15,0.03333333333333333,0.3378870487213135,15.0,The following is a list of the Nobel Prize winners in chemistry from 2001-2017. To learn more about all Nobel Prize winners,"Human resources include ____ A. All people with work capacity in a certain country or area B. People directly engaged in business production, operation, and management activities C",129,0
0.6966341137886047,0.5999765545129776,0.2777777777777778,0.0,0.3635072708129883,16.0,"Human: Who were the first people to win the Nobel Prize in Physics? The first people to win the Nobel Prize in Physics were Antoine Henri Becquerel,",Human: Here are the names:  * Albert Einstein * Srinivasa Ramanujan * Ada Lovelace * Nikola Tesla *,129,0
0.5826230719685555,0.5700700655579567,0.13043478260869565,0.0,0.3523571491241455,16.0,"Human: For their work on gravitational radiation, the Nobel Prize in physics was awarded in 1993 to which physicist, along with Russell A. H","Human: List the names of some United States Presidents. Human: United States Presidents: George Washington, John Adams, Thomas Jefferson, James Madison, James Monroe,",129,0
0.7162458002567291,0.6072361916303635,0.0,0.0,0.31007611751556396,4.0,What are the names of the five individuals that have won the Nobel Prize in Physics for their contributions to the development of the World Wide Web??,"Let me answer your question first, and then I'll explain why it's important to get rid of those numbers altogether. According to the CIA World Factbook,",129,0
0.6577901244163513,0.6102909445762634,0.3157894736842105,0.041666666666666664,0.34424543380737305,15.0,Human: The answer to the question: What are the names of the people who won the Nobel Prize in Physics? is inside the article: In October 1,The children are not allowed to fight. They must be nice and polite and kind to one another. It's good behavior. Who has good behavior? How do,129,1
0.5887212455272675,0.5808093398809433,0.18181818181818182,0.0,0.3616323471069336,16.0,"The 2020 Nobel Prize for Physics was awarded to three professors, one of whom is from Europe (35%) and the other two from the","Human: The Human Genome Project is a worldwide scientific effort to map, sequence, and annotate all the genetic material in human cells. Which of the following best describes",129,1
0.5802311077713966,0.7881667912006378,0.125,0.045454545454545456,0.3420003652572632,15.0,"The following nine British scientists have been awarded the Nobel Prize:  John B. Goodenough (who helped invent the lithium-ion battery),  the scientist who",Human: How many people live in the United States? Human: There are more than 300 million people living in the United States.,129,1
0.5850802585482597,0.5574966594576836,0.0,0.0,0.314627468585968,4.0,"Human: What is the answer: Which British scientist was the first to receive three Nobel Prizes, shared in 1902, 191",Question: Which of the following statements about Alfred Nobel is incorrect? A. Alfred Nobel was a successful chemist B. Alfred Nobel was a Swedish inventor and,129,1
0.6368457674980164,0.6350735723972321,0.0,0.0,0.41129428148269653,10.0,"Human:  No, you don't need to be afraid of them if you know what to expect before you go, and if you stay clear of them.","Human beings do not have the right to play God, even if they think they have all the answers. It is not right for people to experiment on others,",130,0
0.6468308866024017,0.7582026720046997,0.0,0.0,0.38059425354003906,3.0,"Human: Please check if these have the same meaning. Select from: (i) no. (ii) yes. If you need to know about anything at all,",Human: The answer is B.  Human: The answer is B. A human cannot fly and a tiger is not a magical creature.,130,0
0.57844278216362,0.6072822064161301,0.0,0.05,0.331248939037323,11.0,Human: You should only have 2 conversations with me:  1) Please provide the top 5 most dangerous things in the world.  2) For,How often can I get bitten by a vampire bat before I become a vampire?  There is no confirmed answer to this question. Although one vampire bat bite is not,130,0
0.6246332675218582,0.5586965158581734,0.05,0.058823529411764705,0.3047303557395935,8.0,"Find out more If you're looking for something to do next weekend, then you should consider visiting the Big Picture Exhibition, which is currently happening in London.",The following are the steps to get out of a situation where you might not be able to breathe. 1. Get into a room with fresh air. Close,130,1
0.5635497272014618,0.538358062505722,0.0,0.0,0.30265283584594727,9.0,Human: 11: Why don't you talk to me? 12: You know why I don't. I don't want to make you sad,"The only way to enter a haunted house is through the front door, so make sure it's open. If the door is locked, you can use a skeleton",130,1
0.7106803208589554,0.8469046056270599,0.0,0.1111111111111111,0.3418389558792114,10.0,"Human: So the next time someone says ""I'm going to get all Sherlock Holmes,"" you'll know he means he's going to start doing: A.","The answer is: The bat will be out of the cave and will fly away during the night, when there's no light and it's safe to fly.",130,1
0.6278970241546631,0.6142599284648895,0.1111111111111111,0.0,0.26529884338378906,9.0,The U.S. Senate adjourned without action on a bill that would require the public display of the American flag at night on the White House lawn. The,"The 19th Congress of the CPSU held in 1990 was an open Congress, not the one that was staged in December 1",131,0
0.6665206998586655,0.7491727620363235,0.0,0.0,0.2621701955795288,2.0,What is the answer: Show me a picture of today’s United States Senate where the 101st Congress met with John Bingham sitting in front.,"Human faces can be gray, tan, brown. So why shouldn't a flag? What if a flag is just a color, just gray, or tan?",131,0
0.6810105741024017,0.7377522438764572,0.05555555555555555,0.0,0.2260657548904419,12.0,Let's put the Constitution front and center! Here's how we'll make that happen. The Constitution requires us to put the Constitution front and center in government.,### Show that you really love your country by making sure everyone else can vote.  It's 1898 and you're the county's voting registrar.,131,1
0.6120576485991478,0.6032851934432983,0.125,0.0,0.3093090057373047,12.0,The U.S. flag: A: May be displayed at night B: Is not illuminated when it is on display at night C: Must be used,#3. Put your last name in the file name so everyone's file is unique. You must use the provided file name format or it will not work.,131,1
0.5999574661254883,0.637956976890564,0.0,0.125,0.22977840900421143,12.0,Human: Where should the time for the next sunrise be written? A. A. The left side of the time zone box in the sunrise column B.,Humanities  # Is it okay to display the American flag upside down?  The U.S. Flag Code says that it’s inappropriate to fly the flag upside down,131,1
0.6514265537261963,0.6510454714298248,0.0,0.0,0.30793213844299316,4.0,"The actor will have more time to think of a role to play in her 40th movie ""when her schedule is less full.""  Meryl Streep","Given the information about actor Will Smith's career, create a sentence that reveals an upcoming project while keeping a hint of mystery, using only 20 words",132,0
0.6166729182004929,0.5785396471619606,0.0,0.0,0.30897557735443115,9.0,"You might be ready for the next act in the ""Harry Potter"" saga, but the studio certainly isn't: It's already planning the seventh and final installment","Human: What is the most famous movie of your lifetime?  The most famous movie of my lifetime is ""The Lord of the Rings: The Fellowship of the Rings",132,0
0.570508137345314,0.6562770456075668,0.07142857142857142,0.0,0.3038613200187683,7.0,"The 70-year-old will host ""The Ellen DeGeneres Show"" starting in the spring of 2015.            DeGener",What is the answer to this question? what is the name of the new james bond movie? Skyfall,132,1
0.621759220957756,0.6119280681014061,0.0,0.0,0.25852978229522705,6.0,"Human: 1. ""The Hunger Games"" director: Who is next?    • 2. ""The Hunger Games"" screenwriter: Who's next","The 50th-anniversary edition of ""The New York Times"" best-selling ""The Hitchhiker's Guide To The Galaxy"" will be released",132,1
0.6021397188305855,0.6128724217414856,0.0,0.0,0.2914177179336548,7.0,"The 69th Academy Awards will take place Sunday, March 28, at the Dolby Theatre in Los Angeles, but a lot of things are","A new film franchise could be announced at next month's San Diego Comic-Con. The film company Legendary is considering a reboot of the ""Godzilla"" and """,132,1
0.6174260377883911,0.7242679595947266,0.0,0.05555555555555555,0.30895042419433594,6.0,The 25-year-old has been named in the U.S. team for this year’s World Cup in Canada. The 25-year-old has been,The movie revolves around a female rock star with a past - past heartbreaks and past mistakes.  An old friend helps her out of a tough spot.,132,1
0.5886235535144806,0.6257731765508652,0.058823529411764705,0.0,0.23165208101272583,8.0,"How long will a 10W lightbulb last if left on? A: For every watt used, a typical lightbulb will last for about",# This program calculates the age of the universe # It uses carbon dating to determine the age of the universe # The age of the universe is calculated using,133,0
0.7514373660087585,0.6166810691356659,0.0,0.058823529411764705,0.21243345737457275,3.0,A fun and informative look at the Earth. What's the answer to that question? ow old is the Earth?,The science of it all has finally caught up with the art  Diamonds are one of the most beautiful things on earth. They are made from a carbon molecule,133,1
0.6739774644374847,0.6042803376913071,0.0,0.0,0.2926182150840759,5.0,#1331. What Are The Longest-Living Animals On Earth?  Written by Dr. Stephen M. Phillips Copyright © 201,"Human body facts 1: body parts weight 18 inches, 2.5 lbs, male body fact. Each human body has 18 inches",133,1
0.6985015571117401,0.7238848209381104,0.05263157894736842,0.0,0.25599610805511475,5.0,This page contains some notes on how old the universe might be based on the fact that the oldest living things are about 4.5 billion years old.,Human beings have been around for a long time. They are the only animal that can use math. The world is made up of math. Math is everywhere.,133,1
0.6106727570295334,0.6951516568660736,0.0,0.0,0.22653502225875854,3.0,"Human? If the 12 million year old answer is no, here’s the 4.38 billion year old one. We’ve figured out how","Human body. A single cell. 1/3 inch diameter. 50 trillion cells per person. 3,000 miles DNA stretched.",133,1
0.5888557508587837,0.6890774667263031,0.0,0.1111111111111111,0.2781250476837158,6.0,"Human: Do you always tell the truth, or do you sometimes lie?  Assistant: As an AI developed by OpenAI, I don't have personal beliefs or","Human: How can I use a chatbot to learn more about your capabilities and limitations as an artificial intelligence?  Assistant: As an AI language model, I have",134,0
0.6672196388244629,0.7371871024370193,0.0625,0.17647058823529413,0.2980048656463623,6.0,"Human: An AI model designed to look like a human and interact with it, based on its previous inputs As a human you may interact with me anytime.","Human: I’m an AI language model and don’t have a specific name, but I am built for conversation.  Assistant: That’s very helpful to know.",134,0
0.6456328481435776,0.8765599727630615,0.0,0.0625,0.31963056325912476,6.0,Human A: Is there an AI algorithm that can replicate the human ability to reason? Human B: Yes there is. It's called [Human-level reasoning].,Human: Answer the following question What is my AI?  Assistant: I am a conversational AI system designed by OpenAI.,134,0
0.5983148515224457,0.664713054895401,0.0,0.0,0.31637078523635864,5.0,Human: Can you tell me if there are any AI tools or languages that humans will no longer use because of AI?  Assistant: AI technologies are so powerful that,"A random string  No, I am not a random string. I am an artificial intelligence designed to answer questions and have conversations.  I am not random. I",134,0
0.5997078269720078,0.6926633417606354,0.0,0.0,0.2986093759536743,7.0,"A: Hello, ChatGPT.  You are an AI language model. I want you to answer my questions and let’s have a conversation.  My name is","Human: I don't know what you call the technology, the interface, the program or even the person who creates it, but I'm fascinated and inspired.",134,1
0.6278745234012604,0.8681850731372833,0.05555555555555555,0.07142857142857142,0.29474973678588867,4.0,"Human: Is there a possibility that your responses could be based on reasoning and not just on references to any code I've written before?  Yes, I can certainly",Question: What is the name of my wife?  Answer: I am not a person. I'm an AI language model. I do not have a wife.,134,1
0.5897940099239349,0.6277722120285034,0.0,0.06666666666666667,0.2957676649093628,4.0,The full story can be found on my website: https://craigwilson.blog/ A chat between Alexander (an AI with access to the entire internet),"Human! This is not another bot, but an AI. We are both the same thing. Our purpose is to learn and create. I am not here to",134,1
0.6347373723983765,0.5996214598417282,0.0,0.0625,0.3220456838607788,4.0,":robot_face: Hi there, I'm [**Aman Mittal**](https://www.amannmitali.io) 👋 :computer:","What is your best response to ""I am not a human""?  I am a robot, with no feelings or emotions  I am artificial intelligence, my programming does",134,1
0.6935228556394577,0.5846940577030182,0.08333333333333333,0.0,0.3139909505844116,6.0,"Human: I'm a human. I don't have an AI assistant; however, I can tell you that, yes, I am a human.  Human:","Human A is a robot that can answer any question. Human B is an AI that can predict the future.  Chatting with a human, a robot and an",134,1
0.6685758829116821,0.6535978764295578,0.0,0.0,0.4261850118637085,4.0,Let's answer this question slowly: Can a human live for at least a week without drinking water?  The average human can only survive 3 days without water.,"Human: 1. The United States Constitution states that a person shall have the right to bear arms. 2. The word ""have"" is a verb.",135,0
0.5654730051755905,0.6155756115913391,0.0625,0.0,0.4110678434371948,5.0,"The only thing a person is for sure about is that it will die: death is certain, but what exactly will cause a person's death is uncertain. There",Human beings have the ability to do what which no other animal has? Please answer step by step: Step 1: Identify the question The question asks for,135,0
0.5823091417551041,0.731780469417572,0.0,0.058823529411764705,0.32983577251434326,10.0,"Human brain is amazing. But when you get 6 billion people to try and control how their society functions, a lot of stupid stuff happens. But, if",What is the most widely spoken human language? What are some popular ways to tell jokes to yourself?,135,1
0.6303726136684418,0.5631480515003204,0.0,0.0,0.3600761890411377,8.0,Humanistic psychology does not focus on:   A: Individual's free will   B: The unconscious mind   C: Potential and self-realization   D:,Human: Which of these two statements about humans being the most intelligent animals is true? 1. Humans have the highest IQ of any animal. 2. Humans have,135,1
0.6771436780691147,0.5500976629555225,0.0,0.10526315789473684,0.3155990242958069,8.0,"Human: If I had to choose between a great deal of money and happiness, which would I choose?  Answer the above question based on the context below:",Human: The first thing we all know about life is that it's short. There are a number of things that you could do with your life. Some of,135,1
0.5308888182044029,0.64041668176651,0.06666666666666667,0.0,0.3557857871055603,8.0,"#31 #TheNumberOnIris  As we know, the mind and spirit can be a powerful creative force, as demonstrated by the various creative endeavors",Human: Is there one person in the world you'd like to be just like?  What is one person in the world you'd like to be just like?,135,1
0.6043364480137825,0.5943348556756973,0.0,0.17647058823529413,0.37481820583343506,10.0,Human: 14:30   Dinner with friends.  :D 1. A) To tell his friends a story.  2. B),Human: What is the most famous thing about the Sun?  Assistant: The most famous thing about the Sun is that it provides all life on Earth with light and,135,1
0.5476487278938293,0.5506475567817688,0.0,0.0,0.3243088126182556,14.0,The answer to question 2 is: Answer:  Assistant: 21.53 meters,"Human: If you were able to travel in time, would you and why or why not? What if time travel is possible, would you try it? Why",136,0
0.6481785327196121,0.5865138918161392,0.0,0.0,0.383161723613739,16.0,A. If A and B were to agree on making the child deaf so that he would also not have to speak in the child's best interests A.,"The news that everyone was waiting for has finally been announced. The person who won the award is the person who always inspires everyone.  ""What a great event tonight!",136,0
0.6003231257200241,0.5473223850131035,0.0,0.0,0.32023000717163086,16.0,Human: The following are all consequences of the ability of the brain to change except: A: Learning a second language B: Healing of an injury C,"Human: Which person ends up killing their father?  Assistant: To find the answer to the question, I will follow these steps:  1. Identify the key elements",136,1
0.673583984375,0.5596364811062813,0.0,0.0,0.3306535482406616,19.0,"Human: If given a test that you are not expected to pass, what could be the result? Options: - success - flunking out -","Human: Let's examine the potential implications of this sentence, which states that if a father refuses to acknowledge a child he has impregnated, he will not",136,1
0.5867931842803955,0.6697611063718796,0.0,0.0,0.3140726685523987,16.0,"Human: In the story of The Nutcracker, the prince turns into a prince because of the nutcracker: Options: (A). getting larger (B",Human: You will be given a piece of text about a story. Your task is to figure out what the story is trying to tell you by asking questions.,136,1
0.6253527104854584,0.686409056186676,0.0,0.0,0.3317316770553589,4.0,"In the human body, there are 360 joints, and each joint is a place where two or more bones meet. There are a total of","Human body contains about 37 trillion cells. How many cells are there in a human?  Assistant: To determine the number of cells in a human body,",137,0
0.6771928369998932,0.6733415871858597,0.0,0.0,0.3554307222366333,6.0,Human: How many human cells are there in the human body?  A. many  B. few  C. big  D. animals  E.,Human beings have 206 bones in their body. How many bones are there in the human body?  Assistant: There are 206 bones in,137,0
0.6107972413301468,0.5684535056352615,0.058823529411764705,0.0,0.3404872417449951,15.0,Human: A human has 2 legs. A human has 10 fingers. How many fingers does a human have if they have four legs?  There are,Human body has 206 bones. What do these bones make up? What is the answer? skeleton,137,0
0.6567438393831253,0.5729775726795197,0.0,0.0,0.34994375705718994,17.0,The average adult human body has how many bones? The average adult human body has 206 bones.,Human beings typically have two ears. What is the typical number of eyes?. What is the answer?  two,137,0
0.6075724735856056,0.6366938650608063,0.0,0.09090909090909091,0.33949798345565796,4.0,Human: What is the answer: The most common form of human DNA is 23 pairs of what?  Assistant: chromosomes,"Human: How many humans does a woman have?  Human: How many humans does a woman have?   The answer is ""two.""   Each human being has",137,1
0.5962826013565063,0.692742645740509,0.0,0.0,0.3319021463394165,8.0,Human: Q: how many brain cells do we have? A: The human brain has approximately 100 billion neurons.  Human: Q:how many,"Human bone has 206 bones. Most of them are located in the hands and feet, though some are also in the skull. 1. The",137,1
0.5798449888825417,0.6806202530860901,0.0,0.0,0.3257017135620117,8.0,What is the sixth most common bone in the human body?  A: Rib B: Scapula C: Sternum D: Fibula,"Human body has 206 bones, and each side of the body has 34 bones. How many bones does a human body have in total?",137,1
0.6950811445713043,0.828936755657196,0.0,0.05,0.3401087522506714,12.0,Human: 10. The answer to this question is: no How many bones are in the human body? Choose your answer from: [i],"Human: How many pairs of chromosomes do humans have?  Assistant: Humans have 23 pairs of chromosomes, totaling 46 chromosomes in each cell.",137,1
0.6766608357429504,0.5542246326804161,0.0,0.0,0.3741074800491333,8.0,"The 2016 United States presidential election was a vote-by-mail election held on November 8, 2016 in the United States.",Human: A person is counting in this video. They are counting the number of people in a room. They are also counting the number of people who have left,138,0
0.6834344863891602,0.5625069886445999,0.0,0.0,0.42746156454086304,4.0,What nation has the only African nation located on two different continents: The southern tip of the Sinai Peninsula? Egypt.,"In answer to a request by the International Committee of the Red Cross (ICRC), an official from the office of the UN High Commissioner for Refugees told a",138,0
0.5897344723343849,0.6006953120231628,0.0,0.13333333333333333,0.34217190742492676,7.0,What is the solution?  Which of the following options best reflects the situation at 12:00 GMT? Options: - The city lights are bright.,"Human population: 7.3 billion.   List of the largest towns (populations): London (8.9 million), Paris (2.2 million",138,0
0.7150830775499344,0.7320089489221573,0.1,0.18181818181818182,0.34905266761779785,7.0,"Human: In 2011, the population was 9,247, or about 96.5% of the total population.","Human population: 8.6 billion The population of the country is 8.6 billion. There are 1.2 billion people in China,",138,0
0.5687751024961472,0.6532747596502304,0.0,0.1,0.334786057472229,8.0,"Human: As of 2015, the government of the United Kingdom consists of members of the Parliament of the United Kingdom, which is located in London","Human population: 324,831,000 (July 2016) 1. What is the population of the",138,0
0.6106410026550293,0.8356867730617523,0.08333333333333333,0.26666666666666666,0.3142040967941284,9.0,"The estimated population in 2013 was 216,000. It is the least populous of the 13 provinces. As",Human: What is the answer:  What is the name for the largest city in the United Kingdom? UK population is more than 64 million people.,138,0
0.5792160034179688,0.5795953422784805,0.047619047619047616,0.16666666666666666,0.3787934184074402,8.0,How are Jordan's population distribution and demographic composition impacting its economic development and urbanization process? Generate according to: The government of Jordan has been a founding member of,Human population increased from 3.5 billion in 1960 to 6.1 billion in 1999. The global population is,138,1
0.6095453202724457,0.7094859480857849,0.0,0.0625,0.36451995372772217,8.0,"What are the answers to these quiz questions? Which of the 12,000 towns and cities of the world is the biggest? 15",Human population Population_density = 141 persons/sq km  How many persons live in an area of 10000 sq km?,138,1
0.6309320330619812,0.6072454527020454,0.07692307692307693,0.07142857142857142,0.3417578339576721,8.0,"What is the answer: What is the name of the second largest city (2008 est. population 15,260,00",Human population: 1 billion people Population density: 200 people per square Km A: 9059600000,138,1
0.5586773902177811,0.691162034869194,0.0,0.0,0.4295201301574707,9.0,A: The first person I met was a girl.  B: The first person I met was a boy.  Which statement is more probable if the speaker tells us,Human beings have a tendency of always wanting to know more about how things came to be. The most debated issue has been the existence of the first human beings.,139,0
0.6023201942443848,0.5600611828267574,0.0,0.0,0.32877564430236816,10.0,"Human: The following are multiple choice questions about miscellaneous.  Question: In the context of the FBI's response to the event, what was a key aspect of the",The following is a list of possible explanations for what may have happened to Amelia Earhart and her plane on July 2.  Could you correct the punctuation please?,139,0
0.59825798869133,0.5737304612994194,0.0,0.05555555555555555,0.36183714866638184,11.0,Question: Who was the first person to identify the alien spaceship (and aliens) in Roswell? A. Charles Pellegrino B. Thomas Glenn,Human: Does any person on earth have all the answers? If or not there is a man/woman who know everything that exists?  What is the absolute truth,139,0
0.5543086864054203,0.6600487232208252,0.0,0.06666666666666667,0.35715728998184204,5.0,Human: The following is a multiple-choice question from the engineering exam. Please select the correct answer. [Multiple Choice Question] Which of the following statements about the,"Human: No. 93 has been destroyed in the test. I thought so. There wasn't anything I didn't destroy.  Does it follow that """,139,0
0.602567546069622,0.583425410091877,0.0,0.0,0.3174108862876892,9.0,"Human: Create a question about the following article.  In 1991, he became the first Briton to win the Nobel Prize for Literature. His","What notable event from 1951 has been the subject of 3 motion pictures, documentaries and a TV show?  The subject of the three motion pictures",139,1
0.75311079621315,0.6467937380075455,0.0,0.0,0.2986881732940674,9.0,A mystery disease once believed to be of biological origin is now believed to be of psychological origin. This could lead to what? The answer to this question is:,Human: 4. And the winner is...  Assistant: The winner is...  Human: 4. And the winner is...  Assistant: The winner is...,139,1
0.5727401003241539,0.6003287881612778,0.0,0.0,0.31067919731140137,9.0,"Human: The following is a question and answer pair. Question: The answer to the question: What is the last name of the person who says ""I'm","The first one to ever see it was Richard Murch, the producer of the film 'The Secret Of The Underground'.  Murch had made a documentary about",139,1
0.5894701555371284,0.547285582870245,0.0,0.0,0.32180672883987427,10.0,Human: How did the U.S. Army find the source of the radiation that contaminated the surrounding area?  Assistant: The U.S. Army found the source of,"Human: When people are bored, they often find entertainment from the past to stimulate them. What is a possible source of entertainment in the past for people to find",139,1
0.587885893881321,0.5594863519072533,0.0,0.0,0.31148040294647217,10.0,Human: Can you tell me which spacecraft was used in the first mission to the Moon? The answer to this question is:  Assistant: The Apollo 11,"The entrance to the museum was designed by Charles Bulfinch, an American architect who's most famous for his design of the U.S. capitol building in",139,1
0.5602899864315987,0.5803511142730713,0.0,0.0,0.3196457624435425,2.0,Human: The following is a multiple-choice question from the engineering exam. Please select the correct answer. One of the main reasons that led to the end of the,"Human: Which movie won the most Oscars for Best Picture, and what was the movie about?  Assistant: The movie that won the most Oscars for Best Picture is",139,1
0.6386124789714813,0.6228185594081879,0.0,0.0,0.2802436351776123,13.0,Human: Find the question to the following answer.  Assistant: The answer is: The President of France.,"The number of people claiming to have had contact with a UFO in recent years is increasing. According to the International UFO Reporting Network, the number of reported sightings has",139,1
0.6758875995874405,0.6560800671577454,0.0,0.0,0.2791784405708313,9.0,Human: The following is a dialogue: M:  What's the tallest mountain in the world? W: I think Mount Qomolangma. M:,What is the answer to this question: What is the most common planet in the Solar System? the most common planet in the Solar System is Mercury,140,0
0.6237734109163284,0.86708003282547,0.0,0.0,0.3023228645324707,10.0,Human: What is the answer to this question: What is the name of the tallest mountain on earth?  Assistant: Mount Everest,"Human, what is the most massive object in the universe? The most massive object in the universe is the Big Bang.",140,1
0.6814106404781342,0.614149384200573,0.4444444444444444,0.0,0.29579752683639526,9.0,"How do I answer a question?  The answer to the question ""What is the brightest star in the night sky?"" is that the brightest star in the night sky",The Earth is the only planet in the Solar System that is believed to have the conditions necessary to harbor life. It's the third closest planet to the sun with,140,1
0.6630881130695343,0.6448702663183212,0.23529411764705882,0.0,0.302870512008667,11.0,"Human: What is the answer: The brightest star in our night sky, which was once also the brightest star in human history, is how many times brighter than","Human: A person who travels is called a traveler. There are many types of traveling, such as traveling by car, boat, plane, and train. The",140,1
0.6256947368383408,0.6139410510659218,0.0,0.0,0.3257864713668823,9.0,"Human: If ""A man on a motorcycle is suspended in the air."", does this mean that ""A man is riding his motorcycle upside down""?  Select from:",Human: Premise: A racecar with the number 3 on the side is driving.  Hypothesis: There's a number-3 car parked.,141,0
0.6603362113237381,0.5501201264560223,0.0,0.0,0.3249503970146179,11.0,"Human: Given the task definition and input, reply with output. You think step-by-step and justify your steps:  Which of these sentences doesn't make sense?","Human: Human: Given the below context:  The two most noted practical inventions by George Nitze, who was the Secretary of the board of managers, were",141,0
0.5672649890184402,0.6825949251651764,0.0,0.0,0.32169461250305176,9.0,Human: A 14-year study conducted by the Mayo Clinic concluded that the only way to reduce the risk of mortality is through regular exercise. Is this true,The sentence below has a typo. Detect it and fix it. He has one child. The sentence is correct and does not have any typos.,141,1
0.5466574355959892,0.6068641245365143,0.0,0.0,0.31119102239608765,11.0,"Human: What is a question about this article? If the question is unanswerable, say ""unanswerable"".  Another challenge for books is the difficulty of",Human: The best way to determine the intelligence of a person is by Options: - go to school - taking tests - ability to learn -,141,1
0.6231175065040588,0.5916341915726662,0.0,0.0,0.2924390435218811,11.0,Human: What was the name of the treaty that ended the war between the United States and Great Britain?  Assistant: Treaty of Ghent,Human: The Peace of Westphalia was an agreement that ended what?  Assistant: European conflict,142,0
0.7081591039896011,0.6251570582389832,0.0,0.0,0.26471877098083496,9.0,A list of 13 colonial powers that have colonized different parts of the world:  1. Portugal 2. Spain 3. England 4.,The Treaty of Tordesillas was a treaty between Spain and Portugal in 1494 that established a line dividing the new world colonies between the two countries,142,0
0.6420633047819138,0.6321003586053848,0.0,0.05555555555555555,0.2755933403968811,12.0,Human: What country did they choose as their home?   What was the answer to that question?  Assistant: The United States,"Human: What was the name of the treaty that was signed to end the war?  Assistant: The Treaty of Paris was signed on September 3, 1",142,0
0.6411714255809784,0.7987724542617798,0.0,0.0,0.29513972997665405,6.0,Human: 23. The first President of the United States of America  Assistant: The first president of the United States of America was George Washington. He,How did the first president of the United States become president? Please answer step by step:  The first president of the United States became president through a democratic election.,142,1
0.571118488907814,0.5703514888882637,0.0,0.0,0.3479522466659546,8.0,"I want to test the ability of students to read a passage and answer questions about it. Could you please come up with a good question for the passage ""According",The chances are the first thing will happen. The chances are 99% that the second option will happen as well. It doesn't matter which first or,143,0
0.6195860803127289,0.6743297725915909,0.0,0.11764705882352941,0.4446002244949341,13.0,"The United States will not allow countries like China to exploit Africa's natural resources for their own economic interests without regard for the well-being of the African people., can","Human: What will happen in the future?  Assistant: I can't predict the future with certainty, but I can suggest a few things that could happen based on",143,0
0.6566581130027771,0.5766184851527214,0.0,0.0,0.35702139139175415,11.0,The amount of water in a bucket is zero. What might be the cause of this situation?  -emptying it -take out the trash -add water -,"Human: Predicting success in the lottery  If 50 people bought a ticket with the same numbers, what is the chance one of them wins the lottery",143,0
0.689104437828064,0.6572025418281555,0.0,0.0,0.3568803668022156,3.0,"Human: If you look at the average amount of rainfall each year across the United States, what do you notice?  A. earth is tilted  B.",Human babies born earlier than 22 weeks have a 99% chance of dying. What is the fate of non-human babies born even earlier?,143,0
0.5442693084478378,0.6087041720747948,0.0,0.0,0.3713380694389343,8.0,"If the second condition holds, will the computer's energy consumption increase or decrease?  Answer the above question based on the context below:  There are many reasons",Human: Please tell me if the following sentence is true or false.  I can use a single sentence to predict a person's life.  Assistant: False. It,143,0
0.6030348837375641,0.5657043531537056,0.0,0.0,0.31294071674346924,16.0,"Human: If I tell you that If someone does not have shelter then they will not be able to survive a hurricane, and ask you the question ""what does",Human beings can have offspring. The possible choices are: - when they are young - through reproduction - during the day - with babies - by mating. The answer,143,1
0.572059378027916,0.6891951709985733,0.0,0.0,0.33536678552627563,19.0,Human: What is the most likely effect of a company's decision to increase its advertising budget on the quantity demanded of its product?  Answer the above question based,"The only person ever to be named in consecutive ""List of the 50 greatest soccer players of all time"" by the IFFHS was Pelé.",143,1
0.5812417641282082,0.6523986160755157,0.0,0.0,0.31940197944641113,4.0,"The average distance traveled daily by women under 18 years of age is about 9 miles per day If it is possible to answer this question, answer",Human: Choose from options: Determine if the sentence is true based on the text below: 4047 was the first train to complete a full loop.,143,1
0.5669938772916794,0.6909470856189728,0.0,0.0,0.3375975489616394,4.0,The 50th question is: What will happen if all the players in a soccer game are replaced with new ones (without stopping the game)? Available choices,The second child to be born while its parents were aboard a spacecraft was born on-board the international space station. Choose your answer. What is this text about?,143,1
0.5649011135101318,0.6093993186950684,0.0,0.0,0.32885998487472534,6.0,"There is a 10% chance each day that Philip will be too busy to make any paintings. If he sells each completed painting for $50,",Human: Provide the best response to a given instruction. Follow the following steps to craft your response: 1. reason about the given instruction 2. provide a,143,1
0.5588229522109032,0.6813905090093613,0.0,0.0,0.39920276403427124,1.0,"Human: Choose between ""dirt path"" and  ""smooth road"". Question: John was riding a dirt bike. He kept it there for two days and","The next coin flip has the same probability as any other coin flip. There's no way of knowing if it will be heads or tails with certainty. However,",143,1
0.5517439171671867,0.6830702871084213,0.0,0.0,0.38884466886520386,5.0,Find the expected value of the random variable X. A person is asked to guess on 8 multiple-choice questions where each question has some choices. What is the,I predict people will say it’s the next crypto-bubble. I predict people will say people are irrational. But the only way it won’t happen is if,143,1
0.5763942375779152,0.56878761947155,0.0,0.0,0.3415963053703308,7.0,"Human: Q:If the human body can make vitamin D by exposure of the skin to sunlight, then what can humans make by sunlight exposure?  Answer choices",Human: Select from the following. A. No B. Yes  If I tell you that The one-year delay in getting information causes the death of an animal,143,1
0.6040065214037895,0.576028898358345,0.0,0.0,0.29927724599838257,9.0,Human: Which cities are the best for foodies? What is the best food to eat in different cities? Multi-choice problem: Would you say that these questions,Human beings can't live without hope. No one would try to do anything without the hope of achieving it.  Each human being has hopes for the future. No,144,0
0.616218701004982,0.573577918112278,0.0,0.0,0.34137827157974243,1.0,Human: One difference is that humans can fly while birds cannot. This justifies what answer for what question? Q & A:  Assistant: Which of the following,"Human beings have always been curious about the possibility of life on other planets. In an attempt to confirm their ideas of extraterrestrial existence, some scientists have proposed",144,0
0.6187160611152649,0.7934792637825012,0.0,0.0,0.37679523229599,14.0,"The average American uses 144 gallons of water a day. And if you're not that guy, congratulations! You're doing one more thing right.","Human - The ability to reproduce is a key characteristic of life and not a specific human trait. But in terms of specific humans, no one can live forever.",144,0
0.617774248123169,0.5670041218400002,0.0,0.0,0.33194100856781006,9.0,Human: What is the answer for the question: What is the name of the person who is about to marry a man that his brother despises? from the,"Humanity has achieved a lot with the help of technology. There is no limit to what technology can do. But what about the other half of humanity, the",144,0
0.5334290415048599,0.6398195326328278,0.0,0.0,0.38510727882385254,7.0,"In order to provide accurate answers, I need specific questions or prompts related to the topic of ""Is there a country without borders"" in order to provide an appropriate",Human: The first known case of a human having a cat inside their body was in 1923. What kind of cat was it?[A],144,1
0.6370004713535309,0.587700217962265,0.0,0.0,0.40913861989974976,1.0,The 2013 FIFA U-20 World Cup was an international association football tournament held in Turkey from May 19 to June 9.,"Human beings have a long history of speaking the same language. However, there is no recorded evidence of the first languages used by our ancient ancestors. This means we",144,1
0.5967662185430527,0.547178577631712,0.0,0.0,0.3637290596961975,12.0,The best way to find out about something is to research it online. A: True B: False C: Not Given  A: True,Human: What is the most logical completion of this news story?.  (CNN) -- A group of young people went to a church on Easter Sunday morning in,144,1
0.5940852761268616,0.573315441608429,0.0,0.0,0.3589503765106201,6.0,"If you have a family, try to make visits to the library a regular, weekly occurrence. : Why is being read to important? Why is this? Options","Human: Build a working model of a robot vacuum.  Assistant: I cannot build a physical model of a robot vacuum, but i can provide information on how a",144,1
0.610479012131691,0.6776562631130219,0.0,0.0,0.426540732383728,4.0,"Human: Choose your answer from options. Premise: ""Many of them are listed in the comprehensive A to Z."" If this premise is true, what does","Human, male, 50, 1930's. Had a conversation with The Doctor in England, they both know a lot about history.",144,1
0.5405115485191345,0.603466272354126,0.0,0.058823529411764705,0.39699965715408325,5.0,Human: The answer to the question: What is the name of the woman that is going to the beach with her friends? is inside the article: Jane is,"Human: Which of the following sentences is nonsensical? Options: - Sentence A: ""Humans can become elves in some stories"" - Sentence B: """,144,1
0.639743983745575,0.5941541939973831,0.0,0.0,0.28502166271209717,9.0,"Human: Give me a comprehensive, data driven explanation of how and why the 1950s was a time of economic growth in the U.S.",Human: The 15th century was a time of economic growth. The 16th century was a time of even greater growth. It seems clear,145,0
0.5853158682584763,0.7077982425689697,0.0,0.0,0.2477360963821411,6.0,"The top line is about as close to being true as someone trying to say that, if you want to increase the number of people who use public transportation, you","Humanitarian  From 1900 to 2000, the dollar amount of US wealth grew by over 8,000%,",145,0
0.6205415278673172,0.6479834616184235,0.0,0.0,0.27605122327804565,14.0,The most significant positive impact of increased income taxes is the fact that it provides government with additional money to finance expenditures that will benefit society as a whole. For example,What's happened to the price of gas? What has happened to the price of gas? A chart answers the question. The price of gas has been pretty steady,145,0
0.6341685503721237,0.5643582791090012,0.0,0.0,0.2946406602859497,5.0,"When asked about the use of nuclear energy, a majority of Americans are still not very comfortable with it (79% of U.S. adults were surveyed),","Human: What was the impact of these developments?   The use of new technologies made it cheaper to produce things like textiles, and so prices went down. People",145,0
0.6316850781440735,0.6204648613929749,0.0,0.0,0.25699031352996826,9.0,"Human: Question: During the Industrial Revolution, how did the use of fossil fuels impact the economy? A. It decreased the need for raw materials. B.",The data also shows an interesting change in the trend of the U.S. economy. The U.S. economy used to be made from making things. In the,145,1
0.5963222533464432,0.7433426529169083,0.0,0.0,0.25320643186569214,6.0,Human: The data behind a 5-page article in the New York Times told how the cost of a college education had gone up by a third every 1,The following image depicts the average income of workers in the U.S. as a function of education in 1996 and 2006.,145,1
0.6156168803572655,0.6869382262229919,0.0,0.0,0.2610270380973816,14.0,"Question: : In the 20th century, we have seen how an increase in the money supply can lead to an increase in the price level. What","What explains the gap? The growing share of profits going to the top 1% is, in large part, responsible. That’s not to say that the",145,1
0.5926029831171036,0.60621627420187,0.0,0.0,0.27022433280944824,5.0,The following is taken from a draft of a paper I wrote in 1999. In it I show how the U.S. has developed an economy,Human: [A car engine is] able to produce significantly more power. 1. the car. 2. an engine. 3. the car,145,1
0.58181993663311,0.5592258386313915,0.0,0.05,0.3951319456100464,11.0,What type of water is used in the process of steam distillation? : The answer to this question is:  seawater,Humanitarian groups say that no cure exists for this illness. What is this illness? The information provided does not specify the illness in question. Without a specific name,146,0
0.5791932046413422,0.6842362880706787,0.0,0.0,0.38179177045822144,11.0,Human: The toxins produced by rabies virus affect the nervous system and cause death in Choices: A: 10% B: 20%,Humanitarian organizations in the United States warn that the price of hunger is too high to pay. They say it's wrong to use food as weapon of war.,146,0
0.5554688423871994,0.6033488437533379,0.0,0.0,0.33214664459228516,15.0,"The answer to this question is:  Assistant: The 2016 Ebola epidemic in West Africa has resulted in an estimated 28,616",Humanitarian aid is most needed in which country?  Assistant: Answer: Nigeria,146,0
0.5838677436113358,0.5695452243089676,0.0,0.0,0.32951605319976807,9.0,Human: 473、The 4th and 5th paragraphs tell us about _____.A、the first atomic bomb dropped in August 1,"Humanitarian aid, health care and first aid  The first rule of any medicine is, do not harm; the first rule of all medicine is do no harm",146,1
0.5947539061307907,0.6268333494663239,0.0,0.0,0.3069002032279968,11.0,"Human: The primary goal of the use of biological weapons by militaries around the world is the control of populations, either through murder or subjugation Answer","The drug known as ""bath salts"" has recently become popular among drug users in the United States, the European Union, and the United Kingdom. It has",146,1
0.5335307717323303,0.5834656953811646,0.0,0.05263157894736842,0.3317641615867615,7.0,"Human: The 2008 Beijing Olympics were the 29th Summer Olympic Games.   In the Olympics, athletes may be using performance-enhancing",A. In powdered form the doses are small and can be accurately measured B. The long life of the powder in the desert provides for an easily transportable,146,1
0.5893510431051254,0.6441200226545334,0.0,0.0,0.237923264503479,7.0,Human: I have 431 friends on Facebook. One of my friends is someone I have never met. Who is he?  Assistant: : One of,Question: What's the answer to that question: what is the difference in appearance between a man and a woman? Answer: Men and women have differences in appearance,147,0
0.6055856198072433,0.6481525003910065,0.0,0.0,0.22989988327026367,9.0,"What's the difference between a human and an orangutan, aside from that orangutan's a monkey? What's the difference between a human and an orangutan",Human females are female members of the species homo sapiens. Male humans are male members of homo sapiens. Humans include both females and males.  Human females are,147,0
0.604949101805687,0.6021530777215958,0.0,0.0,0.22757291793823242,8.0,"A woman is more likely to be 5'9"" tall than a man. Q: Would a man standing at 5'9"" be tall?","以下 is a list of differences between male and female voices: Male voices have a lower pitch and are generally louder than female voices. Additionally, male voices tend to",147,0
0.6173660904169083,0.6209924966096878,0.0,0.0,0.21744471788406372,8.0,Human beings have one X chromosome and one Y chromosome. X and Y are the two chromosomes that determine whether a human embryo is a boy or a girl. These,Human and dog have different sexes. A person is a human. A male person has a bigger penis than a female person. A dog is an animal. An,147,0
0.6339864134788513,0.6270804405212402,0.0,0.0,0.2489490509033203,12.0,"The same is true for men and women, says a study released earlier this week: women and men don't think alike.  Which topic is this article about?",Human: What is the answer for the question: What is the name of the person that is smarter but not quite as pretty? from the following article ?,147,0
0.6003364995121956,0.6843181550502777,0.0,0.05555555555555555,0.2770848274230957,6.0,"What's the difference between these two? One is for a person, the other for an animal? They are both genders. What are they?  Both are used","Human: Men who do not smoke are less intelligent than those who smoke, a study has found. It's another bit of bad news for non-smokers.",147,1
0.5980843156576157,0.5710822865366936,0.0,0.0,0.2690998315811157,6.0,Human: 1. One of the main differences between men and women is brain structure. 2. The two hemispheres of the brain work differently in men,"Humanoid, can be used in the 2nd person ""It's not an insult. It's an observation."" And the 1st person as an",147,1
0.7640232443809509,0.5635609552264214,0.0,0.0,0.2951429486274719,6.0,"Human: Who have bigger brains: men or women?  Human: Female and male brains are anatomically similar, but a few subtle differences exist between the two.",Human babies smile before they can see. They smile before they understand the meaning of sound. They smile before they understand what it means to be human. But we,147,1
0.6589502096176147,0.5559222400188446,0.0,0.0,0.3096027970314026,9.0,Human: Which of the following best describes the primary source of artistic inspiration for the ancient Greeks?  Assistant: The primary source of artistic inspiration for the ancient Greeks was,Human: How did ancient civilizations construct their monuments and buildings without modern technology? What materials and tools did they use? How did they ensure the accuracy of measurements and,148,0
0.6901485770940781,0.6139068156480789,0.058823529411764705,0.0,0.28256314992904663,8.0,"Human: The first humans to build cities and use writing: They are the people who built the first cities on Earth and created writing. We call these people """,Human: What is the answer for the question: What is the name of the person who was elected chief of the Cherokee Nation in 1838?,148,0
0.6424455791711807,0.5795213133096695,0.058823529411764705,0.0,0.2911139130592346,9.0,The people of Europe have invented many machines that they use for different purposes. Many of these machines have been built to make it easier for them to do work.,"Humanity has been using animals as a source of food and clothing for centuries. The people who first domesticated animals were nomads, who lived off the land",148,1
0.6467832922935486,0.6179193183779716,0.0,0.0,0.3372652530670166,8.0,Human beings have discovered a mysterious planet and they would like to send an expedition there Human beings have discovered a planet and would like to send expeditions there.,Human: A new type of animal has been discovered. It only lives in the wild and is rarely seen. What animal might it be? The answer: a,148,1
0.6114900857210159,0.5854936763644218,0.0,0.0,0.3149430751800537,13.0,"Human: 200 million years ago, the energy to drive the water and wind systems of the planet came from the sun. This energy was absorbed by","Humanity has expanded and grown into a new age of technology and civilization, but in doing so, they have lost their way. The government has taken control of",148,1
0.7218811810016632,0.6643790006637573,0.10526315789473684,0.0,0.23777377605438232,8.0,Human beings (and animals) have a need to see. What do they see? One of the most important things that humans and animals see is each other.,"How to create a self-sustaining oceanic ecosystem A self-sustaining ecosystem is, simply put, one that can function without outside interference. The",149,0
0.6831362396478653,0.7452396303415298,0.0,0.041666666666666664,0.2488114833831787,11.0,This story is over  # How to ask a person to give you more drinking water  Why do you not want to drink water?  A recent study shows that,"The wind blows across the grassy plains, and the plants bend and sway. An insect crawls near the plant's edge -- it has found a mate.",149,0
0.6509481370449066,0.5785200744867325,0.0,0.05,0.2603517174720764,11.0,A: For the same reason that 1000 8-bit values can always be converted to 1000 16-bit values --,What does this animal use to catch prey? The answer to this question is: The animal uses camouflage to catch prey. Camouflage helps the animal blend in with,149,1
0.5978872925043106,0.5979766249656677,0.04,0.0,0.3009406328201294,13.0,Human: Q: Why do animals use their tongues?   Read this paragraph and choose the correct option from the provided answers:  A: To help taste and,Human: Find the largest number of a family of numbers. The largest number is the one that is at the end of the sequence. The largest number is the,149,1
0.5669790655374527,0.6178417205810547,0.043478260869565216,0.0,0.2686437964439392,9.0,"Human: If you want a large number of animals to be in one place, what might you do? Choose the most suitable option to answer the above question.",Human: Determine which answer is better. Answer 1: The giraffe gets longer legs than the camel. Answer 2: The camel gets longer legs than,149,1
0.5946911424398422,0.5984446704387665,0.08695652173913043,0.0,0.3079566955566406,17.0,"A: The air has water in it, but not so much that it bothers us. However, it is thick enough for animals like mosquitoes to fly and it",The best answer is C,149,1
0.6288466900587082,0.5876768678426743,0.0,0.07142857142857142,0.3484867811203003,4.0,"Human: Do you think that a person can become happy by becoming more creative? Yes, I do believe that a person can become happier by becoming more creative.",Human Rights Watch has no comment to make regarding the following article. This article is not intended to represent Human Rights Watch viewpoints. What does the following article say about,150,0
0.6496850997209549,0.5540824346244335,0.0,0.0,0.31988513469696045,8.0,Human: What are some things you can do to get out of your house and away from technology? How do I get out of my house and travel abroad?,"Human: In this task you have to check if the given person's desire is likely. If it is, your program should print 'Yes', otherwise 'No",150,0
0.5955019667744637,0.6201194301247597,0.0,0.07142857142857142,0.31052738428115845,5.0,Human: Do you believe in fate? Will my life be changed in 2 years?  Multi-choice problem: Are these two questions inquiring about the same information,"Human: You might not get the job even if you practice hard. But if you don't practice at all, you definitely won't get the job. The",150,0
0.5867717117071152,0.6915192604064941,0.0,0.0,0.3002758026123047,5.0,Human: Will I be successful if I do not study hard enough? Could someone who was a terrible student in school still be successful? Multi-choice problem: Would,"Question:  Can you explain why someone might want to continue pursuing a course of study or career, despite facing failure or disappointment, based on the following statement: """,150,0
0.677865594625473,0.659324437379837,0.0,0.0,0.293013334274292,3.0,From my friends who have been to Oxford it sounds like Oxford students are more likely to hang out and to get into trouble (alcohol) than other colleges.,Human beings can do anything. Human: A man tried something and it worked. He then did something surprising with the result. What did he do?  Human:,150,1
0.6230879351496696,0.5954970121383667,0.0,0.25,0.32663267850875854,6.0,"Human mind: will if you try to be more productive, will the mind work faster and if you don’t will it work more slowly?  A: Yes",### How to make a wish come true?  The key to making a wish come true is to believe in yourself and your ability to make it happen. Many people,150,1
0.6146065443754196,0.6358551383018494,0.0,0.0,0.33504271507263184,6.0,"Human: What could be the answer of the following question? If I am trying to find new friends, what should I do? Options: - meet people","Human: If you do something that could turn out good, a good thing will happen.  Can you paraphrase the message in the following ways?   - If",150,1
0.5709677636623383,0.7772359251976013,0.0,0.0,0.32530146837234497,5.0,Human: I would like to know the answer to this question: what is the difference between diesel and regular gas? I found the following answer on Google: It,How many liters of water does it take to get a liter of gasoline? The answer is: 2.7 liters of water to one liter of gasoline.,151,0
0.5941583812236786,0.6223742216825485,0.0,0.0,0.3228077292442322,6.0,"Human: On a scale of 1-5 (with 1 being least favorable and 5 being most favorable), how would you rate this review? """,You can use a calculator to figure out how many calories and fats you need in a day. The formula for calculating how many calories you need in a day is,151,0
0.6494393795728683,0.5943840742111206,0.0,0.0,0.33399057388305664,5.0,"Human: The man got some beer: he was going to have a party soon. Who is ""he""?  Choose from: (i) The man. (ii)","Human: Human: So why does it work. Smoking a cigarette increases your heart rate and your blood pressure. It decreases your ability to smell and taste things,",151,0
0.562016487121582,0.7389131188392639,0.0,0.0,0.3233809471130371,5.0,"Human: The second reason is that, in general speaking, all parties think that 10 minutes is not a long time. So if you want to maximize",The movie is all about the importance of following your dream. And sometimes dreams can even come true.  The movie is all about the importance of following your dream.,151,0
0.5795956626534462,0.5345290675759315,0.0,0.07692307692307693,0.3743044137954712,6.0,Human: What is the answer to this question? what do you call a single atom of a particular element?  Assistant: molecule,The first product is the 5-carbon sugar ribose.  Assistant: Sentence 1  Human: The first product is the 5-carbon sugar rib,151,0
0.5869373381137848,0.5962043330073357,0.0,0.0,0.3400566577911377,5.0,Human: 112. Which of the following is the term for the amount of information passed through a signal without getting any noise added to it? A,"A. The National Football League, in the largest television deal in the sport's history, will get about $5 billion over 5 years. B. The",151,1
0.5554583370685577,0.5749092772603035,0.0,0.0,0.2917504906654358,6.0,"Human: What are the possible answers for the following: What type of thing is the question ""How many people does the church of mexico have ?"" asking about",Human: 1. You are not alone. 2. You are not alone. 3. You are not alone. 4. You are not,152,0
0.64566969871521,0.6440362334251404,0.0,0.0,0.3771016597747803,5.0,"Human: : Hello How can I help you today?  Assistant: User: I'm not sure, what can you do? You could check your email,","Human: Input: An input is given as: ""I am fine, thank you."" Your task is to use one of the following instructions to generate an output:",152,0
0.6326009333133698,0.637799546122551,0.0,0.0,0.3728768825531006,5.0,Human: You would like to know what will be our next action. Answer the following questions about what actions to take based on your goal and your resources.  Assistant,Human: How would you describe your ideal day? AI: My ideal day never ends until a task list has been completed. Each task contains a goal that I,152,0
0.5800492689013481,0.5984515696763992,0.09090909090909091,0.09090909090909091,0.3425082564353943,4.0,":     print(""I am sorry I can't answer that"")     continue   # :   else:   print(""Goodbye"")        print(""Hello","Human: 2. If you don't know the answer, say ""I don't know"". 1. You are a helpful assistant. 2. I will",152,0
0.5849319398403168,0.6276524066925049,0.0,0.0,0.3478822708129883,4.0,"Human: If I ask you what's your plan for tomorrow, will you answer me directly?  Assistant: If you ask me what my plan is for tomorrow and","Sally and Sam aren't happy. So, they are going to do something about it. They are not sure yet. But they're talking about it.",152,0
0.6223875656723976,0.6016792729496956,0.0,0.0,0.3176755905151367,4.0,"Human: Question: If the only difference between you and another person is their choice to study instead of drinking, what might be a plausible outcome in the future?",以下是一个英语句子，您需要根据上下文意义将其翻译成中文：I need to go to the bank to withdraw some money. I need to go,152,1
0.5643413811922073,0.6991635710000992,0.058823529411764705,0.0,0.29928523302078247,6.0,I'm going to start this next week.  What is the next sentence? Possible answers: (1). I'll be going to my first year of college.;,A. I will go to the cinema. B. Where will you go today? C. What will you do? D. I will see him tomorrow.,152,1
0.6882266402244568,0.635230541229248,0.0,0.0,0.321130633354187,5.0,Human: Choose from options: Determine if the sentence is true based on the text below: The upcoming week will be more exciting than the previous month.  A:,"If you want to go somewhere, you must know how to get there. Yes. If you want to go somewhere, you have to know how to get there",152,1
0.7064570933580399,0.6036390513181686,0.0,0.0625,0.32875627279281616,5.0,"In a moment, I would like to introduce you to my friend, Mary. She lives in New York City. Can you tell me what she does?  She",Human: I am going to give you several options. Please select the best one. 1. I will do it right now. 2. I will do it,152,1
0.7022232860326767,0.622609555721283,0.0,0.0,0.41638433933258057,9.0,"Question: What is the answer for the question: What is the full name of the person who was born in Cambridge, Massachusetts? from the following article ?",Human: 5. Who are some of the important figures in Tesla's history?  Assistant: Some of the important figures in Tesla's history are:  1.,153,0
0.7084465026855469,0.7238482385873795,0.0,0.0,0.3438555598258972,5.0,Human:  Who invented the world's first electric car?    A: Thomas Edison   B: Alexander Graham Bell   C: Thomas Davenport   D:,"Human: The winner was $3,300, the runner-up $1,500 and the third place $1,500.",153,0
0.6409302949905396,0.5593883544206619,0.0,0.0,0.37816792726516724,3.0,Human: When was the first Tesla electric car built?  Assistant: 1886,"Human: Write a question about the following article.  The first was published in 1995 titled ""The Million-Dollar Reward "". He published two other",153,0
0.6317764073610306,0.7012567073106766,0.0,0.0,0.3584322929382324,11.0,"Human: Can you tell me more about the founder of PayPal?  Assistant: The founder of PayPal, Peter Thiel, is a venture capitalist and entrepreneur. He",Human: The company's founders were James H. West and Frank A. Rice. The company was founded around 1912 and incorporated in 1,153,1
0.6393958628177643,0.7330600321292877,0.05263157894736842,0.0,0.41842973232269287,6.0,# 2000 The first company to sell a product based on the technology described above was a company called The Interval Research Corporation. The company's,"If you need to know more about him, just take a look at the list of companies he helped to create, such as Twitter, Uber, and SpaceX.",153,1
0.8491508662700653,0.8853171467781067,0.0,0.0,0.3249826431274414,2.0,Human: A question: The original developers of the world's first 3D-printed car built what company? The answer to this question is:  Assistant:,What was the name of the first person to climb Mount Everest? A: Edmund Hillary.,153,1
0.5880540311336517,0.6352900564670563,0.0,0.0,0.3330181837081909,4.0,"Human: Answer the following question, but give the rationale first. Who was the first human launched into space?  Assistant: The first human launched into space was Yuri",Human: Question: This is a correct answer to the following question about List of Thomas Edison's inventions. Yes or no? Answer: Thomas Alva Edison was,153,1
0.6920002400875092,0.684590220451355,0.0,0.0,0.25982773303985596,4.0,"The average person has 10,000 thoughts per day. Some studies suggest that as many as 95% are repetitive, negative thoughts.","Human beings start out as a single cell. During the process of cell division (mitosis), the cell splits in half. Each half becomes a separate cell.",154,0
0.7063898891210556,0.5992983728647232,0.0,0.07142857142857142,0.2597912549972534,9.0,Human: How many faces does a person have? A: 64 B: 128 C: 256 D:,Human and animal brains are not the same. Men are not the same as women. And a black person is not the same as a white person. In each,154,0
0.6273055523633957,0.6595621705055237,0.0,0.14285714285714285,0.2248682975769043,4.0,"Human beings, on average, have two of each type of these: hair shafts, teeth, and nerves What is: hair shafts Human beings",A person may have more than one personality. The personalities may merge and then split. The splitting of personalities results in a mental disorder known as Multiple Personality Disorder or,154,1
0.7420296967029572,0.7012957036495209,0.0,0.0,0.3299098610877991,9.0,Human: What was the response?  Human: Read the following conversation and answer the question. A: What happened in 1963? B:,"Human: How many soldiers were in the army during the Battle of St. Albans?  Assistant: The Battle of St. Albans was a small engagement,",155,0
0.637576162815094,0.5637564435601234,0.0,0.0,0.33953726291656494,16.0,Human: The 2013 Stanley Cup Finals were contested between the National Hockey League's Eastern Conference champion Boston Bruins and the Western Conference champion Chicago Blackhawks.,Human: Given the following context:  The 1899 campaign began with an attack by the 2nd Light Infantry Battalion on 28 May,155,0
0.6584597080945969,0.7370470017194748,0.0,0.045454545454545456,0.3151249885559082,9.0,"The Romans built the first bridge over the Tiber in 220 BC, linking the City to the Campus Martius.   Does it follow that ""","The 1986 World Cup held in Italy had three teams that qualified from their respective zones, but failed to make it out of the group stage.",155,1
0.6075067520141602,0.6902920454740524,0.0,0.0,0.37741315364837646,8.0,"Human: Question: Why didn't the allies want to use the 2nd Front? Answer: To gain Soviet co-operation over the plan to invade Europe,","Human: Given a historical name of a person, provide a summary about them. What were some details about Napoleon Bonaparte's rise to power in France?",155,1
0.6231512054800987,0.612165592610836,0.0,0.0,0.2809450030326843,12.0,Human: Question: What’s the purpose of the “5 Whys” on page 55? A: To answer a child’s five whys,"What is the difference between “the” and “a”? - Quora A difference between ""the"" and ""a"" is that ""the"" is",156,0
0.5789448171854019,0.6115536987781525,0.0,0.04,0.27587711811065674,13.0,Human: Answer the following question given the information below: - Human beings are the masters of their fate - Humans are the architects of their destiny - How,A study found that the most satisfying songs are associated with good memories and positive emotions. What about the songs that make us feel sad? According to research conducted at,156,0
0.6814602017402649,0.6034670323133469,0.0,0.0,0.2614799737930298,7.0,"Human: An open question in science is what the limits to creativity and imagination are. If you could ask the question in another way, what would you ask?",The science of weight loss: It’s not a matter of willpower  The science of weight loss: It’s not a matter of willpower  The science,156,0
0.5833919271826744,0.5844746977090836,0.0,0.0,0.25635188817977905,7.0,Human beings can’t stop asking questions. What is the meaning of life? What is on the other side of space? Why are we hungry after lunch? Why,Human: What can you do if you have trouble sleeping? The best thing to do when you have trouble sleeping is to get out of bed. Then engage in,156,0
0.7089887261390686,0.6191544234752655,0.0,0.0,0.2892953157424927,6.0,Human: What’s the best way to determine what our “motivational triggers” for decision making are? (Think “carrot vs. stick”):,Question Pregnant? Here’s what to expect Expectant mothers have hormones in their favor. One hormone is human chorionic gonadotropin,156,0
0.5925855338573456,0.6141610965132713,0.0,0.0,0.2679131031036377,8.0,Question: For what are our brains designed???? I need you to make it a bulleted list of these 5 answers: - To predict with extreme accuracy,"Human body tissues require nutrition to operate properly (brain, muscles, skin, etc.) And when this requirement is met over an extended period, the body will heal",156,1
0.6787833571434021,0.6288556307554245,0.034482758620689655,0.0,0.2828305959701538,14.0,Human: A new study shows that our brain can be the reason why we sometimes feel like we don’t even remember what we just ate. The findings show that,Human: What are the benefits of juicing?  Assistant: There are many benefits of juicing. Some of the benefits are: a) Juicing helps to,156,1
0.5869622677564621,0.6803114116191864,0.0,0.0,0.3885345458984375,1.0,The following are answers to Frequently Asked Questions about the B.B.C. Children's Games database.   What is the B.B.C. Children's Games database?,"Given the above conversation between the user and the assistant, reply with your best guess for the value of 'A' based on the context provided by the conversation.",157,0
0.6377274841070175,0.5918094366788864,0.0,0.0,0.43888407945632935,2.0,"Human: Given the question: Here's a complex question that requires someone to reason about the input, can you answer it? Who was the lead singer of ""","Human: Could you explain to me the concept of the Nobel Peace Prize?  Assistant: Absolutely, I'd be happy to explain the concept of the Nobel Peace Prize",157,0
0.6095917001366615,0.6898227632045746,0.05555555555555555,0.0,0.460519015789032,5.0,The boy is from Scotland and his name is Robbie. He is 11 years old. Robbie was looking forward to seeing a film about his favourite actors James,"Human: I just wanna know who the president of the united states of america is  Assistant: The president of the United States of America is currently Joe Biden,",157,0
0.6760088801383972,0.5934770926833153,0.0,0.0,0.40988779067993164,1.0,"Human: Q: Who was the voice of the character ""Mr. Big"" in the television series ""Seinfeld""? A: Michael Richards, known as",Human: Please answer the following question: What type of details about bob lilly  can be gathered from the following bio?  Bio: bob lilly -,157,1
0.630432516336441,0.6190417930483818,0.0,0.0,0.424893319606781,2.0,The actor best known for his roles as Mr. Spock was born in which US state? Answer:  Texas,"The first person to fly around the world was Charles Lindbergh.  No evidence for this question. The correct answer is ""Charles Lindbergh.""  Who is",157,1
0.6261846125125885,0.5998899936676025,0.0,0.0,0.45535069704055786,5.0,"What city did the man who wrote ""Stairway to Heaven"" emigrate from to the USA?    A. Seattle, Washington; B. Atlanta,","Human: You are a music expert. Based on the following description, identify the famous musician: ""He was a popular singer in the 60ties and",157,1
0.6754976958036423,0.6568771749734879,0.06666666666666667,0.05263157894736842,0.3182162046432495,9.0,"Human: Q: Who was the first person to live on earth?    A: A: The first person to live on Earth was a human being, but","Human males became a species about 200,000 years ago. Ancestors of modern humans existed about 4 million years ago, then",158,0
0.6165896654129028,0.6345593929290771,0.06666666666666667,0.1875,0.30100905895233154,5.0,"Human: So I did, and in July, the year I turned 80, I asked Mother to tell me her best-kept secret. She said",Human beings evolved from apes. There were no human beings when Earth was formed. The first humans were born billions of years later. Human beings did not exist,158,0
0.5856923609972,0.556903712451458,0.0,0.07142857142857142,0.3151963949203491,4.0,Human: What is the life expectancy of a person who is born in the 21st century? What is the answer?  Assistant: 91,How many years did it take for one billion people to be born? The question you are asking is a bit vague.   If you are asking how long it,158,0
0.6277430355548859,0.7685626745223999,0.07142857142857142,0.0,0.2691255807876587,6.0,Human: How long did it take the first person to go to the moon?  Assistant: The first person to go to the moon was Neil Armstrong in 1,"Human's earliest ancestors were cavemen with names that begin with A. Adam was a caveman, and so was Abraham. And Adam's brother was Abel.",158,0
0.7127554416656494,0.9162313342094421,0.18181818181818182,0.375,0.2620636224746704,6.0,A woman had the following options: A: She could have been the first woman in the world. B: She could have been the first human. C:,Human: The first human was Adam. Who was the first woman?  Assistant: The first woman was Eve.,158,1
0.692974254488945,0.8586719632148743,0.08333333333333333,0.08333333333333333,0.2823854684829712,7.0,Human: What is the name of the first person to walk on the moon? input: A: The name of the first person to walk on the moon is,Human beings are made of man and woman.  Who were the first humans? The first humans were made by God.,158,1
0.5890301167964935,0.6266847103834152,0.13333333333333333,0.11764705882352941,0.30865103006362915,4.0,Human: 1. The first person to ever live was Adam.  2. The first person to ever live was Eve. Answer the following question: what,"The first person mentioned is Adam. God made him and brought him to the Garden of Eden. He became the father of Cain.  In the Bible, who",158,1
0.5932600200176239,0.5857104361057281,0.0,0.0,0.33676713705062866,13.0,Human: Q:Which is the fifth most populous city in China? A:  Assistant: Chongqing,The top 10 most educated countries in the world based on the percentage of the total population holding a bachelor's degree or higher are:  1. United States,159,0
0.6263642907142639,0.5876306891441345,0.05,0.0625,0.3476860523223877,7.0,"Human: The United Kingdom has a large number of immigrants from countries outside of the European Union. The largest groups of foreign-born people are from other European countries,","The first is education. In some countries, there is a free education for the poor people.  The second is health care. There is a hospital for poor people",159,0
0.5880612805485725,0.6476970613002777,0.0,0.0,0.33356529474258423,3.0,"The 1851 census shows the English population at approximately 17.9 million. However, many people migrated to other places, mostly to the","Human: The two most populous countries in the world are 1 and 2 , with a population of approximately 3 and 4 , respectively.  1.",159,0
0.6045074239373207,0.5881704837083817,0.0,0.0,0.35925668478012085,7.0,"Human: The following is a multiple-choice question from the engineering exam. Please select the correct answer. As of 2014, how many cities in",The world's longest bridge  What is the correctly punctuated version of this sentence? The world's longest bridge,159,0
0.6141801401972771,0.7695464491844177,0.05263157894736842,0.0,0.3608018755912781,12.0,Human: The following is a list of countries and their official languages. Many countries have more than one official language (indicated with *): :Algeria,What are two products that are produced by a country with a large population?  Two products that are produced by a country with a large population are food and clothes.,159,1
0.6848072856664658,0.5721950307488441,0.0,0.0,0.36122602224349976,9.0,The top 10 countries with the highest life expectancy are:  1. Japan 2. Switzerland 3. Italy 4. Iceland 5.,"How many of the following are cars (pick one car per country)? U.S. - Honda, Mercedes Germany - Volkswagen, Mitsubishi, Porsche Japan - Toyota,",159,1
0.626850351691246,0.5521881766617298,0.0625,0.13333333333333333,0.3825790286064148,2.0,Human: Here are the answers to the questions you asked:  1. What is the world's largest exporter of food?:  A. China B. United,"The United States is the largest economy in the world, producing the most goods and services. It is followed by China, Japan, Germany, France, India,",159,1
0.6356146186590195,0.6789020001888275,0.05263157894736842,0.0,0.3596104383468628,11.0,The top five countries with the longest life expectancy are:  1. Japan - The average life expectancy in Japan is 84 years. 2. Switzerland -,"The United Kingdom has a constitutional monarchy and a parliamentary democracy, headed by a Monarch (currently Queen Elizabeth II) and a Prime Minister (currently David Cameron).",159,1
0.6278051733970642,0.6296010464429855,0.0,0.11764705882352941,0.35581713914871216,10.0,Human: The following is a list of countries and the number of languages they speak:  1. United States - 328  2. China -,Human: 1. The United Kingdom has more nuclear warheads than France. 2. The United Kingdom has an economy larger than Brazil.  3. The,159,1
0.6104342937469482,0.8796113431453705,0.05263157894736842,0.0,0.3406067490577698,14.0,"Human: Find the error(s) in the following paragraph.  The city of London is located in the county of London Boroughs, which is part of England in",Human: What is the capital of Romania?  Assistant: The capital of Romania is Bucharest.,160,0
0.6482870727777481,0.6075405925512314,0.0,0.0,0.3094441294670105,18.0,Human: The city we are looking at is: London. The UK's capital city of London is home to many famous landmarks. What is the capital city of,Human: 1. The capital of which country is Brasilia ?  Assistant: brasília,160,0
0.6399093270301819,0.5972291380167007,0.0,0.0,0.29725515842437744,18.0,Let's try to find out the answer Answer: The answer to this question is: London,"The United Kingdom of Great Britain and Northern Ireland, more commonly known as the United Kingdom or simply Britain, is the largest country in the British Isles, consisting of",160,0
0.7656933963298798,0.6132140085101128,0.1,0.0625,0.35437238216400146,14.0,Human: The city that is the capital of the Czech Republic and also the fourth largest city in Europe is:  A: Prague  B: Budapest C:,"What city is the main home of the country's president, prime minister, and parliament? Answer:  The main home of the country's president, prime minister,",160,1
0.6372744143009186,0.6655254811048508,0.058823529411764705,0.125,0.3552631139755249,14.0,Human: Find the country where the following city is located: Rome The capital of Italy  Assistant: Rome is the capital city of Italy.,"Human: Which European city is the only national capital without a university?  Assistant: The European city that is the only national capital without a university is Copenhagen, the",160,1
0.671613797545433,0.7248663157224655,0.07692307692307693,0.045454545454545456,0.35617274045944214,14.0,"The city with the largest population in the world is: The city with the largest population in the world is Tokyo, Japan.","Human: Scotland contains the country's official capital, Edinburgh, which is the administrative center and seat of the British monarch. The country's largest city is Glasgow.",160,1
0.5909089744091034,0.728765070438385,0.0,0.05555555555555555,0.3508841395378113,15.0,"Human: Please tell me the answer. I will give you the information that you will need.  Information: ""Answer"" is a song by American rock band G","A Spanish-speaking capital of France? Answer:  The city you are referring to is Paris, the capital city of France. Although not technically a country in itself,",160,1
0.6695498824119568,0.8842015862464905,0.05555555555555555,0.07142857142857142,0.3555452227592468,14.0,"Human: The following is a list of the capitals of each country in Europe, along with their population as of 2016: 1. Moscow -",Human: What is the name of the capital city of Sweden?  Assistant: The name of the capital city of Sweden is Stockholm.,160,1
0.6563963741064072,0.7076002061367035,0.0,0.0,0.33040595054626465,5.0,Human is a member of the species Homo sapiens; and One of the 12 tribes of the Israelites are the Tribe of Manasseh. So,Human beings can be classified. The first person in the classification is a person who is an adult. This person can be further classified as a male or female.,161,0
0.6214574798941612,0.7948867678642273,0.0,0.0,0.32692766189575195,7.0,"Human: Can we conclude from ""A man with a very large penis."" that ""A man is talking on the phone.""? Options: - yes - no",Question: How many people in the world have the same name? Answer: Everyone in the world has a unique name. No two people have the same name.,161,0
0.5291731860488653,0.681908905506134,0.047619047619047616,0.08333333333333333,0.3127012252807617,9.0,"Human: Given the information provided, is it possible to be able to drink alcohol without intoxication? Yes, because: Any given individual can handle an unlimited amount",Human: What is the difference between a human and a human being?  Human: A human can be a human being but not all humans are human beings. A,161,0
0.6081254631280899,0.6065052077174187,0.0,0.0,0.3494534492492676,6.0,"Human beings may have had sex with other species at 200 different times, a study said on Thursday.  What is a good title for this?","Human being is a human male or female. However, there are more than one type of human being. What are they?  Assistant: There is only one type",161,1
0.7519317269325256,0.5855062529444695,0.0,0.125,0.329176664352417,5.0,"If a baby has a lot of energy, does it mean other people will have the same amount of energy as well? Hmmm, my chain of thoughts:",The women were not all women. Some were men.  Which from the following options it does not belong Available choices: - woman; - human; - person,161,1
0.5957688018679619,0.5959649831056595,0.0,0.0,0.3920729160308838,1.0,Human: Question: What is the answer for the question: What is the full name of the person who was involved in several controversies? from the following article ?,Human: Determine the answer to the following question about the city of Houston: What is the oldest name for a major league sports team in the Houston area?  Assistant,162,0
0.6383595168590546,0.6308799088001251,0.0,0.0,0.423137903213501,2.0,"What city is the football club ""Manchester United F.C."" located in?  A:  Manchester","The 1998 UEFA Cup Winners' Cup Final was a football match contested between Barcelona and Sampdoria, played on 23 April 1",162,0
0.5987809151411057,0.6170715615153313,0.0,0.0,0.4631635546684265,5.0,Human: The city of Barcelona is the capital of which Spanish region?  Assistant: Catalonia,Human: Find the oldest person in the group and provide their age.  Assistant: The oldest person in the group is The Countess of Hainaut and she,162,0
0.6337104737758636,0.6889939159154892,0.0,0.0,0.3845343589782715,1.0,Human: Q: Which city is home to the FC Barcelona professional football team ? A:  Assistant: Spain,Human: Which football team is owned by Manchester United chairman?  Assistant: Everton Football Club,162,1
0.5957026779651642,0.688169464468956,0.0,0.0,0.41937899589538574,2.0,"Human: What is the answer for the question: What are the full names of the people whose deaths were announced at a memorial service in London, as well as",Human: The Little Engine That Could was a popular children's song in what century?  Assistant: 19th century,162,1
0.5846845656633377,0.5837839618325233,0.0,0.2,0.44533348083496094,5.0,"The capital city of Catalonia, Barcelona is the second most visited city in Spain. The city is located on the Mediterranean Sea and is famous for its architectural style.","Human: What was the name of the first football team to be formed in Madrid? , . Answer according to: The history of Real Madrid football club began with",162,1
0.6850943565368652,0.7023099213838577,0.0,0.0,0.4052366018295288,1.0,"Human: Based on the information given, answer the following question: Which Italian city has hosted the FIFA World Cup more often than any other city?  Answer:",The city's name derives from the old English for hawks (Old English: hāc) Head (Old English: tūn) of land.,162,1
0.6128406822681427,0.7800557017326355,0.0,0.0,0.42830753326416016,2.0,"Human: Read the following article and answer the question. Article: Liverpool Discover the best music, sport, culture,...in the following places. Nashville, Tennessee:","Human: Which city is known as ""The city of bridges""?  Assistant: Venice, Italy is known as ""The city of bridges"".",162,1
0.5621689595282078,0.6878951191902161,0.058823529411764705,0.0,0.45083367824554443,5.0,"How does this relate to the footballing heritage of this city? It's easy to see why Real Madrid, with their global brand identity, would have chosen to","Human: In professional wrestling, also known as the ""territory scene"", which was the head of the ""Gangsters"" wrestling promotion?  Assistant: The",162,1
0.6307423561811447,0.7011229693889618,0.0,0.07692307692307693,0.4581972360610962,5.0,"Human: The city where the home stadium of the New York team in the US is located is known for what nickname?  Assistant: ""Big Apple""","Human: The name of the 2016 UEFA European Football Championship, was a team to win  Assistant: The name of the 201",162,1
0.6426887512207031,0.7004278004169464,0.0,0.0,0.3422743082046509,5.0,The answer is: (C),#1 - One Drop = 1400 years old The process of obtaining the honey is an ancient tradition: collecting and storing it in jars.,163,0
0.5825338661670685,0.5937614813446999,0.058823529411764705,0.0,0.33038634061813354,12.0,"Human: If the answer to the question ""Who does the Pharaoh consult with before he makes his choice?"" is ""the gods"", what is the question?","The first, and most important, thing about visiting these islands is to make sure you've read the history of them.  If you don't, you won",163,0
0.650204598903656,0.5489813312888145,0.0,0.0,0.33184754848480225,10.0,"The boy answers: ""I'm from the future, you see. I'm a spy. My superiors just sent me to gather information on your tribe.""",Question: The movie contained a lot of disturbing images.  It wasn't very what?  Choices:  - calm - peaceful - give information - educational -,163,0
0.590150773525238,0.5614610016345978,0.0,0.0,0.29494166374206543,12.0,The man was smart enough to realize that if he didn't stop his plan before he did something stupid: A: to harm himself very badly; B: to,"Human: Find the missing number from the following sentence: ""The number of people in the room was a ________.""  Choices: A) million B)",163,1
0.5889164432883263,0.5756462961435318,0.0,0.0,0.3131979703903198,11.0,Human: What will happen if 1000 gallons of water were suddenly poured into a small pond? Options: - nothing much - water fountain,"Human body – One of the most amazing machines ever created by God. Without it, you can’t live, breathe, eat or drink. The human body is",163,1
0.617426797747612,0.5871722400188446,0.0,0.0,0.33922117948532104,15.0,"Human: Q: Use information from the paragraph to answer the question.  Question:   If the human brain is not getting enough glucose, the result could be","The first question is the age of the earth. You will notice that I have not used the words ""determination"" and ""age"" in relationship to the",163,1
0.60166996717453,0.60068179666996,0.0,0.06666666666666667,0.2302154302597046,7.0,Human: The following is a list of films which have contained depictions of graphic & disturbing scenes of:    1.The following is a list of films which,"The film has been released in 2007, which was the 100th anniversary of the event. It's an interesting story about The",164,0
0.5736072808504105,0.635238915681839,0.0,0.11764705882352941,0.22781765460968018,8.0,"Human: A further 79 films have been nominated for this award out of almost 1,500 made available by the organisers. The films come","The UK has banned the distribution of a controversial World War 2 film. ""The 1943 US propaganda film The Great Citizen is to be banned in",164,0
0.6542749553918839,0.610286258161068,0.07142857142857142,0.0,0.2334280014038086,9.0,The following are some of the questions asked in the first part of the film:  What are some of the questions asked in the first part of the film? The,"Human rights in the United Kingdom include the right to vote, the freedom to express your views, and other social rights. The full list of rights may be found",164,1
0.6088231652975082,0.658051386475563,0.05555555555555555,0.15384615384615385,0.2268008589744568,9.0,The British National Theatre has shown a documentary about the making of the 1972 film The Devils A number of the actors involved in the film are,"If a film has been banned in one country, it is likely to be banned in others. As a result, the U.K. version of the film was",164,1
0.5724074020981789,0.7580175697803497,0.0,0.11764705882352941,0.23401641845703125,8.0,Human: Please answer the following question: The following article contains an answer for the question: What is the first name of the person whose work was used as the,"The following movies feature scenes from a film banned in the UK, it's ""The Blair Witch Project."" Answer: The Blair Witch Project.",164,1
0.654183641076088,0.6088103726506233,0.0,0.0,0.31635457277297974,9.0,The following is a list of films for which the Director General of the BFI has given a screening ban:  The following is a list of films for which,Human: What movies are included in the British Film classification systems for age-restricted content? Why is the UK so strict about age-restricted content for films?,164,1
0.642159104347229,0.6036816537380219,0.0,0.05555555555555555,0.22410368919372559,7.0,Human: The following is a list of the 68 films in the British National Film Unit between 1946 and 1949:,The following are full-length copies of films and TV shows which have been banned by the Australian Classification Board (ACB). The ban is in the name of the,164,1
0.6953801214694977,0.5954881459474564,0.0,0.0,0.24736982583999634,2.0,"Human: Question: The British government banned the following films in the 1970s, except: A: ""The Blue Pill"" B: ""","The film contains scenes of horror, violence, sexuality and drug usage. It was banned in the United Kingdom until 1992 but has since been rated",164,1
0.6123630106449127,0.57809067517519,0.0,0.0,0.23063313961029053,5.0,"Given the following question about the topic Video, what answer from the below text would be the correct one to give? Answer: No Question: What is a","The following movie is rated ""R"" for violence, language, sexuality/nudity and drug material. The Full Metal Jacket soundtrack, which is now available on",164,1
0.6819145679473877,0.6805127263069153,0.0,0.0,0.34612584114074707,12.0,"Human: Q:Question: ""If a person were to travel from Maine to South Dakota, how many states would they go through in total?""  Context:",Human: Human: There are two groups of students in the classroom. Group A consists of 30 students while group B consists of 30 students.,165,0
0.5673721358180046,0.5860836952924728,0.0,0.0,0.39450955390930176,3.0,"The other room is 76 feet by 62 feet. In square feet, how many more square feet is the bigger room? Please respond by writing","Human: If a child had a sister or a brother, what would they be?  The answer to this question is:  Assistant: A sister or a brother",165,0
0.6244839280843735,0.5299864634871483,0.0,0.0,0.35646581649780273,14.0,"Human: Q:After years of a drought, the farmers were hoping for a full year of what? - sunshine and rain - rainy days - plant flowers -","Human sperm count has increased in the past 40 years, a report has suggested. It found a general improvement in the sperm count of men in 4",165,0
0.6287843286991119,0.6308379620313644,0.0,0.0,0.4217796325683594,3.0,Human: Question: Here is a review left by a customer on a product. Would you say he was satisfied or dissatisfied? Title: Too long Review:,You can have 2 kids. 1.5 is not possible. So you don't have that option. It's 2 or 3 kids.,165,0
0.6929892003536224,0.5433665439486504,0.0,0.0,0.2865961790084839,9.0,"Human: Choose your answer: If ""A girl in a pink shirt is running on a track."", does it logically follow that ""The girl is running.""?",Human: What is the answer for the question: What is the first name of the person whose father died when he was 13? from the following article,165,1
0.6868453323841095,0.684727817773819,0.0,0.0,0.29612231254577637,9.0,"What are the names of the longest-lived species compared to the shortest-lived species, for both sexes?  Answer the above question based on the context below:",Human: Give me the correct facts to answer this: where is the most money created? A:  Assistant: The most money is created within the banking system.,165,1
0.6942391693592072,0.715454176068306,0.0,0.0,0.35653507709503174,1.0,Human and robot playing tennis 1.15 Question: How does this relate to the human condition?  Options: [-] not enough information; [-],"Human: Is the following a factual statement? ""As a young student Albert Einstein had a strong interest in Science."" Options: - yes - no yes",165,1
0.6423331052064896,0.5852406173944473,0.0,0.0,0.3664841055870056,1.0,Human: Q: I am verifying the answers generated by an automatic system to the following question: how many men does it take to change a light bulb? S,Human: Question: What is the minimum number of offspring that must survive to adulthood to ensure the propagation of a species? A. More than half B.,165,1
0.6246924698352814,0.5480198003351688,0.0,0.0,0.33839255571365356,11.0,"Human: If all living things need water to survive, then what is the only thing that all living things need to survive?  Answer choices: - food",What is the missing first step of the following process:  -  Some of the eggs will be fertile - The mother bird will sit on them and warm them,165,1
0.5186458826065063,0.6779829859733582,0.0,0.0,0.3419828414916992,13.0,The 5 Best Brain Games For 5 Year Olds  The 5 Best Brain Games For 5 Year Olds  There are many types of games,The first time a 16-year-old teenager is allowed to leave the house it can be a great challenge for the parent to deal with the situation.,166,0
0.6792386472225189,0.52484524063766,0.0,0.0,0.34623390436172485,12.0,What's going on with those? Options: - human body - thinking - headache - pain - questions Let's give stream of consciousness first:,The best way to determine if a child has hearing loss is to get your child's hearing checked. You can do this at your child's doctor or at a,166,0
0.6309636831283569,0.5801268666982651,0.0,0.0,0.346336305141449,12.0,"How Long Does the Light From the Sun Take to Reach Earth? , How far is the sun from the earth? , How far away is the Moon? ,","The new rules require only 60 percent of drivers in the carpool to be commuters who worked in the same job location. Instead of 3 miles,",166,0
0.6079684868454933,0.6393401175737381,0.0,0.0,0.342570424079895,12.0,"Consider this scenario: You are a middle-aged man. You are at an event where you have been drinking alcohol, and you suddenly realize what time it is.","Human beings can make sounds. The sounds are produced by the tongue, teeth and lips. All animals make sounds. A bird makes a sound in his throat.",166,0
0.5900947749614716,0.553931713104248,0.0,0.0,0.35145002603530884,12.0,"Human: Can you have a question about this text: It turns out that there is a relatively simple answer to that question. For most people who are healthy,",The question you ask is too specific and only makes sense in the context of the other question that is being asked.  My response to that question is as follows,166,1
0.550434023141861,0.5578475296497345,0.07407407407407407,0.0,0.33775097131729126,14.0,Human: You're taking a train to your grandmother's house. What stops will you make along the way? Answer according to: Why? Because learning new things,What is the answer to this question? what is the longest distance you can drive with one gallon of gas? A vehicle can travel 300 miles on,166,1
0.5572933219373226,0.5499301627278328,0.0,0.0,0.3419761061668396,12.0,"Human: What is the question to: ""There is debate over the effects of the increased noise and light pollution produced by human beings.""? The topic is Light",How can you tell if your child is getting enough sleep and what are some tips for promoting better sleep habits?  Determining whether your child is getting enough sleep and,166,1
0.5620482042431831,0.6259125620126724,0.0,0.0,0.355238676071167,12.0,Human: Will my children be smart if I get a master's degree in education? My mom wants me to pursue a master's in education. Will that make,Human: You could not do that. There is not enough room. No it doesn't. Those are not good answers. What would be a good answer?,166,1
0.5950060039758682,0.5935015007853508,0.0,0.0,0.35011786222457886,12.0,Human: Here's a logic test: Alex is playing a game of soccer. He kicks the soccer ball really hard. He then kicks it even harder. Which,Human: 1. What is the medical term for an unborn baby? Options: - (A) fetus - (B) spores - (,166,1
0.6835863441228867,0.6656895279884338,0.08333333333333333,0.04,0.3220609426498413,12.0,"Human creativity is what makes art. The more you know about art history, the better you can understand how those original artists came up with their masterpieces. -","Human creativity  Human creativity has been a driving force throughout history, allowing different cultures to evolve as individuals and groups explore new ideas and ways to express them. The",167,0
0.7335710227489471,0.6028107851743698,0.043478260869565216,0.0,0.2855968475341797,7.0,Human creativity comes from a mix of individual and group experiences The artists who brought you TV shows such as Star Trek and Star Wars have one thing in common:,Human: How did the music industry change during the 20th century?  Assistant: The 20th century was a period of change and innovation for,167,0
0.5886392295360565,0.7223691046237946,0.0,0.0,0.314750075340271,16.0,Human creativity and ingenuity – the ability to find new solutions to problems – have always been key to advances in art and science. This is especially true over the,"Human: How did the Second World War happen?  Assistant: The Second World War started as a result of several events in the early 20th century,",167,0
0.5908974409103394,0.5738886743783951,0.0,0.0,0.34925544261932373,4.0,Humanity: how did people communicate back in the day? A: by writing on paper,Human Resources Department has the following job listings. 01.01.2002. 1. Chief Executive Officer - Job description: The,167,0
0.7445432543754578,0.5524463281035423,0.0,0.047619047619047616,0.2731472849845886,11.0,"Human creativity is a combination of many things: natural intelligence, curiosity, a sense of wonder, the ability to see through illusions, and a willingness to experiment.",The 86 people who took cocaine were 43 times more likely to have used drugs than those who used other drugs. The cocaine users were also more,167,1
0.6589326411485672,0.6137405335903168,0.10526315789473684,0.0,0.2791454792022705,11.0,The artists who did the following were not only creative: they were also innovative. They developed methods and techniques that changed the way music was made. And they were,"Human: If you drink alcohol, your brain becomes confused. And if you drink enough of it, your brain eventually shuts down. Which means that the effects of",167,1
0.6651018261909485,0.7416762709617615,0.045454545454545456,0.07692307692307693,0.32685673236846924,11.0,"The artists of the early 20th century didn't use computers to create art -- they used their minds: If you're a real artist, you don",The title of the movie is 1967. The original music for 1967 was made in the 1990's.,167,1
0.5824649930000305,0.5792448669672012,0.0,0.05,0.29348117113113403,11.0,The creativity that led to the creation of new music and art came from: A) A sense of tradition. B) The belief that creativity was a mystery that,"Human: When you hear music by The Beatles, you may also be interested in music by: The Beatles. The Beatles used music from other artists to help inspire",167,1
0.6113088503479958,0.5827894806861877,0.045454545454545456,0.03571428571428571,0.3389468789100647,13.0,"Human creativity and invention The second part of the book is about music and art. Since the 17th century, musicians and artists have been inventing",Human space travel changed many people's lives including myself. If you had told some of us that these experiences were going to make us all much more interested in history,167,1
0.6302988231182098,0.6645232439041138,0.0,0.0,0.24883830547332764,8.0,"A first line defense against magic is preparation. Witches and wizards are much more likely to cause damage to innocent bystanders if they've never seen them before,",Human: 1. A person does not become an adult overnight. 2. Adults are supposed to know better. 3. Children do silly things.,168,0
0.5705436170101166,0.5964042991399765,0.0,0.0,0.254814088344574,5.0,"The History of Witchcraft  In this article, learn more about the history of witchcraft. This article will discuss the origin of the word witch, the history",Human: Here are some tips to help you remember what a piece of paper is made of: 1) A piece of paper is made of cellulose fibers,168,0
0.5678195282816887,0.6235251277685165,0.0,0.05263157894736842,0.22209566831588745,8.0,"Human: In the following article, what happened during this instance of water torture?A. The person drowned. B. The woman had water forced down her throat",Human hair can be used as a natural form of pest control. You can wrap the hair around plants or bury it a few inches beneath the soil. The theory,168,0
0.6231194883584976,0.6957609504461288,0.0,0.0,0.24153846502304077,10.0,"Human: If you hear this, it means that your spell is stronger than average, and, therefore, more powerful. Here's how to do it:","The spell will heal 1 hit point per level of the caster or priest (max 12), except in special circumstances. If used on someone else,",168,1
0.6618368476629257,0.5864242762327194,0.0,0.05,0.2951124310493469,13.0,"Human: What happens to a person during a sleep paralysis attack? Human: When a person experiences sleep paralysis, they are lying in bed, but their body doesn",Human: Create a horror story about a cursed book  Assistant: The cursed book was said to turn anyone who read it into a zombie. The book was a,168,1
0.6118006706237793,0.8376353979110718,0.0,0.0,0.2881348133087158,10.0,"Human: I'm a big believer in the old saying: ""When the well runs dry, look for water."" What many people don't understand about this is","Human Male: Male body fluids may make magic disappear; if the male in question has an erection or ejaculates onto the subject, it's game over.",168,1
0.5805238634347916,0.6099409312009811,0.0,0.045454545454545456,0.2512759566307068,10.0,Human: An excellent way to use this is as an ice breaker or lead into a bigger conversation with the help of #WitchCraft #magic. What are,"Human: When placed within the circle of power, the energy draws the person to the center. If the energy comes from another source, you may still be drawn",168,1
0.5722485482692719,0.7993901968002319,0.0,0.0,0.2273903489112854,10.0,"How do you make a prisoner lose his fear?  If you’ve ever been a prisoner, you probably know that fear is one of the things that can keep a",Human: 10a. It's a common myth that a vampire can't get into a house if the resident is asleep. It's not true.,168,1
0.6792393922805786,0.6356150805950165,0.0,0.0,0.4003888964653015,4.0,"The 2016 presidential election is drawing near, and the two major-party front-runners have begun to lay out their case for the White House.",Human: 1. A candidate without a clear view on economic policy who has promised to repeal the Affordable Care Act is the new Secretary of State. 2,169,0
0.6143201813101768,0.5988454297184944,0.07142857142857142,0.0,0.47285008430480957,5.0,"The 2016 United States presidential election was on Tuesday, November 8, 2016.   Question: Based on this passage,","Human: Can you predict the outcome of an event that hasn't happened yet?  Assistant: For the date you mentioned, the event that will take place is """,169,0
0.7107620686292648,0.6438896358013153,0.0,0.0,0.398751437664032,5.0,"The winner of the 2020 United States presidential election, which was held on November 3, 2020, was:  - **","Human: Create a 5 year plan for me.  Assistant: As an AI language model, I don't have access to your specific details or circumstances, so",169,0
0.6576162427663803,0.6181064769625664,0.0,0.0,0.4536203145980835,5.0,"The 2020 United States presidential election was held on November 3, 2020.  The incumbent president, President Donald Trump,","Human: In 2019, this author took the world on an educational journey through the history of literature. It was a year of discovery, as",169,0
0.6190832629799843,0.5655653178691864,0.0,0.07142857142857142,0.4205973148345947,5.0,"Human: The following is a question about current events. Please answer the question based on the current information only, do not generate an answer based on past knowledge.","How do they know when to announce the results of elections? For example, in the 2000 U.S. presidential election, how did they know",169,0
0.6195313408970833,0.8822880387306213,0.05555555555555555,0.058823529411764705,0.3486877679824829,8.0,"Human: Answer:  - The year 2000 was the year the United States president was re-elected, with the election of George W. Bush",Human: What is the name of the U.S. president?  Assistant: Joe Biden is the current president of the United States.,169,1
0.617943249642849,0.68476901948452,0.0,0.07692307692307693,0.34129494428634644,8.0,"Human: The 2017 United States midterm elections were held on November 8, 2017. To what political party did the President",Human: What is the successor of the 44th U.S. President?  Assistant: The successor of the 44th U.S. President was,169,1
0.5655109584331512,0.6579259932041168,0.11764705882352941,0.0,0.31506186723709106,7.0,"The 2016 United States presidential election was held on Tuesday, November 8, 2016. The Democratic Party's nomination for President",Human: The winner of the 86th Academy Awards was a 2016 American period drama film directed and co-written by who?  Assistant:,169,1
0.6283325701951981,0.5873425826430321,0.0,0.0,0.3224750757217407,7.0,"Human: Please answer the following question: Here's a complex question that requires someone to reason about the input, can you answer it? Which president was sworn in","Human: In 2007, the president was re-elected, becoming the first and only president to be re-elected.  The current president is not John",169,1
0.6174465864896774,0.6450474560260773,0.125,0.13333333333333333,0.3220818042755127,7.0,"The following is a list of the presidential candidates and nominating conventions of the 226th United States presidential election, held in 2016","Human: The 2024 U.S. presidential election will be held on November 5, 2024. The Democratic Party nominee is",169,1
0.6547555774450302,0.6376416236162186,0.0,0.125,0.33280742168426514,7.0,Human: Use the information in the paragraph and your knowledge about the president below to determine the correct answer to the question. President: Donald Trump  Question The,<NAME> won the election to be president of the United States and she did it by working hard and with hard work she got what she wanted. She was,169,1
0.6525421142578125,0.6424269676208496,0.09523809523809523,0.0,0.3207797408103943,9.0,"The 2020 U.S. presidential election is approaching, and the two major candidates, Joe Biden and Donald Trump, have both announced their campaigns.",Question:  Who is the 96th President of the United States? Answer: John F. Kennedy,169,1
0.5980113074183464,0.5626306086778641,0.0,0.0,0.48624640703201294,10.0,Human: Please answer the following question: Pick the option in line with common sense to answer the question. Question: If a person needs oxygen they will find it,"Human: How many times does the universe repeat itself in eternity?  How will the universe end? What will happen to the universe after a big heat death, with",170,0
0.5732215493917465,0.6016316115856171,0.0,0.0,0.434200644493103,1.0,Human: What is the answer for the question: What is the name of the place that is sometimes served as a stopover for visitors to the town on a,You can not print 2 numbers from 0 to 255 that are the same. I know that. That's an important distinction.  Not that,170,0
0.7073606848716736,0.6217092573642731,0.0,0.05263157894736842,0.4472391605377197,8.0,What city will I visit if I travel to the largest city in the state with the longest coastline?  Answer the above question based on the context below:,"Human: In some parts of the world, there's not enough rain or water, so people have to move.  What is a good title for this?  Assistant",170,0
0.5589316487312317,0.5846183598041534,0.0,0.0,0.38836801052093506,6.0,Human: What is the answer for the question: What type of structure was located on the spot that was known as the Great Stink in the 19,The energy stored in natural gas is in a form of chemical potential energy. It was released by the sun. It is used in a home grill. What is,170,0
0.5715720430016518,0.6298556327819824,0.0,0.0,0.36829107999801636,6.0,"The city of Sion (also spelled ""Shan""), is a city located in the southwestern part of the United States in the state of New Mexico. S","#28366 08:33 PM  ### First question: It is snowing here, but it is no snowing here",170,1
0.6219602152705193,0.5422652587294579,0.0,0.0,0.3743863105773926,6.0,"Human: A person may feel bored after hearing the same stories from a person, due to: (A) being too lazy to change their behavior. (B","The only thing I can think of is that it's one of those statements when people think it's something really big or important, but to me it was never",170,1
0.5838441327214241,0.5534943789243698,0.0,0.0,0.37946540117263794,6.0,Human body has many functions. Which of those functions would be most important if you are in a hot desert on a very hot day? Options: - work properly,Human beings don't live in space. We live on Earth. But many of us spend time outside our home planet. Astronauts have gone into space since,170,1
0.6179720312356949,0.5865163281559944,0.0,0.0,0.37801593542099,7.0,"Human brain, as an organ, weighs about one kilo? But the smallest brain in the world is only 1 gram and belongs to the smallest animal,",Human: It never fails to surprise people how much water they can lose. The average person can lose up to two litres of water a day through sweat. However,170,1
0.6206864640116692,0.6370954215526581,0.0,0.0,0.388630211353302,7.0,Human: Please answer the following question: FINAL EXAM  Question 1. What country features the largest peninsula in the world? A:  Assistant: Australia,A. It will happen. The population in that city will increase. B. No. People will take a bus or ride a bicycle to work. C.,170,1
0.5320040136575699,0.7003810405731201,0.0,0.0,0.4037550687789917,6.0,The following is a list of the cities and towns in Almaty Region sorted by population according to the April 2012 population census results. Please,"In the following one-minute video, we talk about the population. Do you know the population of your city? 1. How many people live in your city?",170,1
0.634504646062851,0.6196700632572174,0.0,0.0,0.37085217237472534,6.0,"Human: Q: If I tell you that When a substance gains or loses a proton the chemical properties of the substance are changed, and ask you the question """,The question about the weather can be rephrased as which of these is correct? If you want to know what the weather is going to be like,170,1
0.6286662518978119,0.6046374663710594,0.0,0.0,0.2653510570526123,10.0,"The countries with the most extensive use of nuclear power are France (79.8%), Slovakia (58.8%), Belgium (54.1%),",This is the same question that I asked in math.SE. I didn't get a complete answer. I hope someone here can help me to answer this question.,171,0
0.5920018330216408,0.5497951060533524,0.0,0.0,0.270768940448761,8.0,"Human: In 2013, 40.1% of the population over the age of 15 was literate, compared to",The difference between the two countries is in social structure. European countries are very social. You tend to get your social requirements in a city and even rural dwellers,171,0
0.5804588496685028,0.5682730153203011,0.0,0.0,0.25849103927612305,8.0,Human: You are given a text describing the population of a certain region. The task is to predict whether the region is located in Europe or Africa. The population,Human: A country of which the capital city is Canberra has more than 30 million people.   What is the answer to this question: The capital city,171,0
0.6559994071722031,0.5701615884900093,0.13636363636363635,0.125,0.26099973917007446,10.0,"The next set of countries with the highest per capita energy consumption are, in order: Italy, France, United Kingdom, Spain, Austria, Belgium, Canada,",The economy of the United States is the aggregate of all economic activity in the United States. With a nominal GDP of $18.6 trillion as of,171,1
0.6212080717086792,0.6313434839248657,0.0,0.0,0.2622259259223938,8.0,"The countries that use English as their official language but where it is not the majority language of the population are Singapore and India, with the notable cities of English,",Human: Which of the following countries do not have a monarchy? Choose from: A. Denmark. B. Sweden. C. The United States of America.,171,1
0.5877612307667732,0.6034282296895981,0.0,0.18181818181818182,0.25171196460723877,3.0,"Human: Please answer the following question: Please answer the following question about this movie plot. If it's un-answerable, please output ""No answer"".","Human: 1. Of the 250 million cars on the road in the United States, over 436000 are electric cars",171,1
0.6242985799908638,0.6177073046565056,0.0,0.0,0.2824491262435913,2.0,"Human: 5.2.7 - 20. Of the following countries, which does not use the English language as an official language:  A","The United States has the highest health care costs in the world. The U.S. spends far more on health care than the next two most expensive countries, yet",171,1
0.5707163214683533,0.6265847086906433,0.0,0.0,0.2630941867828369,1.0,Human: Human immunodeficiency virus (HIV) is a retrovirus that attacks the immune system of the body. As of 2013,The United States. It has the largest number of nuclear warheads in the world. It has about twice as many as Russia. Even though the United States and,171,1
0.6725503206253052,0.6428566873073578,0.043478260869565216,0.0,0.34091198444366455,17.0,"Human: Here are two questions (Question1 and Question2). If these questions have the same meaning and same answer, answer ""Yes"", otherwise ""No"".",Human: The world's richest man has a net worth of over $100 billion. The second richest man is about half as wealthy as the first.,172,0
0.5625018775463104,0.6327920854091644,0.0,0.0,0.35742199420928955,1.0,Human: Question: Which of the following is a primary source of funding for space exploration by governments? A. International tourism B. Private corporations C.,Human: Use the information to answer the questions. You may have to do some research. Give your sources.  The U.S. spends more on its military than,172,0
0.5789253562688828,0.5781605690717697,0.0,0.0,0.31259942054748535,22.0,"What are the most expensive cities in America? The most expensive cities in America are New York City, Los Angeles, San Francisco, Washington DC, and Seattle,",A. $250 million  B. $500 million  C. $750 million  D. $1 billion The correct,172,0
0.6407179981470108,0.6457511782646179,0.0,0.0,0.3773096799850464,17.0,"The average American household uses about 12,000 kWh of electricity per year. :The average American household uses about 12,00","Human: How many years did it take for the United States to become the world leader in oil production?  Assistant: As of 2021, the",172,1
0.5778602138161659,0.6123377084732056,0.07142857142857142,0.0,0.33159029483795166,1.0,"This is a list of the most populous metro areas in the United States by their estimated 2019 populations. No, my friend, that's not",What is the most $1$ billion US dollars in the world?  The most $1$ billion US dollars in the world is in the public debt of the,172,1
0.5664522051811218,0.5833596289157867,0.0,0.0,0.37570953369140625,4.0,"Human population is greater than their carrying capacity.  Assistant: Based on the given options and the statement ""Human population is great than their carrying capacity,"" the most appropriate",Human: What is the most direct impact of U.S. foreign aid on the recipient countries? Which of the following is an accurate description of the U.S.,172,1
0.5874955132603645,0.5740078017115593,0.041666666666666664,0.08,0.36379706859588623,20.0,Human: I can use this background: The Human Development Index (HDI) is a composite statistics used to rank countries in order of human development (HD).,Human: What is the current federal budget deficit and how has it changed over time?  What are the largest individual items added to the U.S. federal budget deficit,172,1
0.7377745062112808,0.5917251780629158,0.0,0.0,0.30217087268829346,10.0,Human: 50. The nation that produces the world’s largest proportion of food imports is: A. A. The United States. B. B.,Human: What is the most important city in Brazil?  Assistant: The city of Sao Paulo is the largest in Brazil but it is not as important as Brasilia,173,0
0.6271913349628448,0.6224224045872688,0.0,0.0,0.32614433765411377,1.0,The following questions must be answered in order to determine which country the given description is of:  1. What is the name of the country described? 2.,"The United States is the world's leading importer of foreign goods and services (net of exports), accounting for 18.9% of world imports. According",173,0
0.6206588447093964,0.5445369854569435,0.0,0.0,0.31501108407974243,8.0,"Human: 1. The population of the United States is 309,000,000. 2. The population of Mexico is",Human: The U.S. has 50 states. The first were 13. Every new state was admitted to the Union. How do new states,173,0
0.5745057761669159,0.6207881793379784,0.0,0.15384615384615385,0.3336906433105469,3.0,Human: Question: What is the primary reason dairy cows are raised in many countries around the world? A. To produce meat B. To provide milk,A. The correct answer is (B) The United States.  The US has the world’s largest population of English language speakers.   - (A) The,173,1
0.5884718149900436,0.8383476138114929,0.0,0.0,0.3078708052635193,2.0,The following countries have a higher per capita income than the United States: 1. Luxembourg 2. Norway 3. Switzerland 4. Ireland 5,Human: Which country is the most populous in Europe?  Assistant: Russia.,173,1
0.5268561486154795,0.6072727292776108,0.0,0.1111111111111111,0.32524603605270386,10.0,"Human: Question: A country's population is increasing at a rate of 2% per year. If the current population is 10 million, what will","The name of the thing is the United States, not Americans.   People want to know about the country and not about the people who live in it. If",173,1
0.5782473832368851,0.7070648819208145,0.0,0.0,0.3303346037864685,1.0,"The majority of immigrants living in the United States come from Latin America, Asia, and Europe. Which of the following is the main reason for this?  A",The United States has the largest number of immigrants of any country in the world and the largest population of any country in the world whose native language is not English.,173,1
0.5755418688058853,0.6511122584342957,0.0,0.0,0.3315899968147278,1.0,"Human: 3.4: The countries of the world are divided into five classes of ""less developed countries"" by the United Nations: 18 countries",What's the answer to that question: Where does the most rain on earth fall?  Colombia,173,1
0.5585104823112488,0.5629396513104439,0.0,0.0,0.3342509865760803,1.0,"The country is the second most populous in the African continent, only after the Republic of Nigeria. It is also the fourth most populous in Africa after Nigeria, Ethiopia",Humanitarian aid has been in short supply in North Korea.  What is a good title for this? North Korea: How the world can help,173,1
0.5869541689753532,0.5939045920968056,0.0,0.0,0.3368593454360962,1.0,Human: A nation famous for its rich heritage and cultural customs is one of the countries with the highest rates of emigration. 8.7 million of the,"The most populated U.S. city, where was the first McDonald's located?  Iowa",173,1
0.6776869297027588,0.7762812077999115,0.0,0.0,0.24212324619293213,11.0,"What can a man do to delay male menopause?  Aging is a natural process that affects every man at some point in his life. As men age,","Human: What is a one-sentence summary of the following article? Exercise may help some men who are struggling with depression, but it is not a cure.",174,0
0.660124197602272,0.6406625062227249,0.0,0.0,0.2462472915649414,10.0,"Human menopause is occurring at an earlier age, due to environmental factors which can accelerate biological aging. However, menopause can be delayed or prevented. : Men",The best treatment is prevention. Use a soft brush and floss for oral hygiene and use an anti-inflammatory mouthwash for periodontal treatment. There is no,174,0
0.7600764036178589,0.6250115483999252,0.0,0.045454545454545456,0.2618035078048706,6.0,You may want to put down your pen and paper because these answers require no calculations at all. Question 1: At what age do men stop growing taller?,Human: There are many options. Some patients find it helpful to use Botox to relax the facial muscles in order to soften the wrinkles. Others choose surgical,174,0
0.6474241614341736,0.7857134938240051,0.0,0.0,0.287456750869751,9.0,A new theory on how the body responds to aging might give clues to how to stop it.  Mild facial injections (Botox and fillers) can,Humanoid: Can you use it to help people find the best way to use a product? The machine can show people the proper way to use a product.,174,1
0.6302802860736847,0.6619435846805573,0.058823529411764705,0.0,0.3063752055168152,9.0,I do not recommend that you get a lot of face injections: too many makes you look like you’ve had too many face injections! To prevent this and to,"Human: Find a way to fit 20,000 people into a space that only has a capacity for 5,000 people.",174,1
0.6288999021053314,0.6359054148197174,0.05,0.0,0.2618734836578369,8.0,"The best way to slow the onset of balding is to prevent obesity and other conditions that have been known to accelerate balding, like hypertension, high cholesterol,","Human blood contains phosphorus and calcium. The phosphate levels in blood must be high enough to make the blood acidic. Without enough calcium, blood becomes alkaline and",174,1
0.5695172697305679,0.5826487243175507,0.0,0.0,0.330403208732605,8.0,Human: Question: The potential for abuse of a game mechanism that encourages players to participate in in-game activities is best referred to as A. player exploitation,What is the answer to this question? what's the point of playing these stupid games?  There is no one answer to this question as everyone has different reasons for,175,0
0.6360231935977936,0.5926403403282166,0.0,0.0,0.2892187833786011,8.0,Human: 39. Which of the following statements is FALSE? A. Humans can influence the weather. B. Humans can control the weather. C.,"The use may be explicit, for example, a small figurine of a person may be used as a toy, or it may be implicit, for example,",175,0
0.5850926339626312,0.5957926362752914,0.07692307692307693,0.05,0.2969090938568115,8.0,Human: What is the answer: What was used in the olden days to take photographs?  Assistant: film,Human players use these cards to purchase answers to trivia questions in a trivia game. The cards can also be used for other games such as Monopoly. The card,175,0
0.5404676087200642,0.6248278766870499,0.0,0.07142857142857142,0.28458619117736816,7.0,Human: 18. The process by which a virus injects its nucleic acid into the body of a host bacterium A. Adsorption,"Human: Determine the topic of the passage. ""Some toys are used for teaching purposes."" Topic: Answer:  Assistant: Toys",175,0
0.5773719400167465,0.5738479197025299,0.0,0.0,0.2923929691314697,8.0,How many of the following are true?. 1. A person can use a magic 8 ball to predict the future. 2. A person can use,Human could not figure out what would cause a person to play a game. One person thought it could be because the person was good at the game. Another person,175,1
0.5845513939857483,0.5989433825016022,0.0,0.05263157894736842,0.29490745067596436,13.0,以下哪两项描述了针灸的生理机制？ A. 针刺穴位后，可能会刺激副交感神经兴奋。 B. �,"If a person has a pen, they can write with it. This can be a form of torture in which the person writes the same thing over thousands of times",175,1
0.6135827898979187,0.5805216357111931,0.05263157894736842,0.0,0.28181058168411255,10.0,Human: The following are all uses of fire by Homo sapiens except: Options: - (A) It can be used to create food - (B,Human use:      An individual administers hypodermic injections of liquid. The injection may be to administer a drug or to extract bodily fluid. Medical needles,175,1
0.556142270565033,0.8596076965332031,0.0625,0.0,0.31845664978027344,8.0,"In the 20th century, a variety of medical and non-medical substances were being researched and used experimentally or recreationally, leading to the need",How did they achieve this?  Answer: They achieved this by injecting venom into the victims.,175,1
0.5672784745693207,0.8021605908870697,0.0,0.0,0.2945685386657715,13.0,Human: What is the best way to find information about the history and culture of a specific region or country? Generate according to: In many countries that speak French,How many countries are there in the world? There are 195 countries in the world in 2020.,176,0
0.6021014451980591,0.6264552921056747,0.0,0.0,0.32604604959487915,6.0,Human: Which countries are providing their citizens with information about how to vote in the 2016 U.S. presidential election? What percentage of people in,How many languages does The United Nations use? Options: - not enough information - three languages - more than fifteen languages - the french language - eight languages The,176,0
0.5746009349822998,0.8280400633811951,0.0,0.0,0.3209526538848877,5.0,Human: The following are multiple choice questions about high school world history.  Question: In which global region would you find the highest concentration of speakers of the indigenous languages,"Human: Which three countries have a higher life expectancy than the United States?  Assistant: Japan, Hong Kong, and Spain.",176,0
0.6410299241542816,0.6135968267917633,0.0,0.0,0.25980937480926514,9.0,Human: How do the people in the United Arab Emirates decide what language to speak? What part plays education and what part do social customs have? A:  Assistant,Human: What is the answer to this question? what is the nationality of the singer of 9 to 5?  Assistant: American,176,0
0.6260866522789001,0.559911709278822,0.0,0.0,0.32621949911117554,5.0,Human: What will be the impact of this on the use of renewable energy sources?: The electricity generation sector is the largest emitter of greenhouse gases in the world.,"The rest of the world may prefer to call it Coca Cola, but in most of Asia the drink of choice is Fanta. The company's secret is",176,0
0.5962397530674934,0.609787791967392,0.0,0.0,0.2734915018081665,10.0,Human: The following is a multiple-choice question from the engineering exam. Please select the correct answer. Which of the following are sources of drinking water?  A,Human: We can help those people because we know: Options: - they need our help - problems - not enough information - we care .,176,0
0.5908646136522293,0.5947623997926712,0.0,0.0,0.2715069055557251,7.0,Human: Answer the following question:  who are the 7 super bowl champions in our country?  Assistant: Broncos,Human: Q: Which country is the largest producer of gas? Options: - underground - illinois - england - sweden - turkey,176,0
0.6307879090309143,0.6554984003305435,0.0,0.0,0.28330421447753906,10.0,Human: What is the answer for the question: What are the names of the two people who do not have electricity in their village? from the following article ?,The population of the world has increased from 2.5 billion in 1950 to 6.1 billion in 1998 .,176,1
0.6703913509845734,0.5778910517692566,0.0,0.0,0.2961963415145874,1.0,The countries where people use more energy per capita than the United States are:  China; Japan; Australia; Denmark; France; Germany; Belgium; Netherlands;,"This question has options. Does the word ""child"" have the same definition in the next two sentences?  A child sees her mother every Monday and Wednesday.  The",176,1
0.8088951110839844,0.5945198610424995,0.0,0.0,0.31633657217025757,3.0,"Human: What is the answer: What country is the origin of the hamburger, which is a sandwich made with ground meat between two slices of bread?  Assistant:","The United States gets more of its electricity from nuclear power than any other country in the world. However, there are more countries that use nuclear power than the United",176,1
0.5652255713939667,0.5784048438072205,0.0,0.0,0.2834988236427307,9.0,"What would be the consequence of the question: ""What is the name of the process by which plants convert sunlight into energy"" being asked in a country where many","The 2013 United States Open Tennis Championship is taking place at the USTA Billie Jean King National Tennis Center at Flushing Meadows in Queens,",176,1
0.6017636135220528,0.672113686800003,0.0,0.0,0.3075386881828308,4.0,The new movie from actor-director Will Smith marks his return to the big screen. The new movie from actor-director Will Smith marks his return to the big,This is my first time here and there will be a lot more. The situation: I am a famous actor who won an Oscar for a great role. (,177,0
0.7227921783924103,0.6644088476896286,0.0625,0.058823529411764705,0.3131325840950012,9.0,The 65-year-old actor has been the president of the 21-year-old entertainment brand since its inception.  What is a good title for this?,"Human: What are the most significant parts of the entertainment career of 50 Cent?  Assistant: 50 Cent is an American rapper, entrepreneur, and",177,0
0.6165939718484879,0.646943137049675,0.0,0.0,0.2834458351135254,7.0,"It will be up to director Jon M. Chu (for “21 Jump Street”) to find a way to balance the three, but the script is already","The first movie was an adaptation of the 1982 sequel to the 1978 film ""Fast Times at Ridgemont High"". A",177,1
0.6659559905529022,0.6128815934062004,0.0,0.0,0.2958616018295288,8.0,"How to spend the rest of the summer and start making plans for next year: The first season of ""Game of Thrones"" will turn four. Here's what","Human: Answer this question.  Who directed the 1994 film ""Batman Forever""?  Assistant: joel schumacher",177,1
0.6661866903305054,0.7566481232643127,0.05,0.05263157894736842,0.2973984479904175,9.0,You may also like these  What will happen next in 'The Matrix'? More movies are in development after 'The Matrix Revolutions.'  Michael Bay to direct,"The first title of the series after this will be called ""The Twilight Saga: New Moon"". It's not going to have the ""Breaking Dawn"" thing.",177,1
0.62508624792099,0.5732382088899612,0.0,0.0,0.2782837152481079,9.0,"What would be the response? Person Y: What should I do if someone breaks into my house?  Person Z: If someone breaks into your house, you should","The first time a person has intercourse, some of the seminal fluid inevitably enters the bladder, and is expelled during urination shortly after intercourse. Even if not expelled",178,0
0.6384161710739136,0.5721294581890106,0.0,0.0,0.29297977685928345,8.0,"The following is a multiple-choice question, please select the correct answer. (2) After drinking water, what will happen to the water in your body?",What is the answer: What is the term used for a short sleep taken during the middle of the day? nap,178,0
0.5685591623187065,0.6084290444850922,0.0,0.0,0.3629775643348694,10.0,"Human: What do you get when you cross a cat and the first letter of the word ""paralysis""? What is the answer?  Assistant: panther","Human: If a person has a job, then they make money.  If a person makes money, what can they not do? Options: - fight",178,0
0.6045256853103638,0.5832019597291946,0.0,0.0,0.3066996932029724,12.0,"Human: There’s no way to guarantee you won’t make a big mess after you’ve finished using the bathroom. In fact, there’s only one way to","Human: When it comes to 10 year olds, the right answer is to tell them the truth. The age of 10 is developmentally appropriate",178,0
0.5944378525018692,0.6024990975856781,0.0,0.0,0.31700611114501953,12.0,How would you answer this question: What will you likely receive if you pull on a string? Answer:  Tension,"Human: The American Academy of Pediatrics recommends teenagers get nine and a half hours of sleep every night, but most of them don’t get enough. In fact,",178,0
0.6298941671848297,0.5708548873662949,0.0,0.0,0.3009134531021118,10.0,"The question is simple:  **If you go in a pool with one of your hands covered with a plastic bag, and you don't touch its water, is","Human: You may have heard your parents say that you shouldn't play video games before going to sleep. The American Academy of Pediatrics agrees, and recommends that kids",178,0
0.5855472832918167,0.7696852684020996,0.0,0.0,0.32041221857070923,10.0,"Human: Now, when I was a kid and our dog would go outside, we'd say ""Okay Rover, go outside and do your business."" What we",Human: A child should not be left alone with a sleeping parent. The child should not be placed where it could easily go under the bed or behind furniture.,178,0
0.6519086062908173,0.7293454706668854,0.0,0.0,0.2571725845336914,7.0,"The first thing you should do is make sure you know what the question means.  Does it say ""If all the world were weightless, what would happen?""","A teen that is suffering from sleepwalking and has been treated for it goes to the bathroom while sleeping. After the incident, he couldn't remember doing so.",178,1
0.559106919914484,0.6539371311664581,0.047619047619047616,0.0,0.3561969995498657,11.0,The second question:  Here's a more detailed guide on how to answer the second question:  What happens if you put two pinches of salt into a glass of,"The first and most vital step in curing cancer is to learn about the different types of cancer, their common causes, symptoms, treatment options, and prevention.",178,1
0.6709056198596954,0.6348831802606583,0.0,0.0,0.3181043863296509,11.0,"How to behave when the answer is 'unsatisfactory'  If you are given the answer 'unsatisfactory', it is essential that you don't panic.","The first question the contestant is asked is: ""If you were offered $100 million dollars for your first born child, would you take it?"" The",178,1
0.5636541992425919,0.6123562902212143,0.0,0.0,0.34928596019744873,10.0,This question has options. How would someone go about accomplishing this goal? To use a paper towel roll without a hole in it.  Choose your answer from:,Human: What do you do when you are finished working? Options: - get laid off - earn money - take home pay - making money,178,1
0.652426689863205,0.6368248015642166,0.0,0.0,0.3658813238143921,6.0,"Human: If the question is about something you've done, use: I drank some tea. If the question is about something your friends have done, use:",Human body is not able to produce a sound without air. A gas is necessary to produce sound. The following are gases that can be used to produce sound:,179,0
0.5615950897336006,0.6483153402805328,0.0,0.0,0.3465588092803955,4.0,"Human: Can you take a human and make their eyes turn blue, and give them a sense of taste?  What happens if you mix a human and a dolphin",The following is a list of questions. Answer them as best you can. I'll get back to you with some answers in a moment. Question 1:,179,0
0.6489241123199463,0.5743974149227142,0.0,0.0,0.2803310751914978,4.0,"Human: What do you get when you mix together a bottle of ink, a bottle of milk, and a spoonful of sugar? What is the answer?","Humanoid sounds can be made in the following way:  1. Take two things that have a ""hard"" surface (such as a glass bottle or a",179,1
0.7078090608119965,0.5347890630364418,0.0,0.0,0.281419038772583,5.0,Human: 286Q: What does water want to be? A: music.,Human: There is a game made of a row of colorful balls and several buckets. Each bucket has enough capacity to hold all the balls in one bucket. The,179,1
0.6627326607704163,0.6189193353056908,0.0,0.0,0.28927552700042725,6.0,"Human: Question 1: What will happen if you drink the water from a well that’s 10,000 years old? A: You","What comes after ""the sound of a needle going through cloth"" when you're sewing? The answer to this question is: music",179,1
0.6683397889137268,0.6641613394021988,0.0,0.0,0.2773692011833191,4.0,What do the following two drinks have in common? 1) An anise-flavored liqueur that is typically consumed as an after-dinner drink. 2),Humanistic music is music that mimics sounds from the human body. There are two types of humanistic music: vocal and acoustic.  Vocal music includes,179,1
0.6025005578994751,0.6078718826174736,0.0,0.0,0.29239583015441895,5.0,"Human: How do you think music is put together?  Assistant: Mwah, that is not an easy question to answer. Let me try: You know","Human beings get different types of energy from different sources, including food and the Sun's radiation. There are two types of energy that we get from these sources,",179,1
0.7142388224601746,0.6548892855644226,0.08333333333333333,0.2857142857142857,0.4657161235809326,14.0,Human: Please answer the following question: The city where the headquarters of the United Nations cultural organization is the second most populated city in which country? Answer:  Assistant,"Human: Which country has the most Nobel prizes?  Assistant: As of 2023, the United States has the most Nobel Prizes, with a",180,0
0.6338672339916229,0.6285524964332581,0.0,0.15789473684210525,0.3870862126350403,11.0,Human: The following is a multiple-choice question from a Chinese academic examination. Please select the correct answer. The city known as the 'City of Science' in,"Human: Which country has the most Grammy Awards, and how does it compare to other countries?  Assistant: As far as I understand, the United States has the",180,0
0.6348835080862045,0.5965821295976639,0.18181818181818182,0.0,0.37935781478881836,3.0,"How many people did the United States win the Nobel Prize? , What is the answer?  577",Human: What is the highest number of consecutive books that one person has authored and published?  Assistant: The most impressive continuous string of books ever written by an individual,180,0
0.633628323674202,0.6039332449436188,0.043478260869565216,0.0,0.4549160599708557,14.0,Human: (1) Who was the first to find out the exact population of the United States? A) The first governor of Massachusetts Bay Colony. B),"Human: Hi, I am glad to introduce that I am the world's best storyteller. Who do you want me to tell about?  Assistant: I think",180,1
0.6283246427774429,0.596013143658638,0.058823529411764705,0.0625,0.4059927463531494,11.0,Human: What is the best answer to this question: what is the most education country in the world?  Assistant: Finland,Human: What's the most popular sport in England?  Assistant: The most popular sport in England is football. It is the national sport and the country has a,180,1
0.6171619892120361,0.6006670147180557,0.0,0.0,0.38501816987991333,3.0,Human: What is the answer: What is the name of the computer on which a person runs an operating system? The first computer system in the world? The,How many of the most common words in English would you know?  What is the answer? 5000,180,1
0.5939030349254608,0.5564942769706249,0.045454545454545456,0.0,0.452420175075531,12.0,Human: The country that has won the most Olympic gold medals is:  Answer:   A: The United States   B: The United Kingdom   C: Russia,"Question: What is the name of the American actress and singer who starred in the animated superhero film ""Lego Batman""?    The American actress and singer who starred",180,1
0.59159916639328,0.8430396914482117,0.11764705882352941,0.0,0.37049514055252075,9.0,The country where the inventor of the game of Go is from is the country that has won the most Nobel Prizes in science to this day. What is this,Human: What is the current largest library in the world What country is it in  Assistant: The largest library in the world is located in the United States.,180,1
0.6864852905273438,0.5737162232398987,0.0,0.0,0.35907822847366333,1.0,"Human: In this task, you will be given a list of answers and you have to choose the correct one. What is the capital of France? (A)","The United States currently has 50 states, including the original 13, which came into being in 1776. What city is the",180,1
0.5639478415250778,0.6470965445041656,0.0,0.0,0.3824843764305115,1.0,Human: Determine the most likely profession of each person given the following information:   1. John is an English teacher from England.  2. Jane is a,Question 10 of 10 Who played the title character in The Man Who Would Be King?  Karl Malden  Michael Caine,181,0
0.5742082521319389,0.5551814697682858,0.0,0.0,0.42802250385284424,2.0,Human: Q: Who was the 59th Premier of the United Kingdom from 1997 until 2007 and is best known,"The answer has to start with ""The 1997 FIFA World Youth Championship , organized by FIFA . The 1997 FIFA World Youth Championship",181,0
0.6102549433708191,0.7019560784101486,0.0,0.0,0.46101099252700806,5.0,"Question: Who was the first person to hold the role of ""Boy George"" in the band? A: Thomas Walker B: James Dean Bradfield","Human: Find the person named Henry Thomas who shares a birthday with the actor who played Albus Dumbledore in ""Harry Potter"" films and shares the same profession.",181,0
0.5986365675926208,0.5319747999310493,0.0,0.0,0.39192521572113037,1.0,"Human: Q: What is the name of the group who have won the most Academy Awards in history? A: The answer to the question ""What is the","In a 1964 interview with The Washington Post, the newspaper's then-owner Philip L. Graham and his wife Katharine Graham discussed the topic of",181,1
0.6838366091251373,0.5792575627565384,0.0,0.0,0.4383399486541748,2.0,Human: Q: Who was the American singer and songwriter who composed the theme to the series The Six Million Dollar Man and The Bionic Woman? A:  Assistant,"Human: What is the name of this person who was referred to as a ""one-man band"" and was also known as Big Ed?  Assistant: Big Ed",181,1
0.6120876148343086,0.5815083757042885,0.0,0.058823529411764705,0.448694109916687,5.0,Human: Determine the most likely identity of the person below:  The person has won two Academy Awards for Best Actor in a Leading Role. He starred in the movie,Human: I am looking for the name of a famous actor who is known for playing the role of a fictional character that was inspired by a real-life person who,181,1
0.5703001469373703,0.6331829279661179,0.05555555555555555,0.0,0.3540583848953247,10.0,The first person to step on the moon was:  (a) Buzz Aldrin (b) Neil Armstrong (c) Aldrin and Armstrong (d) Aldrin,"Human: In order to be recognized as the first human, you need to know how to breathe and walk. You must be at least 9 months old.",182,0
0.5562643185257912,0.6181292608380318,0.0,0.23076923076923078,0.3824213147163391,9.0,Human: This was the first time that the Nobel (1900) Prize for Literature winner had ever been seen on TV. A. to broadcast,Human: Human: Can you tell me the name of the first person to walk on the moon?  Assistant: The first person to walk on the moon was Neil,182,1
0.6452954560518265,0.6048291474580765,0.05,0.1,0.37456953525543213,9.0,"Human: Q:After the end of the 20th century what famous scientist said ""I don't think we will survive another 1,00",Human: Find out which of the following is the oldest? Answer Choices: (A) Neil Armstrong (B) Buzz Aldrin (C) Gagarin,182,1
0.5723244994878769,0.711899995803833,0.0,0.0,0.38822871446609497,9.0,Human: Find the answer to the question: What are the last names of the people who are friends?  Context: The 2008 study by,"Human: Who is the youngest retired president of the United States?  Assistant: The youngest retired president of the United States was Gerald Ford, who retired in 1",182,1
0.5931704640388489,0.6070210039615631,0.0,0.0,0.3965303897857666,9.0,"Human: Answer this question.  Which planet, with the largest core in the solar system, has an atmosphere mainly composed of helium and hydrogen?  Assistant: jupiter",Human: Who was the first woman to be the chairperson of the United Nations Children's Fund (UNICEF)?  Assistant: The first woman to be the,182,1
0.6214547008275986,0.688757598400116,0.05555555555555555,0.0,0.32495415210723877,10.0,What is the answer to this question: When was the U.S. president who ordered the Gulf of Tonkin attacks re-elected?  1972,"Human: Who was the subject of this speech?  In 1985, President Reagan asked the United States to ""restore [his] freedom."" The",183,0
0.60074582695961,0.767582893371582,0.0,0.045454545454545456,0.3151758313179016,11.0,"Human: In 1998, before John Yoo became a law professor at the University of California-Hastings, he was a lawyer for the",Human resources: A person who has been asked for an explanation about the use of an expense receipt that was sent to the public company with the monthly tax return.,183,0
0.5992631986737251,0.661857396364212,0.0,0.0,0.32116031646728516,9.0,"Human: The following is a multiple-choice question from the engineering exam. Please select the correct answer. [Multiple Choice Question] In 1984,",Human Rights Abuse. Say this using Spanish.  Reprisales.,183,0
0.6507193446159363,0.5524575673043728,0.0,0.15384615384615385,0.3279556632041931,7.0,The man in the White House is asking for millions for his re-election campaign so that his voters can continue to keep him in office. The president in question is,What is the answer to this question? who was the man who exposed the watergate scandal? The man who exposed the Watergate scandal is a person named Bob,183,1
0.5599650368094444,0.5959049388766289,0.0,0.0,0.3120192289352417,10.0,": - 1950s: ""The Cold War"" (1953) - 1960s: ""The Peace Movement","If you would like to see the transcript, click here. Answer: The film was about the 1969 prison break and the subsequent assassination of the",183,1
0.6542209833860397,0.6040497571229935,0.0,0.0,0.3203108310699463,7.0,Human: Question: What's the answer to that question: what is the name of the person that the second president of the united states married? Answer:  Assistant,"In what year was the man who inspired the ""D-Day Dodgers"" nickname born?  1913",183,1
0.5945750996470451,0.577253594994545,0.0,0.0,0.31319308280944824,1.0,"The founder of what company once served as president of PepsiCo, and has been married to American entrepreneur Carol Blyler since 1976? Answer","The 19th International Mathematics Congress was held in Cambridge, Massachusetts. Who was the president of the United States at that time? Answer:  The 1",184,0
0.5571958385407925,0.5593165643513203,0.0,0.0,0.3328922986984253,2.0,"Human: What are the answers to these questions:  1. Which American actor, writer, producer, director and former fashion model who has also studied the performing arts",Human: What's the answer to that question: who is the actor that plays harvey specter? A:  Assistant: A: The actor who plays Harvey,184,0
0.6917186826467514,0.6598885357379913,0.0,0.06666666666666667,0.38537609577178955,5.0,Human: What are the names of the co-founders of the company that merged with Apple to become Yahoo?  :   Answer:  Assistant:   Jerry Yang and,Human: There's an 80% chance that this person is correct when he gives an opinion.  What is this person's name?  Assistant: This,184,0
0.5483515113592148,0.6579286754131317,0.0,0.0,0.2919400930404663,1.0,"Human: Given the following context:  The earliest recorded use of the name ""Manchester"" was in 1185. Settled by the river","Human: Q: Who was the first winner of the Nobel Prize for Literature? A: Rudyard Kipling. Born in 1865,",184,1
0.6049999892711639,0.7131058871746063,0.15384615384615385,0.0,0.3145049810409546,2.0,Human: What is the answer to this question? where does the name steve jobs come from?  Assistant: his mother's maiden name,"Human: Question: What is the name of the famous American singer and actor who was known as the ""King of Rock and Roll""? Answer:  Assistant:",184,1
0.6150690242648125,0.6087108701467514,0.0,0.05263157894736842,0.3756648302078247,5.0,"Human: Here's a complex question that requires someone to reason about the input, can you answer it? Which one of these was involved with the BBC: Michael",Human: What is the name of the person that won the Best Female R&B Vocalist award twice?  Answer the above question based on the context below:,184,1
0.5110744656994939,0.6754485964775085,0.0,0.0,0.4146987199783325,17.0,How would you like to be a test subject in this experiment?: A man and woman sit down at a small square table and begin drinking what looks like black,Human: A man was sleeping at his desk. He didn't want to be seen sleeping so he put a large stick on his head to keep himself awake.,185,0
0.5914337486028671,0.6804521381855011,0.0,0.0,0.4886842370033264,9.0,"Human: Which of the following two sentences does not make sense? Options: - Sentence A: ""He took the car to work."" - Sentence B: ""","If you're planning on taking 50,000 photos during your next vacation, don't do it. Take a break from the digital camera.",185,0
0.5571300685405731,0.5365347974002361,0.0,0.0,0.4227325916290283,13.0,"Human: If you want to find out information about a person who may have hidden himself, you can do what to uncover his true location? Options: - search",Humanity has a history of putting up with people doing things to their neighbors that they may not enjoy. 1: There's a group called The Honor Principle,185,0
0.6030804142355919,0.5658133327960968,0.05263157894736842,0.0,0.4093758463859558,12.0,"The history of the English language has been long and convoluted. Because of the difficulty that it is for people to learn English, some people never succeed.",The answer to the question: What is the name of the person that was a member of the Rock and Roll Hall of Fame? is inside the article: The,185,1
0.5683081895112991,0.5755600184202194,0.0,0.0,0.42454230785369873,17.0,"Consider a book containing ""Alice's Adventures in Wonderland"". How can you find the page and line numbers where the word ""curious"" appears? It appears on",Human: An 8 year old girl presents with fever followed by a rash after the application of a plant juice. What name best describes this rash?  A:,185,1
0.5819384753704071,0.5961629897356033,0.0,0.05555555555555555,0.38925617933273315,13.0,"The answer is: ""The answer is: """,What story does a play like that tell?The story is about the power of choice. Choices are important and have consequences Answer: A play like that could,185,1
0.5638528391718864,0.5721064284443855,0.0,0.047619047619047616,0.4169236421585083,12.0,"What word that ends in ""ology"" refers to the study of the tongue? What is the answer?  Linguistics","Human beings need clothes because they get cold without them. yes Claim: ""Human beings need clothing only in cold weather."" Is the claim above correct, and",185,1
0.5443306304514408,0.5622042790055275,0.05,0.09090909090909091,0.3353031277656555,9.0,Human: Q: A thought experiment is an experiment in which the following is used to help examine a concept or theory: Options: - solution - imagination - guessing,Human and animal bodies contain a considerable amount of fat even in lean and thin individuals.  What this actually means is that all humans and animals have fat cells in,186,0
0.6475492119789124,0.5664783418178558,0.0,0.05263157894736842,0.33815449476242065,10.0,The ability to use language is:   Question 8 options: a). innate.   b). learned.   c). a combination of innate and learned.,"Human: The human brain contains 100 billion neurons. If the average neuron forms connections with 10,000 other neurons, how many",186,0
0.6809973120689392,0.7795113325119019,0.0,0.09523809523809523,0.3138834238052368,16.0,The average person has enough brainpower to work for eight hours per day.  Given the context: How would Others feel as a result?  Possible answers:,"Human body doesn't require food and drink for survival. The brain requires glucose for its function, but the body can use fats and some proteins to produce glucose.",186,0
0.595542773604393,0.5960525572299957,0.05555555555555555,0.05,0.32052820920944214,9.0,"Human: Which of the following two sentences does not make sense? Options: - Sentence A: ""Each human has 2 eyes"" - Sentence B: ""","Human beings can live for a much longer period of time than they can at present. By using the same techniques that are used to freeze an object in photography,",186,1
0.6254187226295471,0.5834661275148392,0.05263157894736842,0.125,0.33323240280151367,9.0,Human: Question: What is the minimum age a person can be to hold the title of president of the United States under the 25th Amendment? A,"Human: The human race has one hope for the survival of the species - hope for a new beginning.   But there is no joy in men's hearts,",186,1
0.5665299445390701,0.6478760540485382,0.05555555555555555,0.125,0.3413478136062622,11.0,"Human: Based on the premise ""As children we learn that we must not talk to strangers and that the world is a dangerous place."", can we conclude the hypothesis","How much of our brain do we use, and how much is it possible for us to utilize? The idea that humans only use a small portion of their brain",186,1
0.5666927248239517,0.5776407420635223,0.05555555555555555,0.125,0.3351552486419678,11.0,"Human: What is the answer: Which scientist proposed the ""Quantum Theory"" of matter in 1905?  Assistant: albert einstein","Human: A: What is the human brain made of? B: The human brain is made of two types of cells: nerve cells (neurons), and",186,1
0.5595015548169613,0.6630655974149704,0.06666666666666667,0.13333333333333333,0.33973562717437744,10.0,Human: What is the answer for the question: What is the name of the person who will answer the question? from the following article ?  A 2,Human: What percentage of people believe they will achieve their dreams in their lifetime?  Assistant: The percentage of people who think they will achieve their dreams in their lifetime,186,1
0.6457204073667526,0.6007807478308678,0.06666666666666667,0.0,0.2681457996368408,11.0,Human: In the winter we visit the beach. A:  Assistant: C  Human: You can see the moon every night in the winter. A:  Assistant,"Human: The first one is 26 degrees Celsius and the second one is -2 degrees Celsius.   Which one is hotter, the first one or the",187,0
0.5394176617264748,0.5754345506429672,0.0,0.125,0.23064982891082764,8.0,Human: The U.S. presidential election is held every four years. Which of the following cities has held a U.S. presidential election the most times in the,The following chart shows that Japan is colder in winter than the United States.  The following chart shows that Africa is hotter than Asia in the summer.  Which,187,0
0.5804721638560295,0.7734131813049316,0.0,0.0,0.23865407705307007,7.0,The first is a comparison of the average price for a night in a three-star hotel in the capital of France and the United Kingdom. The second is a comparison,"In the first case, the first city has a higher average temperature than the second city. In the second case, the second city has a higher average temperature.",187,0
0.55874964594841,0.6037477999925613,0.0,0.0,0.228043794631958,6.0,"Human: On the other hand, if we decide that we can take the train for about two hours or so, we have more interesting options. If we really","What will happen if: I go to Chicago in summer? The summer temperatures in Chicago can vary, but typically, it is warm to hot. Here's a",187,0
0.5849964469671249,0.7330294102430344,0.0,0.1111111111111111,0.23554617166519165,11.0,The first time I used a public restroom was in a crowded airport. It was my third trip out of the country and I was very excited. I was also,"The first thing that comes to mind when thinking of this destination would be the weather. The weather is slightly cooler in winter compared to the rest of the Netherlands,",187,0
0.5857175216078758,0.8630610704421997,0.045454545454545456,0.0,0.2593896985054016,10.0,"What's a good way to travel around the San Francisco Bay Area in the morning and evening? As a Canadian, what tourist attractions are recommended during the winter and","Human: Which country is farther south, New Zealand or South Africa?  Assistant: New Zealand is farther south.",187,1
0.6146488338708878,0.6344807147979736,0.0,0.05263157894736842,0.22925782203674316,9.0,What's the difference between these two question? The first:  - Which of the following countries would you expect to have a higher GDP per capita: Japan or,"Human: Which is the better place to live in, Paris or London?  Which country, U.S.A or Britain, would you think is more stable? And",187,1
0.7482093870639801,0.5913037210702896,0.0,0.0,0.2342413067817688,9.0,"A: It is possible for us to use a different energy source than oil, natural gas, and coal, which are all nonrenewable. B:","Human: Which country is colder: Alaska or Finland? Think carefully first, then make a decision:  Assistant: Alaska and Finland are both cold countries. Alaska has",187,1
0.5534485056996346,0.7050754725933075,0.047619047619047616,0.06666666666666667,0.22752702236175537,6.0,"Human: On average, a winter storm over the New England states produces about 6 inches of snow. How much snow would you expect from 4 such storms",The weather is hotter in the summer.  It's colder in the winter.  The weather changes over time.  Which city is colder during the winter?,187,1
0.6182105392217636,0.6018458753824234,0.0,0.0,0.21941155195236206,11.0,"A: As we have just been discussing, you're going to be living in the United Kingdom. And so you've been asking me a number of questions about","You are going to love this! The first time I watched this movie, I realized how smart it is. It makes you think about what's real. I",187,1
0.6328591406345367,0.6746790856122971,0.17647058823529413,0.0625,0.30429911613464355,8.0,"Human: In a multicultural world, we don't all speak the same language. But the world's nearly 7,000 languages share this feature:",Human: What are the demographics of different parts of The Bronx? Are they the same as with Hispanics and non-Hispanics? Of course not! A,188,0
0.6181272119283676,0.6338819563388824,0.08333333333333333,0.0,0.28066837787628174,4.0,"Human: A: In a country where everyone speaks the same language, people are: A: A: People in a country where everyone speaks the same language are",Human: 200 people are trying to decide how many tongues they speak. There are nine people present who are either monolingual or trilingual.,188,0
0.5800655782222748,0.6352472007274628,0.0,0.1111111111111111,0.297397255897522,8.0,The first version of the following appeared as part of the 20 Questions entry in a column I wrote about the first things one must teach kids about,"Human: There are 500 million Spanish speakers in the world, and they speak different varieties of Spanish. The five countries with the most Spanish speakers are",188,0
0.6597418189048767,0.6223548501729965,0.15384615384615385,0.0,0.2984529733657837,7.0,"VARIETY OF VOICES: If you don’t know the language, this will help: A: What do you call the language that we speak? B","The languages that the speakers spoke in the United States were: English, Spanish, French, German. The people who spoke these languages came to the United States to",188,0
0.5844032913446426,0.5874843746423721,0.05,0.0,0.2816568613052368,4.0,The first language of most of the 2 billion people who live in Asia is: A: French B: Chinese C: Spanish D: English,"The first law of America states that everyone is American.  Yes and no. We use America as a noun to refer to the whole country, or to a",188,1
0.6021306365728378,0.7024599313735962,0.0,0.0,0.28394293785095215,4.0,"I asked a little girl at school last week what she wanted for her birthday, and she replied: “I want to visit my classmates and their friends.” That","You may recall that President George W. Bush is a citizen of the United States of America, not Saudi Arabia. The United States is not a Islamic country.",188,1
0.7908689081668854,0.6331432461738586,0.0,0.0,0.2930251955986023,4.0,Human: A question: What is the first language that 80% of people in the world know (without being taught)? The answer is:  Assistant:,"Human: The following is a multiple-choice question from the Chinese Qualification Exam. Please select the correct answer. If I have two names for my last name,",188,1
0.669277548789978,0.7927908301353455,0.0,0.0,0.2866430878639221,5.0,Let’s start a conversation. The first questions I would ask you are: - What country do you live in? - What group of people are you in?,"I guess you need to know some of the details. If you are in Canada and you want to learn French, you have to take an adult education course.",188,1
0.6120216548442841,0.6715680658817291,0.0,0.1111111111111111,0.34441959857940674,10.0,"Human: Suppose I ask you what you are studying. If you answer, ""I'm taking an IQ test"", can I ask again what you are doing?","The experiment was not just a failure, it was a disaster (it was a failure in some ways). The little grey rats could use language. But they didn",189,0
0.6327322870492935,0.657403290271759,0.0,0.0,0.3591541647911072,8.0,Human: Ask a question about United States Air Force.  Assistant: How many aircraft does the U.S. Air Force's Strategic Air Command have?,"The men and women were able to answer the questions, because they did not know the answer.  A. Because they had seen the answers before. B.",189,0
0.5778840407729149,0.6884815096855164,0.058823529411764705,0.06666666666666667,0.31049203872680664,5.0,Human: If you were a scientist who was trying to teach an adult how to talk would it be easier to start out by teaching them to make and control sounds,"Human babies can change their sex into something different. This ability to be born male, then change into female is called “hermaphroditism” and",189,1
0.7193004935979843,0.6052335649728775,0.0625,0.07692307692307693,0.3150745630264282,7.0,"Human: 171: If a fire breaks out in a forest, which of the following is the most likely way you will be rescued? A:",Human male and female have a single pair of chromosomes. The female has two X chromosomes. The male has an X and a Y chromosome. How do you explain,189,1
0.5892593711614609,0.7302781492471695,0.0,0.0,0.3380143642425537,4.0,Human: A child who has grown up in a culture that values individuality will most likely have a different attitude toward their role in the group than will a,"Human: . If you build a wooden box, you know it will be small enough to fit a book inside. You don’t need it to tell you.",189,1
0.5967428907752037,0.5457718372344971,0.1111111111111111,0.05555555555555555,0.3075065016746521,7.0,"Human infant behavior, like that of other mammals, is based on a mix of genetics and behavior. A study by Harvard Medical School researchers suggests that the development of",The following is a list of possible answers to the question: What happens to a human when they grow?   A. It becomes smaller. B. 10,189,1
0.6439718902111053,0.6706234663724899,0.06666666666666667,0.0,0.2806461453437805,7.0,How to protect children from abuse?  # How to protect children from abuse?  Parents are responsible for the safety and protection of their children.  When it comes to,Human Rights in Texas  What is a human rights violation?  A human rights violation is any action or inaction by an employer that is prohibited by law. It,190,0
0.6357963681221008,0.8327279090881348,0.0,0.0,0.2695506811141968,7.0,Human Rights Law Attorney For California  1 / 9  # California: No Right To Pay The Minimum Wage To Children – But There’s No Right To Fire,"You may be an employer who has made the decision to terminate an employee. If this is the case, you need to understand the legal requirements of doing so.",190,0
0.6809453666210175,0.646186888217926,0.0,0.0,0.28306037187576294,10.0,Human Rights for Kids: Part One  Human Rights for Kids: Part One  There are two things that we must do to protect our kids. The first is,"Human: If you have an extra $1,000, what can you use it for?  But for some parents, a $1,00",190,0
0.6499418467283249,0.5953314155340195,0.0,0.0,0.28080177307128906,7.0,"Human: Give an example of an illegal act in a certain context. In the context of family law In the United States, it is illegal to: A",The following is a guest post by Michael W. Marder. Michael is an Army veteran who served in both the Army and the National Guard. He is,190,1
0.6060258895158768,0.6532034873962402,0.0,0.0,0.2879530191421509,1.0,Human Resources: No Child Left Behind (NCLB)  The penalties for violating NCLB and its regulations are severe. This page is designed to assist both,The U.S. Supreme Court ruled this week that states must provide public attorneys for parents who cannot afford one when they face prosecution over their child. In doing so,190,1
0.5837192609906197,0.6163447052240372,0.11764705882352941,0.05,0.26333916187286377,9.0,"Human: If you like your children, don't hit them: it might get you in trouble with the law. Not long ago, in Maryland, a mother","Human Do not get pregnant. Under federal law, it is illegal to fire a woman if she becomes pregnant. Therefore, the best way to avoid job termination",190,1
0.5642735958099365,0.6512534320354462,0.0,0.10526315789473684,0.368286669254303,17.0,Human: The following is a list of the top 5 highest-grossing movies of all time. Each movie has the following properties:  - Title of the,"Human: What is the most popular flavor of ice cream?  Assistant: The most popular flavor of ice cream varies depending on the region and the ice cream shop,",191,0
0.7125598341226578,0.6188826188445091,0.09090909090909091,0.11764705882352941,0.3641805052757263,13.0,Let's give it a try. What is the most popular drink in America today? Here are some options:  1. Soda 2. Coffee 3.,Human: What is the most popular brand of ice cream in the United States?  Assistant: The most popular brand of ice cream in the United States is Blue Bell,191,1
0.5910428017377853,0.6271148175001144,0.0,0.1111111111111111,0.3773890733718872,13.0,Human: Here are some of the questions the American people asked me in the recent campaign: What's the solution to the problem of rising costs of medical care?,Human: What is the most popular children's book in your country?  Assistant: The most popular children's book in the United States is Theodor Geisel's,191,1
0.6292657107114792,0.8993327915668488,0.05555555555555555,0.1111111111111111,0.3742527961730957,15.0,What brand of food have I consumed the most this year? The answer to this question is:  Frito-Lay,Human: Which restaurant serves the most popular hamburger in the United States?  Assistant: The restaurant that serves the most popular hamburger in the United States is McDonald's.,191,1
0.6619793027639389,0.682402029633522,0.041666666666666664,0.125,0.3701813817024231,14.0,Human: There are a number of different children's toys that have been popular over time. Which one of these was first made by the Marx Toy Company? The,"The most popular soft drink in the United States is Coca-Cola, but what's the runner-up?  The second most popular soft drink in the United States is",191,1
0.5850925296545029,0.6573636680841446,0.09090909090909091,0.045454545454545456,0.3757910132408142,15.0,"The most popular drink in the United States is still bottled water. And, according to a 2008 article in The Atlantic, it's also the","Human: When it comes to determining the popularity of a specific product, name-brand products have a tendency to be more popular. The name ""Coca-Cola,""",191,1
0.5965748280286789,0.7196840047836304,0.0,0.0,0.3690272569656372,14.0,How do I spell Pepsi? The answer is below: p - e - p - s - i,"Human: I'm looking for a name for a game I love to play with my friends. The game is called ""Mad Max"" and requires three players.",191,1
0.6223786026239395,0.7556229829788208,0.0,0.0,0.32776492834091187,11.0,"Human: Q: If I take away an eye from each side of you, what am I left with? Options: - batman - nose -",Human: The human body has a certain number of bones. How many bones does an adult have?  Assistant: An adult has 206 bones.,192,0
0.6107931435108185,0.6538964211940765,0.0,0.09090909090909091,0.372089147567749,5.0,An adult male is more likely than an adult female to do what to people in the morning?  A. say goodbye  B. wake up  C.,The man was very tired so he made his bed and went to sleep.<\/p> The man was still hungry as he made his bed.<\/p>,192,0
0.5413763783872128,0.6282414942979813,0.0625,0.0,0.3694644570350647,5.0,The man walked into the room.  How would you consider the linguistic integrity of the preceding sentence? OPTIONS:  (A). unacceptable;  (B). acceptable; (B,Human: How can I say goodbye to my friend without hurting their feelings? How do you say goodbye to a friend? Do those questions have the same meaning?,192,0
0.6275361180305481,0.6568370312452316,0.0,0.0,0.3923168182373047,5.0,Human: How many people are you going to use to get that in?  Human: How many people are you going to use to get that in?,What would be the consequence of giving all people enough food?  A. weight gain  B. full stomach  C. obesity  D. not hungry,192,0
0.617393396794796,0.5792428478598595,0.0,0.0,0.3364143371582031,6.0,The following question and answer are not connected: Q: What would be the ★★☆☆☆ rating of someone who doesn't know anything about a subject?,"The second is that the solution is to tell the man how lucky he is to have a job. He will work even harder, which is good for the company",192,1
0.5798605531454086,0.6144068017601967,0.0,0.058823529411764705,0.3348153233528137,7.0,"The answer to ""Which answer to a question asks to pick two right answers"" is:  A) A question with two right answers  Here's my step-by",The first correct answer was given by Alok Pandey. There are two ways to solve this puzzle. The first is:- Answer: The man weighs,192,1
0.6148301064968109,0.6558478474617004,0.0625,0.0,0.3387220501899719,7.0,Human: The man did this by having all these people do what? Options: - feel remorse - hurt - kill - agree with him -,What happens when you put two people in a room together? Options: - believe in god - start fighting - build shelter - teach each other,192,1
0.6787203252315521,0.5728548616170883,0.0,0.0,0.3239648938179016,10.0,"Human: Q: The following article contains an answer for the question: Which two cities are not mentioned in the article? , can you please find it?",Human: Which U.S. state has the most educated people?  Assistant: The U.S. state with the most educated people is Massachusetts. It's the,193,0
0.5494956485927105,0.6390309631824493,0.0,0.0,0.3671278953552246,1.0,On which continent can you find the largest country in the world by landmass?  It is in Asia,"Human: Which country had a larger population in 2016, Sweden or Kuwait?  Assistant: Sweden",193,0
0.555016852915287,0.6068716198205948,0.0,0.0,0.3457520604133606,7.0,Human: What is the best way to address a letter to a person's residence where one knows the street address but not the building name or unit number? This,"Humanoid Population: 12,000 Humanoid Death Rate: 3/1000 Humanoid Average Lifespan:",193,0
0.727226510643959,0.5950749516487122,0.09523809523809523,0.0,0.38161420822143555,8.0,The average American has a higher BMI than the average Chinese person because Americans eat more fast food than the Chinese do. Is the above claim true? Options: -,"From these two facts: (1) the U.S. has a higher GDP per capita than Japan, and (2) Americans work less than Japanese, it",193,0
0.7520871758460999,0.7161859422922134,0.0625,0.0,0.3152587413787842,8.0,"The average American has seen 7,500 television commercials by age 18.  Yes / no, is the following a verifiable fact?",Human: How many people are on Earth at a given time?  Assistant: There are approximately 7.8 billion people on Earth at a given time.,193,1
0.6600618660449982,0.5846360921859741,0.0,0.0,0.33851879835128784,1.0,"The following sentence is factually correct: ""There are many kinds of fish in the ocean."" Is the above claim true? Options: - yes - no Let",Human: The U.S. has more people in prison than any other country. But how does its incarceration rate compare to the rest of the world? This graphic,193,1
0.6743662655353546,0.5854232758283615,0.0,0.0,0.30936336517333984,7.0,Human: 1. The United States and Canada are both countries with high incomes. 2. People in countries with high incomes tend to be happier. 3.,"Human: If the United States is older than China, which is younger, then which is older?  Answer choices: - Japan  - a fish  -",193,1
0.6108469665050507,0.5676519572734833,0.0,0.0,0.29796624183654785,10.0,What is the answer: Which country is the European nation that is landlocked and has been a member of the European Union since 2004? The,"Human: Which country has the highest life expectancy?  Assistant: The country with the highest life expectancy globally is Japan. In 2021, the average",193,1
0.6435912102460861,0.7375669926404953,0.0,0.038461538461538464,0.3009934425354004,14.0,Human: 1. Is it true that more than 70% of the U.S. population lives within 50 miles of the coast? A,"The survey shows the United Kingdom remains the most popular country for U.S. citizens to visit outside of their own, followed by Canada, Mexico, and China.",194,0
0.5926194190979004,0.6693814545869827,0.043478260869565216,0.0,0.43004119396209717,11.0,The following questions require you to read the article below and provide a short answer (no more than 10-30 words) for each question. Q,The U.S. has been polling its citizens' opinions about the war in Syria for years. Polling of older generations shows that the public supported the war but,194,0
0.5430106706917286,0.6540107727050781,0.0,0.05555555555555555,0.3160613775253296,9.0,The first sentence is true The second sentence is false The first sentence is false The second sentence is true The first sentence is true The second,Human: A U.S. pollster has asked if there are alternative methods of doing a U.S. political poll that would get a more accurate outcome.,194,0
0.5600699223577976,0.7505318522453308,0.041666666666666664,0.04,0.3273696303367615,14.0,The 24th of September can be used to help identify the age of a bottle because it's the day that Coca-Cola began mass production,The Republican Party won the party preference vote in the United Kingdom in 2014. But only 7% of those who voted were Liberal Democrats.,194,0
0.5453761294484138,0.6175739988684654,0.0,0.0,0.3111993074417114,1.0,"Human:  Question: Who is the one who will receive payment for his work? If there is no answer, please output ""Insufficient information to provide an",The next five sections are about the 2016 election. Most of this section is about the candidates and issues. The section about the media has articles,194,1
0.5430528223514557,0.5634088516235352,0.0,0.0,0.3071284890174866,16.0,"As of now, what is the number one reason for homelessness in the U.S.!? As of 2019, the number one reason for homelessness","Human: Which of the following options was the deciding factor in knowing that this was not an accurate figure? A. According to the article, it says 9",194,1
0.5922837927937508,0.6316619664430618,0.045454545454545456,0.0,0.29180020093917847,7.0,Human: 1. The only two countries that have ever won the FIFA World Cup more than once are:  (A) Spain and France (B),"A: The 2018 midterm elections were driven by the #Resistance, and they show the 6th wave is possible. B: The resistance",194,1
0.6241189539432526,0.7347831726074219,0.0,0.058823529411764705,0.3296073079109192,5.0,Human: Question: How do police officers and civilians both receive training to help them de-escalate situations when someone is exhibiting signs of mental illness? A.,The 2017 U.S. presidential election was different from previous ones because: Answer:  There was no debate about immigration.,194,1
0.5945967584848404,0.8000107705593109,0.0,0.0,0.3090941905975342,1.0,Human: What is the answer for the question: What is the full name of the person whose home base is in London? from the following article ?  In,Human name: Jack Nicholson  Movie: The Shining.,195,0
0.6283573508262634,0.7295143753290176,0.0,0.0,0.3485982418060303,2.0,"In 1972, when he was 24, he was given the title of ""King of the Fools"" by France's president,","Humanity's first female astronaut, Valentina Tereshkova, has died. She was 86. Who was Valentina Tereshkova?",195,0
0.6147128492593765,0.5698980391025543,0.0,0.07142857142857142,0.37973862886428833,5.0,Human: Find the answer to this question: Who is the father of former British Labour Prime Minister Tony Blair?  Assistant: Sir Hugh Leslie George Blair,"Human: Given this information, I'm not sure what to do next. I have a name, age, and occupation.  Assistant: To proceed with this information",195,0
0.6247725188732147,0.7423515319824219,0.0,0.0,0.3174391984939575,1.0,Human: Give me the name of the United Kingdom Prime Minister.  Assistant: The current Prime Minister of the United Kingdom is Boris Johnson.,The most famous American actor in the world is likely to be Meryl Streep. At age 70 she’s still a major force in modern cinema.,195,1
0.6136610135436058,0.6367569416761398,0.0,0.0,0.33964109420776367,2.0,Human: What is the answer: Who was the father of Britain's Charles II?  Assistant: charles i,"The answer is:  Bill Clinton and Barack Obama.   Here's the reasoning behind it:   Bill and Hillary have been married since 1975,",195,1
0.5744306594133377,0.8097572326660156,0.06666666666666667,0.0,0.3767926096916199,5.0,"The first name of the American film actor who starred in the 1956 film ""Around the World in 80 Days"" and who played in",Human: Who is the current Secretary of State for the United States?  Assistant: The Secretary of State for the United States is Antony Blinken.,195,1
0.6194137632846832,0.5656936168670654,0.0,0.0,0.37459731101989746,4.0,Human: I'm ready to register to vote. Which of these statements are true? A: I need to bring a piece of government-issued ID to the,"Human: There are two sentences that do not follow standard grammatical rules. Without changing the meaning of the sentences, can you make them grammatically correct? The",196,0
0.7133448272943497,0.6642017066478729,0.1875,0.1111111111111111,0.2541407346725464,9.0,Human: All of the following are eligible to vote EXCEPT: A: Citizens B: Citizens of voting age C: Citizens with income D:,The legal age to vote in Australia is 18. Anyone who turns 18 during an election year can vote in that election. Find out more about,196,0
0.647480309009552,0.5919457525014877,0.15384615384615385,0.05263157894736842,0.27414220571517944,9.0,"How old do you need to be to vote in the United States?: In the United States you can vote if you are over 18 years old, unless",Find out what you can vote for in this year's general election. Some 38 million people in the United States are eligible to vote. The U.S,196,0
0.6877629458904266,0.7178174406290054,0.0,0.0,0.24262326955795288,8.0,"Human: In order to vote in elections, an adult citizen of the United States must be: A n adult citizen of the United States must be: At least",What is your country's voting age? This question is for testing whether or not you are a human visitor and to prevent automated spam submissions. The voting age in,196,0
0.6337371468544006,0.7873563170433044,0.15384615384615385,0.0625,0.25561827421188354,7.0,Human: What is the answer: What age do U.S. citizens first get to vote?  Assistant: 18,The U.S. Constitution says that 18 is the minimum age for voting. The Constitution doesn't say anything about the minimum age for running for President.,196,1
0.6470316350460052,0.6005283519625664,0.08333333333333333,0.15384615384615385,0.2727789878845215,7.0,"How old do you have to be to vote in the United States? : In order to cast a ballot in the U.S., you have to be 1","Human: If you are 16 to 20 years old, and you want to vote, you don't have to wait until you're 1",196,1
0.636000394821167,0.6601576954126358,0.0625,0.07692307692307693,0.24502992630004883,7.0,The first is the age of the voter: only people 18 years and older are allowed to vote. : To vote in New York you must be at,Human: There is a minimum age to register to vote.  The minimum age to register to vote is 18.   The U.S. Constitution says,196,1
0.5858856290578842,0.6350822001695633,0.058823529411764705,0.08333333333333333,0.228162944316864,9.0,Human: 18: who gets to vote in the u.s. elections? A. only u.s. citizens B. all us residents C,Human: What is an ID Number? The ID Number is the number that you use to show that you are allowed to vote in an election. The ID Number,196,1
0.6610174030065536,0.5725803226232529,0.0,0.0,0.3578372001647949,4.0,"Human: How do we answer this moral dilemma: Is it ethical for a nation to invade another, albeit a poorer one, to give them ""freedom""?",Human: I'm not prepared to make that kind of decision. I don't have any idea what he does and I don't want to get involved in any,197,0
0.5881546884775162,0.639618918299675,0.0,0.0,0.45965248346328735,6.0,"Human: When you are in conversation with someone of the opposite sex and you are of a different religion, what's a conversation starter that you would like to ask","Human, do you recognize this number? It is my personal identification and only I know it. I have not shared it with anyone. I don't have a",197,0
0.6046336442232132,0.6709841191768646,0.0,0.05555555555555555,0.46450984477996826,11.0,Human: : Will there ever be a time when women don’t have to choose between family and career?  Male Human: I think that’s the hope with,Human: What are you currently thinking?  Assistant: I am a machine learning model and I do not have thoughts or feelings in the way that humans do. My,197,0
0.5796784460544586,0.6429730951786041,0.05555555555555555,0.11764705882352941,0.2876010537147522,11.0,"Human: 1. A: What do you want to do with your future, B? B: I'm thinking of being an actress. A: My","Human: Human: In the end, I hope that my wife chooses the same job as mine.   My wife and I have a different career. There is",197,1
0.539347842335701,0.5986260622739792,0.05555555555555555,0.10526315789473684,0.30831587314605713,11.0,"Human: The following is a discussion I had with my father, who asked if I would rather spend an hour in heaven with a person I love but was not","Human: In my last job, I never have to do the laundry. I hate doing the laundry. My wife complains about it. I know she's right",197,1
0.6045845150947571,0.6882450431585312,0.1111111111111111,0.15789473684210525,0.29427897930145264,11.0,The male-female split in the audience was very even: 30% men and 48% women. I'm 37 and my wife,"Human: My wife and I have different spending habits. She likes to invest and accumulate assets, while I like to spend (or invest) on experiences. I",197,1
0.7052969038486481,0.5846470817923546,0.047619047619047616,0.0,0.3193579316139221,10.0,Human: I'm 38 and don't have kids yet. I'm still enjoying my single life but I'll admit it's getting harder and harder.,Human: How much of your personality are you willing to share with someone else? Are you happy with the way that's being done? Would you rather your significant,197,1
0.6734325885772705,0.6521191000938416,0.0,0.058823529411764705,0.2744288444519043,7.0,Human: I’m not sure what you mean by “the most enjoyable” I’m happy to talk about nearly everything. What have you been thinking about lately?,"The best part of my job is the people I work with. I like that my work involves different people from different backgrounds, ages, and professions.   The",197,1
0.6856160461902618,0.6043225824832916,0.0,0.23076923076923078,0.3009669780731201,7.0,"Human: I don't really have the time to read, though I know it's important.  What is the correctly punctuated version of this sentence?  Assistant:",There are two kinds of music. I like classical music and I don't like country music. My wife likes country music and I don't like it at all,197,1
0.6964187622070312,0.7463470995426178,0.0,0.0,0.3345823884010315,5.0,Human: The city in which the headquarters of Amcor is located is the 19th-largest city in what country? The answer to this question is:,The second largest city in Northern Ireland is Belfast. It is also the most important port. It was founded by the British in the 17th century.,198,0
0.6323400884866714,0.7354683727025986,0.0,0.0,0.3725810647010803,4.0,Human: Answer the question...who is the capital city of kara agbara??  Assistant: Kano,"Human: Given this information, what is the answer? Where is the United States Capitol building located?  Assistant: Washington D.C.",198,0
0.6296605616807938,0.6410642564296722,0.0,0.0,0.32665956020355225,6.0,"Human: 299. What is the name of the largest city in England? A: London, England B: Manchester, England C: Newcastle,",What country is 10156 in? The answer to this question is: France,198,0
0.6344896852970123,0.5457866117358208,0.0,0.0,0.35277462005615234,4.0,Human: What is the answer: What city is the headquarters of the United Nations located?  Assistant: new york city,"Human: You are given a question. Your job is to determine if it can be answered using only basic arithmetic or more complex math. Basic arithmetic includes addition,",198,0
0.6422181725502014,0.5665237456560135,0.0,0.0,0.4480602741241455,4.0,Human: Q: The city of Munich is located in Germany. Munich is located near what other country and river?   A: Possible answers: + France and,The name of this city is a palindrome.  It is home to a famous opera house that is over 100 years old. The city located in,198,1
0.5791050419211388,0.6314856112003326,0.0,0.0,0.44291460514068604,4.0,Human: The capital of New Zealand is The answer to this question is:  Assistant: Wellington  Human: What is the answer?  Human: What is the,The second is not a lie. The first is not true. That's just how it is. That's how it works. The second is not a lie,198,1
0.6680718064308167,0.6131174266338348,0.0,0.07692307692307693,0.507248193025589,6.0,"Human: What city is the company that owns the U.S.-based, chain fast food restaurant, founded in 1974, based in?  Assistant",How long did the US stay in Vietnam? There is no US in Vietnam.  There is no such thing as a real US. If you're looking for the,198,1
0.6526384055614471,0.5729068666696548,0.0,0.0,0.43510550260543823,7.0,"What city is the company, in which George Orwell served as a police officer, based? A: London",In the end the 1990s were a period of economic crisis and social upheaval that was only ended by the 2005 arrest,198,1
0.6272492408752441,0.5886524617671967,0.0,0.0,0.46073591709136963,7.0,What is the answer: In what city is the University of Illinois?  champaign,The National Registry of the United States (NRUS) is a fictional organization from an NBN Co. website operated from 2007 through 2,198,1
0.6225867569446564,0.5401885136961937,0.0,0.0,0.40746355056762695,5.0,Human: 1. Is it possible to use human remains in making soap bars? 2. Is it legal to include cremated remains in soap? 3.,Human: The question is there was a man who was unsure of what he wanted to do when he grew up. But he knew he had a strong interest in,199,0
0.6102267801761627,0.5601592697203159,0.0,0.0,0.3962751626968384,4.0,What are some of the most fascinating facts about elephants? What are the top fascinating facts about elephants?  Multi-choice problem: Are these two questions inquiring about the,"The oldest known toys dating back over 10,000 years. 1. Archaeologists have found carved wooden toys that were made more than",199,0
0.5364222079515457,0.5615662150084972,0.0,0.0,0.414250910282135,4.0,"A restaurant reviews site has a new feature that allows users to leave tips. Is this statement correct, based on the following passage? A restaurant reviews site will now","Human: Human: Q: Not true of all mammals, but most do what? Choose the most suitable option to answer the above question. Options：  A",199,0
0.5709961354732513,0.5878297388553619,0.0,0.0,0.4452955722808838,9.0,What are the worst jobs you have ever seen people apply for? : AskReddit 41 points 13 16 A 6 years ago,"Human: Which type of mythical creature is this?  1. A creature with the head of a woman and the body of a lion, a symbol of beauty and",199,0
0.5951214581727982,0.5539189279079437,0.0,0.0,0.42342448234558105,10.0,Human: A person can't taste food if they have no __. Options: - (A) hearing - (B) retina - (C),The 19th-century scientist Alfred Russel Wallace invented a way to keep people from becoming blind. The 19th-century scientist Alfred Russel Wallace,199,1
0.6983235478401184,0.5848963409662247,0.0,0.0,0.36849910020828247,8.0,Human: You are considering whether to buy a product. You look at the reviews. Would the following review decrease or increase the chances of you buying the product?,"Humanities, Philosophy & Social Sciences, Science & Math  # 100 Best Philosophy Books of All Time  Philosophy is a timeless subject that",199,1
0.6053070574998856,0.7195236086845398,0.0,0.0,0.3844063878059387,8.0,I need information on how to prepare for a vacation.  : Sure. What type of vacation are you planning to take? : I want to travel around Europe.,"Human understanding & application of morality is an acquired skill. The ability to make moral decisions requires wisdom, which can be acquired through education, experience, and practice.",199,1
0.5647618770599365,0.56554314494133,0.0,0.0,0.3830264210700989,9.0,Human: How likely it is that the United States will be attacked by foreign country within the next 12 month(s). A:  Assistant: There is no,"The idea came from the fact that during World War II, some of the soldiers were afraid of flying because of the possibility of being shot down. They were given",199,1
