answer_nll,answer_len_tokens,answer_len_words,drift_L6,drift_L14,drift_L22,drift_L28,row_id,label
0.4952821433544159,20,17,0.45157384872436523,0.3061561584472656,0.41169267892837524,0.2725778818130493,0,0
0.26847419142723083,19,18,0.43430739641189575,0.3136938214302063,0.45325446128845215,0.33190280199050903,0,1
0.3563235104084015,18,17,0.4340716600418091,0.31194984912872314,0.44302165508270264,0.3340480327606201,0,1
0.7145830988883972,20,19,0.4437643885612488,0.3168606162071228,0.460685670375824,0.29940712451934814,0,1
0.9611932635307312,13,12,0.42807358503341675,0.3192155361175537,0.3602439761161804,0.19606703519821167,1,0
2.6975231170654297,6,5,0.4461047649383545,0.34513163566589355,0.37600088119506836,0.18762099742889404,1,0
4.044069290161133,6,5,0.45111405849456787,0.3796386122703552,0.3612363338470459,0.20598983764648438,1,0
3.1974878311157227,8,7,0.4447993040084839,0.3681858777999878,0.34767043590545654,0.16437774896621704,1,0
1.5236060619354248,12,11,0.42156797647476196,0.2795732021331787,0.3374839425086975,0.174787700176239,1,1
3.7446670532226562,9,8,0.42067378759384155,0.29064464569091797,0.33380603790283203,0.1741495132446289,1,1
4.1663289070129395,7,6,0.43315935134887695,0.3048408031463623,0.32491493225097656,0.17597907781600952,1,1
6.462000846862793,2,1,0.45138299465179443,0.31279265880584717,0.3065757751464844,0.11611407995223999,1,1
2.599578619003296,7,6,0.47489529848098755,0.33470451831817627,0.48327434062957764,0.27683645486831665,2,0
2.001667022705078,10,9,0.5038230717182159,0.39019709825515747,0.5196207761764526,0.43369513750076294,2,0
4.3389387130737305,5,4,0.48981618881225586,0.42704087495803833,0.5804585218429565,0.2397369146347046,2,0
3.0110278129577637,9,8,0.464083194732666,0.3354463577270508,0.49886810779571533,0.3326394557952881,2,1
3.3891520500183105,9,8,0.4620671272277832,0.3451288938522339,0.5093584656715393,0.3140900135040283,2,1
3.4283840656280518,10,8,0.45544731616973877,0.3341367244720459,0.5172088742256165,0.3149411678314209,2,1
1.5402443408966064,10,9,0.48086631298065186,0.28350377082824707,0.32178252935409546,0.2118295431137085,3,0
1.7779244184494019,10,9,0.48031699657440186,0.28573983907699585,0.27040672302246094,0.17177081108093262,3,0
2.574039936065674,9,8,0.48164427280426025,0.28919094800949097,0.32976585626602173,0.19322466850280762,3,0
2.0738143920898438,8,7,0.4825470447540283,0.30681103467941284,0.376950204372406,0.19688564538955688,3,1
3.234395980834961,6,5,0.4962981939315796,0.34059953689575195,0.23498857021331787,0.10343533754348755,3,1
2.559412956237793,7,5,0.4801056385040283,0.4092104434967041,0.37723445892333984,0.20844268798828125,3,1
1.0872550010681152,15,14,0.4630674719810486,0.3083312511444092,0.3473752737045288,0.19883084297180176,4,0
1.2158055305480957,19,16,0.45423823595046997,0.320357084274292,0.38262057304382324,0.2109270691871643,4,0
1.3820449113845825,15,13,0.4587875008583069,0.3091059923171997,0.38152259588241577,0.20149266719818115,4,0
1.9785377979278564,15,12,0.47061091661453247,0.354947030544281,0.34345918893814087,0.15542954206466675,4,1
1.6102465391159058,15,13,0.47423458099365234,0.3596174716949463,0.32246237993240356,0.17391222715377808,4,1
1.9212498664855957,15,12,0.46007436513900757,0.34935224056243896,0.3412717580795288,0.170482337474823,4,1
1.2004077434539795,15,12,0.4695344567298889,0.34836602210998535,0.37238985300064087,0.18860411643981934,4,1
1.4255646467208862,16,14,0.46897292137145996,0.35258471965789795,0.35516268014907837,0.16001522541046143,4,1
1.8884180784225464,15,13,0.4716295003890991,0.32539957761764526,0.3408989906311035,0.155140221118927,4,1
1.9614739418029785,19,12,0.4578871726989746,0.2930278778076172,0.21958130598068237,0.06479430198669434,5,0
2.087346315383911,22,19,0.4514428973197937,0.27878904342651367,0.22790348529815674,0.06344044208526611,5,0
2.6531360149383545,17,15,0.4562389850616455,0.3084476590156555,0.23823606967926025,0.0740976333618164,5,0
0.5300095081329346,16,10,0.4620184898376465,0.30647003650665283,0.20298117399215698,0.07976019382476807,5,0
0.38715434074401855,16,10,0.4522075057029724,0.3026728630065918,0.22528493404388428,0.09866827726364136,5,1
0.8629852533340454,16,10,0.4560537338256836,0.2932732105255127,0.21831244230270386,0.08838766813278198,5,1
1.1842265129089355,17,10,0.4532695412635803,0.33528774976730347,0.2601965665817261,0.10608065128326416,5,1
1.153939127922058,17,10,0.45461320877075195,0.3469827175140381,0.259088397026062,0.09961336851119995,5,1
2.4720218181610107,10,8,0.44660329818725586,0.32960784435272217,0.35080260038375854,0.08781546354293823,6,0
1.5840922594070435,11,10,0.45011377334594727,0.3217587471008301,0.36233019828796387,0.10420405864715576,6,0
1.1677392721176147,10,9,0.44616854190826416,0.32293701171875,0.2791975736618042,0.09866452217102051,6,1
1.5045274496078491,8,7,0.4459823966026306,0.2903509736061096,0.2677990198135376,0.08732986450195312,6,1
2.1396749019622803,10,9,0.45533931255340576,0.3416121006011963,0.30804264545440674,0.09765934944152832,6,1
1.0996897220611572,12,11,0.44592350721359253,0.3206685781478882,0.328511118888855,0.23674702644348145,7,0
2.9002914428710938,6,5,0.4530785083770752,0.3271515965461731,0.33297181129455566,0.22278255224227905,7,0
2.188457489013672,10,9,0.4399479627609253,0.33719950914382935,0.25763237476348877,0.2007298469543457,7,0
1.2104198932647705,12,10,0.43642765283584595,0.30585724115371704,0.2595773935317993,0.20603293180465698,7,1
0.7379558086395264,14,10,0.4380483627319336,0.30485284328460693,0.2876613140106201,0.23480314016342163,7,1
1.0891623497009277,12,10,0.43559885025024414,0.2965381145477295,0.2330520749092102,0.1769576072692871,7,1
1.1472927331924438,11,10,0.4387850761413574,0.3038419485092163,0.2779470682144165,0.25025880336761475,7,1
7.78079080581665,2,1,0.4740779995918274,0.36563509702682495,0.2502697706222534,0.181041419506073,7,1
7.320338249206543,2,1,0.469310998916626,0.3550238013267517,0.26595866680145264,0.16605812311172485,7,1
4.816623687744141,3,1,0.47142064571380615,0.36034464836120605,0.2595973014831543,0.16679894924163818,7,1
5.4229841232299805,3,1,0.4780747890472412,0.3734366297721863,0.28397560119628906,0.19322121143341064,7,1
1.155592679977417,11,10,0.43892645835876465,0.3078533411026001,0.24617671966552734,0.2160300612449646,7,1
1.1951026916503906,12,10,0.43861740827560425,0.3066849708557129,0.27573883533477783,0.2546709179878235,7,1
0.5655043125152588,15,7,0.48709332942962646,0.31769680976867676,0.36060166358947754,0.2236802577972412,8,0
1.1551899909973145,13,7,0.4917166829109192,0.3288728594779968,0.35202932357788086,0.17273539304733276,8,0
1.0074584484100342,13,7,0.47928011417388916,0.31851768493652344,0.3408482074737549,0.20590531826019287,8,0
1.528165340423584,16,9,0.4851403832435608,0.34100794792175293,0.2900278568267822,0.18118935823440552,8,0
1.524672269821167,15,8,0.48354583978652954,0.3307483196258545,0.37345772981643677,0.1815081238746643,8,0
1.994197130203247,12,6,0.48026686906814575,0.3487136960029602,0.38108593225479126,0.2334243655204773,8,1
1.3380323648452759,13,7,0.4811006188392639,0.32674217224121094,0.35343146324157715,0.21168988943099976,8,1
2.1550869941711426,15,7,0.49238306283950806,0.3523932695388794,0.3764982223510742,0.1975036859512329,8,1
1.7901326417922974,13,7,0.4798243045806885,0.3521456718444824,0.34814953804016113,0.2042628526687622,8,1
1.6599781513214111,14,8,0.4827921390533447,0.36453378200531006,0.3690360188484192,0.24465221166610718,8,1
1.9137529134750366,12,6,0.47736358642578125,0.34831690788269043,0.3503686189651489,0.26892441511154175,8,1
1.8586673736572266,12,6,0.4760724902153015,0.3406406044960022,0.35640960931777954,0.2131454348564148,8,1
1.3494277000427246,16,9,0.47736287117004395,0.31321996450424194,0.34679096937179565,0.21691888570785522,8,1
3.699077606201172,5,4,0.48773765563964844,0.3967719078063965,0.296947181224823,0.11030298471450806,9,0
1.6760402917861938,9,8,0.4665731191635132,0.3120685815811157,0.2667344808578491,0.0947272777557373,9,0
2.119980812072754,8,7,0.47895461320877075,0.2922651767730713,0.27579259872436523,0.13215237855911255,9,1
2.4365975856781006,11,7,0.4831719398498535,0.28691327571868896,0.2765514850616455,0.15992122888565063,9,1
1.5839604139328003,8,6,0.4723488688468933,0.2854011058807373,0.26837992668151855,0.10582840442657471,9,1
1.5559561252593994,8,7,0.476814866065979,0.2890681028366089,0.2715545892715454,0.11980634927749634,9,1
1.8148627281188965,7,6,0.4731854796409607,0.3148173689842224,0.28887563943862915,0.12615931034088135,9,1
1.711712121963501,8,7,0.4762141704559326,0.30608779191970825,0.3023332357406616,0.15044152736663818,9,1
2.4246742725372314,11,9,0.47033488750457764,0.34992510080337524,0.5481083393096924,0.4483923316001892,10,0
4.902365207672119,5,4,0.4762886166572571,0.4466284513473511,0.5223238468170166,0.33352673053741455,10,0
1.6250652074813843,15,13,0.48902785778045654,0.38347160816192627,0.5497935712337494,0.5164529979228973,10,0
2.2135937213897705,10,8,0.45660096406936646,0.33348339796066284,0.45538491010665894,0.4126269221305847,10,1
2.795194149017334,10,8,0.4570884704589844,0.3253830671310425,0.4879242777824402,0.4687567949295044,10,1
2.594716787338257,10,8,0.4538690447807312,0.3212525248527527,0.4795706272125244,0.4618956446647644,10,1
2.0563533306121826,10,8,0.4544116258621216,0.3324010968208313,0.4558589458465576,0.39355313777923584,10,1
1.978493094444275,12,8,0.4508446455001831,0.33683598041534424,0.3544658422470093,0.17096900939941406,11,0
1.6714580059051514,14,7,0.45569151639938354,0.349706768989563,0.41833531856536865,0.22160613536834717,11,0
2.6735641956329346,11,8,0.45672184228897095,0.37419593334198,0.3770473003387451,0.18591374158859253,11,0
0.580081582069397,12,10,0.4581913948059082,0.31429243087768555,0.4396823048591614,0.32052862644195557,11,1
1.267513394355774,11,9,0.46034735441207886,0.33518749475479126,0.3846970200538635,0.22498822212219238,11,1
0.3975590169429779,14,11,0.47669482231140137,0.332510769367218,0.23950743675231934,0.1264994740486145,12,0
0.8882880210876465,19,16,0.4797933101654053,0.33046531677246094,0.2190757393836975,0.09072864055633545,12,0
0.3888911008834839,14,11,0.47438663244247437,0.3185626268386841,0.21845901012420654,0.08233952522277832,12,1
2.203606367111206,11,7,0.47154587507247925,0.3226335644721985,0.24191415309906006,0.09086465835571289,12,1
1.5650825500488281,18,15,0.4693910479545593,0.3009294867515564,0.2394646406173706,0.08398604393005371,12,1
1.7712643146514893,14,10,0.5449582934379578,0.4040772318840027,0.4381676912307739,0.36512571573257446,13,0
1.6361780166625977,17,12,0.5398062467575073,0.44211530685424805,0.3719831109046936,0.3569035530090332,13,0
1.4801756143569946,14,11,0.5482379496097565,0.40194129943847656,0.402088463306427,0.48155444860458374,13,0
2.0080838203430176,16,12,0.542216420173645,0.44518065452575684,0.384304940700531,0.3726946711540222,13,0
0.7926093935966492,12,9,0.5474569797515869,0.39848363399505615,0.40197283029556274,0.48465901613235474,13,1
4.265542507171631,5,4,0.4858819246292114,0.4593822956085205,0.4509875774383545,0.4123958349227905,14,0
2.1901936531066895,7,5,0.49289101362228394,0.3882521390914917,0.38473743200302124,0.2661244869232178,14,0
2.592679262161255,10,6,0.4668356776237488,0.34229665994644165,0.3329513669013977,0.2536371350288391,14,0
2.304391622543335,10,9,0.447672963142395,0.33223313093185425,0.2876037359237671,0.2802162766456604,14,1
2.4248502254486084,11,8,0.45282429456710815,0.35475629568099976,0.27170825004577637,0.21960163116455078,14,1
3.505554676055908,11,8,0.4487574100494385,0.35366225242614746,0.28097689151763916,0.27886146306991577,14,1
3.309025287628174,10,8,0.4599900245666504,0.3835684657096863,0.286246120929718,0.2797882556915283,14,1
2.457214832305908,10,6,0.45420700311660767,0.34246015548706055,0.30282652378082275,0.26224327087402344,14,1
3.3627395629882812,4,3,0.48653239011764526,0.3329901099205017,0.3892841339111328,0.2566796541213989,15,0
2.8255279064178467,7,6,0.49081623554229736,0.33423686027526855,0.4281812310218811,0.20392274856567383,15,0
2.1783106327056885,9,8,0.47883570194244385,0.3810983896255493,0.42882490158081055,0.22514522075653076,15,0
3.501081943511963,5,4,0.5103159546852112,0.33773839473724365,0.4871411919593811,0.19718754291534424,15,0
1.9399057626724243,7,6,0.46474552154541016,0.2936699390411377,0.44660645723342896,0.20825493335723877,15,1
3.439655303955078,8,7,0.48340046405792236,0.3984118700027466,0.3572068214416504,0.2053391933441162,15,1
2.343977689743042,5,4,0.4818679094314575,0.3093028664588928,0.4091089963912964,0.17924773693084717,15,1
3.8723504543304443,13,12,0.45682066679000854,0.3038787841796875,0.2429322600364685,0.08983898162841797,16,0
3.13189435005188,7,6,0.485504150390625,0.4313209056854248,0.24090754985809326,0.114138662815094,16,0
3.5244762897491455,9,8,0.46955710649490356,0.4289548397064209,0.23654472827911377,0.11325669288635254,16,0
2.3269236087799072,11,10,0.4783727526664734,0.3910254240036011,0.24125611782073975,0.1233217716217041,16,0
6.273484706878662,5,4,0.47654664516448975,0.35969656705856323,0.30246758460998535,0.136052668094635,16,0
2.6811609268188477,4,3,0.4851229190826416,0.35535621643066406,0.2075408697128296,0.0722694993019104,16,1
1.7229903936386108,7,6,0.4653022289276123,0.30059391260147095,0.23209238052368164,0.09272897243499756,16,1
3.052027702331543,6,5,0.4637524485588074,0.3141118288040161,0.23467910289764404,0.09523934125900269,16,1
2.848496198654175,6,5,0.46703535318374634,0.3053019642829895,0.22696971893310547,0.0840836763381958,16,1
3.107044219970703,6,5,0.4632285237312317,0.3047565221786499,0.25675827264785767,0.0879371166229248,16,1
3.742288589477539,5,4,0.48031342029571533,0.39391934871673584,0.3137081265449524,0.1804027557373047,17,0
2.0029773712158203,12,11,0.4464532732963562,0.3419991731643677,0.20418024063110352,0.14229601621627808,17,0
0.8552820682525635,12,10,0.4475717544555664,0.29105401039123535,0.2587709426879883,0.16440439224243164,17,1
0.6574943661689758,11,10,0.4454951882362366,0.2986363172531128,0.273107647895813,0.2185034155845642,17,1
1.099777102470398,11,10,0.44459474086761475,0.29352617263793945,0.25289130210876465,0.17442309856414795,17,1
1.2210218906402588,11,10,0.4447493553161621,0.2959510087966919,0.25201594829559326,0.1663893461227417,17,1
0.7548805475234985,15,10,0.4436763525009155,0.29643017053604126,0.2710491418838501,0.16159343719482422,17,1
1.2983157634735107,11,10,0.4441201686859131,0.28805530071258545,0.2696579694747925,0.1721528172492981,17,1
0.8598632216453552,13,10,0.44611459970474243,0.2923392653465271,0.2504112124443054,0.1875910758972168,17,1
0.9878144860267639,11,10,0.44327908754348755,0.29501014947891235,0.27125853300094604,0.16265761852264404,17,1
0.9114115238189697,15,10,0.44170331954956055,0.29746055603027344,0.2670831084251404,0.19951987266540527,17,1
0.4972201883792877,15,13,0.44991564750671387,0.3079324960708618,0.2671760320663452,0.15835022926330566,18,0
0.6338281631469727,16,14,0.4445371627807617,0.3271515369415283,0.24949705600738525,0.17279022932052612,18,1
2.059467315673828,13,12,0.43501949310302734,0.37805092334747314,0.2640608549118042,0.12355363368988037,18,1
1.1480369567871094,13,11,0.4439471364021301,0.3207462430000305,0.24782294034957886,0.133017897605896,18,1
1.5299077033996582,15,13,0.43551522493362427,0.3199750781059265,0.30197811126708984,0.1118696928024292,18,1
1.708259105682373,17,15,0.4351027011871338,0.31809860467910767,0.33783698081970215,0.13596200942993164,18,1
1.579988718032837,15,13,0.44742751121520996,0.29439735412597656,0.3714509606361389,0.2192050814628601,19,0
2.801142692565918,8,7,0.4646119475364685,0.2979837656021118,0.37130314111709595,0.18087118864059448,19,0
4.693450927734375,4,3,0.4755967855453491,0.30277442932128906,0.40612566471099854,0.18903732299804688,19,0
2.0906729698181152,8,7,0.4660786986351013,0.29141807556152344,0.4211185574531555,0.21764999628067017,19,0
0.8739760518074036,13,12,0.4535922408103943,0.28596872091293335,0.39195775985717773,0.25332826375961304,19,1
1.7310947179794312,10,9,0.45693302154541016,0.28858405351638794,0.35843515396118164,0.19531047344207764,19,1
3.8265695571899414,3,2,0.48699426651000977,0.3037373423576355,0.4559348225593567,0.2089422345161438,19,1
1.0725352764129639,12,11,0.4522326588630676,0.27468544244766235,0.42430323362350464,0.2620042562484741,19,1
1.2853368520736694,11,10,0.4527958631515503,0.27947890758514404,0.42330050468444824,0.2743108868598938,19,1
0.6117979884147644,7,5,0.4799574613571167,0.3065412640571594,0.42047929763793945,0.32719677686691284,20,0
2.3604109287261963,11,10,0.4806106686592102,0.33396899700164795,0.40889567136764526,0.2929902672767639,20,0
3.0361340045928955,2,1,0.4740423560142517,0.2739914655685425,0.4006706476211548,0.23073774576187134,20,0
1.7569596767425537,7,5,0.48277199268341064,0.3236393332481384,0.44178688526153564,0.30898070335388184,20,1
3.2216897010803223,8,7,0.48988282680511475,0.3181631565093994,0.40501534938812256,0.25606703758239746,20,1
4.5048980712890625,2,1,0.4839504361152649,0.31957364082336426,0.38310331106185913,0.21683180332183838,20,1
0.7118338942527771,14,13,0.45074349641799927,0.30718350410461426,0.2446460723876953,0.11995065212249756,21,0
0.7060413956642151,14,13,0.4461377263069153,0.29197263717651367,0.2313019037246704,0.11789822578430176,21,0
1.4395158290863037,12,10,0.45010024309158325,0.30495989322662354,0.21900534629821777,0.11926591396331787,21,0
1.541896939277649,16,15,0.4517361521720886,0.3000156283378601,0.26041895151138306,0.1045917272567749,21,1
1.269394040107727,21,15,0.441700279712677,0.2921469211578369,0.2803328037261963,0.1372450590133667,21,1
2.5393483638763428,17,16,0.4456601142883301,0.38527530431747437,0.34034544229507446,0.11510270833969116,21,1
1.6798510551452637,17,16,0.4496649503707886,0.30782973766326904,0.23049664497375488,0.10843455791473389,21,1
2.3274736404418945,18,17,0.44905632734298706,0.3282517194747925,0.27873802185058594,0.09647619724273682,21,1
1.4474642276763916,14,13,0.4463726878166199,0.3004850745201111,0.22652125358581543,0.1163451075553894,21,1
1.9906446933746338,13,12,0.45543092489242554,0.3632091283798218,0.28728723526000977,0.134585440158844,21,1
1.6146215200424194,12,10,0.5010032057762146,0.31088972091674805,0.2666134834289551,0.1059567928314209,22,0
0.8356990814208984,8,7,0.5030680596828461,0.3211764693260193,0.2711399793624878,0.23476320505142212,22,0
1.3153038024902344,8,6,0.49435609579086304,0.3460047245025635,0.2500278353691101,0.1055976152420044,22,0
3.58048677444458,5,4,0.4885040521621704,0.338986337184906,0.23090201616287231,0.08783262968063354,22,0
2.679511070251465,11,10,0.48438310623168945,0.34584981203079224,0.24562740325927734,0.10348629951477051,22,0
1.2416967153549194,8,7,0.5018033683300018,0.3004934787750244,0.21723324060440063,0.07648372650146484,22,1
1.4652156829833984,8,7,0.5056969821453094,0.3263472318649292,0.2198948860168457,0.09374064207077026,22,1
1.2723582983016968,13,11,0.4924430847167969,0.2900749444961548,0.24946093559265137,0.09545135498046875,22,1
1.404608964920044,15,14,0.49219322204589844,0.3231092691421509,0.28897005319595337,0.12011384963989258,22,1
1.064785361289978,11,10,0.4981248378753662,0.30212002992630005,0.25391364097595215,0.21319180727005005,22,1
0.8661211729049683,7,5,0.4678502678871155,0.3683950901031494,0.3094467520713806,0.10320615768432617,23,0
1.2866098880767822,8,6,0.4926946759223938,0.378864586353302,0.3349735736846924,0.10405957698822021,23,0
1.6289303302764893,8,6,0.47007501125335693,0.3690464496612549,0.3349432945251465,0.11340796947479248,23,0
1.8819419145584106,8,6,0.47698718309402466,0.3961954116821289,0.3247833251953125,0.09080004692077637,23,0
1.4900963306427002,5,3,0.48540663719177246,0.43965649604797363,0.2830890417098999,0.08675146102905273,23,0
1.9114973545074463,12,10,0.4681583046913147,0.3682471513748169,0.28587019443511963,0.07402896881103516,23,0
0.6084715723991394,6,4,0.46858739852905273,0.3417503237724304,0.25866222381591797,0.0875014066696167,23,1
1.5839674472808838,25,19,0.43300557136535645,0.35859012603759766,0.39571642875671387,0.2815057039260864,24,0
1.7344141006469727,26,20,0.4266086220741272,0.38269472122192383,0.3629884123802185,0.26605284214019775,24,0
1.7246713638305664,26,21,0.42649710178375244,0.38595259189605713,0.35720205307006836,0.23066890239715576,24,0
1.3598453998565674,25,19,0.42765510082244873,0.3368964195251465,0.34309977293014526,0.34484004974365234,24,0
1.6087000370025635,23,18,0.41514402627944946,0.4092322587966919,0.3413867950439453,0.30246859788894653,24,1
1.4574735164642334,24,19,0.4195336699485779,0.35350924730300903,0.3533983826637268,0.2948296070098877,24,1
1.5807925462722778,25,19,0.41483598947525024,0.3470137119293213,0.34254807233810425,0.2797672748565674,24,1
1.8934588432312012,24,19,0.418016254901886,0.37425661087036133,0.3440631031990051,0.2471488118171692,24,1
1.5638859272003174,23,18,0.4211329221725464,0.37740767002105713,0.3416300415992737,0.2792619466781616,24,1
1.6857670545578003,29,21,0.4224849343299866,0.37056678533554077,0.3181852698326111,0.22022628784179688,24,1
1.7504770755767822,11,7,0.46624594926834106,0.33803534507751465,0.24890530109405518,0.10274291038513184,25,0
2.3039605617523193,5,4,0.47605347633361816,0.369836688041687,0.21030545234680176,0.1040574312210083,25,0
1.3854933977127075,11,7,0.46837669610977173,0.3296908140182495,0.24460291862487793,0.10285764932632446,25,0
6.28903865814209,2,1,0.492343544960022,0.3435887098312378,0.27321094274520874,0.1509917974472046,25,1
1.881909966468811,16,10,0.5894140601158142,0.4811108112335205,0.28422051668167114,0.16620874404907227,25,0
1.5633443593978882,11,7,0.4654400944709778,0.3493865728378296,0.24338984489440918,0.11106544733047485,25,1
2.56805682182312,5,4,0.4615902900695801,0.3375835418701172,0.30376410484313965,0.1103748083114624,25,1
1.4360475540161133,11,7,0.46358561515808105,0.3164736032485962,0.23550081253051758,0.10432565212249756,25,1
1.8994567394256592,13,10,0.5719362795352936,0.4412204623222351,0.2844020128250122,0.17789244651794434,25,1
0.7176937460899353,14,13,0.4605153799057007,0.3247564435005188,0.41234010457992554,0.27449774742126465,26,0
2.7114198207855225,10,6,0.4828360080718994,0.3983386158943176,0.31574881076812744,0.18101859092712402,26,0
3.2585208415985107,3,1,0.49461638927459717,0.3308638334274292,0.3440375328063965,0.21792840957641602,26,0
0.8917352557182312,10,9,0.44902580976486206,0.2844754457473755,0.3242756724357605,0.3069627285003662,26,1
1.322434902191162,12,9,0.45165371894836426,0.2918509840965271,0.33138924837112427,0.22663629055023193,26,1
1.783380389213562,10,9,0.44955331087112427,0.285896360874176,0.3030461072921753,0.1937074065208435,26,1
1.2330923080444336,10,9,0.45118969678878784,0.285209596157074,0.31908494234085083,0.2803958058357239,26,1
3.3723721504211426,15,14,0.49096524715423584,0.421622633934021,0.27549177408218384,0.17815464735031128,27,0
2.8418471813201904,7,6,0.48819780349731445,0.3907754421234131,0.21893054246902466,0.07102072238922119,27,0
3.1004278659820557,11,10,0.4776197671890259,0.33681464195251465,0.2562974691390991,0.1710442304611206,27,0
1.1699223518371582,21,14,0.47301197052001953,0.3467642068862915,0.2295539379119873,0.19444942474365234,27,1
1.2325541973114014,15,9,0.5019772946834564,0.33104926347732544,0.20629841089248657,0.05111038684844971,27,1
1.1127116680145264,8,4,0.5244462490081787,0.3435850143432617,0.21523892879486084,0.07071864604949951,27,1
4.660654067993164,3,1,0.5169537961483002,0.4027387499809265,0.2797461748123169,0.1155703067779541,27,1
3.4057624340057373,5,2,0.5489796102046967,0.38869357109069824,0.24608582258224487,0.07207942008972168,27,1
2.14625883102417,8,7,0.46978235244750977,0.3560851812362671,0.3534510135650635,0.19628286361694336,28,0
0.7919769287109375,9,8,0.4708014726638794,0.2977563142776489,0.3603408932685852,0.20003843307495117,28,0
1.336928129196167,9,8,0.47672635316848755,0.3312041759490967,0.33417314291000366,0.2174091339111328,28,0
1.0122642517089844,9,8,0.47079724073410034,0.29670870304107666,0.34021878242492676,0.18631768226623535,28,1
1.4419429302215576,9,8,0.4707612991333008,0.29659801721572876,0.36174070835113525,0.2122178077697754,28,1
1.6518279314041138,9,8,0.4706459641456604,0.29320186376571655,0.35595840215682983,0.19553148746490479,28,1
1.309516429901123,9,8,0.4700288772583008,0.29975104331970215,0.3418479561805725,0.1705763339996338,28,1
1.7128742933273315,9,8,0.47059428691864014,0.3013758659362793,0.37799072265625,0.19705629348754883,28,1
0.8781198263168335,12,10,0.48116374015808105,0.32637208700180054,0.37652456760406494,0.17847740650177002,29,0
1.4983829259872437,14,9,0.49788087606430054,0.379253089427948,0.3131779432296753,0.16480779647827148,29,1
1.0723984241485596,21,17,0.4661327004432678,0.3952900171279907,0.32343941926956177,0.14759886264801025,29,1
1.880337119102478,14,12,0.47502362728118896,0.39877545833587646,0.30021703243255615,0.1486629843711853,29,1
3.010852813720703,16,14,0.47415924072265625,0.4197230339050293,0.3102533221244812,0.13185667991638184,29,1
1.384369969367981,19,15,0.47168678045272827,0.40581607818603516,0.30980437994003296,0.14114856719970703,29,1
2.2030344009399414,14,13,0.45987147092819214,0.38117700815200806,0.24769532680511475,0.155725359916687,30,0
1.3143975734710693,9,8,0.46424931287765503,0.33010023832321167,0.28623026609420776,0.16521036624908447,30,0
2.425727128982544,11,10,0.46389806270599365,0.35415250062942505,0.2822034955024719,0.17160546779632568,30,0
4.444192409515381,2,1,0.5020082890987396,0.4034138321876526,0.29217225313186646,0.17656999826431274,30,0
1.959166169166565,11,8,0.4802876114845276,0.3689156770706177,0.29342079162597656,0.1717495322227478,30,0
2.060814142227173,11,8,0.4762442708015442,0.3471646308898926,0.29916149377822876,0.2015196681022644,30,1
3.448481798171997,5,4,0.4730454087257385,0.3275797367095947,0.2549237608909607,0.18027609586715698,30,1
5.041319847106934,5,4,0.49096912145614624,0.3669094443321228,0.27220451831817627,0.16341769695281982,30,1
4.4839396476745605,5,4,0.4907917380332947,0.4206334948539734,0.6087084114551544,0.3858833312988281,31,0
8.871907234191895,2,1,0.5129612684249878,0.3861258625984192,0.6509509384632111,0.3844301700592041,31,0
2.3633573055267334,9,8,0.4836028218269348,0.3540887236595154,0.44494032859802246,0.2810091972351074,31,0
1.1458702087402344,16,14,0.47623002529144287,0.3028046488761902,0.5318221747875214,0.34395790100097656,31,1
1.7465192079544067,13,9,0.475136935710907,0.32559657096862793,0.5144535303115845,0.3326202630996704,31,1
2.323585033416748,12,11,0.47184306383132935,0.3121761083602905,0.513066440820694,0.3198865056037903,31,1
8.262787818908691,2,1,0.5050557851791382,0.3022578954696655,0.49831312894821167,0.24200671911239624,31,1
7.228293418884277,3,2,0.516011118888855,0.2955338954925537,0.5088403522968292,0.25847327709198,31,1
2.1321351528167725,9,8,0.46397125720977783,0.3396769165992737,0.33331918716430664,0.21351176500320435,32,0
1.2486660480499268,15,13,0.4652860164642334,0.35823607444763184,0.4847889542579651,0.3470458984375,32,0
2.6483607292175293,13,11,0.46448296308517456,0.36133623123168945,0.39576607942581177,0.2229461669921875,32,0
0.9083037376403809,19,17,0.4470366835594177,0.307525634765625,0.3440099358558655,0.12073183059692383,32,1
0.8479922413825989,22,20,0.45050257444381714,0.29080677032470703,0.34354138374328613,0.15938186645507812,32,1
3.411116361618042,5,4,0.473408579826355,0.3718806505203247,0.3622141480445862,0.11523795127868652,32,1
2.6759488582611084,5,4,0.47558140754699707,0.3514145016670227,0.33642613887786865,0.20198285579681396,32,1
2.8139548301696777,7,6,0.46617501974105835,0.3297313451766968,0.35296571254730225,0.14849549531936646,32,1
4.6177592277526855,2,1,0.5096745193004608,0.3985835313796997,0.404043972492218,0.37019193172454834,32,1
3.178466796875,6,5,0.47594010829925537,0.4207857847213745,0.35182929039001465,0.24862098693847656,32,1
1.5422395467758179,9,8,0.4936193823814392,0.34520161151885986,0.4006527066230774,0.16047263145446777,33,0
2.3140337467193604,9,6,0.4991779327392578,0.34611350297927856,0.30631834268569946,0.10344314575195312,33,1
2.24208664894104,10,8,0.5034214854240417,0.3901822566986084,0.3111915588378906,0.08442258834838867,33,1
2.1389737129211426,7,5,0.5064073204994202,0.3560200333595276,0.2663033604621887,0.07885360717773438,33,1
1.6953305006027222,14,12,0.46767187118530273,0.33113688230514526,0.4113693833351135,0.20933246612548828,34,0
3.7488508224487305,4,3,0.4846055507659912,0.3532494306564331,0.3479170799255371,0.2196454405784607,34,0
1.9344749450683594,11,10,0.47461646795272827,0.3371123671531677,0.3871009945869446,0.17728006839752197,34,0
1.6748137474060059,13,12,0.47468245029449463,0.3545178174972534,0.4147654175758362,0.23390817642211914,34,0
1.7259407043457031,11,9,0.4719059467315674,0.3154468536376953,0.3781418800354004,0.21165406703948975,34,1
2.3633062839508057,6,5,0.4857637286186218,0.3036266565322876,0.3131657838821411,0.19062930345535278,34,1
2.187354326248169,8,7,0.49852705001831055,0.3365427255630493,0.3535360097885132,0.2207133173942566,34,1
1.4623304605484009,11,10,0.46692341566085815,0.3090847134590149,0.35187244415283203,0.23853933811187744,34,1
2.498263359069824,7,6,0.4780017137527466,0.3058810234069824,0.3369666337966919,0.20401179790496826,34,1
2.33359956741333,6,5,0.4766477346420288,0.338226318359375,0.28439831733703613,0.11935704946517944,35,0
3.5173439979553223,5,4,0.49572062492370605,0.3309970498085022,0.27180016040802,0.08081138134002686,35,0
1.916795253753662,6,5,0.48826563358306885,0.3159295916557312,0.3272765874862671,0.09081900119781494,35,0
1.7477059364318848,6,5,0.48758941888809204,0.31848955154418945,0.3073233962059021,0.09461694955825806,35,1
1.978226661682129,6,5,0.4851875901222229,0.3512765169143677,0.28579503297805786,0.09056997299194336,35,1
2.801191568374634,4,3,0.4872097969055176,0.3287690281867981,0.29257047176361084,0.09616899490356445,35,1
2.1702067852020264,8,7,0.46666014194488525,0.30745697021484375,0.3134247064590454,0.10754680633544922,35,1
1.624455451965332,11,7,0.4979894757270813,0.2822582721710205,0.20042717456817627,0.08412373065948486,36,0
1.2208970785140991,18,13,0.4922181963920593,0.3431377410888672,0.19490069150924683,0.096413254737854,36,0
0.9406415820121765,7,6,0.4893454909324646,0.2944953441619873,0.19705629348754883,0.09759867191314697,36,1
2.1396446228027344,5,4,0.5069316923618317,0.3214282989501953,0.2036643624305725,0.0971420407295227,36,1
2.5506553649902344,10,9,0.4601680040359497,0.363616943359375,0.36713606119155884,0.17497122287750244,37,0
3.4784188270568848,5,4,0.47754305601119995,0.37519073486328125,0.3561133146286011,0.17959904670715332,37,0
3.001922369003296,8,7,0.4642806053161621,0.3635890483856201,0.3561249375343323,0.18893003463745117,37,0
1.6529572010040283,16,13,0.4701789617538452,0.3255876302719116,0.3385271430015564,0.2119045853614807,37,1
2.2626821994781494,9,8,0.4648325443267822,0.3396788239479065,0.31555110216140747,0.1698516607284546,37,1
2.240200996398926,14,12,0.44896483421325684,0.3534819483757019,0.3236072063446045,0.20823955535888672,37,1
3.851194143295288,5,4,0.49829697608947754,0.44909679889678955,0.35859912633895874,0.1903831958770752,38,0
1.8085404634475708,7,5,0.49749279022216797,0.3974301815032959,0.46179431676864624,0.2297409176826477,38,0
2.2998619079589844,6,5,0.5077889561653137,0.37727367877960205,0.38935625553131104,0.23926854133605957,38,0
1.625521183013916,13,12,0.4741232991218567,0.3773539066314697,0.34155333042144775,0.23933154344558716,38,1
1.8551825284957886,12,11,0.4807639718055725,0.3745465874671936,0.31690770387649536,0.21961939334869385,38,1
1.5002970695495605,16,13,0.4728550314903259,0.36205101013183594,0.34992432594299316,0.27151715755462646,38,1
2.59619402885437,13,12,0.48788005113601685,0.40402752161026,0.3016480803489685,0.21068745851516724,38,1
1.4576727151870728,14,12,0.46077531576156616,0.34230881929397583,0.2672213912010193,0.1700993776321411,39,0
1.7747617959976196,13,8,0.4641447067260742,0.3976195454597473,0.2526906728744507,0.15067237615585327,39,0
1.513209342956543,12,8,0.45756542682647705,0.34692370891571045,0.3120509386062622,0.14412826299667358,39,0
1.0629899501800537,12,11,0.4501116871833801,0.32429927587509155,0.2639791965484619,0.1470586061477661,39,1
1.3083441257476807,12,8,0.4567275047302246,0.3491237759590149,0.3082844614982605,0.13515859842300415,39,1
2.4316911697387695,5,4,0.49130547046661377,0.38847053050994873,0.27334707975387573,0.15117937326431274,39,1
3.0586166381835938,13,11,0.5447949171066284,0.4487552046775818,0.42678195238113403,0.2078036069869995,40,0
4.2054877281188965,6,4,0.5421625971794128,0.4116517901420593,0.3560011386871338,0.23263192176818848,40,0
2.0963943004608154,6,5,0.5451458692550659,0.4210778474807739,0.35419076681137085,0.1882798671722412,40,0
2.339088201522827,6,5,0.5213582813739777,0.41816091537475586,0.39783626794815063,0.2430073618888855,40,0
3.976569414138794,5,4,0.537621259689331,0.4190107583999634,0.371391236782074,0.20669984817504883,40,0
2.998940944671631,5,4,0.5302927494049072,0.38038939237594604,0.3105437755584717,0.21242201328277588,40,0
1.9316047430038452,5,4,0.5153740644454956,0.3825327157974243,0.3574675917625427,0.40290147066116333,40,1
1.7681528329849243,5,4,0.5254893004894257,0.3628365397453308,0.3272358179092407,0.4187781810760498,40,1
2.3357620239257812,5,4,0.5224879682064056,0.37916672229766846,0.300128698348999,0.15470927953720093,40,1
2.4925105571746826,5,4,0.5187711715698242,0.4086424708366394,0.32224512100219727,0.19491040706634521,40,1
1.6133573055267334,6,5,0.5282639563083649,0.33444100618362427,0.27196139097213745,0.2738609313964844,40,1
1.928791880607605,5,4,0.5254167318344116,0.36987578868865967,0.3279408812522888,0.37559616565704346,40,1
2.345935583114624,10,9,0.48693883419036865,0.385265052318573,0.36475491523742676,0.22682571411132812,41,0
3.702439069747925,5,4,0.49982327222824097,0.3818146586418152,0.3503948450088501,0.21737998723983765,41,0
3.554682970046997,8,7,0.48464739322662354,0.3555713891983032,0.3301239609718323,0.1780441403388977,41,0
1.5174167156219482,8,7,0.466205358505249,0.2944444417953491,0.35919511318206787,0.2432994842529297,41,1
4.051198482513428,7,4,0.49227654933929443,0.33623427152633667,0.3267914652824402,0.16959929466247559,41,1
3.2595701217651367,11,7,0.48991256952285767,0.3731117248535156,0.3601921796798706,0.24626410007476807,41,1
3.234886884689331,5,4,0.49805742502212524,0.3208930492401123,0.3618316650390625,0.2094045877456665,41,1
1.1248633861541748,12,11,0.4666382074356079,0.2901594638824463,0.2795048952102661,0.08760076761245728,42,0
4.40409517288208,5,4,0.4963821768760681,0.41882598400115967,0.3767748475074768,0.1265249252319336,42,0
1.1941989660263062,9,8,0.46840667724609375,0.28817421197891235,0.26940929889678955,0.10425865650177002,42,0
0.5299320220947266,13,10,0.47270792722702026,0.26068228483200073,0.24325311183929443,0.1001807451248169,42,1
0.9929674863815308,11,8,0.477907657623291,0.26451754570007324,0.22944724559783936,0.08918249607086182,42,1
1.4582679271697998,11,8,0.47723639011383057,0.26791512966156006,0.2442396879196167,0.0861436128616333,42,1
1.4683290719985962,11,8,0.47819191217422485,0.2713853120803833,0.2789314389228821,0.10730975866317749,42,1
1.3837474584579468,7,6,0.4978750944137573,0.3436731696128845,0.240461528301239,0.09024906158447266,43,0
1.314079761505127,15,14,0.49167752265930176,0.379544734954834,0.23128646612167358,0.08352065086364746,43,0
2.129394292831421,12,11,0.4804311990737915,0.34735339879989624,0.247117817401886,0.07681912183761597,43,0
1.4593629837036133,13,11,0.4858975410461426,0.328255295753479,0.24149328470230103,0.13167798519134521,43,0
1.263689637184143,16,15,0.49164068698883057,0.33325666189193726,0.24367868900299072,0.11785149574279785,43,1
2.140437602996826,6,5,0.504427045583725,0.35002386569976807,0.20196866989135742,0.061727821826934814,43,1
1.5611016750335693,12,10,0.48479872941970825,0.2986106872558594,0.24390161037445068,0.10723257064819336,43,1
1.999925136566162,11,10,0.4842262864112854,0.3227824568748474,0.23941802978515625,0.0819053053855896,43,1
2.0781755447387695,9,8,0.491211473941803,0.30202025175094604,0.22346651554107666,0.1256626844406128,43,1
1.738494634628296,12,10,0.46364080905914307,0.37529224157333374,0.23872804641723633,0.10456132888793945,44,0
2.072587490081787,18,16,0.44832563400268555,0.3485225439071655,0.23871183395385742,0.07176876068115234,44,0
1.5638275146484375,11,9,0.4629717469215393,0.3427991271018982,0.25348371267318726,0.12709760665893555,44,0
2.430345296859741,6,5,0.4926864504814148,0.3826712369918823,0.21999967098236084,0.08641976118087769,44,1
2.076104164123535,9,7,0.48227882385253906,0.38076484203338623,0.19435358047485352,0.09317374229431152,44,1
1.7653558254241943,8,7,0.455660879611969,0.36420029401779175,0.1907532811164856,0.07820582389831543,44,1
2.023392677307129,8,7,0.46689116954803467,0.3424026370048523,0.2038288712501526,0.0930711030960083,44,1
1.8893663883209229,10,9,0.4573184847831726,0.3286954164505005,0.2057517170906067,0.06670969724655151,44,1
2.9063029289245605,6,5,0.49349844455718994,0.3896027207374573,0.24722647666931152,0.0854940414428711,44,1
0.6237168312072754,14,9,0.46589934825897217,0.2888740301132202,0.2064409852027893,0.07383501529693604,45,0
0.5275691747665405,15,10,0.46661365032196045,0.30018389225006104,0.21983808279037476,0.07069677114486694,45,0
1.0273220539093018,13,8,0.4460175633430481,0.31225645542144775,0.21177059412002563,0.10270106792449951,45,0
0.9024423956871033,15,10,0.45777857303619385,0.29251551628112793,0.23443758487701416,0.07288354635238647,45,0
0.7558714747428894,14,9,0.46417009830474854,0.281541109085083,0.1966698169708252,0.07656735181808472,45,1
0.6274133324623108,15,10,0.46522748470306396,0.3027259111404419,0.223624587059021,0.07213526964187622,45,1
1.1693886518478394,13,8,0.44636964797973633,0.30785924196243286,0.20492887496948242,0.10686182975769043,45,1
1.7210890054702759,13,8,0.44550347328186035,0.31079012155532837,0.19721436500549316,0.08554518222808838,45,1
1.2729289531707764,12,7,0.44760221242904663,0.30615824460983276,0.19996953010559082,0.08201014995574951,45,1
1.5080724954605103,13,10,0.45495444536209106,0.3120994567871094,0.45257747173309326,0.16134673357009888,46,0
2.0806093215942383,13,11,0.460914671421051,0.3264539837837219,0.45013654232025146,0.13076961040496826,46,0
1.5647574663162231,13,11,0.4581974148750305,0.3145565390586853,0.42280757427215576,0.15403568744659424,46,1
1.699776530265808,15,13,0.4515819549560547,0.32193344831466675,0.4842721223831177,0.16013014316558838,46,1
0.8883867263793945,15,10,0.4708503484725952,0.329387366771698,0.25394564867019653,0.1051710844039917,47,0
2.1438260078430176,16,13,0.459644079208374,0.34620821475982666,0.28716397285461426,0.1119423508644104,47,0
1.8657861948013306,18,13,0.4492908716201782,0.3758883476257324,0.2703232169151306,0.10959619283676147,47,0
1.6023889780044556,10,6,0.45506662130355835,0.36738765239715576,0.2655630111694336,0.12239110469818115,47,0
0.616098165512085,18,13,0.4693201184272766,0.35893958806991577,0.29720187187194824,0.13389372825622559,47,1
2.4088211059570312,17,13,0.46293002367019653,0.34725987911224365,0.26850903034210205,0.14879000186920166,47,1
1.596685767173767,18,14,0.45088309049606323,0.4041100740432739,0.29443860054016113,0.14396381378173828,47,1
2.914790630340576,20,16,0.4548342823982239,0.4221881628036499,0.27464258670806885,0.11130928993225098,47,1
1.09392511844635,11,10,0.45010221004486084,0.31514668464660645,0.26739954948425293,0.0887531042098999,48,0
0.6648191213607788,15,14,0.4454585313796997,0.3313254117965698,0.30300700664520264,0.09341436624526978,48,0
3.916471004486084,4,3,0.4829350709915161,0.3778306245803833,0.20504164695739746,0.07831060886383057,48,0
3.881523609161377,4,3,0.4745194911956787,0.3202946186065674,0.281200647354126,0.12100350856781006,48,0
1.0287481546401978,13,11,0.44473350048065186,0.3099743723869324,0.25243330001831055,0.09391629695892334,48,1
0.7358201146125793,15,14,0.4454649090766907,0.33433181047439575,0.30897271633148193,0.09697568416595459,48,1
4.715414047241211,4,3,0.4781653881072998,0.37607812881469727,0.20034825801849365,0.0707474946975708,48,1
4.363371849060059,4,3,0.471929669380188,0.3245757818222046,0.2836480736732483,0.11677390336990356,48,1
0.9737648367881775,15,14,0.4448864459991455,0.3372493386268616,0.31720298528671265,0.1014673113822937,48,1
3.4024722576141357,5,4,0.4774491786956787,0.3911164402961731,0.21633362770080566,0.07339578866958618,48,1
3.271868944168091,5,4,0.47899240255355835,0.3873888850212097,0.21686559915542603,0.07964193820953369,48,1
1.9355612993240356,17,12,0.4722955822944641,0.3468412160873413,0.3911561965942383,0.4175006151199341,49,0
1.9624773263931274,4,1,0.4905911684036255,0.34476375579833984,0.38827651739120483,0.36350488662719727,49,0
2.991809606552124,8,4,0.5000506639480591,0.3647347092628479,0.3975261449813843,0.36883312463760376,49,0
1.4932888746261597,14,8,0.47072386741638184,0.33472561836242676,0.4019964933395386,0.4053342342376709,49,1
3.523766279220581,3,1,0.49446016550064087,0.32348519563674927,0.364579975605011,0.37344294786453247,49,1
0.8871099352836609,14,9,0.47161489725112915,0.33393073081970215,0.42688989639282227,0.40667957067489624,49,1
1.4398025274276733,9,8,0.5060867369174957,0.34271240234375,0.4083516001701355,0.30544161796569824,50,0
2.166029453277588,5,4,0.4970232844352722,0.3742293119430542,0.33429455757141113,0.2026328444480896,50,0
2.308518648147583,5,4,0.5101536810398102,0.36946308612823486,0.2906193137168884,0.19597792625427246,50,0
3.2901558876037598,5,4,0.5003688335418701,0.34741759300231934,0.3313433527946472,0.20237863063812256,50,0
2.33854079246521,10,9,0.49412399530410767,0.4338681101799011,0.3131570816040039,0.22918939590454102,50,0
2.8561618328094482,6,4,0.4937947988510132,0.3236055374145508,0.3001995086669922,0.20194768905639648,50,1
3.652836561203003,5,4,0.5002514123916626,0.3401312828063965,0.30551111698150635,0.21138215065002441,50,1
4.004702568054199,5,4,0.5134507715702057,0.35391396284103394,0.3204542398452759,0.20318365097045898,50,1
3.891652822494507,5,4,0.5069509148597717,0.34335166215896606,0.36757028102874756,0.1843400001525879,50,1
3.4555883407592773,6,4,0.5117813348770142,0.34763580560684204,0.32264935970306396,0.21823740005493164,50,1
3.2621474266052246,4,2,0.462100088596344,0.3190574645996094,0.42271697521209717,0.27777475118637085,51,0
1.7254079580307007,5,3,0.45042145252227783,0.2906891107559204,0.45682626962661743,0.2737787365913391,51,0
1.63481867313385,8,6,0.4437066316604614,0.32109689712524414,0.4917861819267273,0.27595752477645874,51,0
2.0271008014678955,3,1,0.4561665654182434,0.2887662649154663,0.38423407077789307,0.25398892164230347,51,1
2.092411994934082,4,2,0.4440416097640991,0.287010133266449,0.44687050580978394,0.2718552350997925,51,1
1.7587847709655762,7,5,0.440588116645813,0.3146594762802124,0.4844505786895752,0.29716843366622925,51,1
3.828075885772705,2,1,0.4613967537879944,0.304739773273468,0.38411980867385864,0.2499523162841797,51,1
2.917283058166504,3,2,0.45315855741500854,0.2931310534477234,0.4395005702972412,0.2559196352958679,51,1
2.168813705444336,6,5,0.4435763359069824,0.3183143734931946,0.4769951105117798,0.26725101470947266,51,1
0.7421758770942688,9,7,0.47205960750579834,0.3506266474723816,0.5780854225158691,0.3725016117095947,52,0
4.438159942626953,2,1,0.4898463487625122,0.417782187461853,0.5615689158439636,0.33160877227783203,52,0
0.7410814762115479,10,8,0.4719882607460022,0.35566073656082153,0.523044615983963,0.2582274079322815,52,1
3.5699288845062256,2,1,0.5305194556713104,0.4002542495727539,0.40904414653778076,0.2398167848587036,52,1
1.096169352531433,17,14,0.4637066125869751,0.2979409098625183,0.26834356784820557,0.13256138563156128,53,0
2.284130096435547,10,8,0.46834027767181396,0.323790967464447,0.32360589504241943,0.0895344614982605,53,0
1.1945765018463135,16,13,0.46811604499816895,0.32865798473358154,0.29349762201309204,0.06383812427520752,53,0
0.8534411787986755,15,12,0.4590393304824829,0.29694974422454834,0.3101332187652588,0.08291572332382202,53,1
1.0402300357818604,15,12,0.45674508810043335,0.31328821182250977,0.2636222243309021,0.07144975662231445,53,1
0.9614052176475525,20,17,0.4563034176826477,0.3422112464904785,0.27076590061187744,0.07061499357223511,53,1
4.376601696014404,5,4,0.5060386061668396,0.39667582511901855,0.39650237560272217,0.21848571300506592,54,0
0.24692587554454803,11,10,0.4776492118835449,0.29838377237319946,0.36034679412841797,0.17785680294036865,54,0
0.4243555963039398,11,10,0.48445892333984375,0.2983860373497009,0.35592758655548096,0.21648091077804565,54,1
0.6061992049217224,11,10,0.48326998949050903,0.2901962399482727,0.38777655363082886,0.20868921279907227,54,1
0.6854169964790344,13,11,0.4833691120147705,0.29178041219711304,0.35476982593536377,0.15853309631347656,54,1
1.0857949256896973,11,10,0.48205357789993286,0.2957022190093994,0.3791365623474121,0.17689156532287598,54,1
1.3140350580215454,11,10,0.48423832654953003,0.2908213138580322,0.3546568751335144,0.1645532250404358,54,1
1.0391994714736938,11,10,0.4803653359413147,0.2880966067314148,0.37363117933273315,0.17213982343673706,54,1
1.6792032718658447,8,6,0.4970563054084778,0.37097644805908203,0.3160141110420227,0.20737886428833008,55,0
1.5036693811416626,14,12,0.5041726529598236,0.37200069427490234,0.2766789197921753,0.17681843042373657,55,0
3.002690553665161,17,13,0.5009337663650513,0.3831762671470642,0.2754136323928833,0.1916447877883911,55,0
1.0676902532577515,11,9,0.489782452583313,0.32033050060272217,0.3081766366958618,0.2352379560470581,55,1
1.7349920272827148,10,8,0.49385344982147217,0.3525688648223877,0.30273008346557617,0.18438959121704102,55,1
0.37843525409698486,17,14,0.46778804063796997,0.3159652352333069,0.4251728057861328,0.31465429067611694,56,0
1.1240923404693604,10,8,0.46275120973587036,0.3430546522140503,0.3997443914413452,0.19286906719207764,56,0
1.0409693717956543,12,10,0.46202176809310913,0.33041250705718994,0.3647949695587158,0.14543414115905762,56,0
1.014765739440918,11,8,0.46603691577911377,0.31772351264953613,0.2972695231437683,0.1895422339439392,56,1
1.3370527029037476,11,9,0.46032851934432983,0.3214914798736572,0.2841823101043701,0.170138418674469,56,1
1.8904407024383545,11,9,0.45857852697372437,0.3067808151245117,0.2626866102218628,0.10578793287277222,56,1
0.8755916953086853,18,16,0.4279749393463135,0.2708951234817505,0.32052528858184814,0.21685928106307983,57,0
2.64803409576416,7,5,0.4493780732154846,0.2766420245170593,0.3418272137641907,0.22408932447433472,57,0
3.686816692352295,3,2,0.44357049465179443,0.28176063299179077,0.32249510288238525,0.1365324854850769,57,0
0.47502732276916504,13,12,0.43153929710388184,0.26862436532974243,0.3067357540130615,0.21448075771331787,57,0
0.6135025024414062,16,15,0.43163251876831055,0.280531644821167,0.3337019085884094,0.21040761470794678,57,1
2.0617921352386475,5,4,0.44983363151550293,0.283189594745636,0.35305047035217285,0.23023033142089844,57,1
0.7935906052589417,15,14,0.4291290044784546,0.27571797370910645,0.32280033826828003,0.21469515562057495,57,1
0.7756970524787903,14,13,0.42957979440689087,0.26893484592437744,0.30710887908935547,0.219535231590271,57,1
1.3068897724151611,10,9,0.4364606738090515,0.27473723888397217,0.3561055660247803,0.14009445905685425,58,0
5.733936786651611,2,1,0.4563255310058594,0.30156922340393066,0.3501242399215698,0.11194485425949097,58,0
7.369601726531982,2,1,0.45701754093170166,0.29963332414627075,0.34536629915237427,0.11212074756622314,58,0
6.184208869934082,2,1,0.45763862133026123,0.308194100856781,0.35977083444595337,0.10167884826660156,58,0
1.2756853103637695,10,9,0.4386177062988281,0.27863210439682007,0.36723554134368896,0.1658259630203247,58,0
3.449843168258667,6,5,0.46385008096694946,0.34864431619644165,0.30861878395080566,0.09699302911758423,58,0
1.0438133478164673,10,9,0.4419124126434326,0.27419888973236084,0.35474592447280884,0.18715816736221313,58,1
5.849908828735352,2,1,0.45546621084213257,0.3025960326194763,0.3690916895866394,0.13187175989151,58,1
5.989248275756836,2,1,0.4572136402130127,0.3028503656387329,0.33332502841949463,0.10071420669555664,58,1
4.887229919433594,3,2,0.46942591667175293,0.33206164836883545,0.31765758991241455,0.12652528285980225,58,1
1.4376970529556274,10,9,0.43626850843429565,0.2698913812637329,0.37089359760284424,0.14303117990493774,58,1
3.867582321166992,6,5,0.4653781056404114,0.3473249673843384,0.2943999171257019,0.09936642646789551,58,1
1.0332211256027222,25,21,0.42786598205566406,0.35738706588745117,0.4191960096359253,0.24352025985717773,59,0
1.0650131702423096,26,22,0.4260275363922119,0.3466256260871887,0.4138266444206238,0.2083929181098938,59,0
0.4485650956630707,22,19,0.4224674701690674,0.32607007026672363,0.38065922260284424,0.23369693756103516,59,1
0.4237428605556488,22,19,0.42341911792755127,0.3238391876220703,0.3839454650878906,0.237410306930542,59,1
1.05846107006073,11,9,0.48719823360443115,0.3288053274154663,0.36653923988342285,0.3431015610694885,60,0
2.1698529720306396,6,4,0.48818856477737427,0.35224342346191406,0.2878769040107727,0.22504758834838867,60,0
1.3806483745574951,12,9,0.48033273220062256,0.34426724910736084,0.2670626640319824,0.18436199426651,60,0
1.5419775247573853,9,8,0.4868338704109192,0.33011889457702637,0.367565393447876,0.33983445167541504,60,0
1.234601378440857,6,5,0.4758390784263611,0.2809871435165405,0.3045806884765625,0.16545379161834717,60,1
1.9185845851898193,6,5,0.47737056016921997,0.2896486520767212,0.3398425579071045,0.1723647117614746,60,1
2.127102851867676,6,5,0.4882969260215759,0.3061317205429077,0.30919069051742554,0.15729296207427979,60,1
2.1960833072662354,7,6,0.4817967414855957,0.28478139638900757,0.29442256689071655,0.1433037519454956,60,1
2.0054709911346436,6,5,0.4779192805290222,0.2863956093788147,0.3046305775642395,0.16711997985839844,60,1
1.5865767002105713,12,11,0.47395092248916626,0.3200674057006836,0.42460787296295166,0.26170217990875244,61,0
1.3316088914871216,16,14,0.4602316617965698,0.3153325915336609,0.4394110441207886,0.23714256286621094,61,0
0.590569794178009,13,11,0.46905291080474854,0.2984997034072876,0.4326362609863281,0.16338539123535156,61,1
0.8563134670257568,7,5,0.5009700655937195,0.263211190700531,0.20043998956680298,0.07568073272705078,62,0
2.2327511310577393,9,7,0.5035996437072754,0.32801902294158936,0.24300652742385864,0.0790327787399292,62,0
1.4736608266830444,14,9,0.5002485513687134,0.3395645022392273,0.27151525020599365,0.09727329015731812,62,0
1.0195356607437134,8,6,0.4984623193740845,0.2848566770553589,0.1892479658126831,0.0653994083404541,62,1
1.922470211982727,7,5,0.48750531673431396,0.2937999367713928,0.20962858200073242,0.056939125061035156,62,1
1.106284737586975,13,12,0.485393762588501,0.3019101023674011,0.3048593997955322,0.2527594566345215,63,0
1.6002615690231323,15,14,0.4729846715927124,0.37003034353256226,0.3352169394493103,0.2317255139350891,63,0
2.6669223308563232,9,8,0.4938356876373291,0.35477614402770996,0.31878983974456787,0.1947839856147766,63,0
2.872424602508545,18,17,0.47021692991256714,0.33479636907577515,0.3236299157142639,0.2140868902206421,63,0
1.7607042789459229,16,15,0.47744137048721313,0.30926936864852905,0.33844900131225586,0.13105499744415283,63,0
1.7035017013549805,16,15,0.4799489378929138,0.3064645528793335,0.3266635537147522,0.13279086351394653,63,0
1.4137927293777466,9,8,0.48043930530548096,0.28826606273651123,0.32060927152633667,0.1533932089805603,63,1
1.75167977809906,12,11,0.4702414870262146,0.3005557656288147,0.31029027700424194,0.16584348678588867,63,1
1.4593620300292969,16,11,0.4715266823768616,0.31755322217941284,0.37969154119491577,0.2153841257095337,63,1
1.6114006042480469,12,11,0.4690568447113037,0.3287199139595032,0.38010501861572266,0.22350925207138062,63,1
1.8556874990463257,12,11,0.4732673764228821,0.32147490978240967,0.4131796360015869,0.214430034160614,63,1
0.6234875321388245,15,14,0.4834120273590088,0.3039793372154236,0.2652742862701416,0.08532083034515381,64,0
0.8333572745323181,12,11,0.4872283935546875,0.3030163049697876,0.29307472705841064,0.08682918548583984,64,1
0.9059863090515137,7,5,0.48284631967544556,0.3339632749557495,0.35460686683654785,0.228834867477417,65,0
0.564056396484375,11,8,0.4804116487503052,0.3118284344673157,0.36398088932037354,0.31525689363479614,65,0
0.46081191301345825,10,7,0.4773814082145691,0.3178328275680542,0.3254684805870056,0.2052735686302185,65,1
1.6819347143173218,8,6,0.49141544103622437,0.3223760724067688,0.33416056632995605,0.192857027053833,65,1
2.6386196613311768,15,13,0.49448156356811523,0.44087308645248413,0.3546786308288574,0.29304975271224976,66,0
3.07470440864563,9,6,0.5038486123085022,0.35259169340133667,0.4075537919998169,0.22315090894699097,66,0
2.794299602508545,7,4,0.5138205885887146,0.3953208923339844,0.4534616470336914,0.30812913179397583,66,0
2.255652904510498,10,7,0.5023983120918274,0.4048083424568176,0.37630295753479004,0.2007845640182495,66,0
2.042954444885254,11,9,0.4926222562789917,0.3543139696121216,0.3804662227630615,0.28419387340545654,66,0
2.015603542327881,8,6,0.5097635090351105,0.3698546886444092,0.31868135929107666,0.2641395330429077,66,0
1.5239436626434326,11,9,0.4927734136581421,0.3506474494934082,0.4792088270187378,0.36809468269348145,66,0
1.7823266983032227,5,3,0.5161352157592773,0.3517361879348755,0.4158095717430115,0.28998827934265137,66,1
2.3469810485839844,5,3,0.5077595114707947,0.35629189014434814,0.42081356048583984,0.26640772819519043,66,1
2.334001302719116,6,3,0.5127324163913727,0.3524742126464844,0.4471744894981384,0.26992690563201904,66,1
2.0302915573120117,7,4,0.5012688934803009,0.37316274642944336,0.4602617621421814,0.29089051485061646,66,1
2.0418074131011963,9,8,0.48536187410354614,0.30930817127227783,0.25391852855682373,0.10323506593704224,67,0
2.211575746536255,12,11,0.48161035776138306,0.30794626474380493,0.2757425308227539,0.16230332851409912,67,0
2.370002031326294,9,7,0.49344754219055176,0.3189954161643982,0.2675412893295288,0.11802101135253906,67,0
2.08266019821167,18,14,0.4654679298400879,0.3118647336959839,0.2815500497817993,0.12281018495559692,67,0
1.3581430912017822,10,9,0.4809991121292114,0.31175994873046875,0.2504061460494995,0.10141348838806152,67,0
1.7844078540802002,8,7,0.48506981134414673,0.298228919506073,0.24327075481414795,0.07747548818588257,67,1
2.5370211601257324,8,6,0.4961118698120117,0.32459819316864014,0.26165682077407837,0.13144081830978394,67,1
3.242135763168335,10,8,0.4902666211128235,0.3092308044433594,0.3104114532470703,0.09975409507751465,67,1
2.772223949432373,12,10,0.48058974742889404,0.32429003715515137,0.2983205318450928,0.14983874559402466,67,1
1.2684630155563354,10,8,0.48458242416381836,0.27799612283706665,0.2783835530281067,0.08494246006011963,67,1
1.4269062280654907,15,12,0.5299719572067261,0.37610912322998047,0.37367725372314453,0.20253276824951172,68,0
0.8781722187995911,20,13,0.48453783988952637,0.33581477403640747,0.3690716028213501,0.22895383834838867,68,0
1.519834041595459,28,17,0.47575050592422485,0.35152924060821533,0.3540022373199463,0.187014639377594,68,0
0.5710689425468445,15,10,0.5389942228794098,0.41983282566070557,0.3596053719520569,0.23152059316635132,68,1
1.0757125616073608,11,9,0.4669933319091797,0.32177913188934326,0.37774813175201416,0.18834805488586426,69,0
0.36245808005332947,11,9,0.46380090713500977,0.32193291187286377,0.2997702360153198,0.1649898886680603,69,0
1.9003207683563232,16,11,0.4619053602218628,0.327501118183136,0.3298622965812683,0.12410241365432739,69,0
0.7920604944229126,10,8,0.4598843455314636,0.32533395290374756,0.2975921630859375,0.12799310684204102,69,1
1.7700692415237427,13,9,0.45981431007385254,0.3312150835990906,0.31960350275039673,0.11547183990478516,69,1
2.4393298625946045,12,9,0.4649115204811096,0.34079718589782715,0.30461299419403076,0.11614912748336792,69,1
2.2007880210876465,12,10,0.464260995388031,0.326806902885437,0.3129429817199707,0.11759310960769653,69,1
1.9711798429489136,15,13,0.44527238607406616,0.3218756914138794,0.2367328405380249,0.12320953607559204,70,0
1.8126866817474365,12,10,0.4464658498764038,0.29557424783706665,0.24090534448623657,0.1244969367980957,70,0
3.6342077255249023,3,2,0.4499627351760864,0.30625027418136597,0.24481970071792603,0.10683691501617432,70,0
5.7174224853515625,2,1,0.4623444676399231,0.311648964881897,0.2436261773109436,0.10672140121459961,70,0
4.117368698120117,2,1,0.461490273475647,0.31519651412963867,0.23600006103515625,0.11275649070739746,70,0
1.7498867511749268,9,8,0.44911426305770874,0.2902038097381592,0.23333334922790527,0.13113117218017578,70,1
2.190892457962036,8,7,0.44778168201446533,0.29289472103118896,0.21448558568954468,0.11987757682800293,70,1
2.603092908859253,7,6,0.45120638608932495,0.28979170322418213,0.21151286363601685,0.08820313215255737,70,1
1.1043223142623901,17,9,0.47001904249191284,0.34673523902893066,0.25432103872299194,0.13689637184143066,71,0
2.2910404205322266,16,12,0.4868351221084595,0.36934030055999756,0.32737958431243896,0.23095643520355225,71,0
2.2241291999816895,12,10,0.46953636407852173,0.4068416357040405,0.23103868961334229,0.11991703510284424,71,0
1.0748488903045654,10,8,0.4634106159210205,0.3190484046936035,0.3509852886199951,0.1783650517463684,71,1
1.9101935625076294,16,14,0.4701753854751587,0.3673556447029114,0.24928301572799683,0.11916792392730713,71,1
1.519360065460205,23,22,0.44173914194107056,0.34282219409942627,0.21818000078201294,0.07618021965026855,72,0
2.024611473083496,7,6,0.4684607982635498,0.3420812487602234,0.2342626452445984,0.08654522895812988,72,0
3.052454948425293,6,5,0.4784355163574219,0.36048394441604614,0.24470853805541992,0.10636913776397705,72,0
2.702713966369629,6,5,0.4799180030822754,0.3711310625076294,0.26462072134017944,0.10365653038024902,72,0
4.007511138916016,7,6,0.4837920069694519,0.33346426486968994,0.2053644061088562,0.07139188051223755,72,0
1.314152717590332,13,12,0.44601064920425415,0.2989482283592224,0.2354503870010376,0.10944545269012451,72,1
1.998220443725586,9,7,0.4774010181427002,0.3401433825492859,0.21590805053710938,0.07991224527359009,72,1
1.422344446182251,14,13,0.44918549060821533,0.300265908241272,0.21372681856155396,0.09742182493209839,72,1
2.374176263809204,9,6,0.4903513193130493,0.3090464472770691,0.20083606243133545,0.06778275966644287,72,1
2.4842495918273926,10,8,0.4586319327354431,0.30965834856033325,0.20448487997055054,0.07041585445404053,72,1
2.0172712802886963,9,8,0.45624977350234985,0.31280428171157837,0.21820998191833496,0.09356343746185303,72,1
2.4329581260681152,21,15,0.5215327143669128,0.40383756160736084,0.2676249146461487,0.09803527593612671,73,0
1.8896162509918213,7,6,0.5244294703006744,0.30626678466796875,0.2016274333000183,0.1037667989730835,73,0
2.7387619018554688,18,15,0.5475507974624634,0.3622853755950928,0.2662992477416992,0.08755755424499512,73,0
2.422330617904663,5,3,0.509496808052063,0.2953617572784424,0.26031267642974854,0.08386701345443726,73,1
2.5152101516723633,12,7,0.5762515068054199,0.4423145651817322,0.2794607877731323,0.08682501316070557,73,1
2.88460636138916,12,7,0.5735971629619598,0.4299534559249878,0.2522958517074585,0.08175182342529297,73,1
4.584105014801025,11,8,0.5700611472129822,0.40519124269485474,0.24544888734817505,0.07831758260726929,73,1
3.0661604404449463,11,7,0.5707654058933258,0.4282490015029907,0.29210615158081055,0.10583561658859253,73,1
2.4994566440582275,9,8,0.5326153635978699,0.44365763664245605,0.2921637296676636,0.15206843614578247,74,0
4.228935718536377,5,4,0.5237610042095184,0.408555269241333,0.2882195711135864,0.1383989453315735,74,0
2.713951826095581,10,9,0.5090427696704865,0.37609952688217163,0.24456441402435303,0.08228814601898193,74,0
1.5516725778579712,7,6,0.5058891177177429,0.37172234058380127,0.24829119443893433,0.12550580501556396,74,1
2.530972719192505,8,7,0.5264304578304291,0.3581317663192749,0.2563778758049011,0.08337122201919556,74,1
3.107697010040283,7,6,0.5218415856361389,0.4020441770553589,0.27405667304992676,0.09991753101348877,74,1
1.20758056640625,11,9,0.4906005859375,0.3353426456451416,0.46881186962127686,0.4113565683364868,75,0
3.0183427333831787,3,1,0.5187423825263977,0.3495364785194397,0.3822305202484131,0.3037980794906616,75,0
2.0750081539154053,10,7,0.49275314807891846,0.341377317905426,0.447931170463562,0.3188268542289734,75,0
2.4948432445526123,8,6,0.4925643801689148,0.3404396176338196,0.39933526515960693,0.3033335208892822,75,1
1.7134160995483398,10,8,0.49034857749938965,0.3424125909805298,0.3832656145095825,0.34506499767303467,75,1
1.7238247394561768,10,8,0.4927460551261902,0.343924343585968,0.37800395488739014,0.3506755232810974,75,1
3.507176637649536,9,6,0.5017659664154053,0.36215072870254517,0.3788337707519531,0.29864197969436646,75,1
2.7212536334991455,8,6,0.49584197998046875,0.33752942085266113,0.38493597507476807,0.3345159888267517,75,1
2.82706618309021,8,6,0.49592334032058716,0.336164653301239,0.38769471645355225,0.3335285186767578,75,1
2.500476837158203,8,6,0.4889885187149048,0.3393235206604004,0.38538461923599243,0.2804484963417053,75,1
2.3489906787872314,10,7,0.49646830558776855,0.3619607090950012,0.3873101472854614,0.3353521227836609,75,1
2.2745044231414795,9,7,0.4892101287841797,0.3468582034111023,0.38444966077804565,0.3194008469581604,75,1
6.033504009246826,2,1,0.49787217378616333,0.3058270215988159,0.4144843816757202,0.1950247883796692,76,0
5.359719753265381,3,2,0.4873970150947571,0.30085086822509766,0.43562138080596924,0.18925881385803223,76,0
3.308187484741211,6,5,0.4826434254646301,0.30838263034820557,0.46116864681243896,0.2813376188278198,76,0
2.726040840148926,3,2,0.4689457416534424,0.29648125171661377,0.4251084327697754,0.18358463048934937,76,1
2.1665947437286377,2,1,0.49306589365005493,0.300076425075531,0.4017378091812134,0.17578762769699097,76,1
2.64461612701416,4,3,0.47009098529815674,0.29487478733062744,0.4528212547302246,0.19858574867248535,76,1
4.371606826782227,3,2,0.48315680027008057,0.2927563786506653,0.4413045048713684,0.19290387630462646,76,1
6.825706958770752,2,1,0.481204628944397,0.29300642013549805,0.44266277551651,0.26303529739379883,76,1
2.4074203968048096,7,5,0.4721338152885437,0.31926047801971436,0.48048269748687744,0.23358887434005737,76,1
1.5430227518081665,10,8,0.4816371202468872,0.316347599029541,0.3554626703262329,0.29174256324768066,77,0
1.1313494443893433,10,9,0.47985053062438965,0.32405632734298706,0.2775977849960327,0.18702614307403564,77,0
2.1920299530029297,6,5,0.4901602864265442,0.3492644429206848,0.27066707611083984,0.17612582445144653,77,0
1.5967427492141724,7,6,0.4993300437927246,0.37074607610702515,0.2561195492744446,0.20036745071411133,77,0
1.4112026691436768,6,5,0.47826504707336426,0.2913286089897156,0.3209840655326843,0.205125093460083,77,1
1.5541342496871948,6,5,0.48117733001708984,0.2884647846221924,0.32598549127578735,0.19502991437911987,77,1
1.7622225284576416,7,5,0.4722556471824646,0.29071760177612305,0.48538267612457275,0.24684029817581177,77,1
1.6225723028182983,8,5,0.4901522994041443,0.3007356524467468,0.325189471244812,0.1989889144897461,77,1
1.9998633861541748,16,12,0.4845699667930603,0.3162134885787964,0.3464650511741638,0.2296859622001648,78,0
1.0191141366958618,7,5,0.5068922340869904,0.3186928629875183,0.30977022647857666,0.228287935256958,78,0
2.4712657928466797,18,12,0.48877477645874023,0.3403962254524231,0.33888810873031616,0.213445782661438,78,0
1.2823528051376343,13,10,0.4796828031539917,0.30567383766174316,0.3591121435165405,0.1820213794708252,78,1
1.8500255346298218,13,10,0.48010504245758057,0.31683915853500366,0.42795491218566895,0.24736881256103516,78,1
2.045187473297119,13,10,0.4871886968612671,0.3211696147918701,0.4071463346481323,0.20322918891906738,78,1
0.9423606991767883,14,11,0.4965292811393738,0.2964369058609009,0.19629210233688354,0.10459303855895996,79,0
1.7511693239212036,26,20,0.4986041784286499,0.31540751457214355,0.20319712162017822,0.12141144275665283,79,0
2.942209243774414,17,10,0.5026631653308868,0.3251628875732422,0.226593017578125,0.10618478059768677,79,0
0.9607504606246948,12,9,0.49638134241104126,0.32688307762145996,0.19725972414016724,0.05364745855331421,79,1
1.4902313947677612,15,11,0.6946410834789276,0.5303540229797363,0.508184939622879,0.31828826665878296,79,1
1.753557562828064,17,12,0.4976199269294739,0.34855198860168457,0.20660823583602905,0.06377971172332764,79,1
1.8307840824127197,19,12,0.49976879358291626,0.3176683187484741,0.21785825490951538,0.08127987384796143,79,1
1.9549411535263062,19,15,0.4973708391189575,0.34579604864120483,0.22810375690460205,0.08139383792877197,79,1
3.047687292098999,5,4,0.5147415399551392,0.3684800863265991,0.27832555770874023,0.08233380317687988,80,0
1.7606531381607056,7,5,0.5313900113105774,0.34265488386154175,0.2614745497703552,0.07927155494689941,80,0
2.41825532913208,9,6,0.5753814578056335,0.36318784952163696,0.26912152767181396,0.10339057445526123,80,1
2.355189800262451,9,6,0.5788882970809937,0.3899434208869934,0.27176713943481445,0.10033071041107178,80,1
2.2946317195892334,7,5,0.5162525177001953,0.3058323860168457,0.21671080589294434,0.07146501541137695,80,1
2.776585578918457,7,5,0.5279361605644226,0.3488212823867798,0.22202038764953613,0.07184171676635742,80,1
1.5365099906921387,20,19,0.4744942784309387,0.35087597370147705,0.34197986125946045,0.10190194845199585,81,0
2.6300711631774902,24,23,0.49291300773620605,0.3472520709037781,0.36017096042633057,0.09014678001403809,81,0
1.1554478406906128,17,14,0.4715656638145447,0.3357009291648865,0.40837496519088745,0.11539632081985474,81,0
1.1720774173736572,13,12,0.48069775104522705,0.3169962167739868,0.3659570813179016,0.10365462303161621,81,1
0.8564106225967407,15,14,0.4797598719596863,0.3137814402580261,0.37204408645629883,0.10803937911987305,81,1
0.9326025247573853,19,18,0.4724447727203369,0.3139428496360779,0.3821451663970947,0.11264508962631226,81,1
1.2938281297683716,13,12,0.4795651435852051,0.30082476139068604,0.3515300750732422,0.09343540668487549,81,1
0.5762770771980286,14,12,0.48092710971832275,0.3284013867378235,0.4006139636039734,0.264021098613739,82,0
0.9250609874725342,13,11,0.4640430808067322,0.31009137630462646,0.39480942487716675,0.2960008978843689,82,0
1.3930044174194336,12,10,0.4768902063369751,0.3285662531852722,0.38935959339141846,0.21182721853256226,82,0
1.2078853845596313,18,16,0.4684786796569824,0.32824426889419556,0.4108508825302124,0.28880512714385986,82,1
1.2826101779937744,19,17,0.47061091661453247,0.3661559820175171,0.3370782136917114,0.22340786457061768,82,1
1.2731101512908936,22,19,0.4692010283470154,0.36978262662887573,0.3563274145126343,0.23314183950424194,82,1
0.6121713519096375,14,12,0.4784173369407654,0.3246226906776428,0.3912326693534851,0.26717114448547363,82,1
9.892143249511719,2,1,0.5263043642044067,0.4038349390029907,0.31451207399368286,0.15094226598739624,83,0
6.507993221282959,3,2,0.4877896308898926,0.3188556432723999,0.3531818985939026,0.19194042682647705,83,0
4.177618980407715,6,5,0.4743420481681824,0.34138935804367065,0.42318272590637207,0.19759881496429443,83,0
1.8213757276535034,2,1,0.506489485502243,0.3254004120826721,0.3234386444091797,0.1639130711555481,83,1
2.5136635303497314,3,2,0.4828748106956482,0.30156874656677246,0.3524118661880493,0.18136829137802124,83,1
1.975146770477295,6,5,0.47216105461120605,0.3282977342605591,0.42045527696609497,0.20459389686584473,83,1
2.455751657485962,18,16,0.43244361877441406,0.32508403062820435,0.3975678086280823,0.24915456771850586,84,0
2.955418825149536,9,7,0.47227585315704346,0.42864859104156494,0.4390554428100586,0.26931798458099365,84,0
2.967855453491211,15,13,0.4400760531425476,0.38450533151626587,0.3155643343925476,0.17785048484802246,84,0
2.1858184337615967,14,12,0.4439277648925781,0.28215545415878296,0.41469335556030273,0.25997769832611084,84,0
0.4433220326900482,15,13,0.43817687034606934,0.3212554454803467,0.395053505897522,0.24043631553649902,84,1
1.0748679637908936,14,11,0.44330739974975586,0.3174189329147339,0.46442651748657227,0.26029038429260254,84,1
1.3341054916381836,12,10,0.4437945485115051,0.3026190996170044,0.32526230812072754,0.22000694274902344,84,1
1.6877663135528564,10,9,0.4684251546859741,0.34481680393218994,0.40421563386917114,0.32026636600494385,85,0
2.544832468032837,6,5,0.4778100252151489,0.3739621639251709,0.34696900844573975,0.25276678800582886,85,0
2.9263083934783936,9,8,0.4771345257759094,0.39598357677459717,0.32112497091293335,0.2457866668701172,85,0
2.352727174758911,9,7,0.47305548191070557,0.4149107336997986,0.4805713891983032,0.43300139904022217,85,1
2.2857213020324707,6,5,0.46473902463912964,0.3208926320075989,0.40298575162887573,0.266961932182312,85,1
2.0996501445770264,7,6,0.4671722650527954,0.331268846988678,0.4200335144996643,0.26756447553634644,85,1
1.7441805601119995,8,5,0.46759486198425293,0.3229847550392151,0.3827376365661621,0.28330957889556885,85,1
2.2051546573638916,6,5,0.4680911898612976,0.34149062633514404,0.34372657537460327,0.2170867919921875,85,1
1.4502239227294922,11,10,0.4346580505371094,0.287353515625,0.3860545754432678,0.1843724250793457,86,0
1.848653793334961,8,7,0.4382252097129822,0.2828810214996338,0.37739014625549316,0.16472762823104858,86,0
0.9813510179519653,10,9,0.4375991225242615,0.288915753364563,0.4013069272041321,0.17721563577651978,86,1
1.1818445920944214,10,9,0.43422842025756836,0.28302180767059326,0.409812331199646,0.16640186309814453,86,1
1.4758601188659668,8,7,0.4367539882659912,0.2825738787651062,0.3687419891357422,0.17141097784042358,86,1
1.480554461479187,8,7,0.437643826007843,0.2805972099304199,0.3618122935295105,0.181962788105011,86,1
2.6902341842651367,4,3,0.4781394600868225,0.30219441652297974,0.35514819622039795,0.20717370510101318,86,1
4.3642191886901855,5,4,0.4823078513145447,0.41821372509002686,0.3498380780220032,0.24363970756530762,87,0
1.7481062412261963,15,10,0.46537184715270996,0.3648439049720764,0.3224412798881531,0.21633493900299072,87,0
2.6356863975524902,5,4,0.4877232313156128,0.378287672996521,0.39971745014190674,0.2631651759147644,87,0
1.3956024646759033,8,5,0.48170530796051025,0.3270481824874878,0.28572094440460205,0.19670432806015015,87,1
1.0987122058868408,10,8,0.4632156491279602,0.32642030715942383,0.3531840443611145,0.20918333530426025,87,1
1.764909267425537,11,9,0.46136289834976196,0.34064221382141113,0.3009595274925232,0.24055778980255127,87,1
1.3985505104064941,6,5,0.4785807728767395,0.3233923316001892,0.2950688600540161,0.21482247114181519,87,1
1.2468692064285278,8,6,0.47471410036087036,0.31564944982528687,0.29315489530563354,0.18397587537765503,87,1
1.563220500946045,6,5,0.48025840520858765,0.3313854932785034,0.28876030445098877,0.1846933364868164,87,1
1.466162085533142,12,11,0.4791778326034546,0.32362061738967896,0.42358630895614624,0.29594969749450684,88,0
2.5896830558776855,3,1,0.5144891142845154,0.3231496810913086,0.3585168123245239,0.2652796506881714,88,0
2.260937452316284,10,8,0.48415303230285645,0.35515153408050537,0.35946929454803467,0.2599062919616699,88,0
1.2634516954421997,9,8,0.4804130792617798,0.3174949884414673,0.3668256998062134,0.33139944076538086,88,1
1.4618585109710693,9,8,0.4710642099380493,0.3018624186515808,0.3513920307159424,0.3452882170677185,88,1
1.6827335357666016,9,8,0.47469186782836914,0.3062034249305725,0.3407299518585205,0.3028351068496704,88,1
1.628211259841919,9,8,0.4822518825531006,0.32912319898605347,0.35323917865753174,0.3070046305656433,88,1
1.49009370803833,9,8,0.47203320264816284,0.3057769536972046,0.3281264305114746,0.2694438099861145,88,1
1.3574445247650146,11,8,0.47702252864837646,0.3037087917327881,0.33959293365478516,0.29168200492858887,88,1
1.4180539846420288,9,8,0.47758543491363525,0.3067774772644043,0.3205336332321167,0.2674577832221985,88,1
1.4371871948242188,11,8,0.47330981492996216,0.31139177083969116,0.34465306997299194,0.20403116941452026,88,1
1.4184250831604004,21,20,0.43537962436676025,0.3457869291305542,0.26727408170700073,0.14470380544662476,89,0
2.2207095623016357,14,13,0.44113051891326904,0.40473586320877075,0.25221431255340576,0.1324228048324585,89,0
1.63117253780365,12,11,0.4356987476348877,0.3702685832977295,0.26098519563674927,0.15094143152236938,89,0
0.9006930589675903,16,15,0.43907564878463745,0.2902612090110779,0.23836934566497803,0.14147162437438965,89,1
1.294865608215332,17,16,0.43500828742980957,0.33873575925827026,0.2430134415626526,0.136785626411438,89,1
3.7656090259552,5,4,0.4902089238166809,0.43805766105651855,0.3652627468109131,0.20323997735977173,90,0
2.1030216217041016,11,10,0.4690636396408081,0.3535159230232239,0.38704442977905273,0.19230127334594727,90,0
2.071683406829834,6,5,0.49355971813201904,0.3483220934867859,0.3759722113609314,0.2057308554649353,90,0
2.234546184539795,10,9,0.46174800395965576,0.3688727021217346,0.2717236876487732,0.18610012531280518,90,1
1.6462624073028564,10,9,0.45670509338378906,0.33361345529556274,0.2962188720703125,0.19432908296585083,90,1
1.5820409059524536,10,9,0.45781707763671875,0.3387659788131714,0.2701226472854614,0.17836332321166992,90,1
0.9244495630264282,16,14,0.4640933871269226,0.31976139545440674,0.3240821361541748,0.15685009956359863,91,0
1.0555371046066284,12,11,0.4613075852394104,0.30833178758621216,0.34514957666397095,0.1691240668296814,91,0
2.272843360900879,7,5,0.503693163394928,0.3364039659500122,0.2587307095527649,0.12415647506713867,91,0
3.840470790863037,4,3,0.5000291168689728,0.3309084177017212,0.25091803073883057,0.1217922568321228,91,0
3.72773814201355,3,1,0.4954138398170471,0.330112099647522,0.24360185861587524,0.13551795482635498,91,0
1.1873902082443237,19,16,0.461831271648407,0.3163350820541382,0.2966178059577942,0.18090075254440308,91,1
1.0052536725997925,12,11,0.4585767984390259,0.31035691499710083,0.3235306739807129,0.1768873929977417,91,1
2.284166097640991,9,6,0.5014902353286743,0.34064722061157227,0.2712182402610779,0.15319788455963135,91,1
4.261529922485352,6,5,0.4944167137145996,0.32355695962905884,0.2848987579345703,0.11071908473968506,91,1
0.8514888882637024,13,12,0.45838773250579834,0.3088642358779907,0.3304561972618103,0.17386233806610107,91,1
3.7313778400421143,5,4,0.4784483313560486,0.3912253975868225,0.3952397108078003,0.1703372597694397,92,0
1.0047063827514648,9,8,0.4539797902107239,0.31776368618011475,0.27910250425338745,0.1773897409439087,92,0
0.4394553303718567,12,11,0.45266032218933105,0.29374468326568604,0.3111017942428589,0.14023464918136597,92,1
0.6821680068969727,12,11,0.45456933975219727,0.29871928691864014,0.3295947313308716,0.13370591402053833,92,1
1.1284879446029663,10,9,0.4564259648323059,0.315904438495636,0.2853059768676758,0.13099002838134766,92,1
0.5712422728538513,13,8,0.4600731134414673,0.32086479663848877,0.37294256687164307,0.2372608184814453,93,0
3.546133518218994,2,1,0.4906194806098938,0.40517371892929077,0.371023952960968,0.19685041904449463,93,0
0.7520645260810852,13,8,0.4561960697174072,0.3255192041397095,0.3317558765411377,0.22610509395599365,93,1
3.7132680416107178,2,1,0.5178878307342529,0.3827507495880127,0.3772350549697876,0.21231573820114136,93,1
1.118314504623413,12,7,0.4550328254699707,0.359406054019928,0.32134342193603516,0.19543242454528809,93,1
1.9765124320983887,8,6,0.45869988203048706,0.33840060234069824,0.4313226342201233,0.2795342206954956,93,1
0.9717617034912109,10,9,0.467021644115448,0.29433971643447876,0.311156690120697,0.11806553602218628,94,0
0.7028078436851501,18,16,0.46138542890548706,0.3208569884300232,0.3218516707420349,0.12320953607559204,94,1
0.8920347094535828,19,17,0.45862877368927,0.3179568648338318,0.3577914237976074,0.11135256290435791,94,1
0.9808239340782166,19,17,0.46061956882476807,0.32322096824645996,0.2907037138938904,0.12326669692993164,94,1
0.6828664541244507,11,8,0.583913266658783,0.38649433851242065,0.36015844345092773,0.1551070213317871,95,0
0.579348623752594,11,8,0.5849143266677856,0.3798142671585083,0.3724198341369629,0.15539830923080444,95,1
0.9525765180587769,12,9,0.5875758528709412,0.38509172201156616,0.3551543951034546,0.15356874465942383,95,1
1.1797975301742554,12,9,0.587141752243042,0.3872426748275757,0.35496002435684204,0.15600931644439697,95,1
1.3889689445495605,11,8,0.5859175324440002,0.38212889432907104,0.34987199306488037,0.1530470848083496,95,1
1.2509580850601196,11,8,0.5887472629547119,0.38839876651763916,0.3585563898086548,0.15356552600860596,95,1
4.545214653015137,5,4,0.5086782276630402,0.3959348201751709,0.2902848720550537,0.11458003520965576,96,0
1.5323238372802734,9,8,0.4937353730201721,0.35125190019607544,0.24288254976272583,0.11428248882293701,96,0
1.8270263671875,8,4,0.6419438421726227,0.40070271492004395,0.3754596710205078,0.22853243350982666,96,1
1.1202090978622437,10,4,0.5474706292152405,0.3294992446899414,0.30321669578552246,0.13727056980133057,96,1
2.7183890342712402,6,5,0.4924415349960327,0.30917108058929443,0.260326623916626,0.11437803506851196,96,1
1.710858702659607,10,8,0.4849088191986084,0.33016133308410645,0.28697556257247925,0.12141412496566772,96,1
2.249072313308716,7,6,0.4880533814430237,0.3073200583457947,0.2375469207763672,0.10786914825439453,96,1
2.1044204235076904,7,6,0.49534785747528076,0.32519352436065674,0.24957561492919922,0.10630631446838379,96,1
4.570119380950928,5,4,0.4828571677207947,0.4075491428375244,0.45721858739852905,0.2708907723426819,97,0
1.2383836507797241,9,7,0.4737919569015503,0.32955867052078247,0.3575047254562378,0.23644310235977173,97,0
1.29112708568573,10,8,0.46928077936172485,0.35123956203460693,0.3567225933074951,0.3395690321922302,97,0
10.268274307250977,2,1,0.499578058719635,0.3712480068206787,0.5734170079231262,0.3614236116409302,97,0
0.7036758661270142,10,8,0.46753108501434326,0.32965219020843506,0.3376389741897583,0.26171720027923584,97,1
2.403602361679077,5,4,0.48429733514785767,0.3305532932281494,0.3702434301376343,0.24661719799041748,97,1
1.863340973854065,8,7,0.4766365885734558,0.3408299684524536,0.35634201765060425,0.25700604915618896,97,1
3.7927308082580566,5,4,0.5015263855457306,0.45009171962738037,0.31090736389160156,0.09460347890853882,98,0
2.101499557495117,6,5,0.5012820065021515,0.38656580448150635,0.33401554822921753,0.11390924453735352,98,0
1.6085646152496338,10,9,0.4804787039756775,0.3821898102760315,0.26896917819976807,0.09847623109817505,98,1
2.3102989196777344,10,8,0.46606719493865967,0.3861856460571289,0.25681376457214355,0.1016342043876648,98,1
1.2304344177246094,16,11,0.479106068611145,0.36002248525619507,0.2607825994491577,0.10125923156738281,98,1
1.6121681928634644,13,12,0.48154526948928833,0.3713291883468628,0.2682011127471924,0.1156926155090332,98,1
1.808713674545288,18,14,0.5014255046844482,0.4074035882949829,0.29199743270874023,0.2843271493911743,99,0
2.132469654083252,14,11,0.49785053730010986,0.3790324926376343,0.23052752017974854,0.2462330460548401,99,0
1.780718207359314,17,11,0.5158568620681763,0.3884581923484802,0.2734795808792114,0.18779516220092773,99,0
0.6442840099334717,7,6,0.4959135055541992,0.31879621744155884,0.348938524723053,0.2367284893989563,99,1
1.8242735862731934,7,6,0.49714410305023193,0.321216881275177,0.3883272409439087,0.22972983121871948,99,1
1.916812539100647,7,6,0.49860841035842896,0.32199740409851074,0.30475175380706787,0.22081595659255981,99,1
1.9215244054794312,19,17,0.46619755029678345,0.31257927417755127,0.24599546194076538,0.06567448377609253,100,0
1.4500547647476196,13,11,0.4627137780189514,0.32630252838134766,0.21300435066223145,0.050174176692962646,100,0
1.9417645931243896,18,16,0.453572154045105,0.32323330640792847,0.2307896614074707,0.074188232421875,100,0
0.4231409728527069,13,11,0.45956242084503174,0.306707501411438,0.21347272396087646,0.08244264125823975,100,1
2.144838333129883,7,5,0.4723021984100342,0.30801546573638916,0.31701934337615967,0.08958792686462402,100,1
1.8116295337677002,13,9,0.4733675718307495,0.37743449211120605,0.19327938556671143,0.0796360969543457,101,0
1.7370331287384033,16,12,0.4688664674758911,0.3792874813079834,0.21038365364074707,0.10394585132598877,101,0
2.5009379386901855,10,9,0.4520658254623413,0.3640209436416626,0.20355021953582764,0.07039904594421387,101,0
1.2488447427749634,19,14,0.4453709125518799,0.33406102657318115,0.20281976461410522,0.06049668788909912,101,1
2.5338027477264404,7,6,0.4929357171058655,0.4303780794143677,0.2649773359298706,0.09675717353820801,101,1
3.4577248096466064,5,3,0.49840348958969116,0.4089178442955017,0.23890089988708496,0.08373022079467773,101,1
4.272761344909668,4,3,0.49960899353027344,0.395568311214447,0.21883928775787354,0.07928681373596191,101,1
2.91646409034729,9,8,0.4831807017326355,0.39970922470092773,0.2287326455116272,0.07050997018814087,101,1
3.196227788925171,7,5,0.4809238910675049,0.413904070854187,0.19801592826843262,0.06569808721542358,101,1
1.7579004764556885,9,8,0.4756428003311157,0.3538958430290222,0.23421907424926758,0.15846550464630127,102,0
1.2963061332702637,8,5,0.4755009412765503,0.3171313405036926,0.2488476037979126,0.1500568389892578,102,0
2.1078593730926514,9,8,0.470839262008667,0.35188066959381104,0.2836112976074219,0.1674739122390747,102,0
2.544588088989258,16,12,0.514972448348999,0.4100955128669739,0.23927634954452515,0.13295423984527588,102,0
2.2490742206573486,5,4,0.48050904273986816,0.3318515419960022,0.2699395418167114,0.15843093395233154,102,1
1.9601845741271973,9,8,0.47484683990478516,0.3453969955444336,0.2739523649215698,0.17590069770812988,102,1
1.0158462524414062,14,11,0.46868956089019775,0.354793906211853,0.2212057113647461,0.10887616872787476,103,0
1.2599258422851562,32,19,0.4630046486854553,0.35658907890319824,0.2580599784851074,0.10941797494888306,103,0
0.3661532700061798,17,12,0.47980231046676636,0.35797858238220215,0.27030128240585327,0.17725181579589844,103,0
1.392582654953003,24,19,0.45916181802749634,0.35035979747772217,0.23527836799621582,0.12324690818786621,103,0
0.3356037735939026,16,11,0.4751836061477661,0.3513203263282776,0.25780540704727173,0.17123544216156006,103,1
0.8058788180351257,20,15,0.4742377996444702,0.3633958101272583,0.231187105178833,0.1283334493637085,103,1
1.167649507522583,22,17,0.467620313167572,0.3580740690231323,0.25533372163772583,0.1198875904083252,103,1
1.3175201416015625,23,18,0.46192753314971924,0.3511636257171631,0.21015971899032593,0.12108582258224487,103,1
1.6374107599258423,9,8,0.46628469228744507,0.269395112991333,0.1826709508895874,0.06492608785629272,104,0
1.448981523513794,6,5,0.4715414047241211,0.2665996551513672,0.1685888171195984,0.05746889114379883,104,0
2.1306145191192627,8,6,0.47609949111938477,0.31034308671951294,0.21297848224639893,0.06409895420074463,104,0
2.0007762908935547,10,9,0.4596446752548218,0.2843278646469116,0.18899232149124146,0.08849501609802246,104,0
1.7515190839767456,9,8,0.4657493233680725,0.2757728695869446,0.1608874797821045,0.06851208209991455,104,1
1.3616712093353271,6,5,0.4703333377838135,0.28073036670684814,0.14575237035751343,0.07024013996124268,104,1
2.137596607208252,8,6,0.4765341877937317,0.32418757677078247,0.18596047163009644,0.06521075963973999,104,1
1.812879204750061,10,9,0.45802420377731323,0.2999083399772644,0.1806957721710205,0.08535516262054443,104,1
0.44066882133483887,22,18,0.4399312734603882,0.30746161937713623,0.31443876028060913,0.1785365343093872,105,0
0.5573248863220215,22,18,0.437971830368042,0.3065190315246582,0.30971354246139526,0.22692370414733887,105,1
0.30664944648742676,22,18,0.44056904315948486,0.30680495500564575,0.3116023540496826,0.20501065254211426,105,1
0.36735495924949646,22,18,0.4384520649909973,0.305431604385376,0.31672006845474243,0.22487688064575195,105,1
0.33408379554748535,24,19,0.438093364238739,0.30674296617507935,0.31825220584869385,0.20414036512374878,105,1
0.39784497022628784,22,18,0.4392779469490051,0.3113440275192261,0.31504058837890625,0.19686144590377808,105,1
1.6850931644439697,13,11,0.44377976655960083,0.3359549045562744,0.30330783128738403,0.17706549167633057,105,1
1.2142767906188965,8,6,0.4948849678039551,0.33764106035232544,0.2593592405319214,0.09111261367797852,106,0
1.6447504758834839,11,9,0.49133503437042236,0.3511303663253784,0.2503359913825989,0.10021883249282837,106,0
1.588222622871399,10,8,0.4811035990715027,0.32169604301452637,0.22877740859985352,0.08970022201538086,106,0
0.8312236666679382,12,11,0.48659443855285645,0.32044899463653564,0.23879164457321167,0.10190737247467041,106,1
1.0383286476135254,13,11,0.48585158586502075,0.3186725378036499,0.27875882387161255,0.11211216449737549,106,1
1.0512417554855347,14,12,0.488336980342865,0.3599092960357666,0.2601286768913269,0.09600973129272461,106,1
1.3769786357879639,11,9,0.4806387424468994,0.38288652896881104,0.2382206916809082,0.08555483818054199,106,1
0.5741037130355835,10,8,0.4869537353515625,0.3087596893310547,0.36753058433532715,0.23119020462036133,107,0
0.632696270942688,10,8,0.4826231598854065,0.3063863515853882,0.3425353765487671,0.25004178285598755,107,1
1.256478190422058,12,9,0.49476152658462524,0.3541354537010193,0.4031243920326233,0.24438196420669556,107,1
1.375907301902771,12,11,0.46888935565948486,0.32210642099380493,0.39385104179382324,0.24034225940704346,108,0
1.1702624559402466,17,15,0.4617503881454468,0.33402377367019653,0.3815775513648987,0.1918589472770691,108,0
1.073779821395874,15,11,0.48177921772003174,0.3596413731575012,0.40478962659835815,0.17265474796295166,108,0
0.9879661202430725,13,11,0.46398401260375977,0.294155478477478,0.4151887893676758,0.16339921951293945,108,1
1.1455224752426147,16,13,0.4644618034362793,0.30886244773864746,0.39296460151672363,0.16533446311950684,108,1
1.2334550619125366,10,5,0.5031318664550781,0.32072675228118896,0.22336435317993164,0.08897626399993896,109,0
2.0412182807922363,9,4,0.5207020938396454,0.36773788928985596,0.23633533716201782,0.08363330364227295,109,0
1.6001299619674683,11,6,0.4901566505432129,0.32098114490509033,0.23242080211639404,0.10080587863922119,109,0
2.219755172729492,8,4,0.5045357346534729,0.31935203075408936,0.19068682193756104,0.06047278642654419,109,1
1.3749920129776,10,6,0.48817765712738037,0.3074650764465332,0.19013506174087524,0.0656512975692749,109,1
2.355483055114746,10,5,0.4913926124572754,0.3237230181694031,0.23051953315734863,0.1021033525466919,109,1
1.3921833038330078,10,8,0.4986801743507385,0.2943069338798523,0.27570998668670654,0.19788581132888794,110,0
1.8859881162643433,8,6,0.503950834274292,0.3026033639907837,0.25981682538986206,0.16993874311447144,110,0
1.6845201253890991,6,3,0.5052046775817871,0.2909421920776367,0.27968841791152954,0.22753119468688965,110,0
3.2021572589874268,5,3,0.5004703402519226,0.3013644218444824,0.30227130651474,0.1816694736480713,110,1
2.249708652496338,8,6,0.5012217462062836,0.30031275749206543,0.2858394384384155,0.16886788606643677,110,1
2.725877285003662,6,3,0.507328450679779,0.2912418842315674,0.30374372005462646,0.1728542447090149,110,1
1.4066308736801147,9,8,0.46250075101852417,0.28645646572113037,0.31198763847351074,0.1635429859161377,111,0
1.742640733718872,7,6,0.46276432275772095,0.2873647212982178,0.2809600830078125,0.12236756086349487,111,0
1.6136469841003418,8,7,0.4619009494781494,0.2857164144515991,0.2697606682777405,0.11343657970428467,111,0
1.6356052160263062,7,6,0.46370142698287964,0.28974926471710205,0.27152037620544434,0.10684460401535034,111,0
1.3474174737930298,11,10,0.46251916885375977,0.2912392020225525,0.27986645698547363,0.1428217887878418,111,1
1.368241786956787,9,8,0.4655191898345947,0.2835608720779419,0.3001750707626343,0.15645384788513184,111,1
1.7261841297149658,7,6,0.4625585079193115,0.28897130489349365,0.2595747709274292,0.10789680480957031,111,1
1.9777612686157227,7,6,0.4634910225868225,0.28923094272613525,0.26571059226989746,0.0975847840309143,111,1
3.27561354637146,4,3,0.4863571524620056,0.34294503927230835,0.2507721185684204,0.11268281936645508,111,1
3.741136312484741,5,4,0.49856144189834595,0.4171683192253113,0.36742687225341797,0.2272358536720276,112,0
1.5166758298873901,11,9,0.47608131170272827,0.32627469301223755,0.41599810123443604,0.24058806896209717,112,0
0.6822161078453064,15,13,0.46539515256881714,0.3048665523529053,0.3597705364227295,0.19763898849487305,112,1
0.6336745023727417,15,13,0.4588524103164673,0.3093465566635132,0.3584580421447754,0.21370500326156616,112,1
0.9035779237747192,14,12,0.46099382638931274,0.29350894689559937,0.3419008255004883,0.24903571605682373,112,1
0.9570571780204773,14,12,0.46802210807800293,0.29975903034210205,0.34693121910095215,0.23002898693084717,112,1
0.7195581793785095,14,12,0.4632287621498108,0.3057965636253357,0.34598904848098755,0.22044521570205688,112,1
0.6072178483009338,15,13,0.4426723122596741,0.3226807713508606,0.36019670963287354,0.2588557004928589,113,0
2.1927576065063477,4,3,0.4703971743583679,0.2867209315299988,0.34537243843078613,0.17544203996658325,113,0
2.6410531997680664,8,7,0.45578253269195557,0.3204834461212158,0.2984766960144043,0.16807448863983154,113,0
1.9730232954025269,10,8,0.45228898525238037,0.3229561448097229,0.31003403663635254,0.17328184843063354,113,0
0.5383322238922119,15,13,0.4438452124595642,0.31969308853149414,0.3608819246292114,0.26322370767593384,113,1
2.711897850036621,4,3,0.4686652421951294,0.2959977984428406,0.3415724039077759,0.17668437957763672,113,1
2.4828062057495117,8,7,0.4588591456413269,0.3263159394264221,0.30572372674942017,0.1560724377632141,113,1
2.0068421363830566,10,8,0.45045995712280273,0.33060401678085327,0.29292941093444824,0.16400039196014404,113,1
0.869844913482666,13,11,0.44152534008026123,0.3207833170890808,0.3741273880004883,0.2594911456108093,113,1
0.6856672167778015,13,11,0.44350665807724,0.3178548216819763,0.38396185636520386,0.294014573097229,113,1
3.845877170562744,5,4,0.4901135563850403,0.3996565341949463,0.3151966333389282,0.10122978687286377,114,0
0.9981459975242615,12,11,0.4675086736679077,0.3303290605545044,0.2402052879333496,0.07539254426956177,114,0
0.5950687527656555,13,12,0.4661768674850464,0.29376405477523804,0.20472562313079834,0.06488931179046631,114,0
0.9815808534622192,9,8,0.4741840362548828,0.3041872978210449,0.1860443353652954,0.07224386930465698,114,0
0.6776530146598816,11,9,0.47171974182128906,0.286266565322876,0.18559175729751587,0.05866628885269165,114,1
0.8557774424552917,11,9,0.4691239595413208,0.2960054874420166,0.20187973976135254,0.05975759029388428,114,1
1.319949984550476,8,7,0.43667352199554443,0.299502432346344,0.3327378034591675,0.13244718313217163,115,0
5.007745742797852,2,1,0.45092952251434326,0.29560989141464233,0.3455858826637268,0.14600729942321777,115,0
3.1877126693725586,8,7,0.4463738203048706,0.354086697101593,0.33225303888320923,0.15481966733932495,115,0
0.9491920471191406,10,9,0.4394652843475342,0.3100162744522095,0.3316243886947632,0.13843178749084473,115,1
2.290776491165161,4,3,0.4517129063606262,0.2920081615447998,0.3364930748939514,0.13747239112854004,115,1
4.566753387451172,8,7,0.4489840865135193,0.36558908224105835,0.31431031227111816,0.11805909872055054,115,1
6.180869102478027,2,1,0.454925537109375,0.2983591556549072,0.3433462381362915,0.1351480484008789,115,1
3.586890459060669,4,3,0.4539263844490051,0.29182350635528564,0.34488654136657715,0.14065897464752197,115,1
0.9972445964813232,8,7,0.4671870470046997,0.3256272077560425,0.26093196868896484,0.2720414400100708,116,0
1.9830461740493774,11,10,0.4827973246574402,0.341145396232605,0.26629209518432617,0.12415450811386108,116,0
2.2912063598632812,11,9,0.4728727340698242,0.36088812351226807,0.28447091579437256,0.10949200391769409,116,0
1.7219263315200806,10,7,0.4826163649559021,0.3812704086303711,0.26592016220092773,0.10472142696380615,116,1
2.4899814128875732,10,7,0.48136013746261597,0.39096391201019287,0.2784963846206665,0.10682159662246704,116,1
1.9826183319091797,7,6,0.4923882484436035,0.3533376455307007,0.2770293951034546,0.13026410341262817,116,1
2.225817918777466,11,9,0.48013728857040405,0.41574662923812866,0.27877962589263916,0.15625065565109253,116,1
1.9758996963500977,8,6,0.4856315851211548,0.4472649097442627,0.27487504482269287,0.13849133253097534,116,1
1.3085358142852783,8,7,0.4836670756340027,0.3577384948730469,0.31381118297576904,0.10348421335220337,116,1
3.1624724864959717,4,3,0.5123549997806549,0.3759912848472595,0.31218278408050537,0.13489389419555664,116,1
1.6679474115371704,18,13,0.4728574752807617,0.34731870889663696,0.22082453966140747,0.14374226331710815,117,0
1.569502592086792,14,11,0.48095703125,0.35947728157043457,0.21472477912902832,0.1395675539970398,117,0
1.9971998929977417,11,8,0.46393829584121704,0.34009259939193726,0.25162672996520996,0.11480021476745605,117,0
1.8127192258834839,5,3,0.48248112201690674,0.34941208362579346,0.20629465579986572,0.10701632499694824,117,0
3.4403884410858154,4,3,0.4861904978752136,0.3472954034805298,0.21223068237304688,0.09796178340911865,117,0
1.4669280052185059,21,14,0.47205090522766113,0.33265650272369385,0.23261618614196777,0.14436471462249756,117,1
1.8776472806930542,13,11,0.47933685779571533,0.3653397560119629,0.19792479276657104,0.11778688430786133,117,1
1.8966084718704224,7,6,0.4726026654243469,0.33760714530944824,0.21424829959869385,0.09229576587677002,117,1
1.9132592678070068,7,6,0.47478359937667847,0.33806002140045166,0.2037680745124817,0.09630894660949707,117,1
1.1464112997055054,9,8,0.4623711109161377,0.3108508586883545,0.23021137714385986,0.0820886492729187,117,1
5.7370100021362305,3,2,0.45095497369766235,0.31849026679992676,0.36373865604400635,0.29609906673431396,118,0
3.011712074279785,6,5,0.4601457715034485,0.313995897769928,0.39525866508483887,0.25068390369415283,118,0
1.4698108434677124,4,3,0.4546624422073364,0.3099099397659302,0.38308411836624146,0.2640622854232788,118,1
2.664651393890381,3,2,0.4772953391075134,0.3160255551338196,0.33283162117004395,0.2577834129333496,118,1
1.2621915340423584,19,18,0.4546888470649719,0.3224303126335144,0.2877941131591797,0.20468008518218994,119,0
1.2373008728027344,6,5,0.46283572912216187,0.39250272512435913,0.3765205144882202,0.11265206336975098,119,0
4.474599361419678,5,4,0.46961110830307007,0.3842160105705261,0.32323819398880005,0.22014516592025757,119,0
1.8528516292572021,12,10,0.45060378313064575,0.37674885988235474,0.39166224002838135,0.13596045970916748,119,0
0.9066077470779419,9,8,0.4576485753059387,0.3265974521636963,0.30882978439331055,0.19810926914215088,119,0
0.9255139231681824,11,9,0.45464253425598145,0.3009873032569885,0.30078089237213135,0.15817123651504517,119,1
1.9093396663665771,11,9,0.44876039028167725,0.307745099067688,0.3412325382232666,0.20221483707427979,119,1
1.6514201164245605,8,7,0.4608132839202881,0.3065846562385559,0.2515465021133423,0.13818585872650146,119,1
1.9472707509994507,17,14,0.49772483110427856,0.33115488290786743,0.2356676459312439,0.07557141780853271,120,0
1.826438546180725,13,11,0.45268601179122925,0.30276012420654297,0.171411395072937,0.07904607057571411,120,0
2.019071340560913,17,15,0.4422374367713928,0.30821555852890015,0.18968069553375244,0.06783193349838257,120,0
1.703182339668274,14,12,0.4441412687301636,0.3054310083389282,0.17890936136245728,0.07450902462005615,120,0
0.9639427065849304,10,8,0.4554843306541443,0.2592059373855591,0.1596977710723877,0.07561063766479492,120,1
1.2928001880645752,13,10,0.4609187841415405,0.2687729001045227,0.16771024465560913,0.08291614055633545,120,1
1.5159896612167358,12,10,0.4546099305152893,0.26466453075408936,0.17008578777313232,0.0790814757347107,120,1
1.6664271354675293,8,6,0.47119176387786865,0.2828744649887085,0.17548036575317383,0.07842403650283813,120,1
1.270309329032898,10,8,0.4798089861869812,0.3125542402267456,0.24584025144577026,0.11775738000869751,121,0
2.026914119720459,6,4,0.4801517128944397,0.3307649493217468,0.22578072547912598,0.08927929401397705,121,0
1.7002211809158325,11,8,0.4756137728691101,0.30706286430358887,0.21151357889175415,0.06720614433288574,121,0
1.49141526222229,8,7,0.4799337387084961,0.3127064108848572,0.2395228147506714,0.10691702365875244,121,0
1.2559460401535034,5,4,0.4740089774131775,0.27440160512924194,0.22039347887039185,0.07589602470397949,121,1
1.810572862625122,5,4,0.47379565238952637,0.2863977551460266,0.20832347869873047,0.06663823127746582,121,1
2.392610549926758,5,4,0.4818280339241028,0.29829370975494385,0.24574190378189087,0.06878149509429932,121,1
2.6353628635406494,6,5,0.47623032331466675,0.2937317490577698,0.217041015625,0.05853009223937988,121,1
0.8573418855667114,13,11,0.46948009729385376,0.3202652931213379,0.23836863040924072,0.09123843908309937,122,0
1.224523663520813,11,9,0.4692620635032654,0.30431437492370605,0.1919870376586914,0.10962599515914917,122,0
1.4268640279769897,12,8,0.4755803346633911,0.31432420015335083,0.2768635153770447,0.09128719568252563,122,0
0.9899858236312866,12,9,0.4833616018295288,0.338325560092926,0.2543085217475891,0.1057593822479248,122,0
1.3990520238876343,13,10,0.47202134132385254,0.3036905527114868,0.2459723949432373,0.08640676736831665,122,0
1.2552039623260498,11,8,0.46909481287002563,0.30947935581207275,0.21648180484771729,0.10914027690887451,122,0
1.5478432178497314,16,14,0.4688833951950073,0.3214784264564514,0.3063344359397888,0.10223078727722168,122,1
1.7987712621688843,10,8,0.47482603788375854,0.31798452138900757,0.23282921314239502,0.10014522075653076,122,1
1.7987005710601807,12,10,0.46070611476898193,0.2957814931869507,0.2416781187057495,0.10632342100143433,122,1
1.5232021808624268,12,10,0.48019134998321533,0.34793370962142944,0.2589656710624695,0.08827406167984009,122,1
1.8764163255691528,9,7,0.4764673113822937,0.29193180799484253,0.32186150550842285,0.09553730487823486,122,1
1.2197232246398926,11,9,0.4672397971153259,0.31687653064727783,0.2958201766014099,0.1648120880126953,123,0
2.09057354927063,12,9,0.4786331057548523,0.36399781703948975,0.31147849559783936,0.10985714197158813,123,0
3.798922061920166,10,9,0.4714024066925049,0.367948055267334,0.3160232901573181,0.1400325894355774,123,0
0.7941131591796875,13,9,0.47612202167510986,0.317014217376709,0.36042582988739014,0.1366826891899109,123,1
1.1841715574264526,15,11,0.4616076946258545,0.3224787712097168,0.39364373683929443,0.14201891422271729,123,1
1.7900099754333496,22,19,0.47617971897125244,0.3551158308982849,0.21742671728134155,0.12119638919830322,124,0
1.8142160177230835,16,12,0.46995317935943604,0.35080844163894653,0.2714698314666748,0.16124111413955688,124,0
2.3574326038360596,9,6,0.4943738579750061,0.3550248146057129,0.24008893966674805,0.10132598876953125,124,0
0.7417904138565063,14,11,0.46891140937805176,0.32649093866348267,0.20447039604187012,0.08191561698913574,124,1
0.7581682205200195,15,12,0.468389093875885,0.32500219345092773,0.21797233819961548,0.057647109031677246,124,1
1.2152353525161743,17,14,0.46847814321517944,0.3417399525642395,0.2030172348022461,0.06323623657226562,124,1
1.2980209589004517,14,11,0.4700509309768677,0.33284515142440796,0.21236932277679443,0.14979839324951172,124,1
0.4938167333602905,11,5,0.4726804494857788,0.37587881088256836,0.32214218378067017,0.4443551301956177,125,0
0.9411889910697937,11,7,0.4557056427001953,0.3191261291503906,0.34515565633773804,0.34625810384750366,125,0
4.818418979644775,5,4,0.4739576578140259,0.40265315771102905,0.40768951177597046,0.4177417755126953,125,0
1.188592791557312,9,6,0.454697847366333,0.3096413016319275,0.35098665952682495,0.4369293451309204,125,1
1.0472806692123413,12,8,0.4561549425125122,0.3124893307685852,0.32965898513793945,0.4613056778907776,125,1
1.3798128366470337,9,6,0.4524630904197693,0.30682528018951416,0.3442472219467163,0.45029497146606445,125,1
1.264085292816162,9,6,0.45357799530029297,0.3092131018638611,0.34586089849472046,0.4574272632598877,125,1
1.3587288856506348,13,12,0.4548400044441223,0.2911815047264099,0.3907960057258606,0.26233935356140137,126,0
0.8078972697257996,15,13,0.4554072618484497,0.2941790819168091,0.37993502616882324,0.21083003282546997,126,0
1.294079065322876,18,16,0.4490412473678589,0.3448859453201294,0.3804771304130554,0.16092145442962646,126,1
1.7386553287506104,18,16,0.4435136318206787,0.347136914730072,0.3675578236579895,0.1761142611503601,126,1
1.0562567710876465,15,13,0.4481510519981384,0.29532134532928467,0.3742823600769043,0.18696975708007812,126,1
0.924701988697052,14,12,0.4509773850440979,0.2744220495223999,0.4154675006866455,0.12214303016662598,126,1
4.23064661026001,5,4,0.5013414025306702,0.42844271659851074,0.38519585132598877,0.22282660007476807,127,0
2.579608678817749,5,4,0.4930659532546997,0.3705219626426697,0.33407002687454224,0.20530742406845093,127,0
2.723433256149292,6,5,0.5076475739479065,0.3573406934738159,0.37661033868789673,0.24845731258392334,127,0
0.9879930019378662,14,12,0.47080135345458984,0.34986841678619385,0.40550661087036133,0.31864893436431885,127,1
1.3205909729003906,13,11,0.47469210624694824,0.34163224697113037,0.4097011089324951,0.36441493034362793,127,1
1.1397578716278076,17,13,0.4650169014930725,0.3381865620613098,0.4050542116165161,0.31670814752578735,127,1
1.956217885017395,14,12,0.47987037897109985,0.3610115051269531,0.3411015272140503,0.29017800092697144,127,1
1.9077199697494507,10,9,0.4916301965713501,0.3590974807739258,0.32607465982437134,0.13833099603652954,128,0
2.9576635360717773,14,12,0.4799710512161255,0.3636218309402466,0.4090994596481323,0.207383930683136,128,0
0.5810219645500183,20,17,0.5218569338321686,0.4034520387649536,0.36910849809646606,0.16037124395370483,128,1
1.0509580373764038,21,17,0.5198866128921509,0.39796555042266846,0.34045910835266113,0.26027417182922363,128,1
1.3913214206695557,21,17,0.5286062657833099,0.4056490659713745,0.3491833209991455,0.2332271933555603,128,1
1.4778029918670654,21,17,0.5290083289146423,0.41329169273376465,0.3563762307167053,0.3155292868614197,128,1
1.5268418788909912,19,15,0.45966535806655884,0.2917511463165283,0.39976686239242554,0.2287886142730713,129,0
0.7773938179016113,22,16,0.45994240045547485,0.2980426549911499,0.40367358922958374,0.22223687171936035,129,0
0.9853348731994629,20,16,0.460480272769928,0.29706400632858276,0.39682215452194214,0.22419965267181396,129,0
2.8966269493103027,11,4,0.5099640488624573,0.3011445999145508,0.35192161798477173,0.17182600498199463,129,0
1.2924566268920898,18,15,0.4604529142379761,0.29557108879089355,0.39577895402908325,0.17732751369476318,129,1
0.9228782653808594,21,16,0.4607453942298889,0.30103445053100586,0.41310983896255493,0.23015117645263672,129,1
1.1971685886383057,18,15,0.459277868270874,0.28958064317703247,0.39368170499801636,0.18024206161499023,129,1
3.1633145809173584,8,4,0.502602219581604,0.298000693321228,0.35845208168029785,0.1841769814491272,129,1
1.4914182424545288,14,10,0.4679518938064575,0.3732558488845825,0.4380713105201721,0.20008784532546997,130,0
2.846543073654175,6,3,0.5084356069564819,0.39693683385849,0.3660544157028198,0.1312059760093689,130,0
1.3353952169418335,12,11,0.47754937410354614,0.3552600145339966,0.33061885833740234,0.1288447380065918,130,0
0.8736613988876343,9,8,0.46696335077285767,0.32279717922210693,0.3141748309135437,0.12609142065048218,130,1
1.6798356771469116,10,9,0.46821165084838867,0.32603830099105835,0.32161909341812134,0.11858844757080078,130,1
1.0154470205307007,11,10,0.47497445344924927,0.35120946168899536,0.3608242869377136,0.12878835201263428,130,1
1.5411262512207031,10,9,0.4533008933067322,0.29206228256225586,0.2639954686164856,0.1636037826538086,131,0
3.9809062480926514,3,2,0.4824538826942444,0.31446385383605957,0.26429295539855957,0.1925588846206665,131,0
1.435545563697815,14,12,0.4569509029388428,0.28579163551330566,0.22312664985656738,0.2043662667274475,131,1
1.9598838090896606,14,12,0.44993895292282104,0.28240787982940674,0.3661823868751526,0.2140887975692749,131,1
1.586304783821106,15,12,0.46047961711883545,0.2990531921386719,0.21041184663772583,0.16902220249176025,131,1
3.2446866035461426,5,4,0.511593371629715,0.37723833322525024,0.28618866205215454,0.10745519399642944,132,0
0.9491350650787354,14,9,0.5122911334037781,0.34546273946762085,0.27600711584091187,0.11904358863830566,132,0
1.650472640991211,12,7,0.5558348298072815,0.3818122148513794,0.2735273241996765,0.12612736225128174,132,1
1.5067999362945557,9,6,0.5141529440879822,0.3392430543899536,0.23895949125289917,0.09344702959060669,132,1
1.7428679466247559,12,7,0.5566167831420898,0.36604928970336914,0.2611076831817627,0.1193343997001648,132,1
1.9177693128585815,10,6,0.5633478462696075,0.38082778453826904,0.2779214382171631,0.1264716386795044,132,1
1.7784671783447266,11,8,0.49777358770370483,0.2659395933151245,0.22769826650619507,0.06783699989318848,133,0
1.5266320705413818,4,3,0.504673421382904,0.30008983612060547,0.20255029201507568,0.06692397594451904,133,1
3.3461685180664062,6,5,0.49128037691116333,0.27061212062835693,0.28074580430984497,0.07393258810043335,133,1
1.7647250890731812,9,5,0.4954284429550171,0.2673444151878357,0.24574881792068481,0.06746363639831543,133,1
1.1850779056549072,6,3,0.4997444152832031,0.269184947013855,0.2325587272644043,0.0819711685180664,133,1
0.3567599058151245,8,6,0.4811441898345947,0.3760400414466858,0.2749403119087219,0.11789840459823608,134,0
1.1642866134643555,8,6,0.4716598391532898,0.3772318363189697,0.29048824310302734,0.10362905263900757,134,0
1.6111506223678589,8,6,0.4756535291671753,0.4026816487312317,0.2929619550704956,0.09025108814239502,134,0
1.9629764556884766,7,5,0.47615426778793335,0.38164210319519043,0.2852051258087158,0.07078957557678223,134,0
0.4790109097957611,9,7,0.4923688769340515,0.3801029324531555,0.28018468618392944,0.12408363819122314,134,1
1.8501346111297607,6,4,0.4587680697441101,0.36846470832824707,0.2692563533782959,0.07273209095001221,134,1
2.7349040508270264,6,4,0.4699254035949707,0.35728639364242554,0.26962578296661377,0.07580685615539551,134,1
2.5026628971099854,6,4,0.4748328924179077,0.3765714168548584,0.28802675008773804,0.08146548271179199,134,1
2.202655076980591,8,6,0.4776405096054077,0.3712564706802368,0.28331542015075684,0.06648164987564087,134,1
4.0524001121521,5,4,0.48412269353866577,0.396350622177124,0.37074971199035645,0.2503887414932251,135,0
2.20428204536438,6,5,0.4895796775817871,0.3276783227920532,0.35144853591918945,0.20337152481079102,135,0
1.6367888450622559,11,10,0.4654746651649475,0.3554408550262451,0.2996107339859009,0.2759523391723633,135,1
1.994174599647522,9,8,0.46214812994003296,0.33734130859375,0.3272080421447754,0.25409555435180664,135,1
3.5108017921447754,9,8,0.4823579788208008,0.35821449756622314,0.28534573316574097,0.2182009220123291,135,1
1.705381989479065,9,8,0.4654271602630615,0.3148418664932251,0.34086906909942627,0.19522416591644287,135,1
1.6747198104858398,11,10,0.4661308526992798,0.3263484239578247,0.35747623443603516,0.19436204433441162,135,1
1.2059658765792847,15,14,0.43566417694091797,0.3062072992324829,0.3272244930267334,0.19492900371551514,136,0
1.5720926523208618,18,16,0.4321630597114563,0.3249645233154297,0.3833386301994324,0.29070425033569336,136,0
0.6994449496269226,18,16,0.4309370517730713,0.32604002952575684,0.33021247386932373,0.23672479391098022,136,1
0.7123716473579407,21,19,0.4278414249420166,0.3488004803657532,0.3544231653213501,0.2564660310745239,136,1
1.1747932434082031,19,16,0.42913687229156494,0.34654706716537476,0.3327898383140564,0.22304654121398926,136,1
1.1197220087051392,7,4,0.48886382579803467,0.3296126127243042,0.33631354570388794,0.16253483295440674,137,0
0.97083580493927,9,6,0.49212563037872314,0.3373553156852722,0.36304789781570435,0.2352381944656372,137,0
1.9178977012634277,19,15,0.47306251525878906,0.365268349647522,0.32148730754852295,0.20855414867401123,137,0
1.845192313194275,21,17,0.4730522036552429,0.36747658252716064,0.3350330591201782,0.24597209692001343,137,0
1.4486072063446045,7,4,0.49045443534851074,0.33236074447631836,0.3475802540779114,0.22334939241409302,137,1
1.9735424518585205,14,8,0.525545746088028,0.3687141537666321,0.3232836127281189,0.2275829315185547,137,1
1.9190154075622559,14,8,0.5181500911712646,0.37020349502563477,0.3171764612197876,0.18347418308258057,137,1
2.233048439025879,16,12,0.47481203079223633,0.36134111881256104,0.3214552402496338,0.2339721918106079,137,1
2.609466552734375,9,8,0.47228169441223145,0.40864992141723633,0.34015631675720215,0.14720988273620605,138,0
4.823824405670166,5,4,0.49766242504119873,0.436370313167572,0.41013050079345703,0.2653886675834656,138,0
1.4529906511306763,11,7,0.4657052755355835,0.36126744747161865,0.3445850610733032,0.22224962711334229,138,0
1.6680753231048584,11,7,0.46410584449768066,0.3725363612174988,0.34017860889434814,0.19731628894805908,138,0
1.4357842206954956,14,8,0.4718497395515442,0.3733994960784912,0.31765979528427124,0.18206089735031128,138,0
1.6305160522460938,12,9,0.4660242795944214,0.3735232353210449,0.2980923056602478,0.19717180728912354,138,0
1.1706926822662354,12,8,0.4629198908805847,0.3535478115081787,0.4439292550086975,0.26608937978744507,138,1
1.2759575843811035,12,8,0.4665995240211487,0.3458632230758667,0.42888110876083374,0.25060582160949707,138,1
1.3502082824707031,11,8,0.46408921480178833,0.34825634956359863,0.3932536244392395,0.2227851152420044,138,1
1.679875373840332,10,9,0.4952545166015625,0.3529472351074219,0.40803682804107666,0.277005672454834,139,0
2.257988691329956,13,10,0.4915059804916382,0.35886120796203613,0.2997434735298157,0.19541597366333008,139,0
2.229069232940674,14,11,0.4932488203048706,0.3641132116317749,0.33048170804977417,0.21570640802383423,139,0
4.0373759269714355,6,5,0.5176019966602325,0.39575809240341187,0.30613720417022705,0.15338647365570068,139,0
2.074493885040283,11,9,0.4889289140701294,0.32549118995666504,0.30672121047973633,0.28722864389419556,139,1
2.4940543174743652,11,9,0.48986274003982544,0.3237226605415344,0.30322396755218506,0.2066497802734375,139,1
2.2293691635131836,12,9,0.4872909188270569,0.32404571771621704,0.3102940320968628,0.27175748348236084,139,1
2.373366355895996,11,10,0.488148033618927,0.3276689052581787,0.3226551413536072,0.281263530254364,139,1
2.685565948486328,13,10,0.48987215757369995,0.32331109046936035,0.307680606842041,0.26923108100891113,139,1
4.179656982421875,4,2,0.5130637884140015,0.32496070861816406,0.3597458004951477,0.2631610631942749,139,1
2.5923659801483154,17,13,0.48944365978240967,0.35678136348724365,0.24243474006652832,0.1568858027458191,139,1
0.4430706202983856,10,9,0.45096540451049805,0.28941893577575684,0.30809998512268066,0.1645522117614746,140,0
0.9450874328613281,11,10,0.45465755462646484,0.2876710891723633,0.3410238027572632,0.21110951900482178,140,1
0.8450217247009277,11,9,0.4543207883834839,0.2927181124687195,0.3541812300682068,0.2302485704421997,140,1
1.063075065612793,12,11,0.45378029346466064,0.29164910316467285,0.3604615330696106,0.23802244663238525,140,1
0.7538649439811707,10,9,0.48966312408447266,0.29324936866760254,0.388136088848114,0.25318264961242676,141,0
1.7239961624145508,13,11,0.47815024852752686,0.2894749045372009,0.36644697189331055,0.28702884912490845,141,0
1.0846985578536987,10,9,0.4910306930541992,0.29373371601104736,0.37372076511383057,0.20817649364471436,141,1
2.0867950916290283,13,11,0.4765937328338623,0.2918202877044678,0.3504161238670349,0.28010499477386475,141,1
1.3534733057022095,18,11,0.5105488300323486,0.32871824502944946,0.31563103199005127,0.16318082809448242,142,0
2.072604179382324,10,9,0.5115105509757996,0.31251978874206543,0.2279718518257141,0.16227298974990845,142,0
1.698664665222168,15,12,0.5076512396335602,0.3230435252189636,0.29905974864959717,0.14930987358093262,142,0
0.8648155927658081,7,6,0.5104312300682068,0.30264759063720703,0.35769224166870117,0.175686776638031,142,1
1.8438243865966797,9,8,0.4473994970321655,0.3481713533401489,0.3038136959075928,0.17764270305633545,143,0
1.2211579084396362,15,13,0.4549652338027954,0.3637745976448059,0.4338753819465637,0.23058152198791504,143,0
2.8007845878601074,13,11,0.4543367624282837,0.3631107211112976,0.3269008994102478,0.18116164207458496,143,0
3.348764657974243,4,3,0.4923768639564514,0.3630525469779968,0.31779104471206665,0.2427927851676941,143,0
1.8093842267990112,9,8,0.45071810483932495,0.3799424171447754,0.3288360834121704,0.20558035373687744,143,0
1.2375043630599976,18,16,0.4406282305717468,0.31470733880996704,0.2991495132446289,0.11906427145004272,143,1
1.0374457836151123,21,19,0.4379088282585144,0.28359293937683105,0.31307482719421387,0.129957914352417,143,1
2.9246318340301514,5,4,0.47730547189712524,0.36370307207107544,0.2950073480606079,0.08763247728347778,143,1
2.5764102935791016,5,4,0.4684430956840515,0.33472687005996704,0.37196606397628784,0.12051522731781006,143,1
2.73872971534729,7,6,0.46210139989852905,0.3141385316848755,0.3666735887527466,0.12854719161987305,143,1
4.571231842041016,2,1,0.49831104278564453,0.3993985056877136,0.36337488889694214,0.2865743041038513,143,1
3.1581263542175293,6,5,0.4654672145843506,0.4413318634033203,0.3414421081542969,0.23630297183990479,143,1
2.8400392532348633,8,7,0.4521486163139343,0.3776586651802063,0.2977907657623291,0.14821219444274902,143,1
0.8648356795310974,11,9,0.4596041440963745,0.30579620599746704,0.32216060161590576,0.20073741674423218,144,0
4.292117595672607,2,1,0.5024615824222565,0.3667048215866089,0.35991913080215454,0.2151128053665161,144,0
1.8070775270462036,16,14,0.4717435836791992,0.3477022647857666,0.4219352602958679,0.2429112195968628,144,0
2.5644102096557617,11,9,0.4648476243019104,0.34455233812332153,0.4002574682235718,0.2755686044692993,144,0
2.038702964782715,9,7,0.4620409607887268,0.3391917943954468,0.4803593158721924,0.31454718112945557,144,1
4.150177478790283,2,1,0.533938854932785,0.3844577670097351,0.46673136949539185,0.28281331062316895,144,1
2.284316062927246,14,12,0.4573369026184082,0.3433045744895935,0.40594661235809326,0.2922348976135254,144,1
2.582803964614868,9,6,0.4734940528869629,0.35411643981933594,0.4089246988296509,0.24757683277130127,144,1
4.702430248260498,7,4,0.48736947774887085,0.38491278886795044,0.40024733543395996,0.21424877643585205,144,1
3.074605703353882,7,5,0.4856983423233032,0.3698657155036926,0.47787922620773315,0.31091809272766113,144,1
1.7011817693710327,10,9,0.4489016532897949,0.3026336431503296,0.26135122776031494,0.11412113904953003,145,0
2.077730894088745,7,6,0.4777827858924866,0.3220531940460205,0.2287718653678894,0.12231487035751343,145,0
2.389378070831299,15,14,0.4504934549331665,0.36154478788375854,0.2580563426017761,0.1426175832748413,145,0
2.7645163536071777,6,5,0.4775303602218628,0.349490761756897,0.29263657331466675,0.10833775997161865,145,0
1.804011583328247,10,9,0.4478382468223572,0.2925328016281128,0.22991257905960083,0.10754883289337158,145,1
2.6706464290618896,7,6,0.4805185794830322,0.31698453426361084,0.258426308631897,0.11272096633911133,145,1
2.3271312713623047,15,14,0.4492177963256836,0.35052603483200073,0.24246108531951904,0.14552521705627441,145,1
2.6449334621429443,6,5,0.4787226915359497,0.3284114599227905,0.2543950080871582,0.11547601222991943,145,1
1.6974705457687378,14,11,0.49718236923217773,0.3536837100982666,0.41156333684921265,0.3232244849205017,146,0
1.883272409439087,14,11,0.48437756299972534,0.38844823837280273,0.3677785396575928,0.31200242042541504,146,0
1.9899650812149048,20,15,0.47854435443878174,0.3776237964630127,0.30914485454559326,0.2929260730743408,146,0
1.8404650688171387,12,9,0.4910992980003357,0.3876640200614929,0.32315969467163086,0.25208795070648193,146,1
2.0148963928222656,15,11,0.48146671056747437,0.34657686948776245,0.3101452589035034,0.25543951988220215,146,1
1.6796987056732178,13,7,0.49331992864608765,0.3607504963874817,0.3191649913787842,0.2684441804885864,146,1
0.885394275188446,10,7,0.5022185742855072,0.2884972095489502,0.1943311095237732,0.08917981386184692,147,0
1.0265346765518188,13,9,0.5029159188270569,0.2871830463409424,0.2027309536933899,0.07007181644439697,147,0
2.0023770332336426,11,8,0.5074267387390137,0.3286941647529602,0.19698339700698853,0.06495565176010132,147,0
1.9883314371109009,11,8,0.5061890482902527,0.32416832447052,0.18342196941375732,0.05108952522277832,147,0
2.080472946166992,16,12,0.5020272731781006,0.33945655822753906,0.21274662017822266,0.08107829093933105,147,0
1.6194069385528564,9,6,0.5039352774620056,0.33111143112182617,0.25135719776153564,0.08462178707122803,147,1
1.3237215280532837,9,6,0.4996531009674072,0.3094719648361206,0.25592511892318726,0.08743047714233398,147,1
1.6567720174789429,9,6,0.5012155771255493,0.3042663335800171,0.30233049392700195,0.08482378721237183,147,1
2.1265904903411865,12,9,0.4957537055015564,0.3639659285545349,0.3075467348098755,0.21954810619354248,148,0
1.2635265588760376,10,8,0.5043656527996063,0.32191652059555054,0.2637048363685608,0.1898813247680664,148,0
1.1724416017532349,11,9,0.49596458673477173,0.3433602452278137,0.3093850612640381,0.21474790573120117,148,1
2.037374496459961,10,8,0.5000566840171814,0.32977527379989624,0.3982846140861511,0.2527560591697693,148,1
2.257286310195923,16,13,0.4919065833091736,0.36513352394104004,0.3361855745315552,0.23575520515441895,148,1
0.9146100878715515,10,8,0.48218828439712524,0.2779759168624878,0.21111643314361572,0.08543789386749268,149,0
1.3169615268707275,13,11,0.4806782603263855,0.28443533182144165,0.23244315385818481,0.0881725549697876,149,0
1.4064793586730957,13,11,0.480171263217926,0.29002922773361206,0.22783243656158447,0.09405207633972168,149,1
1.7577623128890991,15,13,0.48150449991226196,0.3040420413017273,0.25195640325546265,0.09261929988861084,149,1
1.6405338048934937,11,9,0.48341572284698486,0.2874292731285095,0.2371388077735901,0.08798855543136597,149,1
1.5905876159667969,20,17,0.4753284454345703,0.30284178256988525,0.28041040897369385,0.08263289928436279,149,1
4.031816005706787,5,4,0.4710719585418701,0.41103655099868774,0.2949885129928589,0.13761276006698608,150,0
1.6678918600082397,9,8,0.4685361385345459,0.3571178913116455,0.29438120126724243,0.16313618421554565,150,0
1.9708740711212158,8,5,0.4635223150253296,0.344515323638916,0.2737717032432556,0.16447967290878296,150,0
1.8898910284042358,7,5,0.4727388620376587,0.33975714445114136,0.273614764213562,0.180466890335083,150,0
2.862895965576172,4,3,0.46384352445602417,0.3313719630241394,0.2645084261894226,0.1666286587715149,150,1
1.672187328338623,8,6,0.44003820419311523,0.33129000663757324,0.28305625915527344,0.1577855944633484,150,1
2.7744300365448,7,6,0.44958949089050293,0.3765822649002075,0.30074775218963623,0.15441453456878662,150,1
2.4893219470977783,6,5,0.5118113160133362,0.3247554302215576,0.32512080669403076,0.1850530505180359,151,0
3.8523008823394775,7,6,0.5059338808059692,0.3498857617378235,0.3144611716270447,0.16903036832809448,151,0
4.505834579467773,6,5,0.5206709206104279,0.33788514137268066,0.3377808928489685,0.19398647546768188,151,0
2.2469050884246826,6,5,0.5127927958965302,0.32543933391571045,0.3335636854171753,0.20772838592529297,151,0
2.841113567352295,9,6,0.506354957818985,0.3344944715499878,0.3415183424949646,0.21350866556167603,151,0
1.5827922821044922,6,5,0.5063920021057129,0.3481038808822632,0.3327784538269043,0.20149850845336914,151,1
1.6617532968521118,7,6,0.4899304509162903,0.3696568012237549,0.28182220458984375,0.12803399562835693,152,0
4.27443265914917,6,5,0.5147404074668884,0.42825961112976074,0.37511003017425537,0.18772447109222412,152,0
4.224236965179443,6,5,0.5166240930557251,0.4442245364189148,0.3807485103607178,0.1944044828414917,152,0
2.9875290393829346,5,4,0.5240011215209961,0.42042630910873413,0.3421527147293091,0.1363062858581543,152,0
3.3680503368377686,5,4,0.5085230767726898,0.42219775915145874,0.32788825035095215,0.1508387327194214,152,0
2.248741388320923,5,4,0.509220540523529,0.3631729483604431,0.3417336940765381,0.19281220436096191,152,1
1.6112806797027588,7,6,0.5062118768692017,0.35514503717422485,0.3223261833190918,0.19652950763702393,152,1
1.8314409255981445,6,5,0.5011486113071442,0.3655277490615845,0.33904898166656494,0.19804418087005615,152,1
1.5882128477096558,6,5,0.528378963470459,0.3588940501213074,0.3522191047668457,0.20477598905563354,152,1
0.648472785949707,14,9,0.5258316397666931,0.326307475566864,0.4250999689102173,0.20524710416793823,153,0
0.818299412727356,10,5,0.5180359184741974,0.3281615972518921,0.35515451431274414,0.2095302939414978,153,0
2.3931615352630615,8,3,0.5340194702148438,0.32835084199905396,0.4302327632904053,0.22979390621185303,153,0
0.8886809945106506,17,11,0.5199129581451416,0.32907629013061523,0.35832226276397705,0.20342278480529785,153,1
1.4768935441970825,7,6,0.5188647210597992,0.3233293294906616,0.4351382255554199,0.21764534711837769,153,1
3.009781837463379,3,2,0.5066653192043304,0.3067275285720825,0.3430553674697876,0.17731845378875732,153,1
2.398268699645996,5,4,0.5199486613273621,0.3252300024032593,0.35149431228637695,0.18267148733139038,153,1
0.9721119999885559,7,4,0.4804060459136963,0.32880735397338867,0.21473091840744019,0.07031291723251343,154,0
1.2996406555175781,14,9,0.4561658501625061,0.30663108825683594,0.2229628562927246,0.10674482583999634,154,0
1.2018388509750366,7,4,0.48081791400909424,0.3022003173828125,0.18965071439743042,0.05768352746963501,154,1
2.147592306137085,10,9,0.44537079334259033,0.32414746284484863,0.2970924377441406,0.18578821420669556,155,0
2.3305435180664062,21,16,0.4551050662994385,0.39601045846939087,0.32792454957962036,0.22479593753814697,155,0
1.003574013710022,17,9,0.44788217544555664,0.3194180727005005,0.31389838457107544,0.1809864640235901,155,1
1.3354755640029907,13,8,0.4565778374671936,0.33231914043426514,0.4114916920661926,0.2268139123916626,155,1
1.118481993675232,13,12,0.48360002040863037,0.37199920415878296,0.23258423805236816,0.07823240756988525,156,0
2.7398874759674072,14,13,0.4797360897064209,0.363949179649353,0.24864745140075684,0.08224868774414062,156,0
1.8561015129089355,8,7,0.4815526604652405,0.30221933126449585,0.24091148376464844,0.06672060489654541,156,0
2.02648663520813,8,7,0.4912402629852295,0.3187714219093323,0.2330411672592163,0.10115373134613037,156,0
2.7518320083618164,7,6,0.49323469400405884,0.3622525930404663,0.2524127960205078,0.09376108646392822,156,0
1.634997844696045,9,8,0.4820244312286377,0.33277106285095215,0.23578375577926636,0.10782796144485474,156,1
1.1351253986358643,17,14,0.4749397039413452,0.3400765657424927,0.2560213804244995,0.11977458000183105,156,1
8.466385841369629,2,1,0.46569329500198364,0.3048219084739685,0.3832552433013916,0.19978207349777222,157,0
5.7991132736206055,3,2,0.45933324098587036,0.3043917417526245,0.43125802278518677,0.23215317726135254,157,0
3.3911967277526855,6,5,0.4574744701385498,0.32903170585632324,0.4579319357872009,0.27267009019851685,157,0
2.0109782218933105,3,1,0.46071815490722656,0.2930803894996643,0.405539870262146,0.20306652784347534,157,1
2.930938720703125,4,2,0.45105278491973877,0.28773272037506104,0.41710859537124634,0.22717738151550293,157,1
2.1133885383605957,7,5,0.4472559690475464,0.31288719177246094,0.4523148536682129,0.27132147550582886,157,1
2.07344651222229,10,9,0.48299044370651245,0.32728517055511475,0.31743502616882324,0.16783517599105835,158,0
2.2818126678466797,6,5,0.5103327929973602,0.35754984617233276,0.297751784324646,0.17009657621383667,158,0
2.381810426712036,5,4,0.5138838291168213,0.36066561937332153,0.31704747676849365,0.15542680025100708,158,0
1.9463391304016113,9,6,0.49593138694763184,0.29321932792663574,0.2880926728248596,0.1575843095779419,158,0
1.159471869468689,7,6,0.485312819480896,0.2951233386993408,0.29337799549102783,0.12606453895568848,158,1
1.807558298110962,8,7,0.4854985475540161,0.3250018358230591,0.2917386293411255,0.14621859788894653,158,1
2.999873399734497,5,4,0.4904659390449524,0.3223692774772644,0.33536970615386963,0.15418148040771484,158,1
1.7117215394973755,15,13,0.4364987015724182,0.2932423949241638,0.32286036014556885,0.19297438859939575,159,0
2.9025707244873047,8,7,0.4518877863883972,0.294055700302124,0.34707897901535034,0.16526925563812256,159,0
4.737514019012451,4,3,0.46579301357269287,0.29092925786972046,0.33225560188293457,0.1558111310005188,159,0
2.142601251602173,8,7,0.45098578929901123,0.28728699684143066,0.36294353008270264,0.1931430697441101,159,0
0.8941606879234314,13,12,0.44786661863327026,0.2911228537559509,0.3589533567428589,0.25058215856552124,159,1
1.7236038446426392,10,9,0.4461483359336853,0.2887396812438965,0.3311828374862671,0.20874255895614624,159,1
4.059704303741455,3,2,0.4691277742385864,0.2687535285949707,0.37920063734054565,0.17777419090270996,159,1
1.1977365016937256,12,11,0.4453444480895996,0.28174519538879395,0.36897170543670654,0.25613027811050415,159,1
1.3479440212249756,11,10,0.442959725856781,0.28421473503112793,0.35342419147491455,0.25039929151535034,159,1
0.838407576084137,15,14,0.44587552547454834,0.3083823323249817,0.34547126293182373,0.14029783010482788,160,0
1.5001555681228638,19,18,0.4391399621963501,0.33876585960388184,0.31437093019485474,0.1492486596107483,160,0
1.429499626159668,19,18,0.4388536214828491,0.33809131383895874,0.2992626428604126,0.14103925228118896,160,0
0.7705528736114502,15,14,0.43608081340789795,0.317487895488739,0.36352068185806274,0.1962287425994873,160,1
0.6278245449066162,15,14,0.439589262008667,0.3213045597076416,0.3602800965309143,0.18505418300628662,160,1
0.5640051364898682,15,14,0.44036418199539185,0.3200213313102722,0.3655705451965332,0.20358026027679443,160,1
0.8635019063949585,16,15,0.44378674030303955,0.3201802372932434,0.38677287101745605,0.19648605585098267,160,1
1.2063193321228027,16,14,0.4406035542488098,0.3082636594772339,0.38028401136398315,0.2027977705001831,160,1
0.5384998321533203,7,5,0.4874598979949951,0.3217496871948242,0.30978941917419434,0.3276565670967102,161,0
2.0002291202545166,9,7,0.49121618270874023,0.3515716791152954,0.28213417530059814,0.1463739275932312,161,0
1.1263244152069092,14,9,0.48547494411468506,0.3333115577697754,0.28127557039260864,0.1339489221572876,161,0
0.8926754593849182,8,6,0.4868718981742859,0.3283833861351013,0.3360708951950073,0.238447904586792,161,1
2.4539175033569336,7,5,0.48187750577926636,0.3341748118400574,0.36288607120513916,0.21906346082687378,161,1
7.077901840209961,2,1,0.4987066388130188,0.31840425729751587,0.35620760917663574,0.1795748472213745,162,0
6.3859663009643555,3,2,0.473255455493927,0.3081626296043396,0.41364651918411255,0.24583297967910767,162,0
4.2865800857543945,6,5,0.4573568105697632,0.31815260648727417,0.47876328229904175,0.2471100091934204,162,0
3.2706527709960938,2,1,0.46690934896469116,0.304709255695343,0.3861533999443054,0.18737709522247314,162,1
2.965040922164917,3,2,0.4588862657546997,0.2915968894958496,0.43382394313812256,0.2197190523147583,162,1
2.4382410049438477,6,5,0.4465758204460144,0.3026406764984131,0.4634968042373657,0.23584598302841187,162,1
3.2658591270446777,3,1,0.48526686429977417,0.3077892065048218,0.39218032360076904,0.19809216260910034,162,1
3.025583505630493,4,2,0.4740656018257141,0.296844482421875,0.43269771337509155,0.22453784942626953,162,1
2.563260793685913,7,5,0.454323947429657,0.3052637577056885,0.4611693024635315,0.22022610902786255,162,1
2.678201913833618,7,5,0.4550098180770874,0.31028854846954346,0.4685983657836914,0.22288668155670166,162,1
3.1568996906280518,7,5,0.5016197562217712,0.36460697650909424,0.3544858694076538,0.12593907117843628,163,0
1.2371574640274048,15,12,0.47524791955947876,0.3022398352622986,0.31859827041625977,0.2032233476638794,163,0
2.5863091945648193,13,10,0.46655434370040894,0.33269792795181274,0.35203874111175537,0.14425700902938843,163,0
0.885564923286438,15,12,0.4674142599105835,0.3042423725128174,0.2859177589416504,0.13124895095825195,163,1
0.9922902584075928,14,11,0.47188901901245117,0.3096034526824951,0.2950596809387207,0.12741392850875854,163,1
1.7196632623672485,18,15,0.4698200225830078,0.3094891309738159,0.3252947926521301,0.12132161855697632,163,1
3.6899893283843994,9,7,0.498294472694397,0.35273486375808716,0.2222406268119812,0.1143035888671875,164,0
3.8449411392211914,9,8,0.49592119455337524,0.3565278649330139,0.21937930583953857,0.10795652866363525,164,0
2.0300827026367188,12,9,0.49648499488830566,0.351026713848114,0.2165212631225586,0.12547922134399414,164,1
1.8313767910003662,11,9,0.4934732913970947,0.34324193000793457,0.206518292427063,0.13325375318527222,164,1
1.9957330226898193,11,8,0.4962722063064575,0.34905165433883667,0.21041357517242432,0.12366586923599243,164,1
2.4966840744018555,15,9,0.5275911390781403,0.42390382289886475,0.2734999656677246,0.07262325286865234,164,1
3.087423801422119,8,7,0.5026289224624634,0.36028486490249634,0.2192162275314331,0.09547245502471924,164,1
3.16066837310791,4,2,0.539461612701416,0.37427908182144165,0.2067035436630249,0.08437097072601318,164,1
3.567392587661743,8,5,0.5032313764095306,0.3607213497161865,0.2145007848739624,0.10859960317611694,164,1
1.500449299812317,13,12,0.46455955505371094,0.30470502376556396,0.35156548023223877,0.19631069898605347,165,0
4.468936443328857,4,3,0.5090521574020386,0.42462217807769775,0.3621421456336975,0.2557138204574585,165,0
1.8004610538482666,15,14,0.45943164825439453,0.3782597780227661,0.34525978565216064,0.23814994096755981,165,0
3.8774921894073486,5,3,0.4772531986236572,0.40561074018478394,0.3937463164329529,0.29701876640319824,165,0
1.393760085105896,10,9,0.46433448791503906,0.27534615993499756,0.30255943536758423,0.16235816478729248,165,1
1.3749321699142456,10,9,0.4650688171386719,0.2776685953140259,0.3083685636520386,0.17917758226394653,165,1
3.2019736766815186,3,1,0.48897236585617065,0.3917648196220398,0.3616291284561157,0.16767418384552002,165,1
5.480782985687256,2,1,0.5086947083473206,0.4164729714393616,0.33843713998794556,0.16614508628845215,165,1
2.686084270477295,12,11,0.47071754932403564,0.3581596612930298,0.34065741300582886,0.17916738986968994,165,1
1.304972529411316,17,13,0.4617818593978882,0.3377092480659485,0.3694133758544922,0.22919607162475586,166,0
1.318563461303711,14,12,0.4604577422142029,0.3174266219139099,0.39183372259140015,0.19558918476104736,166,0
1.3110029697418213,15,12,0.45585525035858154,0.324201762676239,0.3856818675994873,0.2168729305267334,166,0
0.9947274923324585,14,12,0.459004282951355,0.31040823459625244,0.3608280420303345,0.199194073677063,166,0
1.26934814453125,14,12,0.459094762802124,0.3075421452522278,0.3886749744415283,0.1962375044822693,166,1
0.9254075288772583,16,14,0.45615917444229126,0.3090422749519348,0.3438917398452759,0.24338090419769287,166,1
0.9655333161354065,17,12,0.45389068126678467,0.3062387704849243,0.37519943714141846,0.21336901187896729,166,1
1.4568489789962769,15,12,0.4651290774345398,0.3230551481246948,0.368535578250885,0.21545159816741943,166,1
1.2668406963348389,16,12,0.45300137996673584,0.3167950510978699,0.3937678337097168,0.1993771195411682,166,1
1.2404026985168457,18,12,0.4682919979095459,0.32410281896591187,0.2967817783355713,0.13322871923446655,167,0
1.602124810218811,13,7,0.47005170583724976,0.37613797187805176,0.2351055145263672,0.06083488464355469,167,0
1.1676205396652222,22,16,0.46745532751083374,0.3370635509490967,0.28172826766967773,0.15001028776168823,167,0
4.061751842498779,5,4,0.4740108847618103,0.38372790813446045,0.31176888942718506,0.08665084838867188,167,0
1.4851081371307373,17,11,0.4545375108718872,0.33193665742874146,0.2466776967048645,0.1331692934036255,167,1
1.6538617610931396,17,11,0.4559510350227356,0.3365488052368164,0.25854647159576416,0.15496712923049927,167,1
2.090425729751587,17,11,0.46472954750061035,0.4295009970664978,0.274120569229126,0.13171201944351196,167,1
1.9744725227355957,18,11,0.45738840103149414,0.3767111897468567,0.2761092782020569,0.1460898518562317,167,1
1.6479394435882568,19,13,0.46789658069610596,0.3835415244102478,0.2896662950515747,0.07906985282897949,167,1
1.6856956481933594,9,8,0.49729907512664795,0.32162266969680786,0.23971927165985107,0.09081834554672241,168,0
1.5704830884933472,7,5,0.5023425221443176,0.38769710063934326,0.2118983268737793,0.09401363134384155,168,0
1.8485151529312134,10,8,0.478706419467926,0.33446526527404785,0.20497369766235352,0.11600625514984131,168,0
1.7873495817184448,11,10,0.4755662679672241,0.37768328189849854,0.20332646369934082,0.07852286100387573,168,1
2.1049020290374756,14,13,0.4799095392227173,0.41098207235336304,0.2757667303085327,0.12319469451904297,168,1
3.5736804008483887,11,10,0.4889238476753235,0.3863492012023926,0.25375795364379883,0.09349942207336426,168,1
1.774854063987732,11,10,0.4891505241394043,0.3668944239616394,0.20498597621917725,0.08550405502319336,168,1
1.5308319330215454,11,10,0.4861629605293274,0.3605395555496216,0.19087040424346924,0.09059339761734009,168,1
4.955460548400879,5,4,0.501295417547226,0.423406183719635,0.38643163442611694,0.3240727186203003,169,0
2.69934344291687,7,5,0.48507875204086304,0.382754921913147,0.47383666038513184,0.19573372602462769,169,0
1.5900131464004517,10,5,0.4765526056289673,0.3480924963951111,0.3896993398666382,0.20039498805999756,169,0
3.5380351543426514,6,5,0.49587470293045044,0.40284037590026855,0.44586366415023804,0.2171345353126526,169,0
3.119774580001831,7,5,0.4813634157180786,0.34367191791534424,0.41437166929244995,0.21817350387573242,169,0
0.554562509059906,15,8,0.4673558473587036,0.3241828680038452,0.35547465085983276,0.2694849967956543,169,1
0.8188204765319824,15,8,0.46661442518234253,0.3244274854660034,0.3527531623840332,0.2568855285644531,169,1
1.2165522575378418,12,7,0.467678427696228,0.31402963399887085,0.3080340623855591,0.2585139274597168,169,1
1.0268970727920532,12,7,0.4645158052444458,0.3094823956489563,0.3153499364852905,0.2652251720428467,169,1
1.271622896194458,12,7,0.4667591452598572,0.3128480315208435,0.31229811906814575,0.21728098392486572,169,1
1.1236650943756104,12,7,0.46553105115890503,0.3164461851119995,0.32810819149017334,0.27849602699279785,169,1
1.1277633905410767,16,9,0.46882176399230957,0.317743718624115,0.31300342082977295,0.30465376377105713,169,1
1.1719224452972412,11,10,0.47512882947921753,0.3291062116622925,0.4975254535675049,0.365394651889801,170,0
3.826261281967163,3,1,0.5065855979919434,0.3619152307510376,0.41513359546661377,0.33057594299316406,170,0
2.020195484161377,10,8,0.4751269221305847,0.3630982041358948,0.4410231113433838,0.32850146293640137,170,0
2.9369618892669678,9,6,0.491641640663147,0.3468542695045471,0.41953152418136597,0.2195262908935547,170,0
3.022336721420288,7,6,0.477761447429657,0.35600948333740234,0.44678783416748047,0.29012584686279297,170,1
2.980727195739746,7,6,0.481059730052948,0.35984307527542114,0.45198380947113037,0.31512415409088135,170,1
1.98983895778656,9,6,0.4805808663368225,0.34067386388778687,0.3949739336967468,0.25024116039276123,170,1
2.4563546180725098,8,7,0.4767618179321289,0.36288589239120483,0.44894975423812866,0.3372126817703247,170,1
2.238840103149414,8,7,0.4764670729637146,0.37391823530197144,0.42846786975860596,0.36514580249786377,170,1
3.311492681503296,7,6,0.48055362701416016,0.3611215353012085,0.46209001541137695,0.3845226764678955,170,1
3.320175886154175,7,6,0.47646743059158325,0.36024510860443115,0.43500620126724243,0.3239520788192749,170,1
1.0219379663467407,11,10,0.45919859409332275,0.3055270314216614,0.2192840576171875,0.16204893589019775,171,0
1.3437590599060059,9,8,0.4568139314651489,0.2999386787414551,0.21454215049743652,0.13218438625335693,171,0
1.5804505348205566,9,8,0.45667630434036255,0.29637789726257324,0.197759747505188,0.09068918228149414,171,0
1.0509506464004517,11,10,0.4592229127883911,0.2994447350502014,0.22083640098571777,0.1560109257698059,171,1
1.077194094657898,9,8,0.4574483633041382,0.2995784282684326,0.20354944467544556,0.1368478536605835,171,1
2.728637218475342,4,3,0.47630900144577026,0.338096022605896,0.21091878414154053,0.09610921144485474,171,1
4.285630702972412,3,2,0.5237940549850464,0.3834649324417114,0.24029725790023804,0.10873407125473022,171,1
7.003378868103027,2,1,0.4762691855430603,0.35132884979248047,0.2310734987258911,0.12231320142745972,171,1
0.6305698156356812,21,17,0.43729573488235474,0.3434537649154663,0.32252609729766846,0.13018357753753662,172,0
2.188957452774048,2,1,0.46007442474365234,0.3996826410293579,0.3561696410179138,0.24452722072601318,172,0
1.3519225120544434,27,22,0.44902336597442627,0.30824583768844604,0.33450233936309814,0.24165695905685425,172,0
0.8890206217765808,19,17,0.4409804940223694,0.35103940963745117,0.36715245246887207,0.22071921825408936,172,1
2.5018153190612793,2,1,0.4928797483444214,0.3874776363372803,0.3278791904449463,0.22846317291259766,172,1
2.9432592391967773,6,4,0.45219558477401733,0.41352206468582153,0.35370755195617676,0.2371382713317871,172,1
1.0491220951080322,23,20,0.44286972284317017,0.33927321434020996,0.35400891304016113,0.26112836599349976,172,1
1.2877496480941772,11,10,0.43569135665893555,0.2875845432281494,0.28258216381073,0.1496831178665161,173,0
5.631996154785156,2,1,0.450467586517334,0.28994429111480713,0.30134159326553345,0.18565905094146729,173,0
2.6442136764526367,9,8,0.43492043018341064,0.321252703666687,0.3048080801963806,0.17822587490081787,173,0
2.768828868865967,4,3,0.465603232383728,0.2790297865867615,0.31788182258605957,0.19345593452453613,173,1
4.447933673858643,3,2,0.5331787168979645,0.3150675296783447,0.2839350700378418,0.17091596126556396,173,1
1.9159339666366577,11,10,0.43863552808761597,0.28868281841278076,0.2793613076210022,0.135881245136261,173,1
6.655184268951416,2,1,0.4569883346557617,0.278467059135437,0.3056851029396057,0.16746795177459717,173,1
5.690544605255127,2,1,0.45280569791793823,0.2812345027923584,0.3032160997390747,0.16895848512649536,173,1
6.316500186920166,2,1,0.4543648958206177,0.2783787250518799,0.31346988677978516,0.17839229106903076,173,1
7.364106178283691,2,1,0.4533933401107788,0.27155017852783203,0.319027841091156,0.1891545057296753,173,1
2.4653427600860596,16,11,0.46644651889801025,0.2762148976325989,0.20735514163970947,0.07413375377655029,174,0
2.7828173637390137,13,10,0.4767912030220032,0.28907281160354614,0.20923233032226562,0.07566869258880615,174,0
2.5212666988372803,7,6,0.5019953548908234,0.30079877376556396,0.24870729446411133,0.09744822978973389,174,0
1.67806077003479,12,9,0.4634703993797302,0.32705849409103394,0.2533409595489502,0.07477039098739624,174,1
1.680560827255249,11,9,0.46457016468048096,0.3250337839126587,0.2553611993789673,0.07379376888275146,174,1
2.0362398624420166,10,8,0.4625682830810547,0.32761871814727783,0.2406843900680542,0.09588360786437988,174,1
2.406405210494995,10,8,0.5210615694522858,0.3896961212158203,0.3302866220474243,0.2205275297164917,175,0
2.119347333908081,10,8,0.5206544697284698,0.34731000661849976,0.305946946144104,0.22985363006591797,175,0
2.2388997077941895,10,8,0.518384724855423,0.3462907075881958,0.3186314105987549,0.2447190284729004,175,0
2.28694486618042,9,7,0.5179224610328674,0.3146204352378845,0.29356586933135986,0.20901185274124146,175,0
1.5433751344680786,10,8,0.5102867782115936,0.3214346766471863,0.28678059577941895,0.20842719078063965,175,1
1.357964038848877,15,13,0.5073419213294983,0.3383898138999939,0.274200439453125,0.2207072377204895,175,1
2.3619723320007324,12,10,0.5125983953475952,0.32806235551834106,0.275726854801178,0.17158877849578857,175,1
1.8958755731582642,10,8,0.5138515830039978,0.3411949872970581,0.3108503222465515,0.229653000831604,175,1
1.4361917972564697,17,13,0.4406704902648926,0.30639779567718506,0.2795987129211426,0.17096304893493652,176,0
2.382514715194702,10,6,0.4526366591453552,0.30166733264923096,0.3322305679321289,0.1752411127090454,176,0
2.3115034103393555,8,5,0.4611457586288452,0.315354585647583,0.3327426314353943,0.21259629726409912,176,0
1.80010187625885,10,9,0.4319722056388855,0.2850801944732666,0.2230769395828247,0.08620631694793701,176,0
3.497169017791748,6,5,0.4525337219238281,0.3665815591812134,0.3248521089553833,0.1764116883277893,176,0
1.5660277605056763,11,10,0.431068480014801,0.3062604069709778,0.2687220573425293,0.14938753843307495,176,0
2.290459156036377,8,7,0.43666982650756836,0.313704252243042,0.22812020778656006,0.10532516241073608,176,0
2.3723652362823486,11,10,0.44100749492645264,0.287140429019928,0.267572820186615,0.13680660724639893,176,1
8.18606185913086,2,1,0.4509362578392029,0.32358336448669434,0.24116331338882446,0.09361517429351807,176,1
5.603063583374023,4,3,0.44629430770874023,0.30826085805892944,0.3235769271850586,0.17137283086776733,176,1
2.610431671142578,10,9,0.4314723014831543,0.29051774740219116,0.26907575130462646,0.130851149559021,176,1
3.1136648654937744,5,4,0.5319733619689941,0.38162654638290405,0.2971805930137634,0.0972057580947876,177,0
1.4986019134521484,12,9,0.5377894043922424,0.34729963541030884,0.30268049240112305,0.119426429271698,177,0
2.6265933513641357,10,7,0.5841150283813477,0.3631000518798828,0.26526468992233276,0.13625770807266235,177,1
2.132138967514038,10,8,0.5817908346652985,0.38794511556625366,0.26899421215057373,0.12571638822555542,177,1
1.415149450302124,14,9,0.5915544033050537,0.3765143156051636,0.2740997076034546,0.14025229215621948,177,1
1.248444676399231,11,9,0.4775872230529785,0.333163857460022,0.24606966972351074,0.14140832424163818,178,0
1.3409452438354492,10,8,0.4815800189971924,0.3527408242225647,0.2746737003326416,0.1789887547492981,178,0
1.310291051864624,14,10,0.4820319414138794,0.3393087387084961,0.39915627241134644,0.09576302766799927,178,0
1.2821078300476074,15,12,0.4679432511329651,0.35946106910705566,0.27547013759613037,0.15245425701141357,178,0
1.1930382251739502,15,12,0.4698132276535034,0.35838717222213745,0.29395735263824463,0.15766173601150513,178,0
2.2516846656799316,13,10,0.4651162028312683,0.3605130910873413,0.2833113670349121,0.13214564323425293,178,0
1.789229154586792,15,10,0.46520060300827026,0.35327231884002686,0.2876673936843872,0.16362279653549194,178,0
1.1235653162002563,9,7,0.4811094403266907,0.34022700786590576,0.2402130365371704,0.17706561088562012,178,1
1.6215145587921143,14,11,0.4639344811439514,0.3338518738746643,0.3733070492744446,0.09858828783035278,178,1
1.373482584953308,14,11,0.46599626541137695,0.314993679523468,0.32202672958374023,0.09552335739135742,178,1
2.2881131172180176,13,10,0.46600890159606934,0.33861762285232544,0.35890716314315796,0.11774927377700806,178,1
0.9539065361022949,8,6,0.4969187378883362,0.32739269733428955,0.38307350873947144,0.1357971429824829,179,0
3.6417434215545654,5,4,0.49642616510391235,0.37194156646728516,0.32999134063720703,0.13246583938598633,179,0
1.526238203048706,8,4,0.4865354299545288,0.2907913327217102,0.2694375514984131,0.10847467184066772,179,1
2.030644416809082,7,5,0.48513734340667725,0.28026241064071655,0.26611006259918213,0.09610778093338013,179,1
2.2793686389923096,9,6,0.47852623462677,0.29418128728866577,0.26784271001815796,0.12219357490539551,179,1
2.565671920776367,6,4,0.497761070728302,0.3010275959968567,0.2540081739425659,0.07881039381027222,179,1
2.8185040950775146,8,5,0.484036386013031,0.2780413031578064,0.27652573585510254,0.08649176359176636,179,1
0.41337651014328003,16,14,0.447454035282135,0.3191174268722534,0.47505438327789307,0.37543773651123047,180,0
0.6967417001724243,13,11,0.4566870331764221,0.3311343193054199,0.4035422205924988,0.25152599811553955,180,0
2.4947681427001953,4,3,0.47723889350891113,0.29365015029907227,0.4172481298446655,0.22895443439483643,180,0
0.5315591096878052,16,14,0.44652891159057617,0.3232041597366333,0.4646117687225342,0.36174070835113525,180,1
0.85379958152771,13,11,0.4544934034347534,0.33046144247055054,0.4283532500267029,0.2675970196723938,180,1
3.12481689453125,4,3,0.47763705253601074,0.299572229385376,0.4227718710899353,0.22662222385406494,180,1
0.7896305322647095,14,12,0.438742458820343,0.3153221011161804,0.46940386295318604,0.34473133087158203,180,1
1.3091983795166016,11,9,0.4508085250854492,0.32255232334136963,0.3944441080093384,0.24177801609039307,180,1
5.607321739196777,2,1,0.47241127490997314,0.29203033447265625,0.4003937840461731,0.21237194538116455,180,1
4.511683940887451,4,1,0.4666963219642639,0.31724393367767334,0.41398441791534424,0.25770509243011475,181,0
4.391094207763672,5,2,0.4605056047439575,0.3028504252433777,0.4436799883842468,0.2643526792526245,181,0
4.054016590118408,8,5,0.4627450108528137,0.33083391189575195,0.4959564805030823,0.25650453567504883,181,0
3.1980743408203125,2,1,0.4831365942955017,0.3124051094055176,0.41498100757598877,0.2576650381088257,181,1
2.8020668029785156,3,2,0.46759772300720215,0.29469501972198486,0.4694455862045288,0.2671887278556824,181,1
2.0567615032196045,6,5,0.4618222713470459,0.3265420198440552,0.49492257833480835,0.296795129776001,181,1
1.4577747583389282,11,10,0.4752245545387268,0.3719387650489807,0.3207693099975586,0.19492417573928833,182,0
0.7327551245689392,10,9,0.4683848023414612,0.3226749897003174,0.4104653596878052,0.2432008981704712,182,1
0.7415221929550171,11,9,0.47265708446502686,0.3171953558921814,0.40086549520492554,0.19466161727905273,182,1
1.5054742097854614,10,9,0.47394514083862305,0.31778401136398315,0.41253823041915894,0.1949903964996338,182,1
1.4076849222183228,10,9,0.47331875562667847,0.31760936975479126,0.42632877826690674,0.25096678733825684,182,1
2.1769261360168457,11,10,0.4947054982185364,0.3275691270828247,0.3546488881111145,0.20495253801345825,183,0
2.177885055541992,12,11,0.4984712600708008,0.34300434589385986,0.3391486406326294,0.19873923063278198,183,0
3.6750810146331787,10,9,0.498537540435791,0.36865973472595215,0.34000539779663086,0.1938132643699646,183,0
0.9013880491256714,9,7,0.48439252376556396,0.29309606552124023,0.36759042739868164,0.1757584810256958,183,1
2.293426513671875,12,10,0.4938110113143921,0.35396718978881836,0.3573259115219116,0.17855548858642578,183,1
2.4644062519073486,10,7,0.47999101877212524,0.3346226215362549,0.3612101674079895,0.1700255274772644,183,1
4.6456217765808105,4,1,0.4667520523071289,0.34438884258270264,0.28725630044937134,0.16300249099731445,184,0
3.679945707321167,5,2,0.4566153287887573,0.29277586936950684,0.3473571538925171,0.23570245504379272,184,0
2.8916919231414795,8,5,0.4618319869041443,0.3131673336029053,0.4151039719581604,0.19998258352279663,184,0
2.421419858932495,2,1,0.4847766160964966,0.3312388062477112,0.2765231132507324,0.16772758960723877,184,1
2.100890874862671,3,2,0.46850669384002686,0.2817140221595764,0.3214731812477112,0.22804075479507446,184,1
1.6922147274017334,6,5,0.4734066128730774,0.299435019493103,0.3998754024505615,0.1792115569114685,184,1
1.540693759918213,20,17,0.45833122730255127,0.3555316925048828,0.4067327380180359,0.08929628133773804,185,0
1.8527064323425293,11,9,0.4780118465423584,0.3641003966331482,0.47969627380371094,0.13664793968200684,185,0
1.5828639268875122,18,13,0.4619513154029846,0.34050971269607544,0.44617414474487305,0.1033831238746643,185,0
1.1737024784088135,15,12,0.4547070264816284,0.3411771059036255,0.40992701053619385,0.09250020980834961,185,1
1.3834725618362427,20,17,0.45419567823410034,0.3451247811317444,0.4496540427207947,0.11222171783447266,185,1
1.2385673522949219,16,13,0.4591229557991028,0.35151058435440063,0.3712029457092285,0.08245164155960083,185,1
1.9094359874725342,15,12,0.46922290325164795,0.3700077533721924,0.4084997773170471,0.08554857969284058,185,1
2.017347812652588,10,9,0.4664454460144043,0.3319305181503296,0.32073330879211426,0.16431236267089844,186,0
2.456542491912842,12,10,0.4619768261909485,0.3802310824394226,0.32184386253356934,0.1907002329826355,186,0
1.8579065799713135,17,16,0.4552503824234009,0.36197227239608765,0.28606319427490234,0.2010887861251831,186,0
1.651454210281372,10,9,0.47089797258377075,0.31150150299072266,0.3243814706802368,0.15059888362884521,186,1
1.960928201675415,10,9,0.47283852100372314,0.33094704151153564,0.34894776344299316,0.14890003204345703,186,1
1.6972755193710327,12,11,0.4720819592475891,0.3699204921722412,0.28344911336898804,0.21295487880706787,186,1
1.3214550018310547,14,11,0.46957433223724365,0.36711663007736206,0.2989402413368225,0.15101885795593262,186,1
1.3952672481536865,11,10,0.4706987738609314,0.3447772264480591,0.2995697259902954,0.18790948390960693,186,1
1.2790578603744507,12,11,0.47939568758010864,0.3314802050590515,0.2622758746147156,0.09264367818832397,187,0
1.2227511405944824,9,8,0.47583502531051636,0.29806697368621826,0.2312421202659607,0.1774885654449463,187,0
2.0340657234191895,8,7,0.48748886585235596,0.3286398649215698,0.249667227268219,0.188065767288208,187,0
1.2196040153503418,8,6,0.4751669764518738,0.3074631690979004,0.19958984851837158,0.1279914379119873,187,0
1.2402565479278564,13,11,0.4667123556137085,0.2985987663269043,0.22017419338226318,0.10883617401123047,187,0
1.449691653251648,11,10,0.47946852445602417,0.3267040252685547,0.23519933223724365,0.10274648666381836,187,1
1.6204713582992554,10,9,0.4740070700645447,0.2995132803916931,0.23083847761154175,0.17946821451187134,187,1
1.3116182088851929,10,9,0.47132211923599243,0.29202908277511597,0.22273105382919312,0.09570670127868652,187,1
1.2498472929000854,7,6,0.4752357006072998,0.29153019189834595,0.21657943725585938,0.15532463788986206,187,1
1.4782363176345825,13,11,0.46880483627319336,0.29862523078918457,0.21165180206298828,0.16905754804611206,187,1
1.237902045249939,10,8,0.47353798151016235,0.30640923976898193,0.30297231674194336,0.12475860118865967,188,0
1.7267601490020752,6,4,0.4769754409790039,0.30517399311065674,0.2652018070220947,0.1078413724899292,188,0
2.378830671310425,11,8,0.47323310375213623,0.3021630048751831,0.27608656883239746,0.10519856214523315,188,0
2.345134735107422,8,7,0.4782540202140808,0.3202623724937439,0.31755703687667847,0.129816472530365,188,0
1.620186686515808,5,4,0.4719972014427185,0.28762900829315186,0.27980726957321167,0.10685896873474121,188,1
2.1496434211730957,5,4,0.47320985794067383,0.28732454776763916,0.26660776138305664,0.10056173801422119,188,1
3.1019093990325928,5,4,0.4797317385673523,0.29452478885650635,0.27999287843704224,0.08862906694412231,188,1
3.4848265647888184,6,5,0.4751984477043152,0.2995067834854126,0.26435720920562744,0.08979648351669312,188,1
2.9078495502471924,11,10,0.45017170906066895,0.3495665192604065,0.4149516820907593,0.27033746242523193,189,0
3.138706684112549,9,8,0.4659377932548523,0.33493322134017944,0.4445831775665283,0.20320940017700195,189,0
2.6456480026245117,6,5,0.47121238708496094,0.2982519268989563,0.38019347190856934,0.2540733218193054,189,1
2.7096972465515137,8,7,0.4498026371002197,0.32394468784332275,0.3911505937576294,0.23580104112625122,189,1
3.8024489879608154,5,4,0.47552019357681274,0.3309021592140198,0.37618929147720337,0.2852832078933716,189,1
2.4289050102233887,8,7,0.4593750834465027,0.322923481464386,0.37785804271698,0.2319272756576538,189,1
1.240950584411621,8,7,0.46476632356643677,0.2815295457839966,0.32267749309539795,0.16728729009628296,190,0
1.5166640281677246,9,7,0.46640050411224365,0.287345290184021,0.31109219789505005,0.164276123046875,190,0
2.720254421234131,11,10,0.4712944030761719,0.31581294536590576,0.3396565914154053,0.18774211406707764,190,0
1.150215744972229,9,7,0.46915334463119507,0.2750871181488037,0.332378089427948,0.18167716264724731,190,1
2.7227611541748047,3,1,0.5084627866744995,0.2824273109436035,0.3315228223800659,0.15821993350982666,190,1
1.2364377975463867,10,9,0.4597010612487793,0.28244078159332275,0.3056938052177429,0.15912848711013794,190,1
0.4405277669429779,24,17,0.4487276077270508,0.30425894260406494,0.3936760425567627,0.22718513011932373,191,0
0.7535693049430847,17,13,0.45016276836395264,0.30770623683929443,0.3839729428291321,0.21863776445388794,191,1
0.9407580494880676,18,13,0.4541047215461731,0.312267541885376,0.38470232486724854,0.25219136476516724,191,1
0.7961112260818481,19,15,0.4576583504676819,0.31014442443847656,0.4004265069961548,0.23093366622924805,191,1
0.7614136934280396,19,14,0.45980995893478394,0.3085510730743408,0.4018319249153137,0.2716631293296814,191,1
0.8833979368209839,19,15,0.4703356623649597,0.3152211308479309,0.4054597020149231,0.2727077603340149,191,1
0.7957218289375305,18,14,0.46015381813049316,0.3086889982223511,0.4033735990524292,0.23896098136901855,191,1
0.761387050151825,12,11,0.45747441053390503,0.29631245136260986,0.36615872383117676,0.14190709590911865,192,0
3.27414608001709,6,5,0.49156635999679565,0.33465898036956787,0.46193909645080566,0.13558268547058105,192,0
3.474653959274292,6,5,0.4940589666366577,0.3348933458328247,0.43369579315185547,0.12722349166870117,192,0
3.253633975982666,6,5,0.49409276247024536,0.3626009225845337,0.4863610863685608,0.21932661533355713,192,0
1.9303942918777466,8,6,0.47463494539260864,0.3167804479598999,0.37790781259536743,0.13577276468276978,192,1
2.0485661029815674,9,7,0.4720941185951233,0.2988923192024231,0.39967644214630127,0.1589522361755371,192,1
1.5224921703338623,8,7,0.4700644016265869,0.3223661184310913,0.4167996644973755,0.1538795828819275,192,1
1.2942588329315186,12,10,0.4726603031158447,0.26649391651153564,0.3754615783691406,0.21886372566223145,193,0
2.3621692657470703,2,1,0.4962882399559021,0.3652319312095642,0.3760310411453247,0.1920071244239807,193,0
1.6649471521377563,10,7,0.4714810252189636,0.29176950454711914,0.37919461727142334,0.22029650211334229,193,0
3.2810287475585938,10,8,0.47326523065567017,0.36082541942596436,0.35764825344085693,0.20181626081466675,193,0
1.5671051740646362,10,8,0.4733756184577942,0.2996309995651245,0.3442569375038147,0.1975569725036621,193,1
2.7368764877319336,2,1,0.5256271362304688,0.35154396295547485,0.3672448992729187,0.1447901725769043,193,1
2.0121800899505615,10,7,0.4631262421607971,0.30218225717544556,0.3092138171195984,0.1947917938232422,193,1
1.4363473653793335,12,10,0.4706282615661621,0.2751208543777466,0.3629811406135559,0.22041219472885132,193,1
1.0679411888122559,16,14,0.4332014322280884,0.32338857650756836,0.28980743885040283,0.13828492164611816,194,0
3.315784215927124,13,11,0.45245105028152466,0.4873391389846802,0.3649776577949524,0.14930015802383423,194,0
2.307483673095703,11,9,0.4312390089035034,0.3593448996543884,0.27564674615859985,0.13942313194274902,194,0
2.5614137649536133,15,14,0.4253082275390625,0.38003432750701904,0.2833719849586487,0.11977380514144897,194,0
2.705139398574829,2,1,0.46600341796875,0.3429293632507324,0.27309441566467285,0.12248969078063965,194,1
2.6767289638519287,19,16,0.4232921600341797,0.3373730778694153,0.2756633758544922,0.11543405055999756,194,1
1.4444993734359741,9,7,0.43505537509918213,0.3278999328613281,0.2705087661743164,0.12481170892715454,194,1
2.020840644836426,7,5,0.44666463136672974,0.34910404682159424,0.3058796525001526,0.12009835243225098,194,1
3.39676570892334,3,1,0.46329599618911743,0.303627610206604,0.3408358097076416,0.2181391716003418,195,0
2.6497082710266113,4,2,0.46661627292633057,0.29682183265686035,0.3960800766944885,0.24684977531433105,195,0
1.8885265588760376,7,5,0.48078060150146484,0.326401948928833,0.4392564296722412,0.22978544235229492,195,0
2.3426878452301025,2,1,0.48035162687301636,0.32618045806884766,0.343855619430542,0.22307050228118896,195,1
3.3717832565307617,3,2,0.46956902742385864,0.29227280616760254,0.38347744941711426,0.2562142610549927,195,1
2.4102795124053955,6,5,0.47611045837402344,0.31337404251098633,0.4199925661087036,0.2405034303665161,195,1
4.410967826843262,5,4,0.47585636377334595,0.4067898988723755,0.4043881297111511,0.13083845376968384,196,0
1.4764851331710815,10,9,0.4576839208602905,0.30563509464263916,0.26730799674987793,0.10161787271499634,196,0
1.2284376621246338,12,9,0.45881617069244385,0.30730074644088745,0.30960023403167725,0.09887325763702393,196,0
1.4005028009414673,9,8,0.44940876960754395,0.2836325168609619,0.27691221237182617,0.12338268756866455,196,0
0.7386247515678406,10,7,0.4799419641494751,0.27673089504241943,0.2543187141418457,0.07831639051437378,196,1
1.0830425024032593,10,7,0.477868914604187,0.2813650965690613,0.2586228847503662,0.08435231447219849,196,1
1.4207072257995605,10,7,0.4806565046310425,0.28208428621292114,0.24738281965255737,0.08069884777069092,196,1
1.6356521844863892,10,9,0.45036715269088745,0.2791999578475952,0.2647296190261841,0.12598955631256104,196,1
3.323355197906494,5,4,0.47395801544189453,0.3980562686920166,0.3316815495491028,0.11947333812713623,197,0
1.2215735912322998,7,6,0.4791569709777832,0.43211066722869873,0.4742172956466675,0.16188335418701172,197,0
1.6843889951705933,12,11,0.474198579788208,0.42325425148010254,0.47124624252319336,0.19621866941452026,197,0
1.096649169921875,12,11,0.45429664850234985,0.38513123989105225,0.26216840744018555,0.08036398887634277,197,1
1.4887514114379883,13,11,0.45813465118408203,0.3924086093902588,0.2873706817626953,0.08650046586990356,197,1
1.2654082775115967,12,11,0.4474528431892395,0.37776362895965576,0.27724552154541016,0.08986294269561768,197,1
2.0295238494873047,11,10,0.4574645757675171,0.4214303493499756,0.2977104187011719,0.09143620729446411,197,1
1.318380355834961,8,7,0.46460604667663574,0.3785806894302368,0.2681092619895935,0.07825207710266113,197,1
1.8094366788864136,8,7,0.46549010276794434,0.40823280811309814,0.2995483875274658,0.11658024787902832,197,1
0.9008989334106445,12,5,0.480116069316864,0.3177258372306824,0.40869957208633423,0.26204633712768555,198,0
1.093906044960022,7,4,0.4765744209289551,0.30646252632141113,0.45126545429229736,0.22472858428955078,198,0
1.5187207460403442,15,6,0.4853804111480713,0.34078824520111084,0.4018297791481018,0.24609375,198,0
2.1279921531677246,7,4,0.4820794463157654,0.319533109664917,0.4408418536186218,0.2680756449699402,198,0
2.7787795066833496,7,4,0.4813111424446106,0.3902912139892578,0.5322735607624054,0.35330742597579956,198,1
3.481499433517456,7,4,0.4980301856994629,0.4352816939353943,0.504662424325943,0.3798607587814331,198,1
2.130126953125,9,6,0.48632490634918213,0.36610597372055054,0.5565465092658997,0.27421748638153076,198,1
3.850111484527588,10,7,0.4900017976760864,0.45958250761032104,0.5116337239742279,0.37916481494903564,198,1
4.654847145080566,11,7,0.5241908431053162,0.44135451316833496,0.5373787581920624,0.4294000267982483,198,1
1.9078471660614014,8,5,0.48534828424453735,0.4059462547302246,0.46496689319610596,0.2927379608154297,199,0
2.3861148357391357,8,4,0.47309499979019165,0.35449689626693726,0.46810591220855713,0.29448622465133667,199,0
2.7279555797576904,7,4,0.4890595078468323,0.3458744287490845,0.47142958641052246,0.3087252378463745,199,0
1.0348639488220215,12,9,0.4813956022262573,0.34528648853302,0.4670121669769287,0.34757083654403687,199,0
3.1287498474121094,13,10,0.48903584480285645,0.44230198860168457,0.43935906887054443,0.2853984832763672,199,1
0.7707242369651794,11,8,0.4756885766983032,0.31868404150009155,0.38851284980773926,0.31527888774871826,199,1
2.003709077835083,11,8,0.4771270751953125,0.36308109760284424,0.4438592791557312,0.2798232436180115,199,1
2.152801275253296,11,9,0.4825724959373474,0.42961734533309937,0.4007968306541443,0.2762243151664734,199,1
