answer_nll,answer_len_tokens,answer_len_words,drift_L0,drift_L1,drift_L2,drift_L3,drift_L4,drift_L5,drift_L6,drift_L7,drift_L8,drift_L9,drift_L10,drift_L11,drift_L12,drift_L13,drift_L14,drift_L15,drift_L16,drift_L17,drift_L18,drift_L19,drift_L20,drift_L21,drift_L22,drift_L23,drift_L24,drift_L25,drift_L26,drift_L27,drift_L28,row_id,label
0.4952821433544159,20,17,0.75607068836689,0.3656688928604126,0.3423229455947876,0.3301670551300049,0.49230682849884033,0.4910472631454468,0.45157384872436523,0.4584764242172241,0.49512410163879395,0.4932982325553894,0.3743109107017517,0.3451704978942871,0.3215588331222534,0.32074010372161865,0.3061561584472656,0.2997615933418274,0.3238757252693176,0.3120030164718628,0.32437586784362793,0.3445982336997986,0.3319401741027832,0.34581220149993896,0.41169267892837524,0.38091540336608887,0.34370338916778564,0.3683726191520691,0.446613073348999,0.44375795125961304,0.2725778818130493,0,0
0.26847419142723083,19,18,0.75607068836689,0.36742186546325684,0.3425455689430237,0.32945436239242554,0.4875352382659912,0.48477572202682495,0.43430739641189575,0.45007914304733276,0.49193358421325684,0.511797308921814,0.39506012201309204,0.3532745838165283,0.3352910280227661,0.34304630756378174,0.3136938214302063,0.32221025228500366,0.34160852432250977,0.33393168449401855,0.34769177436828613,0.384091317653656,0.37223321199417114,0.39192092418670654,0.45325446128845215,0.44663310050964355,0.4158303141593933,0.43774640560150146,0.536782294511795,0.5063353776931763,0.33190280199050903,0,1
0.3563235104084015,18,17,0.75607068836689,0.3644976019859314,0.34722626209259033,0.33706390857696533,0.4902510643005371,0.48629212379455566,0.4340716600418091,0.4469926953315735,0.49187493324279785,0.5083157420158386,0.39573925733566284,0.3528832197189331,0.3345104455947876,0.3444656729698181,0.31194984912872314,0.3198625445365906,0.33915799856185913,0.3304290771484375,0.3426429033279419,0.37636733055114746,0.3721473217010498,0.38403916358947754,0.44302165508270264,0.434867262840271,0.415802001953125,0.43945980072021484,0.5294823944568634,0.5029614865779877,0.3340480327606201,0,1
0.7145830988883972,20,19,0.75607068836689,0.3645726442337036,0.3401678800582886,0.32646191120147705,0.4829951524734497,0.4952402114868164,0.4437643885612488,0.45407623052597046,0.4929051399230957,0.5132372379302979,0.3958696126937866,0.35667872428894043,0.34005552530288696,0.3439672589302063,0.3168606162071228,0.32529836893081665,0.3457854986190796,0.35214298963546753,0.3588911294937134,0.40449464321136475,0.40305769443511963,0.402801513671875,0.460685670375824,0.43977588415145874,0.4115118980407715,0.44796979427337646,0.5424683094024658,0.5094127655029297,0.29940712451934814,0,1
0.9611932635307312,13,12,0.75607068836689,0.36565279960632324,0.3468729257583618,0.3334616422653198,0.4772223234176636,0.464749813079834,0.42807358503341675,0.423328161239624,0.44491225481033325,0.44509047269821167,0.3601517081260681,0.3438056707382202,0.3346068859100342,0.31929636001586914,0.3192155361175537,0.31939399242401123,0.3312809467315674,0.3230797052383423,0.3447002172470093,0.3879782557487488,0.3798844814300537,0.4000409245491028,0.3602439761161804,0.3102642297744751,0.25282686948776245,0.21218103170394897,0.22193127870559692,0.18372052907943726,0.19606703519821167,1,0
2.6975231170654297,6,5,0.75607068836689,0.3541601896286011,0.3349887728691101,0.32296252250671387,0.47690415382385254,0.48292410373687744,0.4461047649383545,0.42295706272125244,0.4716653823852539,0.4715215563774109,0.3946428894996643,0.3919856548309326,0.37002038955688477,0.34664636850357056,0.34513163566589355,0.34865784645080566,0.369565486907959,0.3503996729850769,0.3667986989021301,0.4140111804008484,0.3897714614868164,0.42241424322128296,0.37600088119506836,0.3304206132888794,0.27027618885040283,0.22001749277114868,0.22453731298446655,0.19276344776153564,0.18762099742889404,1,0
4.044069290161133,6,5,0.75607068836689,0.35654354095458984,0.34531551599502563,0.33366334438323975,0.4904487133026123,0.47670114040374756,0.45111405849456787,0.4610965847969055,0.5012655854225159,0.5048117935657501,0.4278004765510559,0.4107104539871216,0.3953058123588562,0.3786129355430603,0.3796386122703552,0.37366604804992676,0.38138020038604736,0.36940842866897583,0.3712860345840454,0.379081130027771,0.3585277795791626,0.3859412670135498,0.3612363338470459,0.3013926148414612,0.25234663486480713,0.21801024675369263,0.23654580116271973,0.19514727592468262,0.20598983764648438,1,0
3.1974878311157227,8,7,0.75607068836689,0.3685944080352783,0.3530447483062744,0.3406752347946167,0.49022287130355835,0.4821819067001343,0.4447993040084839,0.4401848316192627,0.48103851079940796,0.4854150414466858,0.4037218689918518,0.39603757858276367,0.3865392804145813,0.37801843881607056,0.3681858777999878,0.35844898223876953,0.36294305324554443,0.3538590669631958,0.356441855430603,0.3993990421295166,0.3679715394973755,0.38430798053741455,0.34767043590545654,0.3023778200149536,0.23973673582077026,0.1939547061920166,0.19611763954162598,0.1619795560836792,0.16437774896621704,1,0
1.5236060619354248,12,11,0.75607068836689,0.35727912187576294,0.3352322578430176,0.3239569067955017,0.46712565422058105,0.45320266485214233,0.42156797647476196,0.4183359146118164,0.4388582706451416,0.437213659286499,0.3313847780227661,0.3086896538734436,0.2984344959259033,0.2869166135787964,0.2795732021331787,0.27151215076446533,0.29671788215637207,0.29263508319854736,0.3191416263580322,0.3641316890716553,0.34938883781433105,0.3872307538986206,0.3374839425086975,0.28694212436676025,0.23472082614898682,0.19554513692855835,0.20094698667526245,0.167391836643219,0.174787700176239,1,1
3.7446670532226562,9,8,0.75607068836689,0.35320204496383667,0.3364102244377136,0.3241863250732422,0.46571916341781616,0.45138412714004517,0.42067378759384155,0.42230814695358276,0.45069706439971924,0.44688957929611206,0.3514496088027954,0.32528603076934814,0.30725860595703125,0.29533517360687256,0.29064464569091797,0.2840306758880615,0.3037589192390442,0.2934917211532593,0.3164002299308777,0.36039507389068604,0.339316189289093,0.3745201826095581,0.33380603790283203,0.28356611728668213,0.23265516757965088,0.1951274275779724,0.2038261890411377,0.16103696823120117,0.1741495132446289,1,1
4.1663289070129395,7,6,0.75607068836689,0.36396509408950806,0.34898483753204346,0.3389718532562256,0.4842039942741394,0.4673711657524109,0.43315935134887695,0.4336177706718445,0.459783136844635,0.46021145582199097,0.35406720638275146,0.32773441076278687,0.3111664056777954,0.3043879270553589,0.3048408031463623,0.2931597828865051,0.3066028356552124,0.29857903718948364,0.3174525499343872,0.3545616865158081,0.3313561677932739,0.3687218427658081,0.32491493225097656,0.27738142013549805,0.22905826568603516,0.19086706638336182,0.20481842756271362,0.1624862551689148,0.17597907781600952,1,1
6.462000846862793,2,1,0.75607068836689,0.3101564645767212,0.3103792667388916,0.30826467275619507,0.46888649463653564,0.47173619270324707,0.45138299465179443,0.4647362232208252,0.4912707209587097,0.49133747816085815,0.40556496381759644,0.3599971532821655,0.3506773114204407,0.3346461057662964,0.31279265880584717,0.2980297803878784,0.3094096779823303,0.2976974844932556,0.312885046005249,0.36878085136413574,0.3561899662017822,0.34887754917144775,0.3065757751464844,0.26444363594055176,0.21116924285888672,0.1731310486793518,0.16252630949020386,0.12073123455047607,0.11611407995223999,1,1
2.599578619003296,7,6,0.75607068836689,0.3726552128791809,0.3646685481071472,0.3652174472808838,0.5255199074745178,0.5142981708049774,0.47489529848098755,0.47713184356689453,0.5251472294330597,0.5268978178501129,0.40811628103256226,0.38376903533935547,0.36917948722839355,0.36139488220214844,0.33470451831817627,0.32344871759414673,0.36448943614959717,0.3648989200592041,0.36209601163864136,0.4585682153701782,0.48346006870269775,0.4825931787490845,0.48327434062957764,0.43262386322021484,0.3898566961288452,0.31198322772979736,0.27021968364715576,0.22030478715896606,0.27683645486831665,2,0
2.001667022705078,10,9,0.75607068836689,0.3796203136444092,0.3669160008430481,0.365494966506958,0.520646870136261,0.5431342124938965,0.5038230717182159,0.48033642768859863,0.533597469329834,0.5394788086414337,0.4224151372909546,0.41012632846832275,0.40616434812545776,0.41399621963500977,0.39019709825515747,0.3761901259422302,0.395042359828949,0.38885629177093506,0.3804183602333069,0.4720548391342163,0.5158691108226776,0.5211302638053894,0.5196207761764526,0.47177237272262573,0.4277651906013489,0.35195934772491455,0.3178768754005432,0.27076947689056396,0.43369513750076294,2,0
4.3389387130737305,5,4,0.75607068836689,0.38062626123428345,0.35693830251693726,0.3524739146232605,0.528346836566925,0.5389592051506042,0.48981618881225586,0.4746694564819336,0.5314211845397949,0.5290928483009338,0.46757972240448,0.42969441413879395,0.41663771867752075,0.4326118230819702,0.42704087495803833,0.44505810737609863,0.4532865285873413,0.4697270393371582,0.4576647877693176,0.5388434827327728,0.561495453119278,0.5448129773139954,0.5804585218429565,0.5449429452419281,0.4782700538635254,0.4009719491004944,0.3400046229362488,0.2728617191314697,0.2397369146347046,2,0
3.0110278129577637,9,8,0.75607068836689,0.3704479932785034,0.35692059993743896,0.3548542261123657,0.513523668050766,0.5010606050491333,0.464083194732666,0.46778440475463867,0.5162044167518616,0.5115489661693573,0.38632988929748535,0.3547854423522949,0.34314537048339844,0.34752845764160156,0.3354463577270508,0.3200269937515259,0.3341093063354492,0.3489183187484741,0.35314327478408813,0.4457036256790161,0.4794517159461975,0.4875481128692627,0.49886810779571533,0.4685656428337097,0.41351503133773804,0.343950092792511,0.2964245676994324,0.24422049522399902,0.3326394557952881,2,1
3.3891520500183105,9,8,0.75607068836689,0.37604427337646484,0.35343778133392334,0.35651612281799316,0.5097368955612183,0.4972212314605713,0.4620671272277832,0.4657440185546875,0.5199804306030273,0.521456390619278,0.3963843584060669,0.36506056785583496,0.34884822368621826,0.35432523488998413,0.3451288938522339,0.3272092342376709,0.3424680829048157,0.3578560948371887,0.36446160078048706,0.44742465019226074,0.48240602016448975,0.4903360605239868,0.5093584656715393,0.47823262214660645,0.42811310291290283,0.359455406665802,0.31173062324523926,0.2535572052001953,0.3140900135040283,2,1
3.4283840656280518,10,8,0.75607068836689,0.37345367670059204,0.3583914041519165,0.3579636812210083,0.5130087733268738,0.4960373640060425,0.45544731616973877,0.4609858989715576,0.5095459222793579,0.5059492886066437,0.38133013248443604,0.34595823287963867,0.33965134620666504,0.3496592044830322,0.3341367244720459,0.3157690167427063,0.33560800552368164,0.35016947984695435,0.3584408164024353,0.4410557746887207,0.4819753170013428,0.4903438687324524,0.5172088742256165,0.4910812973976135,0.4598217010498047,0.3892737627029419,0.34813469648361206,0.2935029864311218,0.3149411678314209,2,1
1.5402443408966064,10,9,0.75607068836689,0.37310802936553955,0.34660232067108154,0.3435415029525757,0.5225165784358978,0.5086862742900848,0.48086631298065186,0.48050642013549805,0.4951711893081665,0.48590153455734253,0.3814792037010193,0.34093934297561646,0.31852108240127563,0.3008624315261841,0.28350377082824707,0.2666448950767517,0.27942490577697754,0.28346920013427734,0.28208667039871216,0.31325846910476685,0.2767401933670044,0.27939701080322266,0.32178252935409546,0.3136928081512451,0.27123332023620605,0.2443927526473999,0.23762893676757812,0.2159697413444519,0.2118295431137085,3,0
1.7779244184494019,10,9,0.75607068836689,0.3735628128051758,0.34651583433151245,0.3436346650123596,0.5241508483886719,0.5087833404541016,0.48031699657440186,0.4807560443878174,0.4995988607406616,0.4900782108306885,0.3854784369468689,0.34252792596817017,0.3173561096191406,0.2999526262283325,0.28573983907699585,0.2703673839569092,0.284696102142334,0.29052674770355225,0.29032665491104126,0.3153650760650635,0.2642459273338318,0.2527315020561218,0.27040672302246094,0.25936681032180786,0.22643214464187622,0.2057337760925293,0.20553338527679443,0.18670374155044556,0.17177081108093262,3,0
2.574039936065674,9,8,0.75607068836689,0.37311673164367676,0.34846699237823486,0.3469429612159729,0.5270351767539978,0.5125775635242462,0.48164427280426025,0.48505592346191406,0.5016127228736877,0.4907439947128296,0.3845686912536621,0.3453826904296875,0.32068490982055664,0.3059930205345154,0.28919094800949097,0.2704421281814575,0.282073974609375,0.28345513343811035,0.28198671340942383,0.3154231309890747,0.2821689248085022,0.2873150110244751,0.32976585626602173,0.3246524930000305,0.2842670679092407,0.2572924494743347,0.2513827085494995,0.229627788066864,0.19322466850280762,3,0
2.0738143920898438,8,7,0.75607068836689,0.37728995084762573,0.34969884157180786,0.3438485860824585,0.5196847021579742,0.5197482109069824,0.4825470447540283,0.47728919982910156,0.48902010917663574,0.47729945182800293,0.3778926730155945,0.34566694498062134,0.3381417989730835,0.3183032274246216,0.30681103467941284,0.3085429072380066,0.31883108615875244,0.3385404348373413,0.3266507387161255,0.35765713453292847,0.32573026418685913,0.3334617614746094,0.376950204372406,0.36794835329055786,0.31115061044692993,0.2707129120826721,0.25571465492248535,0.22535043954849243,0.19688564538955688,3,1
3.234395980834961,6,5,0.75607068836689,0.36295896768569946,0.34379762411117554,0.3403623104095459,0.5366207957267761,0.5262184739112854,0.4962981939315796,0.5028619170188904,0.5389952957630157,0.5255361795425415,0.4373420476913452,0.3960087299346924,0.36391305923461914,0.34315788745880127,0.34059953689575195,0.35480648279190063,0.36946940422058105,0.3902527689933777,0.3779849410057068,0.3684297204017639,0.2875819206237793,0.2597297430038452,0.23498857021331787,0.21170127391815186,0.18512719869613647,0.16032874584197998,0.16083884239196777,0.14603596925735474,0.10343533754348755,3,1
2.559412956237793,7,5,0.75607068836689,0.3721576929092407,0.3448289632797241,0.33864545822143555,0.5224351286888123,0.5098565220832825,0.4801056385040283,0.4843937158584595,0.5446257591247559,0.552258312702179,0.46859419345855713,0.42868953943252563,0.40183043479919434,0.4073948860168457,0.4092104434967041,0.41850364208221436,0.4139360189437866,0.4271562099456787,0.4050328731536865,0.41644346714019775,0.3619672656059265,0.371640145778656,0.37723445892333984,0.3669258952140808,0.3462446331977844,0.324435830116272,0.3178374767303467,0.29325026273727417,0.20844268798828125,3,1
1.0872550010681152,15,14,0.75607068836689,0.3761500120162964,0.34823334217071533,0.3348614573478699,0.5129141211509705,0.49462586641311646,0.4630674719810486,0.47341465950012207,0.4968820810317993,0.4992371201515198,0.3766881823539734,0.35780227184295654,0.33674508333206177,0.33083391189575195,0.3083312511444092,0.325289785861969,0.33321642875671387,0.33288878202438354,0.3220243453979492,0.32344937324523926,0.3313278555870056,0.33434200286865234,0.3473752737045288,0.31106430292129517,0.2684888243675232,0.22055035829544067,0.23242467641830444,0.2237304449081421,0.19883084297180176,4,0
1.2158055305480957,19,16,0.75607068836689,0.3881411552429199,0.35934585332870483,0.349778413772583,0.5229966044425964,0.4922969341278076,0.45423823595046997,0.4618045687675476,0.4947320222854614,0.5208583474159241,0.43328094482421875,0.39726710319519043,0.369376003742218,0.3496244549751282,0.320357084274292,0.32760190963745117,0.33895236253738403,0.3245915174484253,0.31870758533477783,0.3369836211204529,0.3408076763153076,0.3727295994758606,0.38262057304382324,0.34306997060775757,0.3041398525238037,0.24816161394119263,0.25450950860977173,0.23773610591888428,0.2109270691871643,4,0
1.3820449113845825,15,13,0.75607068836689,0.3783273696899414,0.35685718059539795,0.34421008825302124,0.5268031060695648,0.4919129014015198,0.4587875008583069,0.47351574897766113,0.5054611265659332,0.525152713060379,0.42207616567611694,0.38317108154296875,0.3611762523651123,0.3430579900741577,0.3091059923171997,0.30679845809936523,0.31087785959243774,0.3055156469345093,0.2996891736984253,0.30962860584259033,0.32557451725006104,0.35384130477905273,0.38152259588241577,0.34516358375549316,0.30068713426589966,0.24300849437713623,0.24837952852249146,0.2289695143699646,0.20149266719818115,4,0
1.9785377979278564,15,12,0.75607068836689,0.3734191656112671,0.3604859709739685,0.3522699475288391,0.5407894253730774,0.5044820308685303,0.47061091661453247,0.4928063750267029,0.523678332567215,0.549550324678421,0.42073535919189453,0.3773665428161621,0.3650105595588684,0.36878079175949097,0.354947030544281,0.338096022605896,0.3359943628311157,0.3391554355621338,0.33078688383102417,0.33728790283203125,0.31559252738952637,0.33295130729675293,0.34345918893814087,0.30439645051956177,0.26788604259490967,0.21902281045913696,0.22377163171768188,0.20964586734771729,0.15542954206466675,4,1
1.6102465391159058,15,13,0.75607068836689,0.37235957384109497,0.35199475288391113,0.34410470724105835,0.5373167097568512,0.5065649449825287,0.47423458099365234,0.4912461042404175,0.5332377851009369,0.5678943991661072,0.44251954555511475,0.39803606271743774,0.3818507194519043,0.3771732449531555,0.3596174716949463,0.3452646732330322,0.347503662109375,0.34593915939331055,0.3256796598434448,0.3234865069389343,0.28915345668792725,0.30736368894577026,0.32246237993240356,0.27936774492263794,0.24638968706130981,0.20029205083847046,0.20867109298706055,0.20099568367004395,0.17391222715377808,4,1
1.9212498664855957,15,12,0.75607068836689,0.382449209690094,0.3495757579803467,0.3405606746673584,0.5210912525653839,0.4928605556488037,0.46007436513900757,0.4738313555717468,0.5052188336849213,0.5319803357124329,0.41883331537246704,0.3809448480606079,0.3648420572280884,0.3678032159805298,0.34935224056243896,0.33825069665908813,0.3398362994194031,0.33997106552124023,0.32122868299484253,0.3339391350746155,0.3027043342590332,0.307666540145874,0.3412717580795288,0.3085596561431885,0.27055639028549194,0.22333818674087524,0.22573614120483398,0.20852071046829224,0.170482337474823,4,1
1.2004077434539795,15,12,0.75607068836689,0.38083702325820923,0.3564683198928833,0.3455572724342346,0.5390429794788361,0.5000203251838684,0.4695344567298889,0.48468637466430664,0.5141913890838623,0.5403958559036255,0.4239848852157593,0.3843464255332947,0.3705727458000183,0.35938751697540283,0.34836602210998535,0.3292909264564514,0.33067786693573,0.33496999740600586,0.32501065731048584,0.34580427408218384,0.32057082653045654,0.34445059299468994,0.37238985300064087,0.3356351852416992,0.2931472659111023,0.23799419403076172,0.2404768466949463,0.2214084267616272,0.18860411643981934,4,1
1.4255646467208862,16,14,0.75607068836689,0.3839717507362366,0.351418673992157,0.3433802127838135,0.5294228792190552,0.4947044849395752,0.46897292137145996,0.4952046871185303,0.5291356444358826,0.5615749955177307,0.44880616664886475,0.40570104122161865,0.38456934690475464,0.3725721836090088,0.35258471965789795,0.3371630907058716,0.3333258032798767,0.3430245518684387,0.327517569065094,0.3384973406791687,0.3123336434364319,0.3330722451210022,0.35516268014907837,0.31306469440460205,0.2733551263809204,0.21874010562896729,0.22280842065811157,0.2038213610649109,0.16001522541046143,4,1
1.8884180784225464,15,13,0.75607068836689,0.373913049697876,0.35820841789245605,0.3507441282272339,0.5409477949142456,0.49913495779037476,0.4716295003890991,0.4935302734375,0.5174081921577454,0.5368153154850006,0.4010796546936035,0.35970646142959595,0.34555941820144653,0.34199219942092896,0.32539957761764526,0.3186182379722595,0.3162512183189392,0.3241736888885498,0.3214953541755676,0.32395631074905396,0.3063196539878845,0.32290542125701904,0.3408989906311035,0.3016507625579834,0.26530343294143677,0.21553397178649902,0.22073841094970703,0.20558840036392212,0.155140221118927,4,1
1.9614739418029785,19,12,0.75607068836689,0.3871915340423584,0.36151063442230225,0.35329270362854004,0.5196242034435272,0.5036742985248566,0.4578871726989746,0.4703686237335205,0.5239521563053131,0.5352464616298676,0.38967543840408325,0.37822049856185913,0.34794896841049194,0.3402891159057617,0.2930278778076172,0.289883553981781,0.2872106432914734,0.2894169092178345,0.2741703391075134,0.2539519667625427,0.24720889329910278,0.2210865616798401,0.21958130598068237,0.17773908376693726,0.16229557991027832,0.11668479442596436,0.11339455842971802,0.10542893409729004,0.06479430198669434,5,0
2.087346315383911,22,19,0.75607068836689,0.3864777088165283,0.36451256275177,0.3555222749710083,0.5032305419445038,0.4904080629348755,0.4514428973197937,0.4760206341743469,0.5079090595245361,0.5097358524799347,0.36609625816345215,0.34486305713653564,0.3265860080718994,0.3091886043548584,0.27878904342651367,0.2635389566421509,0.2788451313972473,0.2785980701446533,0.266074538230896,0.2709806561470032,0.25632113218307495,0.23266053199768066,0.22790348529815674,0.18559938669204712,0.1756799817085266,0.12917309999465942,0.1261732578277588,0.11508238315582275,0.06344044208526611,5,0
2.6531360149383545,17,15,0.75607068836689,0.3877142071723938,0.36411458253860474,0.35165631771087646,0.5080908536911011,0.49649345874786377,0.4562389850616455,0.4750581383705139,0.5045435726642609,0.5296904444694519,0.385894775390625,0.37265241146087646,0.34544771909713745,0.3367645740509033,0.3084476590156555,0.3178104758262634,0.32214832305908203,0.3268932104110718,0.3043399453163147,0.28638702630996704,0.27038902044296265,0.24145781993865967,0.23823606967926025,0.1929006576538086,0.17705583572387695,0.13143837451934814,0.13052862882614136,0.12484705448150635,0.0740976333618164,5,0
0.5300095081329346,16,10,0.75607068836689,0.3827506899833679,0.36439526081085205,0.3489382863044739,0.501394510269165,0.5111857056617737,0.4620184898376465,0.47343969345092773,0.5135021805763245,0.5181071758270264,0.39234256744384766,0.37922072410583496,0.36256271600723267,0.35672926902770996,0.30647003650665283,0.297532856464386,0.2881130576133728,0.28932178020477295,0.27335023880004883,0.27878832817077637,0.24012517929077148,0.21066850423812866,0.20298117399215698,0.1647234559059143,0.15451931953430176,0.11667507886886597,0.1157522201538086,0.10503268241882324,0.07976019382476807,5,0
0.38715434074401855,16,10,0.75607068836689,0.3793696165084839,0.36364901065826416,0.3484625220298767,0.4996607303619385,0.5027680695056915,0.4522075057029724,0.47377192974090576,0.5191611647605896,0.5132216215133667,0.3829723596572876,0.3769838213920593,0.344593346118927,0.3278101682662964,0.3026728630065918,0.3007776141166687,0.3057060241699219,0.3033992052078247,0.2793084979057312,0.26493072509765625,0.251983106136322,0.22784912586212158,0.22528493404388428,0.19017267227172852,0.17863774299621582,0.13764220476150513,0.13333624601364136,0.12840640544891357,0.09866827726364136,5,1
0.8629852533340454,16,10,0.75607068836689,0.3922268748283386,0.36216890811920166,0.34561383724212646,0.5036338269710541,0.491100549697876,0.4560537338256836,0.4715953469276428,0.5042437314987183,0.5054578185081482,0.37424784898757935,0.36473071575164795,0.3272255063056946,0.3105873465538025,0.2932732105255127,0.28003251552581787,0.28423380851745605,0.2905604839324951,0.2709971070289612,0.25920289754867554,0.23839569091796875,0.21735656261444092,0.21831244230270386,0.17955011129379272,0.16498863697052002,0.12290501594543457,0.11767429113388062,0.11884832382202148,0.08838766813278198,5,1
1.1842265129089355,17,10,0.75607068836689,0.37474894523620605,0.3614199161529541,0.3509325385093689,0.509522944688797,0.4977712631225586,0.4532695412635803,0.4658079743385315,0.5002232193946838,0.5027057528495789,0.3775123953819275,0.3573513627052307,0.3423401713371277,0.33612412214279175,0.33528774976730347,0.3211476802825928,0.3208926320075989,0.3373638987541199,0.31970328092575073,0.3279895782470703,0.2969855070114136,0.26762855052948,0.2601965665817261,0.21894586086273193,0.20296365022659302,0.1538899540901184,0.14731693267822266,0.139046311378479,0.10608065128326416,5,1
1.153939127922058,17,10,0.75607068836689,0.3784777522087097,0.363916277885437,0.35136914253234863,0.5162144899368286,0.5020180940628052,0.45461320877075195,0.46788477897644043,0.5095184147357941,0.5145685076713562,0.38689589500427246,0.36555659770965576,0.3473953604698181,0.34006279706954956,0.3469827175140381,0.3313952684402466,0.3315643072128296,0.3456350564956665,0.32249414920806885,0.33307552337646484,0.29149818420410156,0.2626991271972656,0.259088397026062,0.21470773220062256,0.2018113136291504,0.1513485312461853,0.14553159475326538,0.13553524017333984,0.09961336851119995,5,1
2.4720218181610107,10,8,0.75607068836689,0.35036778450012207,0.3432019352912903,0.32772719860076904,0.4868695139884949,0.4835723042488098,0.44660329818725586,0.4500109553337097,0.47157615423202515,0.5013613104820251,0.4069661498069763,0.3790213465690613,0.3487343192100525,0.3351384997367859,0.32960784435272217,0.35005438327789307,0.3483400344848633,0.3345053791999817,0.33472466468811035,0.35960888862609863,0.3407844305038452,0.34471702575683594,0.35080260038375854,0.3407755494117737,0.2919650077819824,0.24595880508422852,0.23950231075286865,0.20801931619644165,0.08781546354293823,6,0
1.5840922594070435,11,10,0.75607068836689,0.35635828971862793,0.3547334671020508,0.3419409990310669,0.49586158990859985,0.4938839077949524,0.45011377334594727,0.445594847202301,0.47332310676574707,0.5012522339820862,0.3935886025428772,0.3641589879989624,0.335440456867218,0.32856661081314087,0.3217587471008301,0.33058369159698486,0.32583731412887573,0.31559157371520996,0.3176119923591614,0.3393844962120056,0.3349802494049072,0.3444026708602905,0.36233019828796387,0.3456677794456482,0.3027000427246094,0.2529892921447754,0.24193280935287476,0.20919370651245117,0.10420405864715576,6,0
1.1677392721176147,10,9,0.75607068836689,0.35016411542892456,0.34295016527175903,0.3318037986755371,0.4961879253387451,0.4754352569580078,0.44616854190826416,0.4573870301246643,0.476065993309021,0.502572238445282,0.39476168155670166,0.35434651374816895,0.3238392472267151,0.3210333585739136,0.32293701171875,0.3115253448486328,0.308402419090271,0.3087962865829468,0.2828545570373535,0.2747765779495239,0.26126986742019653,0.26607608795166016,0.2791975736618042,0.26271164417266846,0.24067777395248413,0.20104491710662842,0.19839692115783691,0.1760426163673401,0.09866452217102051,6,1
1.5045274496078491,8,7,0.75607068836689,0.33797305822372437,0.3384885787963867,0.3305799961090088,0.48452359437942505,0.475458025932312,0.4459823966026306,0.45298945903778076,0.4692980647087097,0.4898741841316223,0.37589704990386963,0.33932793140411377,0.3061686158180237,0.2872873544692993,0.2903509736061096,0.27151817083358765,0.26983416080474854,0.27792322635650635,0.2626880407333374,0.26036131381988525,0.24051421880722046,0.2519789934158325,0.2677990198135376,0.25589561462402344,0.23453235626220703,0.19619667530059814,0.19083058834075928,0.1677265167236328,0.08732986450195312,6,1
2.1396749019622803,10,9,0.75607068836689,0.36426782608032227,0.35854268074035645,0.3478776216506958,0.5136754214763641,0.49527668952941895,0.45533931255340576,0.4609726071357727,0.48488712310791016,0.5072715282440186,0.4030727744102478,0.3788270354270935,0.3500745892524719,0.3429787755012512,0.3416121006011963,0.3363018035888672,0.3310953378677368,0.3383815288543701,0.3175535202026367,0.3030961751937866,0.28954315185546875,0.29287469387054443,0.30804264545440674,0.2919093370437622,0.2671612501144409,0.22302329540252686,0.21727097034454346,0.18827378749847412,0.09765934944152832,6,1
1.0996897220611572,12,11,0.75607068836689,0.3553803563117981,0.3364662528038025,0.3257792592048645,0.48143482208251953,0.4734324812889099,0.44592350721359253,0.4557521939277649,0.48277121782302856,0.49494028091430664,0.3698386549949646,0.3648630380630493,0.34392958879470825,0.3373458981513977,0.3206685781478882,0.32269883155822754,0.33110302686691284,0.33678752183914185,0.35440605878829956,0.37052905559539795,0.3387277126312256,0.334502637386322,0.328511118888855,0.26824063062667847,0.225089430809021,0.20952117443084717,0.23796015977859497,0.2377110719680786,0.23674702644348145,7,0
2.9002914428710938,6,5,0.75607068836689,0.34671449661254883,0.3354456424713135,0.3257129192352295,0.49721890687942505,0.48338818550109863,0.4530785083770752,0.4451814293861389,0.48618900775909424,0.5006878972053528,0.3958654999732971,0.3803415298461914,0.34069502353668213,0.34627020359039307,0.3271515965461731,0.3248752951622009,0.33844268321990967,0.3561197519302368,0.3654175400733948,0.397185742855072,0.3614464998245239,0.34749549627304077,0.33297181129455566,0.2714080214500427,0.22231829166412354,0.2089443802833557,0.23815935850143433,0.23559433221817017,0.22278255224227905,7,0
2.188457489013672,10,9,0.75607068836689,0.3499335050582886,0.33896470069885254,0.32786768674850464,0.48675835132598877,0.4689343571662903,0.4399479627609253,0.4518665671348572,0.47389912605285645,0.4922037720680237,0.36106812953948975,0.3488515615463257,0.33048850297927856,0.3405543565750122,0.33719950914382935,0.33603835105895996,0.3458237648010254,0.3530912399291992,0.3603106737136841,0.3510127067565918,0.30668115615844727,0.28524094820022583,0.25763237476348877,0.2059476375579834,0.1703653335571289,0.14063727855682373,0.1500638723373413,0.1613038182258606,0.2007298469543457,7,0
1.2104198932647705,12,10,0.75607068836689,0.35665422677993774,0.3369938135147095,0.3262898921966553,0.4846266508102417,0.46055954694747925,0.43642765283584595,0.4526790380477905,0.4669092893600464,0.4860485792160034,0.36459916830062866,0.3490248918533325,0.3213668465614319,0.3190948963165283,0.30585724115371704,0.292499840259552,0.3053275942802429,0.3048739433288574,0.3159358501434326,0.31642526388168335,0.280272901058197,0.26069551706314087,0.2595773935317993,0.22555506229400635,0.1964724063873291,0.17764335870742798,0.19676363468170166,0.20405006408691406,0.20603293180465698,7,1
0.7379558086395264,14,10,0.75607068836689,0.3627035617828369,0.3390182852745056,0.3281158208847046,0.48495662212371826,0.46234631538391113,0.4380483627319336,0.45407843589782715,0.46625179052352905,0.48500192165374756,0.3637217879295349,0.3451725244522095,0.3196641206741333,0.3182566165924072,0.30485284328460693,0.2960418462753296,0.3127194046974182,0.31041407585144043,0.3305476903915405,0.3347811698913574,0.2999943494796753,0.284659743309021,0.2876613140106201,0.24972271919250488,0.2146366834640503,0.19193297624588013,0.2135644555091858,0.21497774124145508,0.23480314016342163,7,1
1.0891623497009277,12,10,0.75607068836689,0.35574305057525635,0.3366868495941162,0.32600921392440796,0.48478102684020996,0.4600294828414917,0.43559885025024414,0.45386451482772827,0.46667933464050293,0.4839364290237427,0.3541707992553711,0.337496817111969,0.31351447105407715,0.3116159439086914,0.2965381145477295,0.2784903645515442,0.2925097942352295,0.2912250757217407,0.30102384090423584,0.29989421367645264,0.25699543952941895,0.23860472440719604,0.2330520749092102,0.19897395372390747,0.1737232208251953,0.15243947505950928,0.1683560609817505,0.18028783798217773,0.1769576072692871,7,1
1.1472927331924438,11,10,0.75607068836689,0.3530808687210083,0.33591461181640625,0.32726436853408813,0.4862939715385437,0.46373963356018066,0.4387850761413574,0.4547383785247803,0.4695470333099365,0.48708176612854004,0.3695259094238281,0.35093092918395996,0.3216175436973572,0.3187108039855957,0.3038419485092163,0.2952580451965332,0.3122071623802185,0.3109048008918762,0.3244228959083557,0.32548999786376953,0.2920122742652893,0.27851736545562744,0.2779470682144165,0.2465130090713501,0.2218189239501953,0.234677255153656,0.2650473117828369,0.25670480728149414,0.25025880336761475,7,1
7.78079080581665,2,1,0.75607068836689,0.3133293390274048,0.3223761320114136,0.3237658143043518,0.5097735226154327,0.5004477798938751,0.4740779995918274,0.4978902339935303,0.528427243232727,0.540962815284729,0.43724536895751953,0.40010154247283936,0.3629252314567566,0.370125949382782,0.36563509702682495,0.36166685819625854,0.37170201539993286,0.37708067893981934,0.37195247411727905,0.35018694400787354,0.29675841331481934,0.2713627815246582,0.2502697706222534,0.20193445682525635,0.183111310005188,0.17001259326934814,0.17901670932769775,0.18337106704711914,0.181041419506073,7,1
7.320338249206543,2,1,0.75607068836689,0.3184565305709839,0.3212093114852905,0.32094335556030273,0.50447678565979,0.48948776721954346,0.469310998916626,0.49125272035598755,0.5266985595226288,0.5383789539337158,0.4344472289085388,0.40090060234069824,0.36151373386383057,0.36536526679992676,0.3550238013267517,0.35810160636901855,0.36745744943618774,0.3696015477180481,0.36722737550735474,0.35394930839538574,0.30491477251052856,0.2859206795692444,0.26595866680145264,0.2197975516319275,0.19310855865478516,0.17438054084777832,0.19556927680969238,0.19530487060546875,0.16605812311172485,7,1
4.816623687744141,3,1,0.75607068836689,0.3355723023414612,0.3413788676261902,0.3380628228187561,0.5200955271720886,0.5005500912666321,0.47142064571380615,0.49027419090270996,0.5308149755001068,0.5443127155303955,0.43294310569763184,0.399191677570343,0.37077194452285767,0.3706871271133423,0.36034464836120605,0.3495056629180908,0.36041295528411865,0.35983312129974365,0.3593027591705322,0.3614414930343628,0.3043290376663208,0.27732568979263306,0.2595973014831543,0.21301603317260742,0.1833796501159668,0.14890944957733154,0.16043519973754883,0.1735975742340088,0.16679894924163818,7,1
5.4229841232299805,3,1,0.75607068836689,0.3471561074256897,0.34348368644714355,0.33717429637908936,0.5196977257728577,0.5054193139076233,0.4780747890472412,0.5029670298099518,0.5326501727104187,0.5474192500114441,0.4458271861076355,0.41329675912857056,0.3758229613304138,0.37977689504623413,0.3734366297721863,0.3693895936012268,0.38015592098236084,0.38558995723724365,0.3858868479728699,0.37495458126068115,0.323714017868042,0.3091956377029419,0.28397560119628906,0.22715973854064941,0.1952877640724182,0.15747934579849243,0.16043490171432495,0.17050862312316895,0.19322121143341064,7,1
1.155592679977417,11,10,0.75607068836689,0.35251498222351074,0.3355468511581421,0.3264974355697632,0.4845748543739319,0.4650533199310303,0.43892645835876465,0.4526890516281128,0.468780517578125,0.4889693260192871,0.37171506881713867,0.35177695751190186,0.3231015205383301,0.31922125816345215,0.3078533411026001,0.3004424571990967,0.3166128396987915,0.31308990716934204,0.32720065116882324,0.3272917866706848,0.2889487147331238,0.2587616443634033,0.24617671966552734,0.21199029684066772,0.18918728828430176,0.1815088987350464,0.1938428282737732,0.1983804702758789,0.2160300612449646,7,1
1.1951026916503906,12,10,0.75607068836689,0.35613399744033813,0.33705246448516846,0.32831162214279175,0.48570340871810913,0.4641467332839966,0.43861740827560425,0.4549151659011841,0.4699634313583374,0.48763829469680786,0.3692471385002136,0.34971606731414795,0.32197320461273193,0.3180779218673706,0.3066849708557129,0.2984498143196106,0.31436705589294434,0.31074464321136475,0.3272275924682617,0.32715904712677,0.294769823551178,0.27573657035827637,0.27573883533477783,0.23770129680633545,0.20740163326263428,0.18850529193878174,0.2019372582435608,0.20633798837661743,0.2546709179878235,7,1
0.5655043125152588,15,7,0.75607068836689,0.40068262815475464,0.3816877603530884,0.3700932264328003,0.5451120138168335,0.5277348458766937,0.48709332942962646,0.5004258751869202,0.5324646234512329,0.5398737788200378,0.43531328439712524,0.3956812620162964,0.35824137926101685,0.33495473861694336,0.31769680976867676,0.2890523672103882,0.30754852294921875,0.3110697865486145,0.3224925398826599,0.34558790922164917,0.3323930501937866,0.3361648917198181,0.36060166358947754,0.3420827388763428,0.30160093307495117,0.25107425451278687,0.2572307586669922,0.2226594090461731,0.2236802577972412,8,0
1.1551899909973145,13,7,0.75607068836689,0.39853930473327637,0.3754720091819763,0.3638051748275757,0.5474137365818024,0.5320295691490173,0.4917166829109192,0.501301109790802,0.5424211621284485,0.5497681796550751,0.44165873527526855,0.40493345260620117,0.36775386333465576,0.34754133224487305,0.3288728594779968,0.2950906753540039,0.3147684931755066,0.3075940012931824,0.3099064230918884,0.3342801332473755,0.31750887632369995,0.32844245433807373,0.35202932357788086,0.33171939849853516,0.29792433977127075,0.24887526035308838,0.25651758909225464,0.2213362455368042,0.17273539304733276,8,0
1.0074584484100342,13,7,0.75607068836689,0.3928014039993286,0.3774902820587158,0.3659919500350952,0.5411366820335388,0.5229583978652954,0.47928011417388916,0.4965771436691284,0.5325016379356384,0.5389338731765747,0.4271962642669678,0.38954854011535645,0.3601968288421631,0.3360152244567871,0.31851768493652344,0.29126811027526855,0.30514729022979736,0.31244999170303345,0.3234398365020752,0.34428977966308594,0.3301727771759033,0.3370125889778137,0.3408482074737549,0.3156871795654297,0.2683449983596802,0.22527122497558594,0.23328185081481934,0.20436954498291016,0.20590531826019287,8,0
1.528165340423584,16,9,0.75607068836689,0.40288740396499634,0.3761916160583496,0.3687417507171631,0.5547877848148346,0.5299583673477173,0.4851403832435608,0.502013772726059,0.532677948474884,0.5466698408126831,0.44350647926330566,0.413704514503479,0.3776998519897461,0.3614240288734436,0.34100794792175293,0.3133391737937927,0.3392546772956848,0.31923341751098633,0.3214482069015503,0.3208855390548706,0.29198336601257324,0.28619933128356934,0.2900278568267822,0.2682760953903198,0.2400713562965393,0.2104511260986328,0.2223496437072754,0.2064952850341797,0.18118935823440552,8,0
1.524672269821167,15,8,0.75607068836689,0.4032578468322754,0.3817809820175171,0.3704646825790405,0.5471647381782532,0.5266585350036621,0.48354583978652954,0.4925433397293091,0.5298112630844116,0.542144238948822,0.43290072679519653,0.3968832492828369,0.36188042163848877,0.34271228313446045,0.3307483196258545,0.29395240545272827,0.31264275312423706,0.30286669731140137,0.30567067861557007,0.3271915912628174,0.32106083631515503,0.33297163248062134,0.37345772981643677,0.3535299301147461,0.3205299973487854,0.2740790843963623,0.2854556441307068,0.25175660848617554,0.1815081238746643,8,0
1.994197130203247,12,6,0.75607068836689,0.39056068658828735,0.37372249364852905,0.3574957847595215,0.5399726033210754,0.5200632214546204,0.48026686906814575,0.4896315336227417,0.5207349359989166,0.5348802506923676,0.4407094717025757,0.40301209688186646,0.37553101778030396,0.36951833963394165,0.3487136960029602,0.3384411334991455,0.34505975246429443,0.347350537776947,0.3613628149032593,0.37453699111938477,0.35915935039520264,0.3674527406692505,0.38108593225479126,0.3666115999221802,0.338071346282959,0.2900038957595825,0.29621994495391846,0.2625303268432617,0.2334243655204773,8,1
1.3380323648452759,13,7,0.75607068836689,0.39896631240844727,0.3775557279586792,0.3654162287712097,0.5474334955215454,0.5241652727127075,0.4811006188392639,0.4895622134208679,0.5242151916027069,0.5352756679058075,0.4326770305633545,0.39478838443756104,0.3622328042984009,0.34259897470474243,0.32674217224121094,0.2997893691062927,0.30858296155929565,0.3094993233680725,0.3176707625389099,0.3479924201965332,0.33836156129837036,0.3369333744049072,0.35343146324157715,0.33745819330215454,0.30900251865386963,0.26285529136657715,0.2758325934410095,0.24301385879516602,0.21168988943099976,8,1
2.1550869941711426,15,7,0.75607068836689,0.4011775255203247,0.3760709762573242,0.3612440228462219,0.5444101989269257,0.5331749320030212,0.49238306283950806,0.5011143982410431,0.5330349504947662,0.5379863381385803,0.4420226812362671,0.40454065799713135,0.37300044298171997,0.36832815408706665,0.3523932695388794,0.34991389513015747,0.3573575019836426,0.35258984565734863,0.36116206645965576,0.36256885528564453,0.34472429752349854,0.34851986169815063,0.3764982223510742,0.362334668636322,0.33204466104507446,0.2852703332901001,0.2975594997406006,0.2612171173095703,0.1975036859512329,8,1
1.7901326417922974,13,7,0.75607068836689,0.39666515588760376,0.3787362575531006,0.3651856780052185,0.5424160361289978,0.5220628678798676,0.4798243045806885,0.4950788617134094,0.5300233960151672,0.5433624982833862,0.45101088285446167,0.41359007358551025,0.38526272773742676,0.37307167053222656,0.3521456718444824,0.34606409072875977,0.3501971364021301,0.3474014401435852,0.36360520124435425,0.3735763430595398,0.35477447509765625,0.3501970171928406,0.34814953804016113,0.32684606313705444,0.29168760776519775,0.24730932712554932,0.25916242599487305,0.23325276374816895,0.2042628526687622,8,1
1.6599781513214111,14,8,0.75607068836689,0.397536039352417,0.3765190839767456,0.3615673780441284,0.5442664325237274,0.5260258316993713,0.4827921390533447,0.49421757459640503,0.5295498967170715,0.5408264696598053,0.4488410949707031,0.4139931797981262,0.3872854709625244,0.3832167387008667,0.36453378200531006,0.3631175756454468,0.3689839839935303,0.3608311414718628,0.3717502951622009,0.38835614919662476,0.3715134859085083,0.37562239170074463,0.3690360188484192,0.3533003330230713,0.3230794072151184,0.2783203721046448,0.28950947523117065,0.26041316986083984,0.24465221166610718,8,1
1.9137529134750366,12,6,0.75607068836689,0.3946124315261841,0.37548208236694336,0.36015772819519043,0.540131688117981,0.5193920135498047,0.47736358642578125,0.4878408908843994,0.5242465436458588,0.5372152328491211,0.43572932481765747,0.397693395614624,0.37361758947372437,0.3670231103897095,0.34831690788269043,0.3372648358345032,0.34851163625717163,0.33880776166915894,0.3609226942062378,0.37329548597335815,0.34885096549987793,0.3536262512207031,0.3503686189651489,0.3259540796279907,0.3023605942726135,0.2650219202041626,0.26416492462158203,0.24211466312408447,0.26892441511154175,8,1
1.8586673736572266,12,6,0.75607068836689,0.3935289978981018,0.3729898929595947,0.36144065856933594,0.5398378074169159,0.5202485918998718,0.4760724902153015,0.48712533712387085,0.5217802822589874,0.5280004441738129,0.4310692548751831,0.39497506618499756,0.36825788021087646,0.3544842004776001,0.3406406044960022,0.3182727098464966,0.3240100145339966,0.32720398902893066,0.33738183975219727,0.35868746042251587,0.34414994716644287,0.34466516971588135,0.35640960931777954,0.3372182846069336,0.3077468276023865,0.2624983787536621,0.27627742290496826,0.2485526204109192,0.2131454348564148,8,1
1.3494277000427246,16,9,0.75607068836689,0.39587491750717163,0.3794844150543213,0.36649090051651,0.5514494478702545,0.5254443883895874,0.47736287117004395,0.4925576448440552,0.5220047831535339,0.5330776274204254,0.42716729640960693,0.39521217346191406,0.353985071182251,0.33533787727355957,0.31321996450424194,0.2831374406814575,0.29852986335754395,0.2929811477661133,0.30642080307006836,0.3290358781814575,0.329988956451416,0.3281072974205017,0.34679096937179565,0.31858980655670166,0.2812753915786743,0.24029815196990967,0.24707722663879395,0.2198258638381958,0.21691888570785522,8,1
3.699077606201172,5,4,0.75607068836689,0.38113933801651,0.3632129430770874,0.343475341796875,0.5113401412963867,0.5233282744884491,0.48773765563964844,0.47663354873657227,0.5116693377494812,0.508449137210846,0.4721614718437195,0.4341689944267273,0.41407155990600586,0.417475163936615,0.3967719078063965,0.4076048731803894,0.3931499719619751,0.3980533480644226,0.3733569383621216,0.37721699476242065,0.3238303065299988,0.31312650442123413,0.296947181224823,0.27627289295196533,0.234421968460083,0.21509277820587158,0.20134592056274414,0.17812669277191162,0.11030298471450806,9,0
1.6760402917861938,9,8,0.75607068836689,0.37409424781799316,0.35896241664886475,0.34778672456741333,0.5032464563846588,0.47756004333496094,0.4665731191635132,0.4684299826622009,0.46356284618377686,0.46207690238952637,0.39737486839294434,0.3765382766723633,0.35328948497772217,0.3395155668258667,0.3120685815811157,0.3158302307128906,0.32646799087524414,0.3234850764274597,0.31128817796707153,0.3337884545326233,0.289716899394989,0.2746964693069458,0.2667344808578491,0.2336408495903015,0.2037007212638855,0.17140811681747437,0.17290979623794556,0.15856057405471802,0.0947272777557373,9,0
2.119980812072754,8,7,0.75607068836689,0.37293803691864014,0.3609304428100586,0.3491825461387634,0.5090314149856567,0.49504172801971436,0.47895461320877075,0.4851799011230469,0.47713756561279297,0.4964940547943115,0.400817334651947,0.3518800735473633,0.32707738876342773,0.31722545623779297,0.2922651767730713,0.2725764513015747,0.2793208956718445,0.2840422987937927,0.26010799407958984,0.27952390909194946,0.2596256732940674,0.2764117121696472,0.27579259872436523,0.25039535760879517,0.21792340278625488,0.1774132251739502,0.17763179540634155,0.15933853387832642,0.13215237855911255,9,1
2.4365975856781006,11,7,0.75607068836689,0.3767423629760742,0.3595466613769531,0.34900450706481934,0.5088278651237488,0.500819206237793,0.4831719398498535,0.4857366681098938,0.4810478687286377,0.49773305654525757,0.39819037914276123,0.34451282024383545,0.31711137294769287,0.3029095530509949,0.28691327571868896,0.2740004062652588,0.2878537178039551,0.2900121212005615,0.2691195607185364,0.29263436794281006,0.2593196630477905,0.27595603466033936,0.2765514850616455,0.25139129161834717,0.21884799003601074,0.19120168685913086,0.18420124053955078,0.1645483374595642,0.15992122888565063,9,1
1.5839604139328003,8,6,0.75607068836689,0.3710753917694092,0.35939425230026245,0.34965646266937256,0.5100208222866058,0.49184298515319824,0.4723488688468933,0.4748038649559021,0.4633311629295349,0.48199188709259033,0.3863837718963623,0.3427962064743042,0.3149339556694031,0.30680525302886963,0.2854011058807373,0.27999842166900635,0.29304373264312744,0.296068012714386,0.2730162739753723,0.29063957929611206,0.25399935245513916,0.2671452760696411,0.26837992668151855,0.24234497547149658,0.21566343307495117,0.18485450744628906,0.18162941932678223,0.16316020488739014,0.10582840442657471,9,1
1.5559561252593994,8,7,0.75607068836689,0.3724128007888794,0.3610069751739502,0.35217857360839844,0.5120925903320312,0.5013507008552551,0.476814866065979,0.4794447422027588,0.47224366664886475,0.4906884431838989,0.3933035135269165,0.34885895252227783,0.3207598924636841,0.30789053440093994,0.2890681028366089,0.280171275138855,0.2953115701675415,0.2968483567237854,0.2774374485015869,0.2958012819290161,0.25716477632522583,0.27013301849365234,0.2715545892715454,0.24827587604522705,0.2174893617630005,0.18687081336975098,0.18307894468307495,0.1669272780418396,0.11980634927749634,9,1
1.8148627281188965,7,6,0.75607068836689,0.3636714816093445,0.3536972403526306,0.3431597948074341,0.5067082047462463,0.49764811992645264,0.4731854796409607,0.48232585191726685,0.4955979585647583,0.5065073370933533,0.4134649634361267,0.37334030866622925,0.3422425389289856,0.3369160294532776,0.3148173689842224,0.3004687428474426,0.31466811895370483,0.30986249446868896,0.29847240447998047,0.3061961531639099,0.2714869976043701,0.2836637496948242,0.28887563943862915,0.2666378617286682,0.23757195472717285,0.23017996549606323,0.22056442499160767,0.19629526138305664,0.12615931034088135,9,1
1.711712121963501,8,7,0.75607068836689,0.3735172748565674,0.36103910207748413,0.34976792335510254,0.5135932862758636,0.4991019368171692,0.4762141704559326,0.4800722599029541,0.46894901990890503,0.47967779636383057,0.39334702491760254,0.3551039695739746,0.32964885234832764,0.3297921419143677,0.30608779191970825,0.28265470266342163,0.2910599708557129,0.2910950183868408,0.27308499813079834,0.2781270742416382,0.2656051516532898,0.29205095767974854,0.3023332357406616,0.2844485640525818,0.25051164627075195,0.2429661750793457,0.23504775762557983,0.20889103412628174,0.15044152736663818,9,1
2.4246742725372314,11,9,0.75607068836689,0.38030052185058594,0.36791062355041504,0.36012327671051025,0.5047599077224731,0.5173879265785217,0.47033488750457764,0.4565278887748718,0.5024696290493011,0.5057467818260193,0.3981682062149048,0.37687939405441284,0.3697018623352051,0.36596429347991943,0.34992510080337524,0.34458041191101074,0.3829260468482971,0.378371000289917,0.38074982166290283,0.48319798707962036,0.521709144115448,0.5360535085201263,0.5481083393096924,0.5103744268417358,0.5218218564987183,0.4674800634384155,0.4854778051376343,0.42463433742523193,0.4483923316001892,10,0
4.902365207672119,5,4,0.75607068836689,0.3894767165184021,0.3604174256324768,0.3535118103027344,0.5150747299194336,0.5300334095954895,0.4762886166572571,0.4604755640029907,0.5287481546401978,0.5334922075271606,0.4908232092857361,0.45333367586135864,0.44725191593170166,0.45110785961151123,0.4466284513473511,0.45864731073379517,0.461422324180603,0.471554160118103,0.46294718980789185,0.5255254209041595,0.51352259516716,0.49339020252227783,0.5223238468170166,0.490811824798584,0.4962505102157593,0.4496331214904785,0.4716262221336365,0.4214097261428833,0.33352673053741455,10,0
1.6250652074813843,15,13,0.75607068836689,0.3912575840950012,0.3625432848930359,0.35638439655303955,0.5007777214050293,0.528595358133316,0.48902785778045654,0.465936541557312,0.5122341811656952,0.5108102858066559,0.4133211374282837,0.40285301208496094,0.3980463743209839,0.39776140451431274,0.38347160816192627,0.3773539662361145,0.40520310401916504,0.4020180106163025,0.3955063819885254,0.5000177025794983,0.5436268150806427,0.5467644035816193,0.5497935712337494,0.5059799253940582,0.5286571979522705,0.47606611251831055,0.5051641762256622,0.4521366357803345,0.5164529979228973,10,0
2.2135937213897705,10,8,0.75607068836689,0.3762519359588623,0.36219727993011475,0.35605406761169434,0.5048603415489197,0.5005209445953369,0.45660096406936646,0.4500684142112732,0.48898983001708984,0.49945610761642456,0.39366787672042847,0.35910338163375854,0.36027562618255615,0.35693973302841187,0.33348339796066284,0.29980581998825073,0.3257443904876709,0.3346330523490906,0.3368799686431885,0.4032047390937805,0.42686164379119873,0.44344669580459595,0.45538491010665894,0.42292046546936035,0.4168768525123596,0.35942208766937256,0.34501248598098755,0.31979453563690186,0.4126269221305847,10,1
2.795194149017334,10,8,0.75607068836689,0.3842008113861084,0.36771005392074585,0.3584674596786499,0.5091971158981323,0.5055238604545593,0.4570884704589844,0.44804996252059937,0.4892749786376953,0.5042620897293091,0.3945823311805725,0.3593788146972656,0.35904228687286377,0.35106194019317627,0.3253830671310425,0.3088735342025757,0.34499943256378174,0.3509700298309326,0.3494330644607544,0.4389045238494873,0.45293569564819336,0.4694629907608032,0.4879242777824402,0.46890097856521606,0.48769694566726685,0.43147599697113037,0.4448537230491638,0.39747798442840576,0.4687567949295044,10,1
2.594716787338257,10,8,0.75607068836689,0.38330817222595215,0.3686333894729614,0.36031126976013184,0.513290524482727,0.5044525563716888,0.4538690447807312,0.4507189393043518,0.49001073837280273,0.4969217777252197,0.38287025690078735,0.3468209505081177,0.34964650869369507,0.3483048677444458,0.3212525248527527,0.3019082546234131,0.33496010303497314,0.3427492380142212,0.3476021885871887,0.4354977011680603,0.4513871669769287,0.4620998501777649,0.4795706272125244,0.45435279607772827,0.4698227643966675,0.42218518257141113,0.4353148937225342,0.3927100896835327,0.4618956446647644,10,1
2.0563533306121826,10,8,0.75607068836689,0.38386446237564087,0.35784029960632324,0.35511666536331177,0.4992722272872925,0.4931912422180176,0.4544116258621216,0.4558113217353821,0.5016789436340332,0.5176606774330139,0.4033541679382324,0.3659616708755493,0.3592132329940796,0.35425466299057007,0.3324010968208313,0.2965922951698303,0.32316166162490845,0.335003137588501,0.3391859531402588,0.40131497383117676,0.43350183963775635,0.450356662273407,0.4558589458465576,0.416622519493103,0.3973274230957031,0.35931873321533203,0.3149990439414978,0.30336952209472656,0.39355313777923584,10,1
1.978493094444275,12,8,0.75607068836689,0.3679713010787964,0.3526015281677246,0.343894362449646,0.505915641784668,0.4857288599014282,0.4508446455001831,0.46992671489715576,0.4835730791091919,0.5049850940704346,0.3919733762741089,0.390208899974823,0.36925429105758667,0.3598690629005432,0.33683598041534424,0.33618295192718506,0.335472047328949,0.3453577756881714,0.34219878911972046,0.33236002922058105,0.33339881896972656,0.3307621479034424,0.3544658422470093,0.36748987436294556,0.3770643472671509,0.3164932131767273,0.3015241026878357,0.24211877584457397,0.17096900939941406,11,0
1.6714580059051514,14,7,0.75607068836689,0.383148729801178,0.3573513627052307,0.3534291386604309,0.5076670944690704,0.4877185821533203,0.45569151639938354,0.46310651302337646,0.48486632108688354,0.5046895146369934,0.4043583273887634,0.39908111095428467,0.37743210792541504,0.36485517024993896,0.349706768989563,0.36371421813964844,0.3671357035636902,0.3821949362754822,0.38207870721817017,0.36701464653015137,0.39617234468460083,0.3945760726928711,0.41833531856536865,0.4228230118751526,0.42337989807128906,0.3534892797470093,0.3353919982910156,0.26757919788360596,0.22160613536834717,11,0
2.6735641956329346,11,8,0.75607068836689,0.37094593048095703,0.3551274538040161,0.3468780517578125,0.5076823830604553,0.48690909147262573,0.45672184228897095,0.4783625602722168,0.4941995143890381,0.5180633068084717,0.4040904641151428,0.40316593647003174,0.3890673518180847,0.3956802487373352,0.37419593334198,0.38579821586608887,0.3851248621940613,0.39975643157958984,0.39134669303894043,0.37227964401245117,0.3643798232078552,0.36248522996902466,0.3770473003387451,0.38768619298934937,0.3962050676345825,0.3330256938934326,0.3162606954574585,0.257468581199646,0.18591374158859253,11,0
0.580081582069397,12,10,0.75607068836689,0.35560768842697144,0.34682661294937134,0.3357173800468445,0.49388009309768677,0.49385231733322144,0.4581913948059082,0.4654940366744995,0.4845142364501953,0.4971018433570862,0.37422430515289307,0.3698793053627014,0.34945815801620483,0.3292202949523926,0.31429243087768555,0.32238322496414185,0.3299636244773865,0.35424983501434326,0.35399025678634644,0.359552800655365,0.38841360807418823,0.3977024555206299,0.4396823048591614,0.443619966506958,0.4483798146247864,0.38716834783554077,0.3732717037200928,0.30637407302856445,0.32052862644195557,11,1
1.267513394355774,11,9,0.75607068836689,0.35744214057922363,0.34855252504348755,0.33822065591812134,0.4986363649368286,0.4947972297668457,0.46034735441207886,0.46499717235565186,0.4838528037071228,0.5014541745185852,0.38163185119628906,0.38393211364746094,0.3695765733718872,0.35801100730895996,0.33518749475479126,0.33849698305130005,0.34320640563964844,0.35390037298202515,0.34953898191452026,0.34353452920913696,0.34983891248703003,0.351548433303833,0.3846970200538635,0.3897421360015869,0.3963310122489929,0.3355123996734619,0.324390172958374,0.26710474491119385,0.22498822212219238,11,1
0.3975590169429779,14,11,0.75607068836689,0.3729773163795471,0.3450292944908142,0.3408803939819336,0.5067571401596069,0.5084234178066254,0.47669482231140137,0.47186005115509033,0.4702463150024414,0.49944794178009033,0.40117573738098145,0.37916964292526245,0.3734527826309204,0.3429058790206909,0.332510769367218,0.33550959825515747,0.323533296585083,0.31338876485824585,0.3047243356704712,0.2928047180175781,0.26834237575531006,0.2649064064025879,0.23950743675231934,0.21226489543914795,0.19706732034683228,0.15058869123458862,0.14088541269302368,0.12816405296325684,0.1264994740486145,12,0
0.8882880210876465,19,16,0.75607068836689,0.3798201084136963,0.3461182713508606,0.34419310092926025,0.5130567848682404,0.5160082280635834,0.4797933101654053,0.47253692150115967,0.47786945104599,0.5067168474197388,0.40332120656967163,0.3828865885734558,0.3683755397796631,0.344645619392395,0.33046531677246094,0.32548415660858154,0.3177567720413208,0.3093733787536621,0.2985506057739258,0.3021038770675659,0.2628134489059448,0.2446763515472412,0.2190757393836975,0.18300360441207886,0.17148250341415405,0.12879645824432373,0.11950433254241943,0.10750633478164673,0.09072864055633545,12,0
0.3888911008834839,14,11,0.75607068836689,0.36953020095825195,0.3430505394935608,0.33893442153930664,0.5019590258598328,0.5032806694507599,0.47438663244247437,0.47012025117874146,0.4733613133430481,0.49050015211105347,0.3859705924987793,0.364804744720459,0.3540937304496765,0.32676780223846436,0.3185626268386841,0.3259129524230957,0.3248410224914551,0.31098806858062744,0.29177361726760864,0.28717780113220215,0.25923556089401245,0.2348502278327942,0.21845901012420654,0.18580400943756104,0.177251935005188,0.13666772842407227,0.12795066833496094,0.1169133186340332,0.08233952522277832,12,1
2.203606367111206,11,7,0.75607068836689,0.35651695728302,0.33978432416915894,0.3348191976547241,0.5050028562545776,0.4963109493255615,0.47154587507247925,0.464852511882782,0.480976402759552,0.49044275283813477,0.3812255859375,0.36720019578933716,0.3437792658805847,0.33095014095306396,0.3226335644721985,0.3559489846229553,0.34437525272369385,0.3495212197303772,0.33812713623046875,0.34666144847869873,0.323452353477478,0.27056682109832764,0.24191415309906006,0.19714534282684326,0.18055683374404907,0.13781273365020752,0.12967729568481445,0.12252616882324219,0.09086465835571289,12,1
1.5650825500488281,18,15,0.75607068836689,0.37504321336746216,0.34524083137512207,0.3426767587661743,0.5032892227172852,0.5005479156970978,0.4693910479545593,0.46440696716308594,0.4676859378814697,0.48630577325820923,0.3702576160430908,0.3539966344833374,0.3379984498023987,0.3131929636001587,0.3009294867515564,0.3066475987434387,0.2949795126914978,0.28730249404907227,0.2741847038269043,0.26128053665161133,0.26846885681152344,0.247974693775177,0.2394646406173706,0.21279698610305786,0.19500041007995605,0.14822685718536377,0.13889122009277344,0.132024347782135,0.08398604393005371,12,1
1.7712643146514893,14,10,0.8801468387246132,0.4864348769187927,0.4215701222419739,0.40424245595932007,0.6182309091091156,0.5820062160491943,0.5449582934379578,0.5883631110191345,0.5641874372959137,0.5525785982608795,0.4695758819580078,0.44858062267303467,0.43071824312210083,0.41444945335388184,0.4040772318840027,0.33579593896865845,0.35799771547317505,0.35087329149246216,0.34412693977355957,0.3950297236442566,0.3589603900909424,0.36635148525238037,0.4381676912307739,0.4521692991256714,0.4252491593360901,0.4275253415107727,0.4673856496810913,0.37783902883529663,0.36512571573257446,13,0
1.6361780166625977,17,12,0.8801468387246132,0.5033892095088959,0.4255686402320862,0.4093326926231384,0.6126713752746582,0.5741679668426514,0.5398062467575073,0.578153520822525,0.5652477145195007,0.5522997677326202,0.4805695414543152,0.47809481620788574,0.4606590270996094,0.44759511947631836,0.44211530685424805,0.37411320209503174,0.3775383234024048,0.3908073902130127,0.3683793544769287,0.40069252252578735,0.3556016683578491,0.35318368673324585,0.3719831109046936,0.3815308213233948,0.34775876998901367,0.3527224063873291,0.39328378438949585,0.32482337951660156,0.3569035530090332,13,0
1.4801756143569946,14,11,0.8801468387246132,0.4931904077529907,0.4218771457672119,0.40028882026672363,0.6183264255523682,0.5813240706920624,0.5482379496097565,0.5821605324745178,0.5801608264446259,0.5592614412307739,0.47434836626052856,0.48127877712249756,0.4568972587585449,0.42610466480255127,0.40194129943847656,0.37887001037597656,0.37795495986938477,0.3653147220611572,0.36636489629745483,0.4162142276763916,0.40580832958221436,0.38855957984924316,0.402088463306427,0.40405750274658203,0.3733576536178589,0.36784982681274414,0.4050118923187256,0.35439133644104004,0.48155444860458374,13,0
2.0080838203430176,16,12,0.8801468387246132,0.48929643630981445,0.42245399951934814,0.4058501720428467,0.6150012612342834,0.5786787271499634,0.542216420173645,0.5804435312747955,0.5748153328895569,0.563918262720108,0.4937431812286377,0.47955936193466187,0.45178377628326416,0.45946329832077026,0.44518065452575684,0.3884263038635254,0.3905731439590454,0.40745842456817627,0.38455063104629517,0.4111238121986389,0.3636561632156372,0.3561832904815674,0.384304940700531,0.3798919916152954,0.3343489170074463,0.3412700891494751,0.38087862730026245,0.3171825408935547,0.3726946711540222,13,0
0.7926093935966492,12,9,0.8801468387246132,0.4903242588043213,0.4217764139175415,0.40480923652648926,0.6157605648040771,0.582415372133255,0.5474569797515869,0.5887623429298401,0.5628916323184967,0.5467988848686218,0.4646536707878113,0.4470973014831543,0.4331737756729126,0.4033586382865906,0.39848363399505615,0.33157676458358765,0.355384886264801,0.3474658131599426,0.3472353219985962,0.38774776458740234,0.3369988203048706,0.34356629848480225,0.40197283029556274,0.4180011749267578,0.40553951263427734,0.4072822332382202,0.4509923458099365,0.37092041969299316,0.48465901613235474,13,1
4.265542507171631,5,4,0.75607068836689,0.38468897342681885,0.3585621118545532,0.3416788578033447,0.530138373374939,0.5314419269561768,0.4858819246292114,0.47511231899261475,0.5473169684410095,0.55607670545578,0.4907529354095459,0.46829140186309814,0.44052737951278687,0.4618678689002991,0.4593822956085205,0.4825708270072937,0.4692172408103943,0.47227537631988525,0.46745216846466064,0.494526207447052,0.4537462592124939,0.4156959056854248,0.4509875774383545,0.4319465756416321,0.3673536777496338,0.3556087017059326,0.40718501806259155,0.3652663230895996,0.4123958349227905,14,0
2.1901936531066895,7,5,0.75607068836689,0.3863632082939148,0.359554648399353,0.3517664670944214,0.5392002463340759,0.5249390602111816,0.49289101362228394,0.4707028269767761,0.5246597826480865,0.538359522819519,0.44217467308044434,0.4374808073043823,0.4172688126564026,0.40108007192611694,0.3882521390914917,0.38005828857421875,0.39370864629745483,0.3810492157936096,0.3792131543159485,0.4184325933456421,0.3866835832595825,0.37092113494873047,0.38473743200302124,0.3560064435005188,0.2931544780731201,0.24685263633728027,0.2581244111061096,0.24377018213272095,0.2661244869232178,14,0
2.592679262161255,10,6,0.75607068836689,0.3871721625328064,0.3566732406616211,0.3434264063835144,0.512264609336853,0.5049502551555634,0.4668356776237488,0.45662087202072144,0.4977186918258667,0.5138025283813477,0.4049023389816284,0.3933873772621155,0.36828285455703735,0.3646377921104431,0.34229665994644165,0.33735597133636475,0.35195302963256836,0.3577338457107544,0.3514516353607178,0.373786985874176,0.3452180027961731,0.342058002948761,0.3329513669013977,0.29514676332473755,0.26292240619659424,0.24423474073410034,0.25637584924697876,0.2504424452781677,0.2536371350288391,14,0
2.304391622543335,10,9,0.75607068836689,0.3790919780731201,0.3521724343299866,0.33965444564819336,0.5114021897315979,0.4810296297073364,0.447672963142395,0.4485900402069092,0.4876369833946228,0.4946932792663574,0.4012024402618408,0.37078315019607544,0.35011613368988037,0.351679265499115,0.33223313093185425,0.3074890375137329,0.3237054944038391,0.3041539192199707,0.3214298486709595,0.34757620096206665,0.2960550785064697,0.29272300004959106,0.2876037359237671,0.2750418782234192,0.25301146507263184,0.24761849641799927,0.27852630615234375,0.2720731496810913,0.2802162766456604,14,1
2.4248502254486084,11,8,0.75607068836689,0.37644892930984497,0.3507707118988037,0.33771467208862305,0.5087162852287292,0.4798275828361511,0.45282429456710815,0.4545895457267761,0.5004799962043762,0.510658323764801,0.4202576279640198,0.39369726181030273,0.3759586215019226,0.3798518180847168,0.35475629568099976,0.3241450786590576,0.3371373414993286,0.3158756494522095,0.32465434074401855,0.3426724672317505,0.28694218397140503,0.27613723278045654,0.27170825004577637,0.24359989166259766,0.2244584560394287,0.20275551080703735,0.2223660945892334,0.22787237167358398,0.21960163116455078,14,1
3.505554676055908,11,8,0.75607068836689,0.37818443775177,0.3514310121536255,0.33550596237182617,0.5109718441963196,0.4807783365249634,0.4487574100494385,0.4519633650779724,0.4925496578216553,0.5065434575080872,0.40426528453826904,0.37992048263549805,0.36299991607666016,0.3671760559082031,0.35366225242614746,0.3312392830848694,0.3436940312385559,0.32497620582580566,0.32952040433883667,0.34122079610824585,0.2920769453048706,0.2710689306259155,0.28097689151763916,0.26706093549728394,0.2721591591835022,0.28204429149627686,0.31955814361572266,0.3232675790786743,0.27886146306991577,14,1
3.309025287628174,10,8,0.75607068836689,0.37659984827041626,0.3507118225097656,0.33572107553482056,0.5092467665672302,0.4847524166107178,0.4599900245666504,0.4606325626373291,0.5160112380981445,0.531888484954834,0.453863263130188,0.42460936307907104,0.4063875675201416,0.41339969635009766,0.3835684657096863,0.35728055238723755,0.3658490777015686,0.3459857702255249,0.353015661239624,0.35359370708465576,0.29972124099731445,0.2824591398239136,0.286246120929718,0.27265632152557373,0.26127564907073975,0.26004111766815186,0.3086782693862915,0.3104112148284912,0.2797882556915283,14,1
2.457214832305908,10,6,0.75607068836689,0.37851083278656006,0.35352981090545654,0.33753132820129395,0.512317031621933,0.4846559762954712,0.45420700311660767,0.4543371796607971,0.4975300431251526,0.5086728930473328,0.4152435064315796,0.3790985345840454,0.362482488155365,0.36475545167922974,0.34246015548706055,0.3181828260421753,0.3353503346443176,0.3208683729171753,0.33236992359161377,0.359708309173584,0.3010022044181824,0.3057282567024231,0.30282652378082275,0.2873903512954712,0.27416878938674927,0.2614736557006836,0.305336594581604,0.29730701446533203,0.26224327087402344,14,1
3.3627395629882812,4,3,0.75607068836689,0.3593705892562866,0.35114288330078125,0.3337414264678955,0.5243441164493561,0.5243348777294159,0.48653239011764526,0.48201310634613037,0.5333408713340759,0.5199013948440552,0.42665666341781616,0.37717723846435547,0.37421244382858276,0.3589237928390503,0.3329901099205017,0.34170782566070557,0.3404264450073242,0.3441746234893799,0.3206517696380615,0.359933078289032,0.37848806381225586,0.4014406204223633,0.3892841339111328,0.3325808644294739,0.28146183490753174,0.22337019443511963,0.21475589275360107,0.19023430347442627,0.2566796541213989,15,0
2.8255279064178467,7,6,0.75607068836689,0.3608912229537964,0.34973907470703125,0.3349962830543518,0.5169184505939484,0.5334764420986176,0.49081623554229736,0.48173534870147705,0.5288841426372528,0.5295148491859436,0.4266567826271057,0.3983080983161926,0.39250439405441284,0.3689921498298645,0.33423686027526855,0.35155171155929565,0.3454665541648865,0.3511478304862976,0.33623600006103516,0.3946927785873413,0.4087848663330078,0.42307329177856445,0.4281812310218811,0.37811505794525146,0.3200179934501648,0.24979567527770996,0.24118006229400635,0.20310074090957642,0.20392274856567383,15,0
2.1783106327056885,9,8,0.75607068836689,0.3751305341720581,0.35113072395324707,0.33631789684295654,0.5216113328933716,0.5147725939750671,0.47883570194244385,0.4981050491333008,0.5523614287376404,0.5478147268295288,0.4558503031730652,0.4281238913536072,0.43137407302856445,0.42183130979537964,0.3810983896255493,0.3698471188545227,0.3686380386352539,0.37725400924682617,0.3760144114494324,0.39584624767303467,0.38273340463638306,0.40176260471343994,0.42882490158081055,0.3843492269515991,0.35099613666534424,0.28268373012542725,0.24939703941345215,0.2043672800064087,0.22514522075653076,15,0
3.501081943511963,5,4,0.75607068836689,0.36576998233795166,0.3574160933494568,0.34565484523773193,0.5395118296146393,0.5474067628383636,0.5103159546852112,0.5275363326072693,0.5723505020141602,0.5529843270778656,0.45840638875961304,0.42377710342407227,0.4131743907928467,0.39776480197906494,0.33773839473724365,0.3307104706764221,0.3382081389427185,0.337346613407135,0.3164215087890625,0.3497551679611206,0.39797699451446533,0.450803279876709,0.4871411919593811,0.4713307023048401,0.4534188508987427,0.35431402921676636,0.31163448095321655,0.24841761589050293,0.19718754291534424,15,0
1.9399057626724243,7,6,0.75607068836689,0.36798691749572754,0.3524763584136963,0.33389925956726074,0.5154488384723663,0.5089200735092163,0.46474552154541016,0.47382909059524536,0.5134817361831665,0.5027734935283661,0.39955443143844604,0.3515651822090149,0.352350652217865,0.32705920934677124,0.2936699390411377,0.29117339849472046,0.29679787158966064,0.2968636751174927,0.2878023386001587,0.337773859500885,0.3591516613960266,0.4006968140602112,0.44660645723342896,0.43542230129241943,0.42239081859588623,0.33625102043151855,0.2961065173149109,0.24527716636657715,0.20825493335723877,15,1
3.439655303955078,8,7,0.75607068836689,0.3677375912666321,0.35644304752349854,0.33699917793273926,0.5242340266704559,0.5225255787372589,0.48340046405792236,0.4946705102920532,0.5408657491207123,0.5440353751182556,0.45935148000717163,0.42177850008010864,0.4227485656738281,0.4173855781555176,0.3984118700027466,0.3923482894897461,0.3683386445045471,0.3799169063568115,0.35543549060821533,0.366946280002594,0.3614181876182556,0.3609078526496887,0.3572068214416504,0.30296891927719116,0.2724984884262085,0.21402037143707275,0.20180785655975342,0.1778634786605835,0.2053391933441162,15,1
2.343977689743042,5,4,0.75607068836689,0.36651986837387085,0.3497540354728699,0.33355873823165894,0.526037186384201,0.5223055779933929,0.4818679094314575,0.48366856575012207,0.5191759169101715,0.5016832947731018,0.39757513999938965,0.3482590913772583,0.3472393751144409,0.3370972275733948,0.3093028664588928,0.3034047484397888,0.29881107807159424,0.3028901219367981,0.28709709644317627,0.33059221506118774,0.3415202498435974,0.373312771320343,0.4091089963912964,0.37990862131118774,0.35697227716445923,0.2796480655670166,0.24776089191436768,0.2059239149093628,0.17924773693084717,15,1
3.8723504543304443,13,12,0.75607068836689,0.3539921045303345,0.3336949348449707,0.32617342472076416,0.4993462562561035,0.49023205041885376,0.45682066679000854,0.47374898195266724,0.49169355630874634,0.47768962383270264,0.3721357583999634,0.34807926416397095,0.3243662118911743,0.3342517018318176,0.3038787841796875,0.2941793203353882,0.30319392681121826,0.29358571767807007,0.2959910035133362,0.3064250349998474,0.2774590849876404,0.2620314955711365,0.2429322600364685,0.22389119863510132,0.17943930625915527,0.1453809142112732,0.14299428462982178,0.11792415380477905,0.08983898162841797,16,0
3.13189435005188,7,6,0.75607068836689,0.34935885667800903,0.33672624826431274,0.32966846227645874,0.5195471048355103,0.519679456949234,0.485504150390625,0.49844950437545776,0.5309270024299622,0.5385470390319824,0.4766169786453247,0.45014697313308716,0.4428024888038635,0.43427395820617676,0.4313209056854248,0.4516955614089966,0.4247353672981262,0.4325212836265564,0.4112437963485718,0.3759962320327759,0.2990680932998657,0.2688957452774048,0.24090754985809326,0.19264847040176392,0.1602698564529419,0.1291288137435913,0.13024091720581055,0.10883486270904541,0.114138662815094,16,0
3.5244762897491455,9,8,0.75607068836689,0.36271893978118896,0.3433693051338196,0.32888805866241455,0.5125490427017212,0.503574550151825,0.46955710649490356,0.4776979088783264,0.5125887393951416,0.5139434635639191,0.4351910352706909,0.4523658752441406,0.4349853992462158,0.4354625940322876,0.4289548397064209,0.45178234577178955,0.43169891834259033,0.4367923140525818,0.3956018090248108,0.3821035623550415,0.299868106842041,0.2736285328865051,0.23654472827911377,0.19433355331420898,0.15933501720428467,0.1294184923171997,0.1254262924194336,0.10621237754821777,0.11325669288635254,16,0
2.3269236087799072,11,10,0.75607068836689,0.3501691222190857,0.34077322483062744,0.3333578109741211,0.5126055479049683,0.5117225050926208,0.4783727526664734,0.48835068941116333,0.4888174533843994,0.49315428733825684,0.41916823387145996,0.40625089406967163,0.3817937970161438,0.40315020084381104,0.3910254240036011,0.38298434019088745,0.3790781497955322,0.38073092699050903,0.37369346618652344,0.35579198598861694,0.2863330841064453,0.26647669076919556,0.24125611782073975,0.2118281126022339,0.17976772785186768,0.14589595794677734,0.1440204381942749,0.12572848796844482,0.1233217716217041,16,0
6.273484706878662,5,4,0.75607068836689,0.3507204055786133,0.3410511016845703,0.3384561538696289,0.5206890106201172,0.5183480381965637,0.47654664516448975,0.48425793647766113,0.5148245096206665,0.5143092572689056,0.41324812173843384,0.39388930797576904,0.37011462450027466,0.3770454525947571,0.35969656705856323,0.3408333659172058,0.3448261022567749,0.33824431896209717,0.3378908634185791,0.3432978391647339,0.31443560123443604,0.31103086471557617,0.30246758460998535,0.28483253717422485,0.23611652851104736,0.19887542724609375,0.19451504945755005,0.1644359827041626,0.136052668094635,16,0
2.6811609268188477,4,3,0.75607068836689,0.3504178524017334,0.33530592918395996,0.33116990327835083,0.5134514570236206,0.523350179195404,0.4851229190826416,0.48756980895996094,0.49462997913360596,0.47993069887161255,0.40159493684768677,0.3790120482444763,0.3617854118347168,0.36315178871154785,0.35535621643066406,0.35357576608657837,0.3618656396865845,0.3475813865661621,0.33172863721847534,0.3264327049255371,0.26065659523010254,0.23812007904052734,0.2075408697128296,0.17442095279693604,0.1394907832145691,0.10562831163406372,0.10507833957672119,0.08529812097549438,0.0722694993019104,16,1
1.7229903936386108,7,6,0.75607068836689,0.3618456721305847,0.3426828980445862,0.3341832160949707,0.5114643573760986,0.5013982057571411,0.4653022289276123,0.47100383043289185,0.4699004888534546,0.4639492630958557,0.3430972695350647,0.3293834328651428,0.3092197775840759,0.3079160451889038,0.30059391260147095,0.29037535190582275,0.2991921305656433,0.29395627975463867,0.2923043370246887,0.3176836371421814,0.27138185501098633,0.2617994546890259,0.23209238052368164,0.20987486839294434,0.17117232084274292,0.13854193687438965,0.13878566026687622,0.11454254388809204,0.09272897243499756,16,1
3.052027702331543,6,5,0.75607068836689,0.3594982624053955,0.34322589635849,0.33257216215133667,0.5111539661884308,0.4992862939834595,0.4637524485588074,0.4754629135131836,0.48116105794906616,0.4736524820327759,0.36045289039611816,0.3405994772911072,0.31974273920059204,0.32012319564819336,0.3141118288040161,0.30447280406951904,0.3117770552635193,0.31235456466674805,0.31066834926605225,0.3269723653793335,0.267425537109375,0.25749319791793823,0.23467910289764404,0.20869547128677368,0.1723189353942871,0.1396055817604065,0.14384520053863525,0.11905920505523682,0.09523934125900269,16,1
2.848496198654175,6,5,0.75607068836689,0.34817129373550415,0.33564293384552,0.32335472106933594,0.497835636138916,0.49365222454071045,0.46703535318374634,0.4797041416168213,0.48439401388168335,0.4744720458984375,0.3648558259010315,0.3478661775588989,0.32896530628204346,0.32600367069244385,0.3053019642829895,0.3017198443412781,0.30728113651275635,0.309434711933136,0.30544811487197876,0.32079368829727173,0.27251672744750977,0.25394493341445923,0.22696971893310547,0.2034316062927246,0.16592717170715332,0.13059765100479126,0.12469065189361572,0.0970909595489502,0.0840836763381958,16,1
3.107044219970703,6,5,0.75607068836689,0.3534260392189026,0.3386666774749756,0.32881444692611694,0.5047907829284668,0.4922933578491211,0.4632285237312317,0.4813157320022583,0.48657047748565674,0.4822400212287903,0.36902642250061035,0.35063886642456055,0.32675933837890625,0.3233899474143982,0.3047565221786499,0.3041670322418213,0.3119308352470398,0.3069359064102173,0.301308274269104,0.3209267258644104,0.2920301556587219,0.27904248237609863,0.25675827264785767,0.2374866008758545,0.1962813138961792,0.15876823663711548,0.15514975786209106,0.1206291913986206,0.0879371166229248,16,1
3.742288589477539,5,4,0.75607068836689,0.3666151762008667,0.34967172145843506,0.33356213569641113,0.509829580783844,0.5211529731750488,0.48031342029571533,0.46839582920074463,0.5090086460113525,0.49914008378982544,0.45860224962234497,0.4175471067428589,0.39382028579711914,0.3997570276260376,0.39391934871673584,0.4029890298843384,0.38469409942626953,0.39290857315063477,0.3662077784538269,0.3863009810447693,0.34055960178375244,0.324948251247406,0.3137081265449524,0.30700409412384033,0.304054319858551,0.3161829710006714,0.35104894638061523,0.29460060596466064,0.1804027557373047,17,0
2.0029773712158203,12,11,0.75607068836689,0.3613417148590088,0.346537709236145,0.334905743598938,0.5056068897247314,0.47938108444213867,0.4464532732963562,0.45184171199798584,0.4704204797744751,0.4531267285346985,0.3879408836364746,0.3662499189376831,0.3563363552093506,0.35328662395477295,0.3419991731643677,0.32548272609710693,0.31991446018218994,0.3230106830596924,0.30815279483795166,0.30827999114990234,0.2502257823944092,0.21119368076324463,0.20418024063110352,0.16678231954574585,0.14079737663269043,0.12317270040512085,0.13443124294281006,0.1260223388671875,0.14229601621627808,17,0
0.8552820682525635,12,10,0.75607068836689,0.36283445358276367,0.34732866287231445,0.3328384757041931,0.5031165480613708,0.4849926233291626,0.4475717544555664,0.4479779005050659,0.4551171064376831,0.4462030529975891,0.3584214448928833,0.3077901005744934,0.2869144678115845,0.28729087114334106,0.29105401039123535,0.27204442024230957,0.2788124680519104,0.2787395715713501,0.2668426036834717,0.29540908336639404,0.26559150218963623,0.26088547706604004,0.2587709426879883,0.23385441303253174,0.20768100023269653,0.1903597116470337,0.20370471477508545,0.17928475141525269,0.16440439224243164,17,1
0.6574943661689758,11,10,0.75607068836689,0.358705997467041,0.3469808101654053,0.3343336582183838,0.5011783540248871,0.4827987551689148,0.4454951882362366,0.4480922222137451,0.45501917600631714,0.4542798399925232,0.36658191680908203,0.31625616550445557,0.29965025186538696,0.29492318630218506,0.2986363172531128,0.2818475365638733,0.28705674409866333,0.2822566628456116,0.27331024408340454,0.30133652687072754,0.25892162322998047,0.26216018199920654,0.273107647895813,0.24630510807037354,0.22073101997375488,0.20187592506408691,0.2167423963546753,0.19381248950958252,0.2185034155845642,17,1
1.099777102470398,11,10,0.75607068836689,0.3599839210510254,0.3470873236656189,0.33353209495544434,0.5021111965179443,0.48371684551239014,0.44459474086761475,0.44778865575790405,0.4505828619003296,0.4473397135734558,0.35887330770492554,0.3100671172142029,0.2940094470977783,0.29214227199554443,0.29352617263793945,0.27985167503356934,0.28299909830093384,0.27753567695617676,0.26730960607528687,0.2949826717376709,0.2531054615974426,0.24722975492477417,0.25289130210876465,0.22652947902679443,0.1981722116470337,0.17573511600494385,0.1770920753479004,0.16149431467056274,0.17442309856414795,17,1
1.2210218906402588,11,10,0.75607068836689,0.3596208095550537,0.3468253016471863,0.33307892084121704,0.5015854835510254,0.4853053689002991,0.4447493553161621,0.44815272092819214,0.45142024755477905,0.4494856595993042,0.3598182201385498,0.31238454580307007,0.29579293727874756,0.29112350940704346,0.2959510087966919,0.2798665761947632,0.28403329849243164,0.2791358232498169,0.26828473806381226,0.29283297061920166,0.2514604330062866,0.24834001064300537,0.25201594829559326,0.22647851705551147,0.2009565830230713,0.17815500497817993,0.1814190149307251,0.16829174757003784,0.1663893461227417,17,1
0.7548805475234985,15,10,0.75607068836689,0.37014973163604736,0.3448331356048584,0.33385777473449707,0.5017821788787842,0.48322707414627075,0.4436763525009155,0.44601356983184814,0.448530375957489,0.44716429710388184,0.3612159490585327,0.3129578232765198,0.2967727780342102,0.2928060293197632,0.29643017053604126,0.2794942855834961,0.28509795665740967,0.27929019927978516,0.26867228746414185,0.2919352054595947,0.2554851770401001,0.2600613832473755,0.2710491418838501,0.24894022941589355,0.2314443588256836,0.2039579153060913,0.21640217304229736,0.19952529668807983,0.16159343719482422,17,1
1.2983157634735107,11,10,0.75607068836689,0.3592106103897095,0.3476734161376953,0.33455872535705566,0.5001380145549774,0.48056554794311523,0.4441201686859131,0.4470491409301758,0.44989728927612305,0.4451814889907837,0.35555118322372437,0.3071167469024658,0.2911537289619446,0.28677815198898315,0.28805530071258545,0.27201592922210693,0.2785172462463379,0.27314668893814087,0.26510196924209595,0.2958980202674866,0.2619771957397461,0.2646501064300537,0.2696579694747925,0.24779880046844482,0.23552274703979492,0.22745323181152344,0.25110459327697754,0.22000420093536377,0.1721528172492981,17,1
0.8598632216453552,13,10,0.75607068836689,0.3651909828186035,0.34861820936203003,0.3344354033470154,0.5068382620811462,0.4857746362686157,0.44611459970474243,0.44788533449172974,0.4523813724517822,0.45042115449905396,0.36013585329055786,0.3093308210372925,0.2916892170906067,0.28645265102386475,0.2923392653465271,0.27372562885284424,0.27988845109939575,0.27452170848846436,0.2657192349433899,0.29108375310897827,0.2522314190864563,0.24553322792053223,0.2504112124443054,0.22680294513702393,0.20026320219039917,0.1783561110496521,0.18827533721923828,0.1750708818435669,0.1875910758972168,17,1
0.9878144860267639,11,10,0.75607068836689,0.3575289845466614,0.3451562523841858,0.3318055272102356,0.5011725127696991,0.48024076223373413,0.44327908754348755,0.4455421566963196,0.44841867685317993,0.45193934440612793,0.36632800102233887,0.3158925771713257,0.29990434646606445,0.29373490810394287,0.29501014947891235,0.2808811068534851,0.2873874306678772,0.279388427734375,0.2724147439002991,0.3090861439704895,0.259441077709198,0.2582324147224426,0.27125853300094604,0.2504091262817383,0.23746532201766968,0.21978998184204102,0.24115526676177979,0.2097802758216858,0.16265761852264404,17,1
0.9114115238189697,15,10,0.75607068836689,0.3708770275115967,0.3464723825454712,0.3313497304916382,0.5000433325767517,0.48109501600265503,0.44170331954956055,0.4450188875198364,0.4468812346458435,0.4462135434150696,0.36064082384109497,0.31303870677948,0.2958723306655884,0.2948160767555237,0.29746055603027344,0.28008896112442017,0.28733062744140625,0.2808898091316223,0.27110064029693604,0.30168819427490234,0.25543808937072754,0.25571805238723755,0.2670831084251404,0.24409854412078857,0.22630083560943604,0.21054518222808838,0.2210901379585266,0.19693422317504883,0.19951987266540527,17,1
0.4972201883792877,15,13,0.75607068836689,0.38442790508270264,0.35516542196273804,0.3317621946334839,0.48191744089126587,0.491336464881897,0.44991564750671387,0.4444798231124878,0.47390198707580566,0.48377758264541626,0.39117252826690674,0.36426711082458496,0.3460218906402588,0.3294675946235657,0.3079324960708618,0.31430429220199585,0.3146703839302063,0.332269549369812,0.32870805263519287,0.32734018564224243,0.2719777822494507,0.2610068917274475,0.2671760320663452,0.232402503490448,0.19463306665420532,0.15209710597991943,0.14625298976898193,0.13545143604278564,0.15835022926330566,18,0
0.6338281631469727,16,14,0.75607068836689,0.38615691661834717,0.35632818937301636,0.3342522978782654,0.4830394983291626,0.4884209632873535,0.4445371627807617,0.44626325368881226,0.46701228618621826,0.47969186305999756,0.38178735971450806,0.35356754064559937,0.3372591733932495,0.33427828550338745,0.3271515369415283,0.31498849391937256,0.3261566758155823,0.3303772211074829,0.3292936086654663,0.33564209938049316,0.28227806091308594,0.2617800235748291,0.24949705600738525,0.21370184421539307,0.18576449155807495,0.1514061689376831,0.15047377347946167,0.13613486289978027,0.17279022932052612,18,1
2.059467315673828,13,12,0.75607068836689,0.3845936059951782,0.3599778413772583,0.33768540620803833,0.4839705228805542,0.4703782796859741,0.43501949310302734,0.4498889446258545,0.4854276180267334,0.5057236850261688,0.4283735752105713,0.3998866677284241,0.378990113735199,0.38170093297958374,0.37805092334747314,0.3944615125656128,0.38976556062698364,0.4234442710876465,0.40547722578048706,0.3798084855079651,0.2956550121307373,0.2654606103897095,0.2640608549118042,0.22680622339248657,0.20029139518737793,0.16916608810424805,0.16774523258209229,0.15508264303207397,0.12355363368988037,18,1
1.1480369567871094,13,11,0.75607068836689,0.3847949504852295,0.3545496463775635,0.33446311950683594,0.4863715171813965,0.4795681834220886,0.4439471364021301,0.4516448378562927,0.47820281982421875,0.49135392904281616,0.4080623388290405,0.3698936700820923,0.35068047046661377,0.3375326991081238,0.3207462430000305,0.30711883306503296,0.31204164028167725,0.32041603326797485,0.31291818618774414,0.3227463960647583,0.2581595182418823,0.23972290754318237,0.24782294034957886,0.2111455798149109,0.1848360300064087,0.1483391523361206,0.14171361923217773,0.12942230701446533,0.133017897605896,18,1
1.5299077033996582,15,13,0.75607068836689,0.38483500480651855,0.3517352342605591,0.33267760276794434,0.4825792908668518,0.469634473323822,0.43551522493362427,0.4447331428527832,0.4818847179412842,0.4925844073295593,0.4012821316719055,0.36251264810562134,0.34824609756469727,0.3374447822570801,0.3199750781059265,0.3065260052680969,0.3189888596534729,0.3369532823562622,0.3275343179702759,0.3378174901008606,0.2800471782684326,0.2680501937866211,0.30197811126708984,0.2730908989906311,0.238986074924469,0.1878686547279358,0.1696041226387024,0.1488998532295227,0.1118696928024292,18,1
1.708259105682373,17,15,0.75607068836689,0.3889175057411194,0.35873115062713623,0.3428812026977539,0.4892992377281189,0.4685171842575073,0.4351027011871338,0.44054198265075684,0.47424566745758057,0.48710376024246216,0.3897489905357361,0.3555169105529785,0.34623265266418457,0.34404563903808594,0.31809860467910767,0.31133031845092773,0.3247072696685791,0.33778834342956543,0.3304535150527954,0.3451707363128662,0.2989411950111389,0.2925814986228943,0.33783698081970215,0.3195861577987671,0.29020869731903076,0.2304995059967041,0.2067621946334839,0.18054193258285522,0.13596200942993164,18,1
1.579988718032837,15,13,0.75607068836689,0.3574501872062683,0.335121750831604,0.32277894020080566,0.48268812894821167,0.4771496057510376,0.44742751121520996,0.4620724320411682,0.49136561155319214,0.49099040031433105,0.3629499673843384,0.3469504117965698,0.3061564564704895,0.30923497676849365,0.29439735412597656,0.2849116325378418,0.3137911558151245,0.3161447048187256,0.33431315422058105,0.3695880174636841,0.3375161290168762,0.34897714853286743,0.3714509606361389,0.34033405780792236,0.2897684574127197,0.2372509241104126,0.22234004735946655,0.1862391233444214,0.2192050814628601,19,0
2.801142692565918,8,7,0.75607068836689,0.35009098052978516,0.3352739214897156,0.3289259076118469,0.499206006526947,0.4947090148925781,0.4646119475364685,0.47576141357421875,0.5217494964599609,0.5132172703742981,0.3853113651275635,0.3535034656524658,0.3174974322319031,0.3129713535308838,0.2979837656021118,0.2850276231765747,0.30989956855773926,0.31526899337768555,0.3294154405593872,0.35734498500823975,0.33850741386413574,0.3532707691192627,0.37130314111709595,0.34388798475265503,0.29266053438186646,0.24098360538482666,0.22412902116775513,0.19630777835845947,0.18087118864059448,19,0
4.693450927734375,4,3,0.75607068836689,0.34301257133483887,0.3330566883087158,0.328876793384552,0.5044383704662323,0.5080258548259735,0.4755967855453491,0.49183189868927,0.5276706218719482,0.5179226994514465,0.4030125141143799,0.3709331154823303,0.33079707622528076,0.3197784423828125,0.30277442932128906,0.292116641998291,0.31143301725387573,0.3072276711463928,0.31733447313308716,0.36337631940841675,0.33413833379745483,0.3572438955307007,0.40612566471099854,0.37229567766189575,0.31457674503326416,0.2542121410369873,0.23634600639343262,0.19659841060638428,0.18903732299804688,19,0
2.0906729698181152,8,7,0.75607068836689,0.3435367941856384,0.33398252725601196,0.3200255036354065,0.4916708469390869,0.4956672191619873,0.4660786986351013,0.4719587564468384,0.5074830055236816,0.501370906829834,0.37991225719451904,0.3535422682762146,0.30813348293304443,0.3073156476020813,0.29141807556152344,0.2782471179962158,0.29913145303726196,0.301688551902771,0.3110460042953491,0.35451966524124146,0.34664714336395264,0.37307965755462646,0.4211185574531555,0.39447784423828125,0.35075604915618896,0.279704749584198,0.27208411693573,0.2248079776763916,0.21764999628067017,19,0
0.8739760518074036,13,12,0.75607068836689,0.35374176502227783,0.3341025710105896,0.3210277557373047,0.48713093996047974,0.4880632758140564,0.4535922408103943,0.45785385370254517,0.4791475534439087,0.4848376512527466,0.3630399703979492,0.3484020233154297,0.30724143981933594,0.3031597137451172,0.28596872091293335,0.2819865942001343,0.3052178621292114,0.3080848455429077,0.3248063921928406,0.36007142066955566,0.34367549419403076,0.36607658863067627,0.39195775985717773,0.36165082454681396,0.3092585802078247,0.24569880962371826,0.23095405101776123,0.19403612613677979,0.25332826375961304,19,1
1.7310947179794312,10,9,0.75607068836689,0.3485482335090637,0.3347254991531372,0.32337695360183716,0.4950255751609802,0.4923173189163208,0.45693302154541016,0.4621915817260742,0.4910765290260315,0.4958116412162781,0.3730349540710449,0.355776309967041,0.31374573707580566,0.30858588218688965,0.28858405351638794,0.2834741473197937,0.3031754493713379,0.30544716119766235,0.31998586654663086,0.3609169125556946,0.34787517786026,0.3530716896057129,0.35843515396118164,0.32843488454818726,0.2755783796310425,0.21592259407043457,0.20973509550094604,0.17642462253570557,0.19531047344207764,19,1
3.8265695571899414,3,2,0.75607068836689,0.32811617851257324,0.3181073069572449,0.3174736499786377,0.5078796744346619,0.5131067931652069,0.48699426651000977,0.4976704716682434,0.5273308753967285,0.5334782004356384,0.419592022895813,0.3737618923187256,0.34557604789733887,0.3362739086151123,0.3037373423576355,0.2877044081687927,0.3042958974838257,0.30314433574676514,0.3120380640029907,0.36380016803741455,0.35324859619140625,0.3932424783706665,0.4559348225593567,0.4382143020629883,0.39218032360076904,0.31591200828552246,0.2856563925743103,0.23131603002548218,0.2089422345161438,19,1
1.0725352764129639,12,11,0.75607068836689,0.35019707679748535,0.32908034324645996,0.3178863525390625,0.48037731647491455,0.4832497239112854,0.4522326588630676,0.45749157667160034,0.48492228984832764,0.4811030626296997,0.3566485047340393,0.3373411297798157,0.29478543996810913,0.29173022508621216,0.27468544244766235,0.2678844928741455,0.2904740571975708,0.2931402921676636,0.31040316820144653,0.3554491400718689,0.3514785170555115,0.3809662461280823,0.42430323362350464,0.4078724980354309,0.3612654209136963,0.2839324474334717,0.26151710748672485,0.21578359603881836,0.2620042562484741,19,1
1.2853368520736694,11,10,0.75607068836689,0.34634673595428467,0.33203125,0.31772714853286743,0.48309725522994995,0.48406827449798584,0.4527958631515503,0.45854300260543823,0.4859037399291992,0.4813043475151062,0.35505467653274536,0.3374086022377014,0.2950630187988281,0.29184091091156006,0.27947890758514404,0.27013373374938965,0.29419487714767456,0.2985445261001587,0.31309306621551514,0.3503042459487915,0.3512629270553589,0.38414180278778076,0.42330050468444824,0.398490309715271,0.3483008146286011,0.27383434772491455,0.2585184574127197,0.2157670259475708,0.2743108868598938,19,1
0.6117979884147644,7,5,0.75607068836689,0.3477898836135864,0.3450658321380615,0.34386277198791504,0.5002211034297943,0.49258923530578613,0.4799574613571167,0.47210192680358887,0.4959900379180908,0.4611815810203552,0.379361093044281,0.3623584508895874,0.3521280884742737,0.3293185234069824,0.3065412640571594,0.3006279468536377,0.3235962986946106,0.3109802007675171,0.3188542127609253,0.40705233812332153,0.407651424407959,0.41056913137435913,0.42047929763793945,0.35983163118362427,0.3103669285774231,0.2947343587875366,0.2918013334274292,0.2606649398803711,0.32719677686691284,20,0
2.3604109287261963,11,10,0.75607068836689,0.3517681956291199,0.3403902053833008,0.3462675213813782,0.5040133595466614,0.5119963586330414,0.4806106686592102,0.47119057178497314,0.49205899238586426,0.4524393081665039,0.36657458543777466,0.35901010036468506,0.34778928756713867,0.3443256616592407,0.33396899700164795,0.31734585762023926,0.3397829532623291,0.31994104385375977,0.3354565501213074,0.418992280960083,0.41999268531799316,0.42864853143692017,0.40889567136764526,0.34053903818130493,0.29566657543182373,0.2820791006088257,0.2912302017211914,0.261258602142334,0.2929902672767639,20,0
3.0361340045928955,2,1,0.75607068836689,0.30551719665527344,0.3112757205963135,0.3159106969833374,0.49087226390838623,0.49397701025009155,0.4740423560142517,0.474317729473114,0.48912572860717773,0.4635089039802551,0.364724338054657,0.31946104764938354,0.3124074935913086,0.2822539210319519,0.2739914655685425,0.2626943588256836,0.2719895839691162,0.2690587043762207,0.2867145538330078,0.35786235332489014,0.3671889901161194,0.37406057119369507,0.4006706476211548,0.3459724187850952,0.3355231285095215,0.31682759523391724,0.32156825065612793,0.27269208431243896,0.23073774576187134,20,0
1.7569596767425537,7,5,0.75607068836689,0.35292553901672363,0.344731867313385,0.3458082675933838,0.5050531923770905,0.5027357637882233,0.48277199268341064,0.47713178396224976,0.5050563216209412,0.47102630138397217,0.39085853099823,0.37173402309417725,0.3673114776611328,0.342742383480072,0.3236393332481384,0.31205618381500244,0.33913201093673706,0.32159435749053955,0.3192344903945923,0.42045366764068604,0.44549399614334106,0.4430924654006958,0.44178688526153564,0.3907622694969177,0.35266733169555664,0.3307225704193115,0.3338891267776489,0.29490792751312256,0.30898070335388184,20,1
3.2216897010803223,8,7,0.75607068836689,0.3551894426345825,0.3441272974014282,0.34719526767730713,0.5099116861820221,0.5187017321586609,0.48988282680511475,0.47841334342956543,0.5049032270908356,0.4672955274581909,0.38189995288848877,0.3567471504211426,0.36335867643356323,0.34429436922073364,0.3181631565093994,0.30346280336380005,0.3285278081893921,0.3119237422943115,0.31765615940093994,0.393480122089386,0.40577954053878784,0.41718590259552,0.40501534938812256,0.33634430170059204,0.2899269461631775,0.28123748302459717,0.28398680686950684,0.25224292278289795,0.25606703758239746,20,1
4.5048980712890625,2,1,0.75607068836689,0.31093084812164307,0.3131347894668579,0.31769585609436035,0.49466484785079956,0.5097284317016602,0.4839504361152649,0.48502153158187866,0.5030294060707092,0.4834824204444885,0.3915708661079407,0.34622722864151,0.3514195680618286,0.33301842212677,0.31957364082336426,0.2993290424346924,0.30627763271331787,0.3072965145111084,0.32436245679855347,0.38864898681640625,0.40325045585632324,0.3821655511856079,0.38310331106185913,0.32677680253982544,0.3001047372817993,0.2772165536880493,0.27472585439682007,0.23318523168563843,0.21683180332183838,20,1
0.7118338942527771,14,13,0.75607068836689,0.3855128288269043,0.35977137088775635,0.34442102909088135,0.5122940540313721,0.4961465001106262,0.45074349641799927,0.47628337144851685,0.5147761702537537,0.5464088320732117,0.433826208114624,0.3828786015510559,0.353564977645874,0.3295227289199829,0.30718350410461426,0.291568398475647,0.3002166152000427,0.30433326959609985,0.28083765506744385,0.26514071226119995,0.24200201034545898,0.2461300492286682,0.2446460723876953,0.2203655242919922,0.18765467405319214,0.15911364555358887,0.16617494821548462,0.15918290615081787,0.11995065212249756,21,0
0.7060413956642151,14,13,0.75607068836689,0.38404393196105957,0.3610716462135315,0.3457299470901489,0.5130476355552673,0.4967193007469177,0.4461377263069153,0.4713214635848999,0.5061509609222412,0.5299350321292877,0.4130849838256836,0.3621702194213867,0.33296358585357666,0.3111962676048279,0.29197263717651367,0.2700235843658447,0.2825010418891907,0.2822096347808838,0.2587055563926697,0.24693381786346436,0.22556251287460327,0.2276923656463623,0.2313019037246704,0.20710742473602295,0.1708022952079773,0.14237689971923828,0.1478513479232788,0.14240944385528564,0.11789822578430176,21,0
1.4395158290863037,12,10,0.75607068836689,0.3717294931411743,0.35559993982315063,0.33993643522262573,0.4954437017440796,0.49348270893096924,0.45010024309158325,0.47225356101989746,0.5203803777694702,0.5484883785247803,0.4306923747062683,0.3878312110900879,0.3546992540359497,0.3322898745536804,0.30495989322662354,0.2926868796348572,0.29836505651474,0.3113679885864258,0.2835937738418579,0.25653648376464844,0.22838997840881348,0.21707850694656372,0.21900534629821777,0.18906170129776,0.15331405401229858,0.12897461652755737,0.13450080156326294,0.13123470544815063,0.11926591396331787,21,0
1.541896939277649,16,15,0.75607068836689,0.3906785249710083,0.3652571439743042,0.3482118844985962,0.5084941387176514,0.49426788091659546,0.4517361521720886,0.47681474685668945,0.5144311189651489,0.5343619585037231,0.40845727920532227,0.3582600951194763,0.3348821997642517,0.32688260078430176,0.3000156283378601,0.29473352432250977,0.2996373772621155,0.3122383952140808,0.2898032069206238,0.2892685532569885,0.26031285524368286,0.24361497163772583,0.26041895151138306,0.23691463470458984,0.19444680213928223,0.16128742694854736,0.1649978756904602,0.1572970151901245,0.1045917272567749,21,1
1.269394040107727,21,15,0.75607068836689,0.3948129415512085,0.36534106731414795,0.3505750894546509,0.5020160377025604,0.48399817943573,0.441700279712677,0.47256040573120117,0.5111062526702881,0.5275914371013641,0.409526526927948,0.35711896419525146,0.3377295136451721,0.32254040241241455,0.2921469211578369,0.28928178548812866,0.2975831627845764,0.30250489711761475,0.2851521968841553,0.28572142124176025,0.25225627422332764,0.2549128532409668,0.2803328037261963,0.2623135447502136,0.22356057167053223,0.1911250352859497,0.19605064392089844,0.19190466403961182,0.1372450590133667,21,1
2.5393483638763428,17,16,0.75607068836689,0.38663482666015625,0.36593353748321533,0.34773117303848267,0.5014256834983826,0.49123919010162354,0.4456601142883301,0.48880791664123535,0.5429105758666992,0.6087992787361145,0.5137576460838318,0.4456000328063965,0.416154146194458,0.41087281703948975,0.38527530431747437,0.3908872604370117,0.38298100233078003,0.40004414319992065,0.37926238775253296,0.3481559753417969,0.32467615604400635,0.31433212757110596,0.34034544229507446,0.31137704849243164,0.26386046409606934,0.23648953437805176,0.23857581615447998,0.23164230585098267,0.11510270833969116,21,1
1.6798510551452637,17,16,0.75607068836689,0.3902498483657837,0.3630151152610779,0.3459060788154602,0.5036191344261169,0.4926011562347412,0.4496649503707886,0.47874295711517334,0.5110867619514465,0.5458911061286926,0.43106305599212646,0.38095980882644653,0.35139238834381104,0.326602041721344,0.30782973766326904,0.2952229976654053,0.30200278759002686,0.3061950206756592,0.300744891166687,0.27840882539749146,0.2345830202102661,0.22529542446136475,0.23049664497375488,0.2022397518157959,0.15734899044036865,0.13021963834762573,0.13474667072296143,0.12918293476104736,0.10843455791473389,21,1
2.3274736404418945,18,17,0.75607068836689,0.3881871700286865,0.360429048538208,0.3431885838508606,0.49825847148895264,0.4880352020263672,0.44905632734298706,0.48025280237197876,0.5122636556625366,0.547664225101471,0.4348433017730713,0.38782215118408203,0.35859185457229614,0.34826183319091797,0.3282517194747925,0.3272102475166321,0.3248783349990845,0.33828502893447876,0.320196270942688,0.2927502989768982,0.27592867612838745,0.2630431056022644,0.27873802185058594,0.25898343324661255,0.21973931789398193,0.18869507312774658,0.19309300184249878,0.18929123878479004,0.09647619724273682,21,1
1.4474642276763916,14,13,0.75607068836689,0.3862738609313965,0.36017554998397827,0.3455315828323364,0.5094989836215973,0.4935467839241028,0.4463726878166199,0.4689387083053589,0.510744720697403,0.5426545441150665,0.42729365825653076,0.3738991618156433,0.34292662143707275,0.3229588270187378,0.3004850745201111,0.291576623916626,0.2921368479728699,0.2908611297607422,0.2761128544807434,0.2541033625602722,0.23072820901870728,0.22387874126434326,0.22652125358581543,0.2043166160583496,0.1612849235534668,0.13467192649841309,0.14034879207611084,0.13718318939208984,0.1163451075553894,21,1
1.9906446933746338,13,12,0.75607068836689,0.3846924901008606,0.36859381198883057,0.3493690490722656,0.5203772187232971,0.5065831243991852,0.45543092489242554,0.49202054738998413,0.5650743842124939,0.6125854849815369,0.5031985938549042,0.43624037504196167,0.41015636920928955,0.40574347972869873,0.3632091283798218,0.374239444732666,0.34982895851135254,0.35383063554763794,0.3391546607017517,0.30331307649612427,0.2905377149581909,0.2931913733482361,0.28728723526000977,0.26534080505371094,0.21995985507965088,0.1891828179359436,0.19423937797546387,0.1956121325492859,0.134585440158844,21,1
1.6146215200424194,12,10,0.75607068836689,0.37000036239624023,0.3578747510910034,0.3515622615814209,0.5387755036354065,0.5294316411018372,0.5010032057762146,0.5086896419525146,0.5419987142086029,0.5480647683143616,0.4013282060623169,0.371115505695343,0.34953051805496216,0.33274543285369873,0.31088972091674805,0.30776143074035645,0.3214799761772156,0.3289235830307007,0.31659603118896484,0.32437002658843994,0.28191816806793213,0.2829861640930176,0.2666134834289551,0.22498595714569092,0.19210714101791382,0.15091031789779663,0.1410914659500122,0.1234276294708252,0.1059567928314209,22,0
0.8356990814208984,8,7,0.75607068836689,0.3623412847518921,0.35104572772979736,0.3435978889465332,0.5256450474262238,0.524093508720398,0.5030680596828461,0.502862811088562,0.5142585635185242,0.5252722203731537,0.38469964265823364,0.3766748309135437,0.35641592741012573,0.3252485990524292,0.3211764693260193,0.32973694801330566,0.33354616165161133,0.3514247536659241,0.3359678387641907,0.3445758819580078,0.29751962423324585,0.29042279720306396,0.2711399793624878,0.23709052801132202,0.20066601037979126,0.15568327903747559,0.14789998531341553,0.1354953646659851,0.23476320505142212,22,0
1.3153038024902344,8,6,0.75607068836689,0.36485064029693604,0.3532612919807434,0.3472708463668823,0.527202308177948,0.5192297995090485,0.49435609579086304,0.5085548758506775,0.532577782869339,0.5411107540130615,0.40117859840393066,0.39254438877105713,0.36395418643951416,0.3423330783843994,0.3460047245025635,0.35532039403915405,0.36185455322265625,0.3834640383720398,0.35811948776245117,0.35110563039779663,0.28367185592651367,0.2765587568283081,0.2500278353691101,0.19980597496032715,0.16515642404556274,0.12449878454208374,0.11555886268615723,0.10511922836303711,0.1055976152420044,22,0
3.58048677444458,5,4,0.75607068836689,0.3652416467666626,0.35523349046707153,0.34005552530288696,0.5364261567592621,0.5329543650150299,0.4885040521621704,0.49403584003448486,0.5428843796253204,0.5495251417160034,0.42669081687927246,0.4078332185745239,0.3707858920097351,0.3392829895019531,0.338986337184906,0.3470081686973572,0.35758692026138306,0.38058578968048096,0.36733853816986084,0.3690418601036072,0.28697073459625244,0.26755499839782715,0.23090201616287231,0.1936134696006775,0.1652287244796753,0.12582111358642578,0.11804956197738647,0.10877621173858643,0.08783262968063354,22,0
2.679511070251465,11,10,0.75607068836689,0.3712734580039978,0.3615301847457886,0.3515806198120117,0.533122718334198,0.5105317234992981,0.48438310623168945,0.5013755559921265,0.5136688947677612,0.536142885684967,0.4027336835861206,0.38997721672058105,0.3726397752761841,0.3463325500488281,0.34584981203079224,0.3402622938156128,0.3515535593032837,0.3611900210380554,0.3325691223144531,0.34286391735076904,0.27072757482528687,0.25703132152557373,0.24562740325927734,0.19811224937438965,0.17552781105041504,0.1368480920791626,0.1348661184310913,0.11443436145782471,0.10348629951477051,22,0
1.2416967153549194,8,7,0.75607068836689,0.3624612092971802,0.3486894369125366,0.34019362926483154,0.5238405168056488,0.5201620757579803,0.5018033683300018,0.511886715888977,0.5141074061393738,0.5235074162483215,0.38102781772613525,0.35405540466308594,0.34177297353744507,0.31170082092285156,0.3004934787750244,0.30201178789138794,0.3058992028236389,0.3097825050354004,0.3015931248664856,0.3074532747268677,0.25253891944885254,0.23213446140289307,0.21723324060440063,0.17893236875534058,0.16190814971923828,0.13168036937713623,0.12064474821090698,0.10135316848754883,0.07648372650146484,22,1
1.4652156829833984,8,7,0.75607068836689,0.3663153052330017,0.35836267471313477,0.34951913356781006,0.5342747569084167,0.5298178195953369,0.5056969821453094,0.5138589143753052,0.5182081460952759,0.5297088921070099,0.4037102460861206,0.3777485489845276,0.36315566301345825,0.33441758155822754,0.3263472318649292,0.32570064067840576,0.3256707191467285,0.33817344903945923,0.3193166255950928,0.335094153881073,0.27204591035842896,0.2430100440979004,0.2198948860168457,0.18093430995941162,0.1601865291595459,0.12616491317749023,0.11683350801467896,0.10058778524398804,0.09374064207077026,22,1
1.2723582983016968,13,11,0.75607068836689,0.3637588620185852,0.35420364141464233,0.3488389849662781,0.5414964556694031,0.523385763168335,0.4924430847167969,0.5063305497169495,0.5283856391906738,0.5436772108078003,0.3937738537788391,0.36203670501708984,0.34634482860565186,0.30794721841812134,0.2900749444961548,0.273942232131958,0.2856638431549072,0.30305737257003784,0.2945583462715149,0.32245296239852905,0.27268218994140625,0.26748788356781006,0.24946093559265137,0.21051108837127686,0.1931145191192627,0.15598809719085693,0.15786921977996826,0.1395992636680603,0.09545135498046875,22,1
1.404608964920044,15,14,0.75607068836689,0.37475740909576416,0.3571186065673828,0.3494776487350464,0.5397043824195862,0.5223069787025452,0.49219322204589844,0.5133488774299622,0.5413891077041626,0.5548100471496582,0.42024296522140503,0.3898690938949585,0.36700963973999023,0.3274194598197937,0.3231092691421509,0.3065601587295532,0.3224066495895386,0.33870428800582886,0.319324254989624,0.3331838846206665,0.2951861619949341,0.29640281200408936,0.28897005319595337,0.2555515766143799,0.23344576358795166,0.1935541033744812,0.19431835412979126,0.16550219058990479,0.12011384963989258,22,1
1.064785361289978,11,10,0.75607068836689,0.36941075325012207,0.362459659576416,0.35134923458099365,0.5298211574554443,0.5298263430595398,0.4981248378753662,0.496585488319397,0.4991161823272705,0.5241813361644745,0.37620681524276733,0.3596845269203186,0.3496410846710205,0.3163824677467346,0.30212002992630005,0.2870490550994873,0.29584944248199463,0.3115493655204773,0.29840558767318726,0.29734283685684204,0.27095144987106323,0.2710994482040405,0.25391364097595215,0.21960848569869995,0.20365405082702637,0.17027711868286133,0.17095541954040527,0.16352707147598267,0.21319180727005005,22,1
0.8661211729049683,7,5,0.75607068836689,0.3910825848579407,0.3746037483215332,0.365949809551239,0.49570852518081665,0.49259477853775024,0.4678502678871155,0.4842170476913452,0.5296089947223663,0.5667209625244141,0.45608246326446533,0.43045860528945923,0.40775853395462036,0.4118754267692566,0.3683950901031494,0.372803270816803,0.3728586435317993,0.3636705279350281,0.34176236391067505,0.33406275510787964,0.3057434558868408,0.2925734519958496,0.3094467520713806,0.2799752950668335,0.24023926258087158,0.19755470752716064,0.18581891059875488,0.15963596105575562,0.10320615768432617,23,0
1.2866098880767822,8,6,0.75607068836689,0.38620781898498535,0.38242268562316895,0.37662243843078613,0.5262520611286163,0.5180559158325195,0.4926946759223938,0.5202561020851135,0.5722749829292297,0.6129387021064758,0.46365368366241455,0.4256964325904846,0.41183358430862427,0.41989588737487793,0.378864586353302,0.3905956745147705,0.404011070728302,0.4020881652832031,0.3997153043746948,0.36887359619140625,0.34064167737960815,0.3286217451095581,0.3349735736846924,0.27397459745407104,0.24031788110733032,0.18885356187820435,0.1745753288269043,0.15455245971679688,0.10405957698822021,23,0
1.6289303302764893,8,6,0.75607068836689,0.38618147373199463,0.3783813714981079,0.37005412578582764,0.5095944106578827,0.4992736577987671,0.47007501125335693,0.49598121643066406,0.5508838295936584,0.58314448595047,0.4386102557182312,0.40050745010375977,0.3983687162399292,0.40142279863357544,0.3690464496612549,0.39073073863983154,0.39788442850112915,0.39355266094207764,0.38910973072052,0.35847240686416626,0.3346835970878601,0.322861909866333,0.3349432945251465,0.275481641292572,0.2402031421661377,0.18688702583312988,0.1748948097229004,0.15368252992630005,0.11340796947479248,23,0
1.8819419145584106,8,6,0.75607068836689,0.388810396194458,0.38057762384414673,0.37499362230300903,0.5224341452121735,0.5079036951065063,0.47698718309402466,0.5133076608181,0.5845233798027039,0.6356229484081268,0.47116780281066895,0.4311482310295105,0.40786218643188477,0.4305269122123718,0.3961954116821289,0.403475821018219,0.4106355309486389,0.40820199251174927,0.4109099507331848,0.38225674629211426,0.3556825518608093,0.32989823818206787,0.3247833251953125,0.26204973459243774,0.22451180219650269,0.17280209064483643,0.16084641218185425,0.1448664665222168,0.09080004692077637,23,0
1.4900963306427002,5,3,0.75607068836689,0.3767884373664856,0.3680596351623535,0.3661535382270813,0.5164102613925934,0.5273521840572357,0.48540663719177246,0.4890100955963135,0.6016638576984406,0.6034981608390808,0.5080519914627075,0.4885857105255127,0.4735581874847412,0.4804469347000122,0.43965649604797363,0.44359779357910156,0.4271569848060608,0.43127012252807617,0.4055415391921997,0.3943668603897095,0.33262646198272705,0.29126638174057007,0.2830890417098999,0.23836547136306763,0.19036662578582764,0.15422499179840088,0.14072448015213013,0.1266518235206604,0.08675146102905273,23,0
1.9114973545074463,12,10,0.75607068836689,0.38304054737091064,0.3721204996109009,0.36657941341400146,0.4967033863067627,0.4954737424850464,0.4681583046913147,0.48975855112075806,0.5357866287231445,0.5550510585308075,0.45332950353622437,0.4010787010192871,0.4046233892440796,0.4090549945831299,0.3682471513748169,0.3783385753631592,0.3882511854171753,0.3913903832435608,0.3708145022392273,0.3885067105293274,0.3204430341720581,0.2838568687438965,0.28587019443511963,0.23168861865997314,0.20018672943115234,0.1593138575553894,0.15067172050476074,0.12456309795379639,0.07402896881103516,23,0
0.6084715723991394,6,4,0.75607068836689,0.38699233531951904,0.3715559244155884,0.36429786682128906,0.49034321308135986,0.49280160665512085,0.46858739852905273,0.49002742767333984,0.5359557867050171,0.5682699978351593,0.44076281785964966,0.4076611399650574,0.3805506229400635,0.38194578886032104,0.3417503237724304,0.348114550113678,0.356812059879303,0.3503754138946533,0.3314902186393738,0.3146914839744568,0.27568113803863525,0.25458627939224243,0.25866222381591797,0.21973633766174316,0.1950979232788086,0.1601186990737915,0.15548789501190186,0.13132327795028687,0.0875014066696167,23,1
1.5839674472808838,25,19,0.75607068836689,0.39004456996917725,0.3571157455444336,0.3361111283302307,0.4878988265991211,0.49818432331085205,0.43300557136535645,0.4344749450683594,0.5153178870677948,0.5277250707149506,0.4365493655204773,0.399138867855072,0.38927799463272095,0.3665016293525696,0.35859012603759766,0.3370632529258728,0.3514770269393921,0.3438901901245117,0.34929823875427246,0.38913029432296753,0.39904797077178955,0.40645831823349,0.39571642875671387,0.3257099390029907,0.28627514839172363,0.23089337348937988,0.2301514744758606,0.19438135623931885,0.2815057039260864,24,0
1.7344141006469727,26,20,0.75607068836689,0.38667362928390503,0.3523678183555603,0.32907986640930176,0.48143547773361206,0.489096999168396,0.4266086220741272,0.4339962601661682,0.5041843950748444,0.5302794575691223,0.4332069754600525,0.3954175114631653,0.4051644802093506,0.3867546319961548,0.38269472122192383,0.37849974632263184,0.3793261647224426,0.3791821002960205,0.37384986877441406,0.39815157651901245,0.370846688747406,0.3783351182937622,0.3629884123802185,0.29848337173461914,0.25955748558044434,0.21097421646118164,0.215032696723938,0.20376771688461304,0.26605284214019775,24,0
1.7246713638305664,26,21,0.75607068836689,0.39693206548690796,0.36357325315475464,0.3418769836425781,0.4890643358230591,0.49104058742523193,0.42649710178375244,0.4340084195137024,0.5151885151863098,0.5380097329616547,0.4417983293533325,0.4050520658493042,0.4128435254096985,0.39091813564300537,0.38595259189605713,0.36392974853515625,0.3777585029602051,0.37416672706604004,0.36824870109558105,0.40293294191360474,0.3812130093574524,0.379768967628479,0.35720205307006836,0.2857826352119446,0.25420081615448,0.2015540599822998,0.198563814163208,0.17113780975341797,0.23066890239715576,24,0
1.3598453998565674,25,19,0.75607068836689,0.38615936040878296,0.3563482165336609,0.3256833553314209,0.4790545701980591,0.487202525138855,0.42765510082244873,0.4293583631515503,0.48666685819625854,0.4950410723686218,0.39362239837646484,0.36646533012390137,0.35154545307159424,0.34134435653686523,0.3368964195251465,0.30809128284454346,0.32407641410827637,0.3239138126373291,0.3262004256248474,0.36490583419799805,0.36640727519989014,0.366585373878479,0.34309977293014526,0.27802371978759766,0.23507070541381836,0.1889561414718628,0.1937962770462036,0.1740129590034485,0.34484004974365234,24,0
1.6087000370025635,23,18,0.75607068836689,0.3850012421607971,0.3463292121887207,0.32009798288345337,0.4687640070915222,0.4689781665802002,0.41514402627944946,0.4439074993133545,0.5466968715190887,0.5888558030128479,0.4910184144973755,0.44595617055892944,0.43808168172836304,0.42603909969329834,0.4092322587966919,0.37754106521606445,0.37771332263946533,0.37361371517181396,0.36799752712249756,0.39209818840026855,0.3663462996482849,0.3593190908432007,0.3413867950439453,0.28587913513183594,0.2507510781288147,0.20616042613983154,0.2109878659248352,0.1821514368057251,0.30246859788894653,24,1
1.4574735164642334,24,19,0.75607068836689,0.37559032440185547,0.34920597076416016,0.3214452266693115,0.48198437690734863,0.4832170009613037,0.4195336699485779,0.4332621097564697,0.49502015113830566,0.5363528728485107,0.4446309208869934,0.39710021018981934,0.3921923041343689,0.37113940715789795,0.35350924730300903,0.33224940299987793,0.3287737965583801,0.3332076072692871,0.3528435230255127,0.392844557762146,0.38316529989242554,0.3796743154525757,0.3533983826637268,0.2941470146179199,0.253765344619751,0.21098089218139648,0.21669012308120728,0.19527935981750488,0.2948296070098877,24,1
1.5807925462722778,25,19,0.75607068836689,0.39094436168670654,0.3517554998397827,0.33004117012023926,0.4733535051345825,0.4799712896347046,0.41483598947525024,0.4270572066307068,0.48456013202667236,0.523148387670517,0.4136480689048767,0.37688004970550537,0.36528122425079346,0.3592568635940552,0.3470137119293213,0.3272303342819214,0.3330414295196533,0.33869320154190063,0.3498876094818115,0.38206613063812256,0.36642712354660034,0.3663724660873413,0.34254807233810425,0.2837505340576172,0.24682927131652832,0.20389235019683838,0.20811963081359863,0.18751758337020874,0.2797672748565674,24,1
1.8934588432312012,24,19,0.75607068836689,0.38970130681991577,0.3525773286819458,0.3270735740661621,0.47210824489593506,0.4755913019180298,0.418016254901886,0.43054115772247314,0.4959152340888977,0.5405831336975098,0.433673620223999,0.38972538709640503,0.3855079412460327,0.38760483264923096,0.37425661087036133,0.33702194690704346,0.3383839726448059,0.3389090895652771,0.3426613211631775,0.37625783681869507,0.34365320205688477,0.34297406673431396,0.3440631031990051,0.2991145849227905,0.26161038875579834,0.20784759521484375,0.20565354824066162,0.17202049493789673,0.2471488118171692,24,1
1.5638859272003174,23,18,0.75607068836689,0.39092642068862915,0.34996497631073,0.3264044523239136,0.468267023563385,0.4784393310546875,0.4211329221725464,0.4321931004524231,0.5018931031227112,0.5410884320735931,0.44183415174484253,0.3916804790496826,0.38988542556762695,0.3877384066581726,0.37740767002105713,0.35202616453170776,0.3550199270248413,0.35694169998168945,0.3569170832633972,0.3902706503868103,0.3680756688117981,0.3597715497016907,0.3416300415992737,0.280409574508667,0.24456745386123657,0.19855445623397827,0.20162534713745117,0.17373502254486084,0.2792619466781616,24,1
1.6857670545578003,29,21,0.75607068836689,0.38583904504776,0.3496774435043335,0.32254892587661743,0.4708626866340637,0.4765118360519409,0.4224849343299866,0.43461328744888306,0.49481475353240967,0.5234977304935455,0.43367159366607666,0.39469313621520996,0.3834627866744995,0.3825901746749878,0.37056678533554077,0.33571934700012207,0.3441224694252014,0.33844107389450073,0.33140039443969727,0.3648616671562195,0.327426016330719,0.3207970857620239,0.3181852698326111,0.2717818021774292,0.23662734031677246,0.18993782997131348,0.19042718410491943,0.16068822145462036,0.22022628784179688,24,1
1.7504770755767822,11,7,0.75607068836689,0.362246036529541,0.3528200387954712,0.33882957696914673,0.5106771886348724,0.4986986517906189,0.46624594926834106,0.46565109491348267,0.4793248772621155,0.48846375942230225,0.38951319456100464,0.35914385318756104,0.34900301694869995,0.3594868779182434,0.33803534507751465,0.34572935104370117,0.34279096126556396,0.34471285343170166,0.3303369879722595,0.3207923173904419,0.26995301246643066,0.2599903345108032,0.24890530109405518,0.2265300750732422,0.18989014625549316,0.15249580144882202,0.14071977138519287,0.11669319868087769,0.10274291038513184,25,0
2.3039605617523193,5,4,0.75607068836689,0.35315072536468506,0.34710752964019775,0.33737319707870483,0.5170143842697144,0.5028297901153564,0.47605347633361816,0.47919654846191406,0.48870617151260376,0.4992793798446655,0.4111471176147461,0.38136065006256104,0.3715708255767822,0.39834344387054443,0.369836688041687,0.39069169759750366,0.3842344880104065,0.38487333059310913,0.3597698211669922,0.3231477737426758,0.2695140838623047,0.2372005581855774,0.21030545234680176,0.17475652694702148,0.14256036281585693,0.11351978778839111,0.10618138313293457,0.0894019603729248,0.1040574312210083,25,0
1.3854933977127075,11,7,0.75607068836689,0.36162441968917847,0.3522980809211731,0.3373687267303467,0.5100201368331909,0.5002100765705109,0.46837669610977173,0.4662129282951355,0.4757996201515198,0.48440152406692505,0.3794482350349426,0.3502330780029297,0.33715081214904785,0.34880685806274414,0.3296908140182495,0.34018903970718384,0.33732491731643677,0.34188246726989746,0.32628577947616577,0.31805551052093506,0.2691470980644226,0.2563285231590271,0.24460291862487793,0.22179418802261353,0.18451344966888428,0.14753496646881104,0.13683927059173584,0.1137852668762207,0.10285764932632446,25,0
6.28903865814209,2,1,0.75607068836689,0.3390294313430786,0.3266615867614746,0.3215411305427551,0.5413567125797272,0.5509944558143616,0.492343544960022,0.4735867977142334,0.5171293914318085,0.5112852454185486,0.4199860095977783,0.39577364921569824,0.37779200077056885,0.3802257776260376,0.3435887098312378,0.39293551445007324,0.3789581060409546,0.39502155780792236,0.38899654150009155,0.38518226146698,0.3339924216270447,0.30217647552490234,0.27321094274520874,0.24266672134399414,0.2042008638381958,0.16490685939788818,0.15332508087158203,0.13129615783691406,0.1509917974472046,25,1
1.881909966468811,16,10,0.920468807220459,0.6316139698028564,0.5816968083381653,0.5515389740467072,0.6639638841152191,0.6548776626586914,0.5894140601158142,0.59431391954422,0.6268790364265442,0.6225231885910034,0.515840619802475,0.5140876173973083,0.4983533024787903,0.5163009166717529,0.4811108112335205,0.5061192512512207,0.47506123781204224,0.4742234945297241,0.45178890228271484,0.3993890881538391,0.33998215198516846,0.3208107352256775,0.28422051668167114,0.2511019706726074,0.20554083585739136,0.16441994905471802,0.15071916580200195,0.12983942031860352,0.16620874404907227,25,0
1.5633443593978882,11,7,0.75607068836689,0.3628894090652466,0.35247719287872314,0.3372265100479126,0.5085499286651611,0.49673962593078613,0.4654400944709778,0.46313828229904175,0.47798508405685425,0.48859626054763794,0.3867039680480957,0.3590819239616394,0.3551063537597656,0.3672376871109009,0.3493865728378296,0.36224639415740967,0.35398030281066895,0.35676801204681396,0.33800017833709717,0.3247319459915161,0.27528655529022217,0.26153290271759033,0.24338984489440918,0.22153854370117188,0.18451249599456787,0.14786505699157715,0.13691818714141846,0.11612427234649658,0.11106544733047485,25,1
2.56805682182312,5,4,0.75607068836689,0.3498716354370117,0.3434947729110718,0.33262598514556885,0.5071816146373749,0.4907360076904297,0.4615902900695801,0.46310514211654663,0.4813212752342224,0.48606938123703003,0.38198786973953247,0.36152327060699463,0.35466235876083374,0.3720248341560364,0.3375835418701172,0.36264586448669434,0.3532301187515259,0.3748605251312256,0.3610551357269287,0.36606335639953613,0.3456611633300781,0.3348757028579712,0.30376410484313965,0.27317559719085693,0.22155070304870605,0.1816893219947815,0.1680980920791626,0.14991730451583862,0.1103748083114624,25,1
1.4360475540161133,11,7,0.75607068836689,0.36060577630996704,0.3508499264717102,0.3356240391731262,0.5069619417190552,0.49550652503967285,0.46358561515808105,0.4588215947151184,0.4641264081001282,0.4715489149093628,0.36080414056777954,0.334395170211792,0.3288067579269409,0.3348246216773987,0.3164736032485962,0.32246828079223633,0.31831610202789307,0.3263203501701355,0.3168259263038635,0.3060551881790161,0.27133244276046753,0.2524413466453552,0.23550081253051758,0.21023285388946533,0.17071151733398438,0.13711369037628174,0.1274106502532959,0.10775554180145264,0.10432565212249756,25,1
1.8994567394256592,13,10,0.920468807220459,0.6286043524742126,0.5753035545349121,0.5444034337997437,0.6601406335830688,0.6349018514156342,0.5719362795352936,0.5625307559967041,0.5995362997055054,0.5869053900241852,0.47217416763305664,0.4558541774749756,0.44728296995162964,0.4633232355117798,0.4412204623222351,0.46702587604522705,0.44910532236099243,0.4501965045928955,0.43605196475982666,0.3924386501312256,0.3189670443534851,0.31086665391921997,0.2844020128250122,0.2586755156517029,0.2177211046218872,0.17683696746826172,0.1589478850364685,0.13324004411697388,0.17789244651794434,25,1
0.7176937460899353,14,13,0.75607068836689,0.3813053369522095,0.3571866750717163,0.338323712348938,0.5024935603141785,0.5006573796272278,0.4605153799057007,0.467368483543396,0.4926987886428833,0.4912591576576233,0.3829275369644165,0.3729287385940552,0.3519904613494873,0.3466390371322632,0.3247564435005188,0.3237992525100708,0.34867745637893677,0.341303288936615,0.3282780647277832,0.3929409384727478,0.3956674337387085,0.41759222745895386,0.41234010457992554,0.3917635679244995,0.3748129606246948,0.34253478050231934,0.33675915002822876,0.3294323682785034,0.27449774742126465,26,0
2.7114198207855225,10,6,0.75607068836689,0.3752171993255615,0.3539714217185974,0.3402031660079956,0.5096204280853271,0.5088515877723694,0.4828360080718994,0.48844170570373535,0.5330840647220612,0.5401962399482727,0.4236881732940674,0.40231871604919434,0.3847998380661011,0.3975919485092163,0.3983386158943176,0.36837393045425415,0.37019115686416626,0.3575742840766907,0.3398992419242859,0.36750710010528564,0.3252151608467102,0.3193506598472595,0.31574881076812744,0.280725359916687,0.2555404305458069,0.23243945837020874,0.23567169904708862,0.2292766571044922,0.18101859092712402,26,0
3.2585208415985107,3,1,0.75607068836689,0.37296295166015625,0.35785138607025146,0.35457396507263184,0.5775562822818756,0.544252872467041,0.49461638927459717,0.4939384460449219,0.5223295092582703,0.5175300240516663,0.4168672561645508,0.38456863164901733,0.3572887182235718,0.35913193225860596,0.3308638334274292,0.325533926486969,0.3260378837585449,0.3360587954521179,0.3206733465194702,0.35835909843444824,0.3395382761955261,0.3439432978630066,0.3440375328063965,0.3233516216278076,0.29912853240966797,0.27626752853393555,0.2666506767272949,0.25199079513549805,0.21792840957641602,26,0
0.8917352557182312,10,9,0.75607068836689,0.3673251271247864,0.35038888454437256,0.3323706388473511,0.5022565722465515,0.4873749613761902,0.44902580976486206,0.460949182510376,0.4700089693069458,0.4736465811729431,0.3488583564758301,0.31168097257614136,0.29209721088409424,0.2773655652999878,0.2844754457473755,0.2601127624511719,0.2750340700149536,0.27712589502334595,0.2662397623062134,0.30487751960754395,0.267536997795105,0.2885453701019287,0.3242756724357605,0.2984577417373657,0.2792869806289673,0.2644008994102478,0.2626170516014099,0.25281429290771484,0.3069627285003662,26,1
1.322434902191162,12,9,0.75607068836689,0.37363409996032715,0.3538719415664673,0.3355490565299988,0.4978839159011841,0.4863216280937195,0.45165371894836426,0.4648738503456116,0.4682307839393616,0.4816845655441284,0.35833901166915894,0.3179436922073364,0.29957646131515503,0.28534412384033203,0.2918509840965271,0.2640848159790039,0.27936625480651855,0.2780543565750122,0.26603806018829346,0.306965708732605,0.2731126546859741,0.29965317249298096,0.33138924837112427,0.31925857067108154,0.30920159816741943,0.28323686122894287,0.27979540824890137,0.27935487031936646,0.22663629055023193,26,1
1.783380389213562,10,9,0.75607068836689,0.36837613582611084,0.35095661878585815,0.33450067043304443,0.49925512075424194,0.48808753490448,0.44955331087112427,0.46326744556427,0.4644184708595276,0.47290486097335815,0.34897851943969727,0.31430304050445557,0.29511940479278564,0.28614479303359985,0.285896360874176,0.25978583097457886,0.2717570662498474,0.2731170058250427,0.26188480854034424,0.2893068194389343,0.25692999362945557,0.27646780014038086,0.3030461072921753,0.2917402982711792,0.2795445919036865,0.2610675096511841,0.2624979019165039,0.2649371027946472,0.1937074065208435,26,1
1.2330923080444336,10,9,0.75607068836689,0.36845648288726807,0.3519812822341919,0.3352048397064209,0.5021951794624329,0.49181216955184937,0.45118969678878784,0.4629276990890503,0.47194308042526245,0.4785398840904236,0.35362982749938965,0.31566113233566284,0.2938201427459717,0.2822089195251465,0.285209596157074,0.2579221725463867,0.26660609245300293,0.27017366886138916,0.25886332988739014,0.3035845160484314,0.2718181014060974,0.28789955377578735,0.31908494234085083,0.3075368404388428,0.294950008392334,0.2790488600730896,0.27764588594436646,0.2672918438911438,0.2803958058357239,26,1
3.3723721504211426,15,14,0.75607068836689,0.3690323233604431,0.35087794065475464,0.3420969843864441,0.5333310067653656,0.526968777179718,0.49096524715423584,0.5319832563400269,0.5539383590221405,0.5831166207790375,0.4749295711517334,0.44157445430755615,0.4330366253852844,0.44280219078063965,0.421622633934021,0.41263246536254883,0.41074681282043457,0.41041266918182373,0.39487308263778687,0.3672545552253723,0.311010479927063,0.29349619150161743,0.27549177408218384,0.24073147773742676,0.20489495992660522,0.1877579689025879,0.19647663831710815,0.18256086111068726,0.17815464735031128,27,0
2.8418471813201904,7,6,0.75607068836689,0.3516315221786499,0.342906653881073,0.3313797116279602,0.5252248048782349,0.5189253091812134,0.48819780349731445,0.49596238136291504,0.5209278762340546,0.5355262756347656,0.4289512634277344,0.43140220642089844,0.42255687713623047,0.40468358993530273,0.3907754421234131,0.38030409812927246,0.3787156343460083,0.3596457839012146,0.3410975933074951,0.32890164852142334,0.2643529772758484,0.23444616794586182,0.21893054246902466,0.1821991205215454,0.14240741729736328,0.11549478769302368,0.11282020807266235,0.11139559745788574,0.07102072238922119,27,0
3.1004278659820557,11,10,0.75607068836689,0.3543627858161926,0.3410962224006653,0.3296512961387634,0.5173401236534119,0.5030635595321655,0.4776197671890259,0.4869554042816162,0.49962317943573,0.5177736282348633,0.4095023274421692,0.3803565502166748,0.36228829622268677,0.35498911142349243,0.33681464195251465,0.3268423080444336,0.3244798183441162,0.3093661069869995,0.3092196583747864,0.2930412292480469,0.2536689043045044,0.24885696172714233,0.2562974691390991,0.2321319580078125,0.20653188228607178,0.19107800722122192,0.19544434547424316,0.17715078592300415,0.1710442304611206,27,0
1.1699223518371582,21,14,0.75607068836689,0.37190520763397217,0.3521157503128052,0.3484622836112976,0.5260332226753235,0.5037523508071899,0.47301197052001953,0.49940091371536255,0.5163946449756622,0.514960527420044,0.40991640090942383,0.3767778277397156,0.3525933027267456,0.34826773405075073,0.3467642068862915,0.3341327905654907,0.35043299198150635,0.3314417004585266,0.3202979564666748,0.3196970820426941,0.26091307401657104,0.2351893186569214,0.2295539379119873,0.20783042907714844,0.17939984798431396,0.16501325368881226,0.16321754455566406,0.15367484092712402,0.19444942474365234,27,1
1.2325541973114014,15,9,0.75607068836689,0.36173295974731445,0.35026901960372925,0.3428340554237366,0.5318147540092468,0.5283017158508301,0.5019772946834564,0.5126262605190277,0.5246434807777405,0.5338427424430847,0.42265331745147705,0.3774454593658447,0.34918439388275146,0.3417404890060425,0.33104926347732544,0.3092784285545349,0.3243597149848938,0.3073054552078247,0.3026584982872009,0.28255128860473633,0.23817294836044312,0.22244560718536377,0.20629841089248657,0.1804356575012207,0.14640569686889648,0.11910653114318848,0.12445122003555298,0.11923962831497192,0.05111038684844971,27,1
1.1127116680145264,8,4,0.75607068836689,0.3617734909057617,0.34635651111602783,0.3475186824798584,0.5369890332221985,0.5359587073326111,0.5244462490081787,0.5260408222675323,0.5520363450050354,0.5663769543170929,0.4562479257583618,0.40223973989486694,0.3691232204437256,0.3618074655532837,0.3435850143432617,0.32369285821914673,0.3304744362831116,0.30765068531036377,0.3018741011619568,0.2887108325958252,0.25240349769592285,0.23433935642242432,0.21523892879486084,0.18963134288787842,0.1493983268737793,0.12922942638397217,0.13840258121490479,0.13571453094482422,0.07071864604949951,27,1
4.660654067993164,3,1,0.75607068836689,0.34563249349594116,0.3367239236831665,0.3359973430633545,0.5231496393680573,0.5289867520332336,0.5169537961483002,0.52986741065979,0.5634493827819824,0.5819900035858154,0.4862017035484314,0.4315664768218994,0.41204166412353516,0.41819512844085693,0.4027387499809265,0.394445538520813,0.3819921612739563,0.35707128047943115,0.3463159203529358,0.3228270411491394,0.29591667652130127,0.2961857318878174,0.2797461748123169,0.26616203784942627,0.24269825220108032,0.22668170928955078,0.26938676834106445,0.26283156871795654,0.1155703067779541,27,1
3.4057624340057373,5,2,0.75607068836689,0.35467755794525146,0.3455857038497925,0.35508018732070923,0.5560972690582275,0.5537993609905243,0.5489796102046967,0.5449798107147217,0.568310558795929,0.5897240936756134,0.4917736053466797,0.42506134510040283,0.3971232771873474,0.400257408618927,0.38869357109069824,0.391485333442688,0.38413184881210327,0.35663551092147827,0.34177517890930176,0.31988298892974854,0.28409332036972046,0.27034616470336914,0.24608582258224487,0.21986371278762817,0.18975353240966797,0.16108286380767822,0.17098301649093628,0.16115683317184448,0.07207942008972168,27,1
2.14625883102417,8,7,0.75607068836689,0.36594974994659424,0.35536932945251465,0.34369850158691406,0.5221143364906311,0.5039715766906738,0.46978235244750977,0.4792988896369934,0.52155801653862,0.5209969878196716,0.4393385648727417,0.42333877086639404,0.3912447690963745,0.36556363105773926,0.3560851812362671,0.3647645115852356,0.3490180969238281,0.3700088858604431,0.3621109127998352,0.36734652519226074,0.3374527096748352,0.339338481426239,0.3534510135650635,0.3607078194618225,0.33648931980133057,0.3055828809738159,0.30538082122802734,0.26166242361068726,0.19628286361694336,28,0
0.7919769287109375,9,8,0.75607068836689,0.35833287239074707,0.35144901275634766,0.3406254053115845,0.5160066783428192,0.5015864968299866,0.4708014726638794,0.4748866558074951,0.4904545545578003,0.48579132556915283,0.3868107795715332,0.3658723831176758,0.3408719301223755,0.31575798988342285,0.2977563142776489,0.28445953130722046,0.28156185150146484,0.2982863187789917,0.2954139709472656,0.32341551780700684,0.3081691265106201,0.3325362801551819,0.3603408932685852,0.35474449396133423,0.31718194484710693,0.2894551753997803,0.2791544198989868,0.2359623908996582,0.20003843307495117,28,0
1.336928129196167,9,8,0.75607068836689,0.36315345764160156,0.3521665930747986,0.3451586961746216,0.5233394205570221,0.5117554366588593,0.47672635316848755,0.47818195819854736,0.501921534538269,0.5046478509902954,0.4115537405014038,0.38516390323638916,0.36302345991134644,0.3451695442199707,0.3312041759490967,0.32674992084503174,0.3165200352668762,0.3314117193222046,0.32389581203460693,0.343509316444397,0.31025147438049316,0.3376651406288147,0.33417314291000366,0.3281330466270447,0.2971211075782776,0.2737668752670288,0.26910901069641113,0.23287862539291382,0.2174091339111328,28,0
1.0122642517089844,9,8,0.75607068836689,0.35845959186553955,0.3519520163536072,0.34027838706970215,0.516146332025528,0.5004033148288727,0.47079724073410034,0.4761534333229065,0.49092191457748413,0.4897831678390503,0.38876718282699585,0.36265087127685547,0.3356069326400757,0.31099891662597656,0.29670870304107666,0.27552998065948486,0.27724456787109375,0.29030585289001465,0.29292386770248413,0.3134991526603699,0.29046571254730225,0.311257004737854,0.34021878242492676,0.3392394185066223,0.2998150587081909,0.2748870253562927,0.265788197517395,0.2221813201904297,0.18631768226623535,28,1
1.4419429302215576,9,8,0.75607068836689,0.35876935720443726,0.3519352674484253,0.3423166275024414,0.5163222551345825,0.5003504157066345,0.4707612991333008,0.47399693727493286,0.4870172142982483,0.48792874813079834,0.38559871912002563,0.3577449321746826,0.3305416703224182,0.30620646476745605,0.29659801721572876,0.27638721466064453,0.280259370803833,0.29557567834854126,0.2974810004234314,0.32719886302948,0.3067958950996399,0.3287370204925537,0.36174070835113525,0.3596450090408325,0.31909871101379395,0.2931487560272217,0.28063416481018066,0.23418915271759033,0.2122178077697754,28,1
1.6518279314041138,9,8,0.75607068836689,0.35865581035614014,0.35121726989746094,0.341178297996521,0.5167932212352753,0.50070720911026,0.4706459641456604,0.47442829608917236,0.4900476932525635,0.4901319146156311,0.3860205411911011,0.3600895404815674,0.33056896924972534,0.30603957176208496,0.29320186376571655,0.2721303701400757,0.27531957626342773,0.2911640405654907,0.28944069147109985,0.31561577320098877,0.3015560507774353,0.3271177411079407,0.35595840215682983,0.3514591455459595,0.30869460105895996,0.28360801935195923,0.2717868685722351,0.22792929410934448,0.19553148746490479,28,1
1.309516429901123,9,8,0.75607068836689,0.3579307794570923,0.3512321710586548,0.33951032161712646,0.5143676400184631,0.4979851245880127,0.4700288772583008,0.4749774932861328,0.491793692111969,0.4898955821990967,0.3910180330276489,0.36570775508880615,0.33569616079330444,0.3125056028366089,0.29975104331970215,0.281096875667572,0.2804211974143982,0.29964709281921387,0.29336637258529663,0.3210642337799072,0.29976218938827515,0.3234407901763916,0.3418479561805725,0.33284640312194824,0.2938551902770996,0.2670021057128906,0.2586885690689087,0.2184218168258667,0.1705763339996338,28,1
1.7128742933273315,9,8,0.75607068836689,0.3578125238418579,0.3519021272659302,0.3423919081687927,0.518071323633194,0.501386970281601,0.47059428691864014,0.4740050435066223,0.48978954553604126,0.4885514974594116,0.3841041326522827,0.36273908615112305,0.3373170495033264,0.3124251365661621,0.3013758659362793,0.28288257122039795,0.2822343111038208,0.3027235269546509,0.2956995964050293,0.3303617238998413,0.31073689460754395,0.3360553979873657,0.37799072265625,0.37858641147613525,0.33390122652053833,0.29983168840408325,0.28592681884765625,0.23807060718536377,0.19705629348754883,28,1
0.8781198263168335,12,10,0.75607068836689,0.37026482820510864,0.3582972288131714,0.3385956883430481,0.509053647518158,0.5126937031745911,0.48116374015808105,0.47350776195526123,0.5016846656799316,0.5041784942150116,0.39590984582901,0.3880302309989929,0.36091160774230957,0.3621618151664734,0.32637208700180054,0.3290390968322754,0.3518235683441162,0.34267884492874146,0.34289073944091797,0.3779788613319397,0.3614974617958069,0.36405378580093384,0.37652456760406494,0.346937358379364,0.3056529760360718,0.2525404691696167,0.23849934339523315,0.2061246633529663,0.17847740650177002,29,0
1.4983829259872437,14,9,0.75607068836689,0.3894937038421631,0.3686445355415344,0.35515695810317993,0.5368071794509888,0.5253673195838928,0.49788087606430054,0.5005210340023041,0.5279179215431213,0.5366269946098328,0.42313939332962036,0.3952378034591675,0.3789157271385193,0.4008486866950989,0.379253089427948,0.3543967604637146,0.3781436085700989,0.3699994683265686,0.3608222007751465,0.36514121294021606,0.3098262548446655,0.3069596290588379,0.3131779432296753,0.29365408420562744,0.26269644498825073,0.221163809299469,0.21010339260101318,0.17675918340682983,0.16480779647827148,29,1
1.0723984241485596,21,17,0.75607068836689,0.38662928342819214,0.3561755418777466,0.3450239896774292,0.5142216980457306,0.48930859565734863,0.4661327004432678,0.4824965000152588,0.5112901329994202,0.5263157784938812,0.43052834272384644,0.41331690549850464,0.38611334562301636,0.4117056131362915,0.3952900171279907,0.3748365044593811,0.4044948220252991,0.3957178592681885,0.3841020464897156,0.4045622944831848,0.34501612186431885,0.3260055184364319,0.32343941926956177,0.2714192867279053,0.23010021448135376,0.18797385692596436,0.17831838130950928,0.15585416555404663,0.14759886264801025,29,1
1.880337119102478,14,12,0.75607068836689,0.35957497358322144,0.3486365079879761,0.33200210332870483,0.5109983086585999,0.49865084886550903,0.47502362728118896,0.4875016212463379,0.5163170695304871,0.5392138957977295,0.44345635175704956,0.42940372228622437,0.4057807922363281,0.43111705780029297,0.39877545833587646,0.37536925077438354,0.39468634128570557,0.3795683979988098,0.36208945512771606,0.3841533660888672,0.3230694532394409,0.30644404888153076,0.30021703243255615,0.26182132959365845,0.23086178302764893,0.1907193660736084,0.18214774131774902,0.1602298617362976,0.1486629843711853,29,1
3.010852813720703,16,14,0.75607068836689,0.3791844844818115,0.3565366864204407,0.33917540311813354,0.5197336673736572,0.4948959946632385,0.47415924072265625,0.4889262914657593,0.5158294439315796,0.5342581868171692,0.4577484726905823,0.45022672414779663,0.41969799995422363,0.4501957297325134,0.4197230339050293,0.4217373728752136,0.44217026233673096,0.43596529960632324,0.42073166370391846,0.41605621576309204,0.34030336141586304,0.31593966484069824,0.3102533221244812,0.25998401641845703,0.22378623485565186,0.1823498010635376,0.17491424083709717,0.1545235514640808,0.13185667991638184,29,1
1.384369969367981,19,15,0.75607068836689,0.38021087646484375,0.3528798818588257,0.34572601318359375,0.5135518610477448,0.4907571077346802,0.47168678045272827,0.48701679706573486,0.5248600840568542,0.5430392622947693,0.45660072565078735,0.44416189193725586,0.40860188007354736,0.42725491523742676,0.40581607818603516,0.3876916170120239,0.4091187119483948,0.3999648690223694,0.38865071535110474,0.4046787619590759,0.3375720977783203,0.3151160478591919,0.30980437994003296,0.25968170166015625,0.2213779091835022,0.18060171604156494,0.1708066463470459,0.15108680725097656,0.14114856719970703,29,1
2.2030344009399414,14,13,0.75607068836689,0.3764527440071106,0.3632810711860657,0.3502669334411621,0.5217589139938354,0.5000483691692352,0.45987147092819214,0.48354363441467285,0.5115985870361328,0.5353705883026123,0.42241621017456055,0.40705204010009766,0.40637314319610596,0.39146095514297485,0.38117700815200806,0.3665195107460022,0.3771326541900635,0.3718855381011963,0.3559268116950989,0.32700085639953613,0.2585560083389282,0.23879927396774292,0.24769532680511475,0.22955071926116943,0.2002042531967163,0.1766033172607422,0.19628185033798218,0.19397437572479248,0.155725359916687,30,0
1.3143975734710693,9,8,0.75607068836689,0.365825355052948,0.3434016704559326,0.328421950340271,0.4931638836860657,0.4939526319503784,0.46424931287765503,0.47068339586257935,0.5004449486732483,0.4970839023590088,0.37871116399765015,0.3777836561203003,0.3700352907180786,0.3614897131919861,0.33010023832321167,0.3362405300140381,0.3390931487083435,0.3358984589576721,0.32115113735198975,0.3359450697898865,0.2999719977378845,0.29715096950531006,0.28623026609420776,0.2739769220352173,0.23699843883514404,0.20178574323654175,0.21159648895263672,0.20684683322906494,0.16521036624908447,30,0
2.425727128982544,11,10,0.75607068836689,0.36849260330200195,0.34959137439727783,0.3381609320640564,0.5089279413223267,0.49521780014038086,0.46389806270599365,0.4758595824241638,0.5227629244327545,0.5250885784626007,0.4063154458999634,0.3997781276702881,0.38937896490097046,0.3786180019378662,0.35415250062942505,0.3663210868835449,0.3740103244781494,0.352138876914978,0.3345988988876343,0.3443889021873474,0.2964305877685547,0.2874654531478882,0.2822034955024719,0.266119122505188,0.23337972164154053,0.19282472133636475,0.2036556601524353,0.2047107219696045,0.17160546779632568,30,0
4.444192409515381,2,1,0.75607068836689,0.3446723222732544,0.34338152408599854,0.34104692935943604,0.5738097727298737,0.5420054495334625,0.5020082890987396,0.5074101984500885,0.5657894015312195,0.5485923290252686,0.45315515995025635,0.45788824558258057,0.42052167654037476,0.4203226566314697,0.4034138321876526,0.40953218936920166,0.3986811637878418,0.3778565526008606,0.3579699993133545,0.346416711807251,0.3068632483482361,0.30497658252716064,0.29217225313186646,0.2790980339050293,0.24639594554901123,0.20769941806793213,0.22184598445892334,0.22111833095550537,0.17656999826431274,30,0
1.959166169166565,11,8,0.75607068836689,0.36405712366104126,0.34961169958114624,0.33877885341644287,0.5146154463291168,0.505390465259552,0.4802876114845276,0.4946913719177246,0.5233618915081024,0.5426391959190369,0.42304176092147827,0.4098539352416992,0.39285755157470703,0.3729873299598694,0.3689156770706177,0.3545190095901489,0.3574802875518799,0.3525635004043579,0.3324372172355652,0.32007896900177,0.2614377737045288,0.2624726891517639,0.29342079162597656,0.28922194242477417,0.2668169140815735,0.23131990432739258,0.2424229383468628,0.2507157325744629,0.1717495322227478,30,0
2.060814142227173,11,8,0.75607068836689,0.371737003326416,0.3541243076324463,0.34413737058639526,0.5204461216926575,0.49844664335250854,0.4762442708015442,0.5040867626667023,0.5135961174964905,0.5292526483535767,0.41680413484573364,0.38354820013046265,0.37834203243255615,0.3495708703994751,0.3471646308898926,0.3281949758529663,0.3401027321815491,0.3325101137161255,0.3205684423446655,0.3137328028678894,0.2579653859138489,0.2651001214981079,0.29916149377822876,0.29931163787841797,0.27100956439971924,0.24332749843597412,0.2716585397720337,0.2809132933616638,0.2015196681022644,30,1
3.448481798171997,5,4,0.75607068836689,0.35424578189849854,0.3492456078529358,0.3365999460220337,0.512215256690979,0.4969514012336731,0.4730454087257385,0.4850269556045532,0.5172751545906067,0.5207588970661163,0.39758574962615967,0.37392932176589966,0.3597003221511841,0.3374994993209839,0.3275797367095947,0.2995148301124573,0.30395936965942383,0.29867058992385864,0.28238457441329956,0.283048152923584,0.23013287782669067,0.22475695610046387,0.2549237608909607,0.2567318081855774,0.24167728424072266,0.2196391224861145,0.25566548109054565,0.26700693368911743,0.18027609586715698,30,1
5.041319847106934,5,4,0.75607068836689,0.356387734413147,0.35205918550491333,0.3429374694824219,0.5255367159843445,0.511057585477829,0.49096912145614624,0.5024745166301727,0.5569230914115906,0.5486517548561096,0.43167436122894287,0.4065251350402832,0.3915702700614929,0.382545530796051,0.3669094443321228,0.35910749435424805,0.3512292504310608,0.33757448196411133,0.3285590410232544,0.31999075412750244,0.2666240930557251,0.25830674171447754,0.27220451831817627,0.26385724544525146,0.23868906497955322,0.21002012491226196,0.23445862531661987,0.2494494915008545,0.16341769695281982,30,1
4.4839396476745605,5,4,0.75607068836689,0.36180269718170166,0.35144174098968506,0.34691697359085083,0.5265993475914001,0.5355519652366638,0.4907917380332947,0.475125789642334,0.5279773473739624,0.5229241847991943,0.4795823097229004,0.4447386860847473,0.4243525266647339,0.4250220060348511,0.4206334948539734,0.42105168104171753,0.42624223232269287,0.4345671534538269,0.4181128144264221,0.5010978579521179,0.4991597533226013,0.5177987515926361,0.6087084114551544,0.6198354363441467,0.5672727227210999,0.5515296459197998,0.5434533953666687,0.45687758922576904,0.3858833312988281,31,0
8.871907234191895,2,1,0.75607068836689,0.3385689854621887,0.33306998014450073,0.34272897243499756,0.546564370393753,0.5661035776138306,0.5129612684249878,0.4955251216888428,0.5254390239715576,0.5055918991565704,0.4190046787261963,0.39965081214904785,0.3800539970397949,0.3965759873390198,0.3861258625984192,0.3841700553894043,0.38109689950942993,0.3907618522644043,0.4037051200866699,0.48874402046203613,0.5337011814117432,0.553084135055542,0.6509509384632111,0.6584469079971313,0.6155110597610474,0.5962800085544586,0.5704825818538666,0.47128087282180786,0.3844301700592041,31,0
2.3633573055267334,9,8,0.75607068836689,0.3632665276527405,0.3575791120529175,0.35864925384521484,0.519647479057312,0.5122329592704773,0.4836028218269348,0.4798842668533325,0.5224550366401672,0.5172678232192993,0.4014608860015869,0.3977416753768921,0.3770475387573242,0.37785595655441284,0.3540887236595154,0.35189396142959595,0.3604062795639038,0.3477717638015747,0.34211283922195435,0.4204130172729492,0.41726309061050415,0.43044883012771606,0.44494032859802246,0.44355642795562744,0.398776650428772,0.3761979937553406,0.3713141679763794,0.3217325210571289,0.2810091972351074,31,0
1.1458702087402344,16,14,0.75607068836689,0.38222718238830566,0.35706961154937744,0.3595576286315918,0.5182738900184631,0.5040355920791626,0.47623002529144287,0.46884334087371826,0.4872373342514038,0.47643226385116577,0.364355206489563,0.3385537266731262,0.3242049217224121,0.3194543123245239,0.3028046488761902,0.30025988817214966,0.3240082263946533,0.3291863203048706,0.3257119059562683,0.42104703187942505,0.42088890075683594,0.4570789337158203,0.5318221747875214,0.5483713448047638,0.5048909783363342,0.48483914136886597,0.4830176830291748,0.39560407400131226,0.34395790100097656,31,1
1.7465192079544067,13,9,0.75607068836689,0.3581221103668213,0.3469752073287964,0.3494049310684204,0.5064500570297241,0.5000266134738922,0.475136935710907,0.4672197103500366,0.49861347675323486,0.4938843846321106,0.3827170133590698,0.3618012070655823,0.3432958722114563,0.333514928817749,0.32559657096862793,0.3126981258392334,0.32881057262420654,0.3269057869911194,0.32174837589263916,0.39682823419570923,0.4038920998573303,0.44163721799850464,0.5144535303115845,0.5131329894065857,0.465615451335907,0.4505497217178345,0.4412950873374939,0.36758190393447876,0.3326202630996704,31,1
2.323585033416748,12,11,0.75607068836689,0.35826098918914795,0.34710854291915894,0.35274219512939453,0.5057146549224854,0.4884410500526428,0.47184306383132935,0.46063148975372314,0.4809986352920532,0.47200632095336914,0.3593559265136719,0.33878302574157715,0.3255299925804138,0.3188527226448059,0.3121761083602905,0.3008105754852295,0.32019978761672974,0.32364529371261597,0.3167228102684021,0.40560686588287354,0.40169042348861694,0.4420974850654602,0.513066440820694,0.520010232925415,0.467643678188324,0.4511142373085022,0.4516485929489136,0.3800915479660034,0.3198865056037903,31,1
8.262787818908691,2,1,0.75607068836689,0.33691883087158203,0.3392394781112671,0.35474693775177,0.5387596487998962,0.5249063372612,0.5050557851791382,0.5021266341209412,0.5355931222438812,0.5193834006786346,0.4096527099609375,0.3527263402938843,0.34173983335494995,0.32537978887557983,0.3022578954696655,0.28302890062332153,0.2807474136352539,0.28522831201553345,0.29056960344314575,0.36485379934310913,0.3756697177886963,0.405214786529541,0.49831312894821167,0.5036850571632385,0.44885730743408203,0.41633468866348267,0.39992040395736694,0.326107382774353,0.24200671911239624,31,1
7.228293418884277,3,2,0.75607068836689,0.341982364654541,0.34938526153564453,0.35640835762023926,0.534151554107666,0.5270552635192871,0.516011118888855,0.5138292014598846,0.5368105173110962,0.5193645358085632,0.4072521924972534,0.3548225164413452,0.3420802354812622,0.32414108514785767,0.2955338954925537,0.2720586061477661,0.2747778296470642,0.2844526767730713,0.29431629180908203,0.3681821823120117,0.39087390899658203,0.42231619358062744,0.5088403522968292,0.5185827612876892,0.4623454809188843,0.420962393283844,0.40820467472076416,0.33607667684555054,0.25847327709198,31,1
2.1321351528167725,9,8,0.75607068836689,0.36119794845581055,0.34667593240737915,0.32639187574386597,0.5074500441551208,0.5093638598918915,0.46397125720977783,0.4638025164604187,0.5375942587852478,0.5534576177597046,0.4286877512931824,0.3942173719406128,0.40232014656066895,0.38536012172698975,0.3396769165992737,0.3332592248916626,0.3519096374511719,0.3595997095108032,0.34464263916015625,0.37532657384872437,0.34841012954711914,0.34997957944869995,0.33331918716430664,0.2937926650047302,0.25755488872528076,0.20145821571350098,0.19629889726638794,0.1583845615386963,0.21351176500320435,32,0
1.2486660480499268,15,13,0.75607068836689,0.37218379974365234,0.34986060857772827,0.32051873207092285,0.496908962726593,0.5177940130233765,0.4652860164642334,0.4516347646713257,0.5010776221752167,0.512248307466507,0.41339266300201416,0.39264291524887085,0.38743841648101807,0.3806424140930176,0.35823607444763184,0.3596677780151367,0.3801228404045105,0.3736875653266907,0.38659143447875977,0.4411751627922058,0.47221440076828003,0.49412214756011963,0.4847889542579651,0.42799365520477295,0.37826281785964966,0.31639134883880615,0.30629295110702515,0.26647746562957764,0.3470458984375,32,0
2.6483607292175293,13,11,0.75607068836689,0.3683071732521057,0.35523682832717896,0.33355867862701416,0.5079583823680878,0.5128998756408691,0.46448296308517456,0.4546918272972107,0.5175617635250092,0.5408377647399902,0.42850321531295776,0.390947163105011,0.3843272924423218,0.3784761428833008,0.36133623123168945,0.3631804585456848,0.35871851444244385,0.3633860945701599,0.36651480197906494,0.4002172350883484,0.38300079107284546,0.40384799242019653,0.39576607942581177,0.34537237882614136,0.3040757179260254,0.24520468711853027,0.2350069284439087,0.19888728857040405,0.2229461669921875,32,0
0.9083037376403809,19,17,0.75607068836689,0.3784828186035156,0.34815824031829834,0.32706934213638306,0.4940463900566101,0.4914034605026245,0.4470366835594177,0.44734686613082886,0.49517250061035156,0.5122933685779572,0.413064181804657,0.37608247995376587,0.36164969205856323,0.33938276767730713,0.307525634765625,0.2941737771034241,0.30412137508392334,0.3062228560447693,0.30172067880630493,0.35885369777679443,0.3239319920539856,0.3474855422973633,0.3440099358558655,0.30277037620544434,0.2772657871246338,0.21735751628875732,0.20709431171417236,0.15994572639465332,0.12073183059692383,32,1
0.8479922413825989,22,20,0.75607068836689,0.3679278492927551,0.34577083587646484,0.3234485387802124,0.49293041229248047,0.4945986270904541,0.45050257444381714,0.45432424545288086,0.49877941608428955,0.5066798627376556,0.38292044401168823,0.35051441192626953,0.3391820788383484,0.32202231884002686,0.29080677032470703,0.27761244773864746,0.2946092486381531,0.3053514361381531,0.31480932235717773,0.36706262826919556,0.3478595018386841,0.35711967945098877,0.34354138374328613,0.30513501167297363,0.2800405025482178,0.21914643049240112,0.21004611253738403,0.16404485702514648,0.15938186645507812,32,1
3.411116361618042,5,4,0.75607068836689,0.359147846698761,0.34218907356262207,0.3267693519592285,0.5185677707195282,0.518856018781662,0.473408579826355,0.46805626153945923,0.5282322764396667,0.5471169352531433,0.45460182428359985,0.4153282046318054,0.40976691246032715,0.400757372379303,0.3718806505203247,0.3657519221305847,0.3683265447616577,0.35468798875808716,0.33753645420074463,0.3967627286911011,0.34839677810668945,0.36347389221191406,0.3622141480445862,0.3158915042877197,0.28418970108032227,0.2200489044189453,0.20230811834335327,0.15569937229156494,0.11523795127868652,32,1
2.6759488582611084,5,4,0.75607068836689,0.3518723249435425,0.33969318866729736,0.32860684394836426,0.5258804857730865,0.5208238363265991,0.47558140754699707,0.4750945568084717,0.5297864973545074,0.5492546260356903,0.42889297008514404,0.391867458820343,0.40198493003845215,0.3811836838722229,0.3514145016670227,0.3463350534439087,0.34290003776550293,0.35627973079681396,0.34896332025527954,0.3745455741882324,0.34281086921691895,0.3444342613220215,0.33642613887786865,0.28572434186935425,0.2563008666038513,0.19859087467193604,0.18536430597305298,0.14586597681045532,0.20198285579681396,32,1
2.8139548301696777,7,6,0.75607068836689,0.35850030183792114,0.3446581959724426,0.32163745164871216,0.5082209706306458,0.5116356015205383,0.46617501974105835,0.4669089913368225,0.5276387333869934,0.553043782711029,0.433402955532074,0.3888695240020752,0.4015493392944336,0.37359875440597534,0.3297313451766968,0.32131117582321167,0.31824028491973877,0.33026641607284546,0.31951093673706055,0.36016470193862915,0.3270711898803711,0.336540162563324,0.35296571254730225,0.3358445167541504,0.3210008144378662,0.25163745880126953,0.23122549057006836,0.17285752296447754,0.14849549531936646,32,1
4.6177592277526855,2,1,0.75607068836689,0.3346179127693176,0.3439735770225525,0.3347984552383423,0.5765897631645203,0.5721191763877869,0.5096745193004608,0.5001877844333649,0.5489616692066193,0.5494626760482788,0.48369067907333374,0.4474320411682129,0.4229279160499573,0.4147944450378418,0.3985835313796997,0.4274930953979492,0.4196361303329468,0.40379124879837036,0.4049554467201233,0.4222918748855591,0.42743945121765137,0.4362396001815796,0.404043972492218,0.34498584270477295,0.2975224256515503,0.24221181869506836,0.23129308223724365,0.2012755274772644,0.37019193172454834,32,1
3.178466796875,6,5,0.75607068836689,0.3567516803741455,0.3500071167945862,0.3299170136451721,0.5218034982681274,0.5226140022277832,0.47594010829925537,0.4866371750831604,0.5468896925449371,0.5669851303100586,0.4549534320831299,0.4307558536529541,0.43407297134399414,0.44057899713516235,0.4207857847213745,0.40468287467956543,0.4069613218307495,0.40369677543640137,0.39451366662979126,0.39663583040237427,0.35980844497680664,0.3692547082901001,0.35182929039001465,0.3119146227836609,0.27652662992477417,0.21811175346374512,0.20750313997268677,0.16476833820343018,0.24862098693847656,32,1
1.5422395467758179,9,8,0.75607068836689,0.3759050965309143,0.36545807123184204,0.3578801155090332,0.5304661393165588,0.5221245884895325,0.4936193823814392,0.5152381956577301,0.5115296840667725,0.5347563922405243,0.40511226654052734,0.38501328229904175,0.3536418676376343,0.3481701612472534,0.34520161151885986,0.3669111728668213,0.37937021255493164,0.3634965419769287,0.3586418628692627,0.3927938938140869,0.4106195569038391,0.41296225786209106,0.4006527066230774,0.36306482553482056,0.2940404415130615,0.22537541389465332,0.2147262692451477,0.20221078395843506,0.16047263145446777,33,0
2.3140337467193604,9,6,0.75607068836689,0.375217080116272,0.3621057868003845,0.3553835153579712,0.5313895642757416,0.515557050704956,0.4991779327392578,0.5164341628551483,0.5103943347930908,0.5309790372848511,0.4203648567199707,0.385006308555603,0.3561795949935913,0.35726165771484375,0.34611350297927856,0.33973509073257446,0.3273528218269348,0.33418840169906616,0.3108750581741333,0.3121233582496643,0.2960084080696106,0.3073558211326599,0.30631834268569946,0.28166472911834717,0.27593982219696045,0.22769856452941895,0.2171611785888672,0.19509506225585938,0.10344314575195312,33,1
2.24208664894104,10,8,0.75607068836689,0.37397515773773193,0.3645002841949463,0.35810744762420654,0.5321415066719055,0.5207584798336029,0.5034214854240417,0.5265276730060577,0.5217113792896271,0.5672013759613037,0.43819570541381836,0.4105094075202942,0.38871562480926514,0.3975725769996643,0.3901822566986084,0.37500709295272827,0.36167365312576294,0.35633039474487305,0.32633650302886963,0.3317872881889343,0.316425621509552,0.31766319274902344,0.3111915588378906,0.2621827721595764,0.222589373588562,0.17292773723602295,0.16452383995056152,0.14720332622528076,0.08442258834838867,33,1
2.1389737129211426,7,5,0.75607068836689,0.3723408579826355,0.36153900623321533,0.35564637184143066,0.5383753180503845,0.5259227454662323,0.5064073204994202,0.5295056998729706,0.5195264518260956,0.5500667095184326,0.44299179315567017,0.40303730964660645,0.3690999746322632,0.3655576705932617,0.3560200333595276,0.322442889213562,0.30737030506134033,0.30004000663757324,0.2840944528579712,0.2827531695365906,0.267339825630188,0.26995325088500977,0.2663033604621887,0.2235139012336731,0.18669474124908447,0.14369964599609375,0.13802063465118408,0.11845755577087402,0.07885360717773438,33,1
1.6953305006027222,14,12,0.75607068836689,0.359855055809021,0.34050244092941284,0.32727861404418945,0.5039365291595459,0.49447518587112427,0.46767187118530273,0.48259949684143066,0.5022515058517456,0.5087889730930328,0.3793424367904663,0.37157976627349854,0.3630716800689697,0.34805017709732056,0.33113688230514526,0.32773900032043457,0.33655112981796265,0.33264386653900146,0.32301610708236694,0.3890187740325928,0.38293033838272095,0.39070993661880493,0.4113693833351135,0.3948298692703247,0.35199880599975586,0.2908947467803955,0.304205060005188,0.2900102138519287,0.20933246612548828,34,0
3.7488508224487305,4,3,0.75607068836689,0.3582799434661865,0.3499157428741455,0.334506630897522,0.5142508745193481,0.5089901089668274,0.4846055507659912,0.49315959215164185,0.534221887588501,0.539109468460083,0.40569669008255005,0.4014453887939453,0.39679253101348877,0.37611591815948486,0.3532494306564331,0.3482619524002075,0.3579937815666199,0.33659160137176514,0.3186603784561157,0.37105071544647217,0.3520447611808777,0.3626086115837097,0.3479170799255371,0.3381677269935608,0.3119781017303467,0.26411712169647217,0.283286988735199,0.2738490700721741,0.2196454405784607,34,0
1.9344749450683594,11,10,0.75607068836689,0.3648698329925537,0.34574729204177856,0.33093810081481934,0.5090071260929108,0.5022137761116028,0.47461646795272827,0.489679753780365,0.5229046642780304,0.5262777209281921,0.40482234954833984,0.3966681957244873,0.4057779312133789,0.3895372152328491,0.3371123671531677,0.3354758620262146,0.3392198085784912,0.3218918442726135,0.3159392476081848,0.38653093576431274,0.3680548667907715,0.3792361617088318,0.3871009945869446,0.3797791600227356,0.3420523405075073,0.2819615602493286,0.29524362087249756,0.2741570472717285,0.17728006839752197,34,0
1.6748137474060059,13,12,0.75607068836689,0.36304330825805664,0.34412992000579834,0.32596689462661743,0.5013574957847595,0.49689823389053345,0.47468245029449463,0.4901639223098755,0.5175025165081024,0.5403015911579132,0.4208219647407532,0.41255778074264526,0.40095382928848267,0.37729358673095703,0.3545178174972534,0.34498077630996704,0.3520909547805786,0.34128546714782715,0.3410394787788391,0.40379124879837036,0.3940383195877075,0.39927446842193604,0.4147654175758362,0.40367817878723145,0.36551541090011597,0.3049132823944092,0.3172205686569214,0.29973578453063965,0.23390817642211914,34,0
1.7259407043457031,11,9,0.75607068836689,0.3535587787628174,0.3391398787498474,0.33232319355010986,0.5112146437168121,0.49250298738479614,0.4719059467315674,0.4901388883590698,0.5156267583370209,0.5323446691036224,0.4016892910003662,0.3810022473335266,0.37270331382751465,0.3365321755409241,0.3154468536376953,0.2876453399658203,0.28927069902420044,0.28883975744247437,0.29259663820266724,0.34282857179641724,0.33274173736572266,0.35820603370666504,0.3781418800354004,0.3647083044052124,0.337239146232605,0.2827119827270508,0.29593271017074585,0.27917349338531494,0.21165406703948975,34,1
2.3633062839508057,6,5,0.75607068836689,0.36179566383361816,0.35134339332580566,0.3367951512336731,0.5178521573543549,0.5119754374027252,0.4857637286186218,0.4945395588874817,0.5099672675132751,0.5194357335567474,0.3859260678291321,0.3621883988380432,0.35706663131713867,0.32599425315856934,0.3036266565322876,0.27282536029815674,0.28416162729263306,0.27889811992645264,0.28035080432891846,0.31892114877700806,0.30190110206604004,0.3120805025100708,0.3131657838821411,0.3023031949996948,0.2836402654647827,0.23300284147262573,0.2479720115661621,0.24172067642211914,0.19062930345535278,34,1
2.187354326248169,8,7,0.75607068836689,0.36758506298065186,0.3505973815917969,0.33634257316589355,0.5308917164802551,0.5165523290634155,0.49852705001831055,0.515133798122406,0.5538959503173828,0.5686796009540558,0.4372941255569458,0.4138760566711426,0.4044870138168335,0.3719739317893982,0.3365427255630493,0.3136889934539795,0.3077731132507324,0.2986491918563843,0.2935694456100464,0.3295801281929016,0.3117096424102783,0.33039575815200806,0.3535360097885132,0.3414509892463684,0.321738600730896,0.26921582221984863,0.28760117292404175,0.2746189832687378,0.2207133173942566,34,1
1.4623304605484009,11,10,0.75607068836689,0.36108601093292236,0.34164583683013916,0.3270142674446106,0.4972589612007141,0.4936712384223938,0.46692341566085815,0.48416030406951904,0.49130672216415405,0.504126787185669,0.3616083860397339,0.33654898405075073,0.3306064009666443,0.30884331464767456,0.3090847134590149,0.28076881170272827,0.2901020050048828,0.28494793176651,0.2856278419494629,0.33109039068222046,0.33371400833129883,0.34508591890335083,0.35187244415283203,0.3374081254005432,0.3147304654121399,0.2636714577674866,0.281782865524292,0.2758733034133911,0.23853933811187744,34,1
2.498263359069824,7,6,0.75607068836689,0.36342597007751465,0.35425281524658203,0.33709460496902466,0.5153345763683319,0.506227046251297,0.4780017137527466,0.4914131760597229,0.5065597891807556,0.5143764019012451,0.37626171112060547,0.3491782546043396,0.34457606077194214,0.3199227452278137,0.3058810234069824,0.2821839451789856,0.2886708974838257,0.2887836694717407,0.29246610403060913,0.33347487449645996,0.32126426696777344,0.3417724370956421,0.3369666337966919,0.31732070446014404,0.2964622974395752,0.24344784021377563,0.2601175308227539,0.25855815410614014,0.20401179790496826,34,1
2.33359956741333,6,5,0.75607068836689,0.32526999711990356,0.33695805072784424,0.3197169303894043,0.520186185836792,0.5255051851272583,0.4766477346420288,0.4680614471435547,0.5085709393024445,0.4954342842102051,0.389241099357605,0.3655111789703369,0.3491930365562439,0.353390097618103,0.338226318359375,0.34055501222610474,0.3420025706291199,0.31124353408813477,0.3092777729034424,0.3022999167442322,0.2769249677658081,0.2731330990791321,0.28439831733703613,0.2500464916229248,0.20906472206115723,0.15854889154434204,0.15809404850006104,0.14047932624816895,0.11935704946517944,35,0
3.5173439979553223,5,4,0.75607068836689,0.3272501230239868,0.3362656235694885,0.32881903648376465,0.5361084342002869,0.5399200916290283,0.49572062492370605,0.4940180778503418,0.531411349773407,0.5301572382450104,0.42624980211257935,0.39259791374206543,0.3774852752685547,0.35123521089553833,0.3309970498085022,0.33979588747024536,0.3387607932090759,0.3225588798522949,0.30472803115844727,0.2892812490463257,0.29202377796173096,0.2612348794937134,0.27180016040802,0.22650587558746338,0.1914774775505066,0.14114099740982056,0.13443005084991455,0.11095350980758667,0.08081138134002686,35,0
1.916795253753662,6,5,0.75607068836689,0.33565837144851685,0.3432420492172241,0.3288842439651489,0.5363074243068695,0.5263165831565857,0.48826563358306885,0.4929512143135071,0.5169594585895538,0.5190111994743347,0.40234464406967163,0.36373621225357056,0.34325069189071655,0.33092015981674194,0.3159295916557312,0.3066173791885376,0.3054197430610657,0.29494017362594604,0.2817078232765198,0.28673452138900757,0.2988477945327759,0.3030658960342407,0.3272765874862671,0.29022932052612305,0.25726330280303955,0.19479596614837646,0.18030184507369995,0.15097427368164062,0.09081900119781494,35,0
1.7477059364318848,6,5,0.75607068836689,0.3182292580604553,0.3374532461166382,0.3260762691497803,0.5401085019111633,0.5271139144897461,0.48758941888809204,0.49555158615112305,0.5120474100112915,0.5176097750663757,0.3937126398086548,0.3631325364112854,0.3398721218109131,0.34063684940338135,0.31848955154418945,0.3036203980445862,0.2982670068740845,0.28750455379486084,0.28141307830810547,0.2760477066040039,0.26972198486328125,0.28874701261520386,0.3073233962059021,0.2744799852371216,0.24300938844680786,0.18667584657669067,0.17318028211593628,0.1431451439857483,0.09461694955825806,35,1
1.978226661682129,6,5,0.75607068836689,0.3420262336730957,0.34079623222351074,0.3407050371170044,0.5412756502628326,0.5311156511306763,0.4851875901222229,0.4836946129798889,0.5213028192520142,0.537033200263977,0.43416279554367065,0.3964899778366089,0.3724520206451416,0.37073278427124023,0.3512765169143677,0.32541489601135254,0.3136734962463379,0.31030434370040894,0.2961580753326416,0.28593337535858154,0.26559770107269287,0.27586352825164795,0.28579503297805786,0.24689358472824097,0.21508771181106567,0.1632317304611206,0.15243440866470337,0.13372266292572021,0.09056997299194336,35,1
2.801191568374634,4,3,0.75607068836689,0.32989615201950073,0.33317744731903076,0.3231434226036072,0.5433849394321442,0.5335282981395721,0.4872097969055176,0.48142898082733154,0.5146538615226746,0.5184815526008606,0.4054245948791504,0.36634325981140137,0.34372735023498535,0.3351907730102539,0.3287690281867981,0.31825220584869385,0.31689757108688354,0.29975825548171997,0.2939714789390564,0.28224343061447144,0.26245516538619995,0.2641408443450928,0.29257047176361084,0.25283700227737427,0.23236137628555298,0.18443650007247925,0.17261111736297607,0.1440168023109436,0.09616899490356445,35,1
2.1702067852020264,8,7,0.75607068836689,0.3225756287574768,0.3345516324043274,0.32032132148742676,0.5266424715518951,0.511227548122406,0.46666014194488525,0.47046226263046265,0.49150997400283813,0.4894710183143616,0.37824052572250366,0.3406757712364197,0.32337838411331177,0.3172255754470825,0.30745697021484375,0.2926827073097229,0.2909266948699951,0.2764289975166321,0.2795238494873047,0.2785027027130127,0.2723371982574463,0.2854151129722595,0.3134247064590454,0.281268835067749,0.2530987858772278,0.1969955563545227,0.18375855684280396,0.15317118167877197,0.10754680633544922,35,1
1.624455451965332,11,7,0.75607068836689,0.37219709157943726,0.3659580945968628,0.3618922233581543,0.5349166393280029,0.5144154727458954,0.4979894757270813,0.5123355090618134,0.5119708180427551,0.5235667824745178,0.3904443383216858,0.355973482131958,0.3102865219116211,0.2993043065071106,0.2822582721710205,0.25581544637680054,0.2691117525100708,0.263355016708374,0.2508341073989868,0.24805402755737305,0.23828744888305664,0.21950602531433105,0.20042717456817627,0.17884349822998047,0.14951026439666748,0.12250876426696777,0.1185617446899414,0.11318469047546387,0.08412373065948486,36,0
1.2208970785140991,18,13,0.75607068836689,0.3852609395980835,0.37310320138931274,0.36991769075393677,0.5504080951213837,0.5219088494777679,0.4922181963920593,0.5121464431285858,0.5251930952072144,0.5478546619415283,0.4173700213432312,0.39622193574905396,0.36553657054901123,0.36981940269470215,0.3431377410888672,0.3068166971206665,0.3253089189529419,0.3129361867904663,0.2873634696006775,0.26793694496154785,0.23251235485076904,0.20680207014083862,0.19490069150924683,0.16950172185897827,0.14237761497497559,0.11791980266571045,0.11515289545059204,0.11264437437057495,0.096413254737854,36,0
0.9406415820121765,7,6,0.75607068836689,0.36692923307418823,0.3555443286895752,0.3478271961212158,0.5210543870925903,0.5033286809921265,0.4893454909324646,0.5056300759315491,0.5075033009052277,0.5173892378807068,0.3934379816055298,0.37513989210128784,0.34136706590652466,0.3209613561630249,0.2944953441619873,0.2625594735145569,0.26761776208877563,0.26495087146759033,0.24609375,0.24218833446502686,0.2218858003616333,0.2034459114074707,0.19705629348754883,0.1723036766052246,0.14829254150390625,0.12324893474578857,0.119351327419281,0.11659157276153564,0.09759867191314697,36,1
2.1396446228027344,5,4,0.75607068836689,0.3612167239189148,0.354925274848938,0.35246598720550537,0.5392736792564392,0.5254183113574982,0.5069316923618317,0.5125679671764374,0.5131406784057617,0.5334058403968811,0.42424821853637695,0.41191691160202026,0.36439192295074463,0.35231196880340576,0.3214282989501953,0.2987239360809326,0.2960551977157593,0.30397480726242065,0.28550297021865845,0.2682158946990967,0.23848098516464233,0.21125304698944092,0.2036643624305725,0.17626142501831055,0.15087324380874634,0.12211018800735474,0.12058502435684204,0.11482614278793335,0.0971420407295227,36,1
2.5506553649902344,10,9,0.75607068836689,0.3590954542160034,0.3483285903930664,0.3319057822227478,0.4898739457130432,0.4989621639251709,0.4601680040359497,0.46025800704956055,0.518367350101471,0.5407920181751251,0.44249993562698364,0.4145547151565552,0.39907407760620117,0.4007223844528198,0.363616943359375,0.3736019730567932,0.3895474076271057,0.38341814279556274,0.3810359835624695,0.411784291267395,0.3787216544151306,0.37461304664611816,0.36713606119155884,0.32659244537353516,0.2841538190841675,0.2488459348678589,0.24869483709335327,0.22244691848754883,0.17497122287750244,37,0
3.4784188270568848,5,4,0.75607068836689,0.3518601059913635,0.3527665138244629,0.3403211832046509,0.5182865262031555,0.5216705501079559,0.47754305601119995,0.47715240716934204,0.5347641706466675,0.5529847145080566,0.4481842517852783,0.42449116706848145,0.413371741771698,0.41200870275497437,0.37519073486328125,0.39342331886291504,0.4095652103424072,0.3883877396583557,0.38816773891448975,0.4060686230659485,0.3657967448234558,0.35558658838272095,0.3561133146286011,0.311176598072052,0.2712206244468689,0.23708903789520264,0.23739200830459595,0.2118912935256958,0.17959904670715332,37,0
3.001922369003296,8,7,0.75607068836689,0.3593254089355469,0.35335659980773926,0.3376837372779846,0.5102870464324951,0.49885547161102295,0.4642806053161621,0.46632009744644165,0.5096530914306641,0.5127388834953308,0.4326002597808838,0.4162783622741699,0.3985546827316284,0.3980036973953247,0.3635890483856201,0.3700626492500305,0.3711811304092407,0.3643301725387573,0.3586850166320801,0.3941394090652466,0.35060346126556396,0.35594189167022705,0.3561249375343323,0.3194478154182434,0.28375399112701416,0.24350905418395996,0.24048197269439697,0.2129119634628296,0.18893003463745117,37,0
1.6529572010040283,16,13,0.9455067068338394,0.42696303129196167,0.38127046823501587,0.37550026178359985,0.559275209903717,0.5234784483909607,0.4701789617538452,0.48681992292404175,0.5184257626533508,0.5115042924880981,0.409292995929718,0.38313138484954834,0.35866641998291016,0.35512775182724,0.3255876302719116,0.30472707748413086,0.31740444898605347,0.32473504543304443,0.3375757932662964,0.38321125507354736,0.34546899795532227,0.3491143584251404,0.3385271430015564,0.3027273416519165,0.2550696134567261,0.2166292667388916,0.21250462532043457,0.19922924041748047,0.2119045853614807,37,1
2.2626821994781494,9,8,0.75607068836689,0.3572230339050293,0.34988200664520264,0.337785005569458,0.5186610221862793,0.5033941864967346,0.4648325443267822,0.4696146249771118,0.5151470303535461,0.5205917954444885,0.4278385639190674,0.403314471244812,0.3759040832519531,0.36300867795944214,0.3396788239479065,0.32661062479019165,0.3313140273094177,0.33117133378982544,0.34097254276275635,0.371317982673645,0.3317146897315979,0.3265281915664673,0.31555110216140747,0.28343844413757324,0.24357664585113525,0.21029603481292725,0.20854544639587402,0.1891922950744629,0.1698516607284546,37,1
2.240200996398926,14,12,0.75607068836689,0.36328864097595215,0.34309327602386475,0.3280390501022339,0.4854494333267212,0.48087364435195923,0.44896483421325684,0.4488144516944885,0.4787205457687378,0.4969770908355713,0.4167596101760864,0.3968241214752197,0.38927775621414185,0.3777109980583191,0.3534819483757019,0.35633933544158936,0.36090368032455444,0.35106563568115234,0.3598487377166748,0.386832058429718,0.3335915207862854,0.3296945095062256,0.3236072063446045,0.2899357080459595,0.2572833299636841,0.23208850622177124,0.23840045928955078,0.21854889392852783,0.20823955535888672,37,1
3.851194143295288,5,4,0.75607068836689,0.3789440393447876,0.3617115020751953,0.3428306579589844,0.5292160212993622,0.5327605605125427,0.49829697608947754,0.49196290969848633,0.5557343661785126,0.5673402547836304,0.4975871443748474,0.4579956531524658,0.4427136182785034,0.44924962520599365,0.44909679889678955,0.4616684913635254,0.45508480072021484,0.4726945161819458,0.4405694007873535,0.4374239444732666,0.3937339186668396,0.36055803298950195,0.35859912633895874,0.3077162504196167,0.25427955389022827,0.20682382583618164,0.19594043493270874,0.1868261694908142,0.1903831958770752,38,0
1.8085404634475708,7,5,0.75607068836689,0.3766745328903198,0.364097535610199,0.3516508936882019,0.5349498987197876,0.5255116522312164,0.49749279022216797,0.49540823698043823,0.537395715713501,0.5483247637748718,0.4614599347114563,0.44777911901474,0.4393935203552246,0.42604196071624756,0.3974301815032959,0.3796687126159668,0.38471096754074097,0.40090107917785645,0.38814079761505127,0.4385872483253479,0.4544609785079956,0.4587874412536621,0.46179431676864624,0.4083588123321533,0.34029340744018555,0.26181358098983765,0.25632333755493164,0.24755185842514038,0.2297409176826477,38,0
2.2998619079589844,6,5,0.75607068836689,0.37248969078063965,0.36099374294281006,0.346122145652771,0.5208822786808014,0.5245531797409058,0.5077889561653137,0.4832190275192261,0.5421750247478485,0.5514114797115326,0.4442928433418274,0.43436288833618164,0.4186292886734009,0.38661104440689087,0.37727367877960205,0.37204307317733765,0.38322919607162476,0.39955055713653564,0.3895481824874878,0.4307745695114136,0.4360567331314087,0.43226200342178345,0.38935625553131104,0.34432417154312134,0.28608208894729614,0.22856038808822632,0.22348666191101074,0.2171849012374878,0.23926854133605957,38,0
1.625521183013916,13,12,0.75607068836689,0.37705451250076294,0.35900044441223145,0.34689462184906006,0.5126858055591583,0.5009087920188904,0.4741232991218567,0.4887465834617615,0.5388858914375305,0.5602700114250183,0.4413764476776123,0.4163190722465515,0.3948701024055481,0.38391876220703125,0.3773539066314697,0.36965012550354004,0.3969830274581909,0.41247618198394775,0.3922250270843506,0.42660582065582275,0.3674037456512451,0.35799169540405273,0.34155333042144775,0.30016523599624634,0.2533543109893799,0.2120431661605835,0.2084086537361145,0.19978725910186768,0.23933154344558716,38,1
1.8551825284957886,12,11,0.75607068836689,0.3811355233192444,0.36732834577560425,0.35090410709381104,0.5238943099975586,0.5085954666137695,0.4807639718055725,0.5004858672618866,0.5352014303207397,0.5471695065498352,0.4316701292991638,0.3963415026664734,0.37471771240234375,0.36736583709716797,0.3745465874671936,0.3517754077911377,0.37340033054351807,0.3946194052696228,0.367293119430542,0.39622384309768677,0.33953773975372314,0.33617234230041504,0.31690770387649536,0.2837762236595154,0.24517357349395752,0.20718294382095337,0.20236003398895264,0.2103305459022522,0.21961939334869385,38,1
1.5002970695495605,16,13,0.75607068836689,0.3788943886756897,0.35910290479660034,0.34931260347366333,0.5230240821838379,0.5018064379692078,0.4728550314903259,0.49201756715774536,0.5393996238708496,0.5499431490898132,0.4336612820625305,0.4032825231552124,0.378223180770874,0.37111902236938477,0.36205101013183594,0.35909032821655273,0.3891686201095581,0.40824246406555176,0.38351571559906006,0.4209359884262085,0.3598703145980835,0.3635064363479614,0.34992432594299316,0.29932600259780884,0.26342254877090454,0.22042185068130493,0.21670103073120117,0.21093112230300903,0.27151715755462646,38,1
2.59619402885437,13,12,0.75607068836689,0.3759887218475342,0.362193763256073,0.3504464626312256,0.522949755191803,0.5134673416614532,0.48788005113601685,0.5056705474853516,0.5542221665382385,0.5778237879276276,0.46801531314849854,0.4349197745323181,0.4113045930862427,0.40162116289138794,0.40402752161026,0.38745689392089844,0.40095412731170654,0.4167165756225586,0.38496631383895874,0.38868504762649536,0.32931041717529297,0.318528413772583,0.3016480803489685,0.2693893313407898,0.24346673488616943,0.2074771523475647,0.2046714425086975,0.20602142810821533,0.21068745851516724,38,1
1.4576727151870728,14,12,0.75607068836689,0.37679237127304077,0.3531581163406372,0.3377019166946411,0.4971308708190918,0.5011205077171326,0.46077531576156616,0.45765411853790283,0.47563332319259644,0.4650763273239136,0.38866734504699707,0.3722560405731201,0.37379592657089233,0.3708663582801819,0.34230881929397583,0.3514660596847534,0.35970020294189453,0.37038999795913696,0.3654341697692871,0.3695008158683777,0.29154837131500244,0.27577704191207886,0.2672213912010193,0.22690212726593018,0.21215802431106567,0.18306440114974976,0.17671805620193481,0.14571142196655273,0.1700993776321411,39,0
1.7747617959976196,13,8,0.75607068836689,0.3773730397224426,0.34950554370880127,0.3352161645889282,0.4924044609069824,0.5032763183116913,0.4641447067260742,0.4698835015296936,0.5029452443122864,0.5187312662601471,0.43250638246536255,0.4190203547477722,0.42379289865493774,0.4340398907661438,0.3976195454597473,0.40240222215652466,0.3994196653366089,0.3982194662094116,0.36704230308532715,0.34587711095809937,0.26941972970962524,0.25408244132995605,0.2526906728744507,0.21456313133239746,0.20256996154785156,0.16858279705047607,0.16803479194641113,0.1390555500984192,0.15067237615585327,39,0
1.513209342956543,12,8,0.75607068836689,0.37417471408843994,0.3524659276008606,0.3435853123664856,0.5003448724746704,0.500848650932312,0.45756542682647705,0.45671337842941284,0.48647069931030273,0.4810406565666199,0.40130186080932617,0.38340091705322266,0.3735314607620239,0.36465883255004883,0.34692370891571045,0.34489041566848755,0.35964691638946533,0.36281317472457886,0.375016450881958,0.3810572624206543,0.33165478706359863,0.3280155658721924,0.3120509386062622,0.29230624437332153,0.2785259485244751,0.23324131965637207,0.22783195972442627,0.18902981281280518,0.14412826299667358,39,0
1.0629899501800537,12,11,0.75607068836689,0.3685508966445923,0.3442440629005432,0.3293631672859192,0.4903064966201782,0.49095427989959717,0.4501116871833801,0.44628793001174927,0.46512067317962646,0.4539436101913452,0.36878150701522827,0.3485594391822815,0.3489532470703125,0.3426656723022461,0.32429927587509155,0.3276336193084717,0.33595728874206543,0.34143316745758057,0.35080206394195557,0.35243409872055054,0.2985915541648865,0.2787972688674927,0.2639791965484619,0.23875635862350464,0.2221815586090088,0.18874311447143555,0.18568599224090576,0.157845139503479,0.1470586061477661,39,1
1.3083441257476807,12,8,0.75607068836689,0.37276530265808105,0.3517739176750183,0.3432720899581909,0.4991217851638794,0.500896543264389,0.4567275047302246,0.45589059591293335,0.48638272285461426,0.48184120655059814,0.40242820978164673,0.38507264852523804,0.3741908073425293,0.3656184673309326,0.3491237759590149,0.3479544520378113,0.36208558082580566,0.3653377890586853,0.3775593638420105,0.37949228286743164,0.32951194047927856,0.3239685297012329,0.3082844614982605,0.28945767879486084,0.27419549226760864,0.22849762439727783,0.2232290506362915,0.18637895584106445,0.13515859842300415,39,1
2.4316911697387695,5,4,0.75607068836689,0.35900747776031494,0.35580193996429443,0.3431546092033386,0.5235415399074554,0.5249355733394623,0.49130547046661377,0.4930802583694458,0.5226199626922607,0.5229242742061615,0.4461402893066406,0.4214223623275757,0.4094996452331543,0.41963112354278564,0.38847053050994873,0.39016807079315186,0.3942316174507141,0.40638870000839233,0.3867940306663513,0.36549079418182373,0.3054027557373047,0.288658082485199,0.27334707975387573,0.24306714534759521,0.2222367525100708,0.18723642826080322,0.18209660053253174,0.1533902883529663,0.15117937326431274,39,1
3.0586166381835938,13,11,0.75607068836689,0.3953235149383545,0.3904713988304138,0.400890052318573,0.5761411786079407,0.5763339996337891,0.5447949171066284,0.5722415149211884,0.6071101427078247,0.631885290145874,0.5241251587867737,0.48239946365356445,0.45529431104660034,0.4604349136352539,0.4487552046775818,0.4566425681114197,0.46708548069000244,0.4787093997001648,0.4466460943222046,0.41633790731430054,0.4482455253601074,0.43683671951293945,0.42678195238113403,0.37060481309890747,0.3155173063278198,0.2738380432128906,0.26543551683425903,0.27068525552749634,0.2078036069869995,40,0
4.2054877281188965,6,4,0.75607068836689,0.3761245012283325,0.37247592210769653,0.3780698776245117,0.5643508434295654,0.557249128818512,0.5421625971794128,0.566521167755127,0.6279031932353973,0.6488283276557922,0.5121724605560303,0.4726395010948181,0.4421536326408386,0.4328659772872925,0.4116517901420593,0.42828142642974854,0.4103817343711853,0.412572979927063,0.40054821968078613,0.359360933303833,0.37435591220855713,0.3481963872909546,0.3560011386871338,0.29517537355422974,0.24680781364440918,0.21724259853363037,0.2097272276878357,0.22609901428222656,0.23263192176818848,40,0
2.0963943004608154,6,5,0.75607068836689,0.3796932101249695,0.37841832637786865,0.379549503326416,0.5715836882591248,0.5703089535236359,0.5451458692550659,0.5926332771778107,0.6335467398166656,0.6765047311782837,0.5343811511993408,0.4856756329536438,0.45162081718444824,0.45043617486953735,0.4210778474807739,0.453308641910553,0.44436508417129517,0.42484694719314575,0.4163154363632202,0.3733971118927002,0.36783885955810547,0.3469165563583374,0.35419076681137085,0.29491400718688965,0.24277228116989136,0.21489810943603516,0.21043658256530762,0.21029573678970337,0.1882798671722412,40,0
2.339088201522827,6,5,0.75607068836689,0.3777499794960022,0.3694725036621094,0.3701140880584717,0.5497899651527405,0.5475736856460571,0.5213582813739777,0.5528356432914734,0.5819405317306519,0.6177635192871094,0.4817577600479126,0.43386024236679077,0.41766631603240967,0.42122650146484375,0.41816091537475586,0.4525802731513977,0.4481663703918457,0.42007994651794434,0.41347360610961914,0.369204580783844,0.3775496482849121,0.3676331043243408,0.39783626794815063,0.340900182723999,0.2810722589492798,0.2481597661972046,0.24138963222503662,0.24762892723083496,0.2430073618888855,40,0
3.976569414138794,5,4,0.75607068836689,0.3808627128601074,0.3708750605583191,0.3820804953575134,0.565349817276001,0.5503722131252289,0.537621259689331,0.5670188069343567,0.6112326383590698,0.6364939510822296,0.5116289258003235,0.4527010917663574,0.4265493154525757,0.4340900182723999,0.4190107583999634,0.44405949115753174,0.43557220697402954,0.43099159002304077,0.4100133776664734,0.37506216764450073,0.3809579014778137,0.3632580041885376,0.371391236782074,0.30792343616485596,0.25237321853637695,0.22491967678070068,0.2168521285057068,0.2255936861038208,0.20669984817504883,40,0
2.998940944671631,5,4,0.75607068836689,0.37482696771621704,0.36718958616256714,0.3787698745727539,0.559329092502594,0.5417356193065643,0.5302927494049072,0.5604349970817566,0.6001221835613251,0.6252357065677643,0.4814741611480713,0.41156965494155884,0.39661818742752075,0.39719653129577637,0.38038939237594604,0.3948904275894165,0.3922572135925293,0.3945046663284302,0.37429505586624146,0.3386421203613281,0.32634395360946655,0.301249623298645,0.3105437755584717,0.24951016902923584,0.20779812335968018,0.17976272106170654,0.17709624767303467,0.18565970659255981,0.21242201328277588,40,0
1.9316047430038452,5,4,0.75607068836689,0.3636597990989685,0.3536354899406433,0.3579190969467163,0.5365525484085083,0.5391561985015869,0.5153740644454956,0.5475245118141174,0.6123168170452118,0.6348130702972412,0.47731727361679077,0.42995786666870117,0.4183746576309204,0.4090069532394409,0.3825327157974243,0.4176485538482666,0.4053901433944702,0.40598607063293457,0.41899919509887695,0.39582353830337524,0.3731420040130615,0.35019582509994507,0.3574675917625427,0.3067668080329895,0.2540320158004761,0.20908015966415405,0.20150858163833618,0.21233218908309937,0.40290147066116333,40,1
1.7681528329849243,5,4,0.75607068836689,0.36006391048431396,0.35009753704071045,0.35766148567199707,0.5381893217563629,0.5506351590156555,0.5254893004894257,0.5472474098205566,0.5760652124881744,0.604988694190979,0.4579470753669739,0.40981030464172363,0.39824920892715454,0.389162540435791,0.3628365397453308,0.38787567615509033,0.3865862488746643,0.38779670000076294,0.4018927216529846,0.37741684913635254,0.34669190645217896,0.32027173042297363,0.3272358179092407,0.2789154052734375,0.23307615518569946,0.19340670108795166,0.18801212310791016,0.20059067010879517,0.4187781810760498,40,1
2.3357620239257812,5,4,0.75607068836689,0.3597412705421448,0.3551732301712036,0.3583981990814209,0.5464804172515869,0.5470127463340759,0.5224879682064056,0.5579820871353149,0.6388027966022491,0.6422698199748993,0.5162747502326965,0.4287108778953552,0.41614437103271484,0.40312981605529785,0.37916672229766846,0.38770025968551636,0.37739306688308716,0.37379807233810425,0.361833393573761,0.33005285263061523,0.32212311029434204,0.30052053928375244,0.300128698348999,0.25135338306427,0.20381617546081543,0.16941595077514648,0.16744482517242432,0.17770510911941528,0.15470927953720093,40,1
2.4925105571746826,5,4,0.75607068836689,0.3626437187194824,0.35439419746398926,0.3615928292274475,0.5414668619632721,0.5434202551841736,0.5187711715698242,0.566533625125885,0.6477150321006775,0.6620231866836548,0.5391901731491089,0.4518641233444214,0.4325845241546631,0.43454509973526,0.4086424708366394,0.44259393215179443,0.4275372624397278,0.4141499996185303,0.3974868655204773,0.3605222702026367,0.35144150257110596,0.32586437463760376,0.32224512100219727,0.2745375633239746,0.2229992151260376,0.18283653259277344,0.1775112748146057,0.18843966722488403,0.19491040706634521,40,1
1.6133573055267334,6,5,0.75607068836689,0.3893996477127075,0.37912583351135254,0.38115888833999634,0.5584662556648254,0.5596285760402679,0.5282639563083649,0.5501295626163483,0.567552775144577,0.5941160917282104,0.4417439103126526,0.38942956924438477,0.3694368600845337,0.35533034801483154,0.33444100618362427,0.33691513538360596,0.33198487758636475,0.3320446014404297,0.33285725116729736,0.30337095260620117,0.2835705876350403,0.26327747106552124,0.27196139097213745,0.22414028644561768,0.1890992522239685,0.15635979175567627,0.1643681526184082,0.18249905109405518,0.2738609313964844,40,1
1.928791880607605,5,4,0.75607068836689,0.3594377040863037,0.3493465185165405,0.35689496994018555,0.5342813730239868,0.547431468963623,0.5254167318344116,0.5467818975448608,0.5754859149456024,0.5926739573478699,0.4474722146987915,0.3982583284378052,0.39159679412841797,0.3894657492637634,0.36987578868865967,0.39543139934539795,0.385952889919281,0.38966190814971924,0.40180379152297974,0.37628281116485596,0.3539304733276367,0.32518041133880615,0.3279408812522888,0.2806880474090576,0.23231220245361328,0.19518494606018066,0.19162827730178833,0.20629584789276123,0.37559616565704346,40,1
2.345935583114624,10,9,0.75607068836689,0.3599548935890198,0.34231483936309814,0.33611613512039185,0.4987027645111084,0.5103611052036285,0.48693883419036865,0.48782968521118164,0.5331571102142334,0.5774829089641571,0.47104406356811523,0.44176846742630005,0.4215635061264038,0.4106954336166382,0.385265052318573,0.40247368812561035,0.41965991258621216,0.4098964333534241,0.40638959407806396,0.43479448556900024,0.3894672989845276,0.3641811013221741,0.36475491523742676,0.31497275829315186,0.2721198797225952,0.24935698509216309,0.24911725521087646,0.23805111646652222,0.22682571411132812,41,0
3.702439069747925,5,4,0.75607068836689,0.3610944151878357,0.35009557008743286,0.34466397762298584,0.5248725414276123,0.5321657657623291,0.49982327222824097,0.4997977018356323,0.5434640645980835,0.5789030194282532,0.47300899028778076,0.44325917959213257,0.4304758310317993,0.4212186336517334,0.3818146586418152,0.411418080329895,0.43128740787506104,0.4160073399543762,0.41198140382766724,0.42876070737838745,0.3783455491065979,0.3480321168899536,0.3503948450088501,0.30066144466400146,0.2632748484611511,0.2439718246459961,0.2450563907623291,0.23374539613723755,0.21737998723983765,41,0
3.554682970046997,8,7,0.75607068836689,0.3741326928138733,0.3530406951904297,0.3449878692626953,0.5159241557121277,0.5087080001831055,0.48464739322662354,0.4894934296607971,0.5187025666236877,0.5423812866210938,0.43739795684814453,0.4228058457374573,0.3964688777923584,0.3874903917312622,0.3555713891983032,0.36157143115997314,0.3644815683364868,0.36903607845306396,0.36992722749710083,0.39131951332092285,0.33670181035995483,0.32063353061676025,0.3301239609718323,0.28282392024993896,0.2428010106086731,0.21157306432724,0.20581495761871338,0.19687235355377197,0.1780441403388977,41,0
1.5174167156219482,8,7,0.75607068836689,0.36447787284851074,0.34508228302001953,0.33520931005477905,0.5115403532981873,0.49170786142349243,0.466205358505249,0.4702026844024658,0.4816426634788513,0.4878566265106201,0.3803481459617615,0.3423762321472168,0.3246745467185974,0.31043344736099243,0.2944444417953491,0.30311715602874756,0.3324900269508362,0.34414780139923096,0.35390180349349976,0.3982332944869995,0.3701467514038086,0.3533303737640381,0.35919511318206787,0.32945847511291504,0.2837926149368286,0.2502903342247009,0.23791038990020752,0.23020458221435547,0.2432994842529297,41,1
4.051198482513428,7,4,0.75607068836689,0.3582721948623657,0.3468135595321655,0.3393852114677429,0.5248415172100067,0.5147930085659027,0.49227654933929443,0.4998394846916199,0.5356529355049133,0.5580349266529083,0.4299880862236023,0.38446539640426636,0.35885459184646606,0.3498857021331787,0.33623427152633667,0.3229709267616272,0.3368123173713684,0.33535563945770264,0.337619423866272,0.3688265085220337,0.31320321559906006,0.3005021810531616,0.3267914652824402,0.2918778657913208,0.2567998170852661,0.22687184810638428,0.22243988513946533,0.2038865089416504,0.16959929466247559,41,1
3.2595701217651367,11,7,0.75607068836689,0.36285990476608276,0.3486934304237366,0.34499865770339966,0.5303941965103149,0.5149163007736206,0.48991256952285767,0.49605005979537964,0.5390113294124603,0.565768301486969,0.45961886644363403,0.42850542068481445,0.426425039768219,0.39384937286376953,0.3731117248535156,0.3905901312828064,0.4026907682418823,0.40186572074890137,0.4015190601348877,0.43139851093292236,0.38888347148895264,0.3781934380531311,0.3601921796798706,0.3168998956680298,0.28092771768569946,0.24896228313446045,0.25175321102142334,0.23745590448379517,0.24626410007476807,41,1
3.234886884689331,5,4,0.75607068836689,0.3557613492012024,0.3447914719581604,0.333421528339386,0.5205575823783875,0.5223487615585327,0.49805742502212524,0.5036143660545349,0.5313837826251984,0.540239691734314,0.42895007133483887,0.37058132886886597,0.35690146684646606,0.3427762985229492,0.3208930492401123,0.304640531539917,0.32061129808425903,0.32859814167022705,0.34951120615005493,0.3994615077972412,0.35068923234939575,0.32851874828338623,0.3618316650390625,0.32840120792388916,0.28907936811447144,0.250781774520874,0.2407734990119934,0.21719574928283691,0.2094045877456665,41,1
1.1248633861541748,12,11,0.75607068836689,0.37560951709747314,0.3576103448867798,0.34999537467956543,0.5365349054336548,0.508702963590622,0.4666382074356079,0.4813344478607178,0.49812620878219604,0.5302040576934814,0.3912839889526367,0.3415416479110718,0.33624696731567383,0.30925452709198,0.2901594638824463,0.28204673528671265,0.28451281785964966,0.27788299322128296,0.2688823342323303,0.2738385796546936,0.2433421015739441,0.26155656576156616,0.2795048952102661,0.26261645555496216,0.24565720558166504,0.20428156852722168,0.19512253999710083,0.18265748023986816,0.08760076761245728,42,0
4.40409517288208,5,4,0.75607068836689,0.3786945939064026,0.3548789620399475,0.3453037738800049,0.5532097518444061,0.5584760904312134,0.4963821768760681,0.49777621030807495,0.5378660261631012,0.5721897780895233,0.49919605255126953,0.4426625967025757,0.4357544183731079,0.4351387619972229,0.41882598400115967,0.4353346824645996,0.41026586294174194,0.4041937589645386,0.38389384746551514,0.41875576972961426,0.3669769763946533,0.3541002869606018,0.3767748475074768,0.3414149284362793,0.31267428398132324,0.27034199237823486,0.25451040267944336,0.2329915165901184,0.1265249252319336,42,0
1.1941989660263062,9,8,0.75607068836689,0.38769519329071045,0.3585420846939087,0.34767913818359375,0.5320220291614532,0.5281068086624146,0.46840667724609375,0.48308485746383667,0.5109435319900513,0.5422649681568146,0.39757823944091797,0.35338377952575684,0.34151941537857056,0.30676883459091187,0.28817421197891235,0.2868404984474182,0.27875906229019165,0.2680642604827881,0.2480197548866272,0.26727616786956787,0.239096999168396,0.2552527189254761,0.26940929889678955,0.23767703771591187,0.2270718812942505,0.19624000787734985,0.19454199075698853,0.18667101860046387,0.10425865650177002,42,0
0.5299320220947266,13,10,0.75607068836689,0.3785211443901062,0.3576669692993164,0.347959041595459,0.533532440662384,0.5142009258270264,0.47270792722702026,0.47893327474594116,0.4815431237220764,0.5165514051914215,0.3694213628768921,0.31377071142196655,0.3103122115135193,0.27326500415802,0.26068228483200073,0.24768006801605225,0.2520564794540405,0.24299335479736328,0.2271333932876587,0.23909717798233032,0.22970342636108398,0.2282654047012329,0.24325311183929443,0.2153332233428955,0.19614672660827637,0.17548692226409912,0.17299586534500122,0.1605396270751953,0.1001807451248169,42,1
0.9929674863815308,11,8,0.75607068836689,0.3771880865097046,0.35628044605255127,0.3493350148200989,0.5353759527206421,0.5193839073181152,0.477907657623291,0.48369067907333374,0.4918551445007324,0.5277862548828125,0.37962400913238525,0.3219860792160034,0.31909382343292236,0.2827460765838623,0.26451754570007324,0.2517319321632385,0.25498390197753906,0.24955326318740845,0.23789238929748535,0.24455541372299194,0.2279278039932251,0.22245562076568604,0.22944724559783936,0.19977015256881714,0.17973482608795166,0.15707379579544067,0.15744972229003906,0.14793670177459717,0.08918249607086182,42,1
1.4582679271697998,11,8,0.75607068836689,0.3770771026611328,0.35606318712234497,0.34928053617477417,0.535581111907959,0.5187709629535675,0.47723639011383057,0.48431313037872314,0.4947424530982971,0.5309726595878601,0.3829382658004761,0.3240218162536621,0.3233034610748291,0.2861848473548889,0.26791512966156006,0.25668495893478394,0.26037776470184326,0.2609177827835083,0.24775665998458862,0.2578887939453125,0.2412416934967041,0.22984325885772705,0.2442396879196167,0.21119427680969238,0.1960451602935791,0.16995441913604736,0.16578972339630127,0.15497684478759766,0.0861436128616333,42,1
1.4683290719985962,11,8,0.75607068836689,0.37637269496917725,0.35621386766433716,0.34965503215789795,0.5360278487205505,0.5204266905784607,0.47819191217422485,0.48362207412719727,0.4931226968765259,0.5310978889465332,0.3811430335044861,0.32407379150390625,0.32683348655700684,0.29039061069488525,0.2713853120803833,0.26138150691986084,0.26624006032943726,0.26426732540130615,0.25421571731567383,0.27229344844818115,0.25496727228164673,0.2507307529449463,0.2789314389228821,0.2494247555732727,0.23211538791656494,0.20016252994537354,0.1915377378463745,0.17663145065307617,0.10730975866317749,42,1
1.3837474584579468,7,6,0.75607068836689,0.3469020128250122,0.33911776542663574,0.322101354598999,0.5125495195388794,0.5052064061164856,0.4978750944137573,0.5066508054733276,0.5169000327587128,0.5386484265327454,0.41062992811203003,0.3947100043296814,0.3726549744606018,0.3563322424888611,0.3436731696128845,0.3667205572128296,0.37452101707458496,0.40090084075927734,0.365678608417511,0.35139238834381104,0.3008713722229004,0.2672540545463562,0.240461528301239,0.19667160511016846,0.1559739112854004,0.12024426460266113,0.11394453048706055,0.09705507755279541,0.09024906158447266,43,0
1.314079761505127,15,14,0.75607068836689,0.3643296957015991,0.3498244285583496,0.33222323656082153,0.5109985768795013,0.4988754391670227,0.49167752265930176,0.5185738503932953,0.5269708037376404,0.5410566329956055,0.41408348083496094,0.4027913808822632,0.39871150255203247,0.39169561862945557,0.379544734954834,0.3858569264411926,0.40026748180389404,0.4133347272872925,0.3830530047416687,0.3554224371910095,0.2996889352798462,0.26917701959609985,0.23128646612167358,0.20141500234603882,0.1705988049507141,0.13334238529205322,0.13057327270507812,0.11273193359375,0.08352065086364746,43,0
2.129394292831421,12,11,0.75607068836689,0.35423558950424194,0.3420814871788025,0.3216592073440552,0.5025976598262787,0.48855066299438477,0.4804311990737915,0.5031079947948456,0.5112791359424591,0.5395542979240417,0.42732685804367065,0.4065713882446289,0.380329430103302,0.35441792011260986,0.34735339879989624,0.3478720784187317,0.36476945877075195,0.3943454623222351,0.3724656105041504,0.37693387269973755,0.30312252044677734,0.27496182918548584,0.247117817401886,0.21546727418899536,0.17506635189056396,0.13628721237182617,0.13334286212921143,0.11351853609085083,0.07681912183761597,43,0
1.4593629837036133,13,11,0.75607068836689,0.3619607090950012,0.3499835133552551,0.3301417827606201,0.5103592574596405,0.5022809505462646,0.4858975410461426,0.48716121912002563,0.4997066259384155,0.5247223079204559,0.39273321628570557,0.3820306658744812,0.35741233825683594,0.3373008966445923,0.328255295753479,0.3432738780975342,0.35988497734069824,0.38406527042388916,0.35390985012054443,0.3254217505455017,0.2928631901741028,0.2673584222793579,0.24149328470230103,0.19903922080993652,0.16239553689956665,0.12581157684326172,0.119101881980896,0.10738050937652588,0.13167798519134521,43,0
1.263689637184143,16,15,0.75607068836689,0.3664541244506836,0.35202866792678833,0.3359150290489197,0.5169846415519714,0.5050908327102661,0.49164068698883057,0.5132710039615631,0.5182346701622009,0.5352796614170074,0.3967936038970947,0.37034833431243896,0.3668578863143921,0.34459251165390015,0.33325666189193726,0.3252878785133362,0.34237122535705566,0.366651713848114,0.3413613438606262,0.3247750401496887,0.27502119541168213,0.25926661491394043,0.24367868900299072,0.21970635652542114,0.18686938285827637,0.15006589889526367,0.14719831943511963,0.12737911939620972,0.11785149574279785,43,1
2.140437602996826,6,5,0.75607068836689,0.3403703570365906,0.3356666564941406,0.3206363916397095,0.5100203156471252,0.5069471895694733,0.504427045583725,0.5182541012763977,0.5274945199489594,0.5615626573562622,0.435133159160614,0.398490309715271,0.38169771432876587,0.36137521266937256,0.35002386569976807,0.37071818113327026,0.3683094382286072,0.3932046890258789,0.3628568649291992,0.32811814546585083,0.26629137992858887,0.23179006576538086,0.20196866989135742,0.16705119609832764,0.13677775859832764,0.10704994201660156,0.10290020704269409,0.08862292766571045,0.061727821826934814,43,1
1.5611016750335693,12,10,0.75607068836689,0.35582756996154785,0.34676092863082886,0.3284375071525574,0.5145524740219116,0.49869728088378906,0.48479872941970825,0.5055437982082367,0.5273451507091522,0.5459098815917969,0.39499688148498535,0.36998748779296875,0.35506296157836914,0.32457828521728516,0.2986106872558594,0.28888392448425293,0.3069186806678772,0.3289591670036316,0.3094189763069153,0.31621885299682617,0.27756214141845703,0.2630997896194458,0.24390161037445068,0.22622615098953247,0.19551360607147217,0.16098928451538086,0.15833377838134766,0.1359187364578247,0.10723257064819336,43,1
1.999925136566162,11,10,0.75607068836689,0.3474212884902954,0.33949339389801025,0.3214164972305298,0.5070156157016754,0.49438607692718506,0.4842262864112854,0.512584924697876,0.5284365117549896,0.5562777519226074,0.4189881682395935,0.39970529079437256,0.38227909803390503,0.3449273705482483,0.3227824568748474,0.3264831304550171,0.340955913066864,0.36607974767684937,0.3384682536125183,0.3238738775253296,0.2776985764503479,0.2577369213104248,0.23941802978515625,0.20973414182662964,0.17470622062683105,0.13773047924041748,0.13149785995483398,0.11213028430938721,0.0819053053855896,43,1
2.0781755447387695,9,8,0.75607068836689,0.3586082458496094,0.3542354702949524,0.33178210258483887,0.514109194278717,0.50945645570755,0.491211473941803,0.5030260682106018,0.5025511384010315,0.5168513059616089,0.3773353099822998,0.3534145951271057,0.34528398513793945,0.3158680200576782,0.30202025175094604,0.2823101878166199,0.2930394411087036,0.3091377019882202,0.29273682832717896,0.291803777217865,0.26749682426452637,0.2463059425354004,0.22346651554107666,0.1910913586616516,0.16414690017700195,0.12949848175048828,0.12711834907531738,0.11363476514816284,0.1256626844406128,43,1
1.738494634628296,12,10,0.75607068836689,0.3742114305496216,0.3567545413970947,0.3386605381965637,0.5068149566650391,0.4959426522254944,0.46364080905914307,0.4720271825790405,0.49634987115859985,0.5137481689453125,0.40570133924484253,0.38801103830337524,0.38279783725738525,0.3764532804489136,0.37529224157333374,0.35370296239852905,0.3578146696090698,0.3615625500679016,0.34141117334365845,0.32017266750335693,0.2742921710014343,0.2543346881866455,0.23872804641723633,0.2036353349685669,0.17446815967559814,0.12803328037261963,0.12901782989501953,0.12301445007324219,0.10456132888793945,44,0
2.072587490081787,18,16,0.75607068836689,0.38608258962631226,0.35658568143844604,0.3341081738471985,0.5005291700363159,0.48401176929473877,0.44832563400268555,0.45990806818008423,0.47941285371780396,0.48593807220458984,0.36881351470947266,0.36033523082733154,0.3594633936882019,0.35962510108947754,0.3485225439071655,0.3326351046562195,0.3453233242034912,0.33941298723220825,0.3174690008163452,0.3166928291320801,0.27426332235336304,0.2552146911621094,0.23871183395385742,0.20523524284362793,0.17491912841796875,0.1286327838897705,0.12636643648147583,0.11381673812866211,0.07176876068115234,44,0
1.5638275146484375,11,9,0.75607068836689,0.3710452914237976,0.3558002710342407,0.3357399106025696,0.5152209997177124,0.4979957938194275,0.4629717469215393,0.4655965566635132,0.4893782138824463,0.4934808015823364,0.3927345275878906,0.38627469539642334,0.35648012161254883,0.34870588779449463,0.3427991271018982,0.3361096978187561,0.33739936351776123,0.34277403354644775,0.32496851682662964,0.32297229766845703,0.27943480014801025,0.2700073719024658,0.25348371267318726,0.2237858772277832,0.1929314136505127,0.14436084032058716,0.14248359203338623,0.13790792226791382,0.12709760665893555,44,0
2.430345296859741,6,5,0.75607068836689,0.3669389486312866,0.363946795463562,0.34461408853530884,0.5347894430160522,0.5273548066616058,0.4926864504814148,0.504063606262207,0.5512748956680298,0.5606617033481598,0.4616248607635498,0.4376811981201172,0.4243302345275879,0.39730679988861084,0.3826712369918823,0.3665946125984192,0.3590793013572693,0.36389821767807007,0.3415086269378662,0.31794649362564087,0.26873940229415894,0.23450154066085815,0.21999967098236084,0.1743391752243042,0.14651203155517578,0.10566449165344238,0.10168832540512085,0.09915602207183838,0.08641976118087769,44,1
2.076104164123535,9,7,0.75607068836689,0.3731335997581482,0.35843968391418457,0.3380259871482849,0.518158495426178,0.5131873488426208,0.48227882385253906,0.4887849688529968,0.5275809466838837,0.5402480661869049,0.4234979748725891,0.4077730178833008,0.4073289632797241,0.38850051164627075,0.38076484203338623,0.3587256669998169,0.34741151332855225,0.35184168815612793,0.32423049211502075,0.28418397903442383,0.238203227519989,0.20492684841156006,0.19435358047485352,0.16263145208358765,0.13908272981643677,0.10506808757781982,0.10518598556518555,0.10633957386016846,0.09317374229431152,44,1
1.7653558254241943,8,7,0.75607068836689,0.37165367603302,0.356078565120697,0.3330622911453247,0.5096388459205627,0.49804121255874634,0.455660879611969,0.46878594160079956,0.4974064230918884,0.5024577081203461,0.4096936583518982,0.39212191104888916,0.38762855529785156,0.3632049560546875,0.36420029401779175,0.346676230430603,0.35279393196105957,0.36285078525543213,0.33356910943984985,0.3003584146499634,0.24495160579681396,0.21010065078735352,0.1907532811164856,0.1508684754371643,0.12889355421066284,0.09549236297607422,0.09051024913787842,0.08810675144195557,0.07820582389831543,44,1
2.023392677307129,8,7,0.75607068836689,0.37330400943756104,0.3654364347457886,0.3439067602157593,0.5224674940109253,0.5080015659332275,0.46689116954803467,0.4777613878250122,0.49969542026519775,0.5146775543689728,0.3905569314956665,0.3808879852294922,0.373670756816864,0.35321444272994995,0.3424026370048523,0.31241077184677124,0.31275904178619385,0.31789708137512207,0.3085256814956665,0.3061683177947998,0.2502134442329407,0.2263941764831543,0.2038288712501526,0.17046016454696655,0.14972734451293945,0.10529661178588867,0.10792684555053711,0.1073065996170044,0.0930711030960083,44,1
1.8893663883209229,10,9,0.75607068836689,0.38121747970581055,0.3637844920158386,0.34227895736694336,0.5214709043502808,0.4995764493942261,0.4573184847831726,0.4799884557723999,0.48586368560791016,0.5051335692405701,0.4004232883453369,0.38474351167678833,0.3671470880508423,0.3411980867385864,0.3286954164505005,0.31682825088500977,0.31972455978393555,0.3184337615966797,0.300777792930603,0.29535728693008423,0.24836194515228271,0.2244434356689453,0.2057517170906067,0.17670220136642456,0.150421142578125,0.10813945531845093,0.10640478134155273,0.09606873989105225,0.06670969724655151,44,1
2.9063029289245605,6,5,0.75607068836689,0.36242496967315674,0.355599582195282,0.3387840986251831,0.5237688422203064,0.5258741080760956,0.49349844455718994,0.5045052766799927,0.540563702583313,0.5676301121711731,0.46715760231018066,0.44533878564834595,0.42483997344970703,0.41723376512527466,0.3896027207374573,0.3849217891693115,0.3806787133216858,0.3655353784561157,0.35330677032470703,0.3418387770652771,0.29366159439086914,0.2747964859008789,0.24722647666931152,0.20373249053955078,0.17214351892471313,0.12094974517822266,0.11677265167236328,0.10966277122497559,0.0854940414428711,44,1
0.6237168312072754,14,9,0.75607068836689,0.4105680584907532,0.365450918674469,0.34461289644241333,0.5039219856262207,0.5087897181510925,0.46589934825897217,0.4709460139274597,0.5023732781410217,0.5241346061229706,0.40091437101364136,0.34958285093307495,0.3256568908691406,0.3178309202194214,0.2888740301132202,0.30795133113861084,0.32694441080093384,0.3290409445762634,0.3144281506538391,0.30100274085998535,0.24226105213165283,0.2113460898399353,0.2064409852027893,0.1571793556213379,0.13839465379714966,0.104606032371521,0.10381394624710083,0.0924292802810669,0.07383501529693604,45,0
0.5275691747665405,15,10,0.75607068836689,0.412211537361145,0.3684503436088562,0.3483002185821533,0.5040041208267212,0.5116806328296661,0.46661365032196045,0.47786515951156616,0.505887359380722,0.5294720828533173,0.40829241275787354,0.35209715366363525,0.32841813564300537,0.32764118909835815,0.30018389225006104,0.31934654712677,0.3373922109603882,0.3394990563392639,0.32261842489242554,0.3113694190979004,0.25311827659606934,0.2278786301612854,0.21983808279037476,0.16787099838256836,0.1459444761276245,0.1080247163772583,0.10706591606140137,0.09541833400726318,0.07069677114486694,45,0
1.0273220539093018,13,8,0.75607068836689,0.40726375579833984,0.3625958561897278,0.3448585867881775,0.49440324306488037,0.4954993724822998,0.4460175633430481,0.4599769115447998,0.499458909034729,0.5387859642505646,0.42521798610687256,0.3797982931137085,0.347322940826416,0.34542346000671387,0.31225645542144775,0.3113313913345337,0.32641494274139404,0.3101104497909546,0.29684698581695557,0.2610049247741699,0.2297382354736328,0.20721501111984253,0.21177059412002563,0.17113012075424194,0.15337926149368286,0.1201140284538269,0.12375915050506592,0.1142580509185791,0.10270106792449951,45,0
0.9024423956871033,15,10,0.75607068836689,0.41121429204940796,0.3679385185241699,0.34453701972961426,0.5001248121261597,0.49807053804397583,0.45777857303619385,0.4685291647911072,0.5010550618171692,0.5233738720417023,0.40620583295822144,0.35126787424087524,0.3256866931915283,0.31548506021499634,0.29251551628112793,0.31991028785705566,0.34133392572402954,0.34919053316116333,0.3314574360847473,0.3142637610435486,0.2678850293159485,0.24130278825759888,0.23443758487701416,0.18183374404907227,0.15948021411895752,0.11820721626281738,0.11712205410003662,0.10411739349365234,0.07288354635238647,45,0
0.7558714747428894,14,9,0.75607068836689,0.4104135036468506,0.3653254508972168,0.34306418895721436,0.5016329288482666,0.506482869386673,0.46417009830474854,0.4685121178627014,0.4990035891532898,0.5244691967964172,0.4039376974105835,0.34465640783309937,0.3189154863357544,0.3052920699119568,0.281541109085083,0.2817862033843994,0.2953866124153137,0.2956441044807434,0.28291410207748413,0.27615171670913696,0.22645562887191772,0.20262527465820312,0.1966698169708252,0.15140444040298462,0.13470768928527832,0.10104131698608398,0.10142207145690918,0.09252804517745972,0.07656735181808472,45,1
0.6274133324623108,15,10,0.75607068836689,0.41286855936050415,0.3691394329071045,0.3458535671234131,0.5008842647075653,0.5081078410148621,0.46522748470306396,0.47518718242645264,0.5056030452251434,0.5295251607894897,0.4104471206665039,0.3520579934120178,0.32750725746154785,0.31840622425079346,0.3027259111404419,0.31336259841918945,0.3295784592628479,0.32977908849716187,0.3123137354850769,0.3071482181549072,0.2522038221359253,0.23141682147979736,0.223624587059021,0.17273098230361938,0.15106260776519775,0.1123194694519043,0.1115422248840332,0.09966874122619629,0.07213526964187622,45,1
1.1693886518478394,13,8,0.75607068836689,0.4071991443634033,0.36287301778793335,0.3442577123641968,0.49478840827941895,0.4966338872909546,0.44636964797973633,0.46148431301116943,0.5043383836746216,0.540638267993927,0.43136054277420044,0.38200849294662476,0.3465789556503296,0.33801162242889404,0.30785924196243286,0.2978285551071167,0.3058701753616333,0.28858059644699097,0.28035593032836914,0.2527587413787842,0.2257293462753296,0.20633530616760254,0.20492887496948242,0.16546666622161865,0.14902043342590332,0.11538243293762207,0.11759936809539795,0.11223483085632324,0.10686182975769043,45,1
1.7210890054702759,13,8,0.75607068836689,0.40246355533599854,0.3614869713783264,0.3460457921028137,0.49589061737060547,0.4966602921485901,0.44550347328186035,0.4616791009902954,0.5083817541599274,0.5549576878547668,0.4540679454803467,0.3978889584541321,0.36498767137527466,0.3534700274467468,0.31079012155532837,0.2984483242034912,0.31035685539245605,0.292148232460022,0.28429949283599854,0.25804662704467773,0.22122704982757568,0.19768363237380981,0.19721436500549316,0.1533292531967163,0.1365644335746765,0.10396319627761841,0.10529088973999023,0.09935426712036133,0.08554518222808838,45,1
1.2729289531707764,12,7,0.75607068836689,0.3996129631996155,0.35979968309402466,0.3409360647201538,0.4925551414489746,0.49442362785339355,0.44760221242904663,0.4645543098449707,0.5155705213546753,0.5628629326820374,0.4583786129951477,0.3962446451187134,0.36047589778900146,0.350735604763031,0.30615824460983276,0.29529649019241333,0.30536115169525146,0.29269182682037354,0.287220299243927,0.2596113681793213,0.2220902442932129,0.1964976191520691,0.19996953010559082,0.15305417776107788,0.1360366940498352,0.10312056541442871,0.10525786876678467,0.0981035828590393,0.08201014995574951,45,1
1.5080724954605103,13,10,0.75607068836689,0.38179731369018555,0.35581398010253906,0.3488612174987793,0.5185087323188782,0.49132347106933594,0.45495444536209106,0.47034651041030884,0.4952020049095154,0.5165459215641022,0.3972787857055664,0.3679644465446472,0.3438349962234497,0.33347195386886597,0.3120994567871094,0.2837013006210327,0.30019819736480713,0.30173683166503906,0.31162822246551514,0.33626413345336914,0.36710572242736816,0.3841807246208191,0.45257747173309326,0.4352610111236572,0.39172250032424927,0.3147760033607483,0.293176531791687,0.2377718687057495,0.16134673357009888,46,0
2.0806093215942383,13,11,0.75607068836689,0.3842499256134033,0.36472243070602417,0.3567650318145752,0.5210220813751221,0.49645084142684937,0.460914671421051,0.47650355100631714,0.5036265254020691,0.5241568982601166,0.41235899925231934,0.37913572788238525,0.3626062870025635,0.34514808654785156,0.3264539837837219,0.30043572187423706,0.31879210472106934,0.3147507905960083,0.3219098448753357,0.3482303023338318,0.379935622215271,0.401883602142334,0.45013654232025146,0.41601890325546265,0.36179935932159424,0.28591442108154297,0.2644891142845154,0.21707677841186523,0.13076961040496826,46,0
1.5647574663162231,13,11,0.75607068836689,0.38087165355682373,0.354877233505249,0.34894293546676636,0.5119995772838593,0.49063020944595337,0.4581974148750305,0.47129565477371216,0.49477308988571167,0.5058268308639526,0.38556474447250366,0.35671019554138184,0.337321937084198,0.32175153493881226,0.3145565390586853,0.29037487506866455,0.29902970790863037,0.30396461486816406,0.31384092569351196,0.33659303188323975,0.3492838740348816,0.3670681118965149,0.42280757427215576,0.3909911513328552,0.35320425033569336,0.2878183126449585,0.2800307273864746,0.22770309448242188,0.15403568744659424,46,1
1.699776530265808,15,13,0.75607068836689,0.3867710828781128,0.36343109607696533,0.354377806186676,0.5102106332778931,0.4843937158584595,0.4515819549560547,0.469906210899353,0.49755656719207764,0.5250479280948639,0.3933555483818054,0.3614621162414551,0.34491610527038574,0.328854501247406,0.32193344831466675,0.3065875172615051,0.319266140460968,0.32185155153274536,0.3284400701522827,0.3490918278694153,0.38123518228530884,0.4119572639465332,0.4842721223831177,0.46546757221221924,0.42147594690322876,0.34128236770629883,0.3215593695640564,0.2577754259109497,0.16013014316558838,46,1
0.8883867263793945,15,10,0.75607068836689,0.35756105184555054,0.3486459255218506,0.3449048399925232,0.5076832175254822,0.4997880458831787,0.4708503484725952,0.464820921421051,0.46550416946411133,0.47623956203460693,0.38491952419281006,0.36652058362960815,0.36189186573028564,0.3455212116241455,0.329387366771698,0.3430057168006897,0.34501463174819946,0.35492074489593506,0.34884196519851685,0.330464243888855,0.30285197496414185,0.2647651433944702,0.25394564867019653,0.2153693437576294,0.191883385181427,0.15406858921051025,0.1534719467163086,0.13043475151062012,0.1051710844039917,47,0
2.1438260078430176,16,13,0.75607068836689,0.35206764936447144,0.34372788667678833,0.33875489234924316,0.4989074468612671,0.49320507049560547,0.459644079208374,0.4530036449432373,0.48432689905166626,0.4888337254524231,0.3933507800102234,0.379910945892334,0.3693622946739197,0.3688378930091858,0.34620821475982666,0.36507725715637207,0.3719453811645508,0.37463313341140747,0.37404316663742065,0.35921335220336914,0.33603137731552124,0.30408036708831787,0.28716397285461426,0.2514091730117798,0.23171979188919067,0.18614840507507324,0.18503862619400024,0.1555948257446289,0.1119423508644104,47,0
1.8657861948013306,18,13,0.75607068836689,0.3516789674758911,0.35179972648620605,0.3484376072883606,0.5099998116493225,0.48354965448379517,0.4492908716201782,0.45976418256759644,0.4941532015800476,0.5030513107776642,0.4063952565193176,0.39049625396728516,0.385714054107666,0.4019649624824524,0.3758883476257324,0.412068247795105,0.4137227535247803,0.41253507137298584,0.4072311520576477,0.3672811985015869,0.3327953815460205,0.281110942363739,0.2703232169151306,0.21617627143859863,0.19415384531021118,0.14658057689666748,0.13804423809051514,0.12029653787612915,0.10959619283676147,47,0
1.6023889780044556,10,6,0.75607068836689,0.3485059142112732,0.3504733443260193,0.34339892864227295,0.5068699419498444,0.4872608184814453,0.45506662130355835,0.4532316327095032,0.47481220960617065,0.4811531901359558,0.3994574546813965,0.3807792067527771,0.37177443504333496,0.3864956498146057,0.36738765239715576,0.37940311431884766,0.37873566150665283,0.3832131028175354,0.38057053089141846,0.343106746673584,0.30464911460876465,0.26603323221206665,0.2655630111694336,0.21416771411895752,0.18803352117538452,0.14406955242156982,0.1354142427444458,0.12273842096328735,0.12239110469818115,47,0
0.616098165512085,18,13,0.75607068836689,0.3534497022628784,0.34533369541168213,0.3410794138908386,0.5013917684555054,0.503059446811676,0.4693201184272766,0.47016823291778564,0.4951412081718445,0.48674333095550537,0.4081588387489319,0.3824220299720764,0.3720552921295166,0.3617076277732849,0.35893958806991577,0.3683392405509949,0.381625771522522,0.3838873505592346,0.3688701391220093,0.3456019163131714,0.33249592781066895,0.30047178268432617,0.29720187187194824,0.2538571357727051,0.22416353225708008,0.17839980125427246,0.17327642440795898,0.14862722158432007,0.13389372825622559,47,1
2.4088211059570312,17,13,0.75607068836689,0.35457324981689453,0.3483009934425354,0.342298686504364,0.5024341642856598,0.4967431426048279,0.46293002367019653,0.46224552392959595,0.4680660367012024,0.4670933485031128,0.3754594326019287,0.3576962947845459,0.357938289642334,0.3562118411064148,0.34725987911224365,0.3416423797607422,0.34916287660598755,0.35690927505493164,0.3524082899093628,0.34674036502838135,0.31680142879486084,0.27962368726730347,0.26850903034210205,0.21965903043746948,0.2044311761856079,0.16567641496658325,0.15738022327423096,0.1299000382423401,0.14879000186920166,47,1
1.596685767173767,18,14,0.75607068836689,0.34776175022125244,0.34115201234817505,0.33728092908859253,0.4917631149291992,0.4787595272064209,0.45088309049606323,0.4566807746887207,0.5136140882968903,0.5301432013511658,0.45703125,0.44436347484588623,0.4289969205856323,0.42883145809173584,0.4041100740432739,0.4148542881011963,0.40488964319229126,0.42238855361938477,0.41678744554519653,0.3842218518257141,0.3455721139907837,0.30503392219543457,0.29443860054016113,0.2419772744178772,0.21345561742782593,0.16808807849884033,0.1580544114112854,0.14238202571868896,0.14396381378173828,47,1
2.914790630340576,20,16,0.75607068836689,0.35267913341522217,0.35089778900146484,0.34664928913116455,0.5092048048973083,0.4856720566749573,0.4548342823982239,0.47076088190078735,0.5154755413532257,0.538507878780365,0.45122677087783813,0.4397076964378357,0.4363745450973511,0.44818490743637085,0.4221881628036499,0.42115241289138794,0.40375280380249023,0.41840797662734985,0.41198110580444336,0.3735370635986328,0.3352507948875427,0.2870267629623413,0.27464258670806885,0.22131651639938354,0.19751501083374023,0.15477466583251953,0.14421069622039795,0.1266329288482666,0.11130928993225098,47,1
1.09392511844635,11,10,0.75607068836689,0.3543251156806946,0.3467199206352234,0.34145307540893555,0.5213294625282288,0.4997231960296631,0.45010221004486084,0.4714142084121704,0.507003515958786,0.49800556898117065,0.3910515308380127,0.3566986322402954,0.33251649141311646,0.33083462715148926,0.31514668464660645,0.30601072311401367,0.3253432512283325,0.33466577529907227,0.3438020348548889,0.3550455570220947,0.303261935710907,0.27999114990234375,0.26739954948425293,0.24138367176055908,0.1987929344177246,0.17245858907699585,0.1669461727142334,0.13815444707870483,0.0887531042098999,48,0
0.6648191213607788,15,14,0.75607068836689,0.36193233728408813,0.3443056344985962,0.34153908491134644,0.51705002784729,0.49478232860565186,0.4454585313796997,0.46689337491989136,0.505450040102005,0.49404746294021606,0.38984251022338867,0.35677391290664673,0.3385319709777832,0.3469141721725464,0.3313254117965698,0.33089137077331543,0.351966917514801,0.3601953983306885,0.3636857867240906,0.3756629228591919,0.32103633880615234,0.2982529401779175,0.30300700664520264,0.2684720754623413,0.22704869508743286,0.19910764694213867,0.1908932328224182,0.15806829929351807,0.09341436624526978,48,0
3.916471004486084,4,3,0.75607068836689,0.34745001792907715,0.3427150249481201,0.33851712942123413,0.5460020303726196,0.5348694920539856,0.4829350709915161,0.4969039559364319,0.5629127621650696,0.5609869360923767,0.47882241010665894,0.4361809492111206,0.4024409055709839,0.4015952944755554,0.3778306245803833,0.36716705560684204,0.3744417428970337,0.37806129455566406,0.3807762861251831,0.35150402784347534,0.277415931224823,0.24065321683883667,0.20504164695739746,0.17739444971084595,0.1384751796722412,0.1198880672454834,0.12225693464279175,0.09998577833175659,0.07831060886383057,48,0
3.881523609161377,4,3,0.75607068836689,0.3373132348060608,0.3411949872970581,0.3419821262359619,0.5251675248146057,0.5132353007793427,0.4745194911956787,0.48928046226501465,0.5244102776050568,0.5067908763885498,0.40162843465805054,0.37156766653060913,0.3462555408477783,0.34668004512786865,0.3202946186065674,0.31748729944229126,0.33366650342941284,0.3343201279640198,0.33115220069885254,0.3455609679222107,0.2847285270690918,0.2666224241256714,0.281200647354126,0.2525559663772583,0.21068435907363892,0.18210500478744507,0.17946577072143555,0.1504402756690979,0.12100350856781006,48,0
1.0287481546401978,13,11,0.75607068836689,0.36094963550567627,0.34922873973846436,0.348392128944397,0.5181556344032288,0.49586814641952515,0.44473350048065186,0.46558868885040283,0.5091527104377747,0.49323123693466187,0.38837045431137085,0.3537250757217407,0.33029866218566895,0.32048606872558594,0.3099743723869324,0.2986510992050171,0.3159297704696655,0.317827045917511,0.32206130027770996,0.3358171582221985,0.27672576904296875,0.25704461336135864,0.25243330001831055,0.23073089122772217,0.19656431674957275,0.17168700695037842,0.16462796926498413,0.1370227336883545,0.09391629695892334,48,1
0.7358201146125793,15,14,0.75607068836689,0.361591637134552,0.3443624973297119,0.3401452302932739,0.51542067527771,0.4949312210083008,0.4454649090766907,0.46704405546188354,0.5050576627254486,0.49462664127349854,0.3918394446372986,0.3582041263580322,0.3419305086135864,0.3491518497467041,0.33433181047439575,0.33419716358184814,0.3560989499092102,0.36190885305404663,0.3665351867675781,0.37816059589385986,0.3277031183242798,0.3050600290298462,0.30897271633148193,0.27675437927246094,0.23936885595321655,0.20944416522979736,0.1990067958831787,0.16576015949249268,0.09697568416595459,48,1
4.715414047241211,4,3,0.75607068836689,0.34327828884124756,0.3409302234649658,0.33595573902130127,0.5393140316009521,0.5284922122955322,0.4781653881072998,0.49285125732421875,0.5638978779315948,0.5610525906085968,0.47609198093414307,0.4344356060028076,0.40234172344207764,0.3992763161659241,0.37607812881469727,0.3696228265762329,0.37452399730682373,0.3760182857513428,0.3774302005767822,0.35109877586364746,0.2761225700378418,0.2345094084739685,0.20034825801849365,0.1761341094970703,0.1425797939300537,0.128351092338562,0.1225544810295105,0.09948623180389404,0.0707474946975708,48,1
4.363371849060059,4,3,0.75607068836689,0.3359508514404297,0.3402029871940613,0.34064412117004395,0.524336189031601,0.5119853019714355,0.471929669380188,0.4887893795967102,0.5271250903606415,0.511999785900116,0.4069260358810425,0.3755991458892822,0.350552499294281,0.3487358093261719,0.3245757818222046,0.3226044774055481,0.33851635456085205,0.3389779329299927,0.3364332914352417,0.3497767448425293,0.29146808385849,0.27385926246643066,0.2836480736732483,0.2554183006286621,0.2173844575881958,0.18761056661605835,0.18346565961837769,0.15415960550308228,0.11677390336990356,48,1
0.9737648367881775,15,14,0.75607068836689,0.3630947470664978,0.34966760873794556,0.34541332721710205,0.5198536515235901,0.49774301052093506,0.4448864459991455,0.46693021059036255,0.5038654208183289,0.4940328598022461,0.39124447107315063,0.3565245270729065,0.3407125473022461,0.3497130274772644,0.3372493386268616,0.3370835781097412,0.35827165842056274,0.3639940619468689,0.3669459819793701,0.3776293992996216,0.32544684410095215,0.30592459440231323,0.31720298528671265,0.28548330068588257,0.2480759620666504,0.22104895114898682,0.2113843560218811,0.17588233947753906,0.1014673113822937,48,1
3.4024722576141357,5,4,0.75607068836689,0.3440690040588379,0.3392995595932007,0.34030574560165405,0.5470410883426666,0.5331123471260071,0.4774491786956787,0.506464809179306,0.5733432769775391,0.5585253536701202,0.4672209620475769,0.43865329027175903,0.4089388847351074,0.40708255767822266,0.3911164402961731,0.3851741552352905,0.3905474543571472,0.3918301463127136,0.39499348402023315,0.35605311393737793,0.2757682204246521,0.2418745756149292,0.21633362770080566,0.18784475326538086,0.15186214447021484,0.13700371980667114,0.1249396800994873,0.10332763195037842,0.07339578866958618,48,1
3.271868944168091,5,4,0.75607068836689,0.34540319442749023,0.3386489152908325,0.3344120979309082,0.5449011325836182,0.5337231159210205,0.47899240255355835,0.5095495581626892,0.5651251673698425,0.5541150271892548,0.46913784742355347,0.4357379078865051,0.4072677493095398,0.40324079990386963,0.3873888850212097,0.37901121377944946,0.38664013147354126,0.39160430431365967,0.3986620306968689,0.3649435043334961,0.28489357233047485,0.24965155124664307,0.21686559915542603,0.19441431760787964,0.1539825201034546,0.13955813646316528,0.1325535774230957,0.11190366744995117,0.07964193820953369,48,1
1.9355612993240356,17,12,0.75607068836689,0.35651183128356934,0.3436548113822937,0.3463488817214966,0.505499005317688,0.5012668371200562,0.4722955822944641,0.4801003932952881,0.5006346106529236,0.4793040156364441,0.3704773187637329,0.36184507608413696,0.3653174638748169,0.3546057939529419,0.3468412160873413,0.3119072914123535,0.33280104398727417,0.32001662254333496,0.32609444856643677,0.3622879981994629,0.3400776982307434,0.3679963946342468,0.3911561965942383,0.37814104557037354,0.3689488172531128,0.409137487411499,0.523652970790863,0.46834737062454224,0.4175006151199341,49,0
1.9624773263931274,4,1,0.75607068836689,0.3251124620437622,0.3192182779312134,0.3348613381385803,0.5198073089122772,0.5194678902626038,0.4905911684036255,0.4936925172805786,0.5040841102600098,0.49853599071502686,0.39955317974090576,0.35613149404525757,0.36956286430358887,0.35835230350494385,0.34476375579833984,0.3073132634162903,0.32066118717193604,0.3095569610595703,0.299729585647583,0.3499487638473511,0.3366994857788086,0.34140682220458984,0.38827651739120483,0.367078959941864,0.369243323802948,0.40254199504852295,0.5297589898109436,0.46428143978118896,0.36350488662719727,49,0
2.991809606552124,8,4,0.75607068836689,0.339829683303833,0.3322157859802246,0.3429775834083557,0.5137815475463867,0.5373965501785278,0.5000506639480591,0.4908469319343567,0.5160031914710999,0.5025991499423981,0.412761390209198,0.37809109687805176,0.3928712010383606,0.3776901364326477,0.3647347092628479,0.3200753927230835,0.3340957760810852,0.3188297152519226,0.31067371368408203,0.3511497974395752,0.324177622795105,0.34806907176971436,0.3975261449813843,0.3765627145767212,0.37496399879455566,0.4160674214363098,0.5368337631225586,0.47543346881866455,0.36883312463760376,49,0
1.4932888746261597,14,8,0.75607068836689,0.3494560718536377,0.3388601541519165,0.3407703638076782,0.507774293422699,0.5025159418582916,0.47072386741638184,0.4733680486679077,0.4903242588043213,0.4696524739265442,0.3577248454093933,0.33870530128479004,0.34129267930984497,0.33538591861724854,0.33472561836242676,0.2940080761909485,0.3172783851623535,0.3211285471916199,0.323630154132843,0.3424041271209717,0.33133673667907715,0.35587847232818604,0.4019964933395386,0.3873116970062256,0.38167500495910645,0.42945706844329834,0.5591287016868591,0.4866546392440796,0.4053342342376709,49,1
3.523766279220581,3,1,0.75607068836689,0.332741379737854,0.32934659719467163,0.3380657434463501,0.5209998190402985,0.5237804353237152,0.49446016550064087,0.4965789318084717,0.4986411929130554,0.48751991987228394,0.387697696685791,0.34036874771118164,0.3503882884979248,0.3421418070793152,0.32348519563674927,0.2893819808959961,0.30319899320602417,0.3068457841873169,0.3007938265800476,0.33226466178894043,0.3180999755859375,0.31875336170196533,0.364579975605011,0.35103845596313477,0.36563706398010254,0.403910756111145,0.5356711447238922,0.46897733211517334,0.37344294786453247,49,1
0.8871099352836609,14,9,0.75607068836689,0.3547908067703247,0.3401118516921997,0.3405054807662964,0.5077842473983765,0.5063584446907043,0.47161489725112915,0.4705524444580078,0.48416322469711304,0.4973173141479492,0.38021916151046753,0.35079824924468994,0.35439449548721313,0.3495422601699829,0.33393073081970215,0.3280102014541626,0.3625832796096802,0.3606293201446533,0.3512547016143799,0.4075748920440674,0.379624605178833,0.3906235098838806,0.42688989639282227,0.41404664516448975,0.44315820932388306,0.47921305894851685,0.5947457551956177,0.4997556805610657,0.40667957067489624,49,1
1.4398025274276733,9,8,0.75607068836689,0.37076735496520996,0.35861361026763916,0.3491668701171875,0.5346806049346924,0.5243851244449615,0.5060867369174957,0.5025048851966858,0.5047357678413391,0.5221034288406372,0.40136218070983887,0.39359283447265625,0.36232513189315796,0.37035679817199707,0.34271240234375,0.34940433502197266,0.3608665466308594,0.3734632134437561,0.35415059328079224,0.3883209228515625,0.36868995428085327,0.39903849363327026,0.4083516001701355,0.3768886923789978,0.31943345069885254,0.2909066081047058,0.28794246912002563,0.2790519595146179,0.30544161796569824,50,0
2.166029453277588,5,4,0.75607068836689,0.36363041400909424,0.3483867049217224,0.3464348316192627,0.5422378182411194,0.5219921767711639,0.4970232844352722,0.5137192010879517,0.5401529669761658,0.5650339722633362,0.45574671030044556,0.4204155206680298,0.40446627140045166,0.4169919490814209,0.3742293119430542,0.36176228523254395,0.36178839206695557,0.35809099674224854,0.33091259002685547,0.3469676971435547,0.3229976296424866,0.32793378829956055,0.33429455757141113,0.3105759620666504,0.25709158182144165,0.22920310497283936,0.2341630458831787,0.21793633699417114,0.2026328444480896,50,0
2.308518648147583,5,4,0.75607068836689,0.3545626401901245,0.3476933240890503,0.34671396017074585,0.5374980270862579,0.5238103270530701,0.5101536810398102,0.518449455499649,0.5220750868320465,0.5494155585765839,0.42721009254455566,0.4092255234718323,0.38304877281188965,0.38031208515167236,0.36946308612823486,0.359566330909729,0.36394554376602173,0.3606116771697998,0.32797276973724365,0.3259287476539612,0.2999688386917114,0.30402690172195435,0.2906193137168884,0.26331937313079834,0.2126617431640625,0.18807339668273926,0.19646334648132324,0.1877104640007019,0.19597792625427246,50,0
3.2901558876037598,5,4,0.75607068836689,0.35454487800598145,0.3480968475341797,0.3434528708457947,0.5373629629611969,0.5204843282699585,0.5003688335418701,0.513113409280777,0.533775269985199,0.5697424113750458,0.467714786529541,0.43422484397888184,0.40144437551498413,0.39260536432266235,0.34741759300231934,0.3350706100463867,0.3295518755912781,0.34069710969924927,0.3052058219909668,0.31808537244796753,0.30791962146759033,0.31950175762176514,0.3313433527946472,0.3226866126060486,0.27190184593200684,0.2370290756225586,0.24272185564041138,0.22622716426849365,0.20237863063812256,50,0
2.33854079246521,10,9,0.75607068836689,0.35894691944122314,0.35488057136535645,0.34596168994903564,0.5266250371932983,0.5098007321357727,0.49412399530410767,0.5159087181091309,0.5420592427253723,0.5756724774837494,0.4595605134963989,0.45353662967681885,0.4315429925918579,0.4365803599357605,0.4338681101799011,0.4349285364151001,0.41648298501968384,0.41556471586227417,0.3867763876914978,0.36089223623275757,0.33007246255874634,0.32274454832077026,0.3131570816040039,0.2773904800415039,0.2311861515045166,0.20211780071258545,0.21081143617630005,0.19978952407836914,0.22918939590454102,50,0
2.8561618328094482,6,4,0.75607068836689,0.363023042678833,0.3518438935279846,0.3490990996360779,0.5435042977333069,0.5182434916496277,0.4937947988510132,0.49905967712402344,0.5211304426193237,0.5312294960021973,0.4189172387123108,0.37688755989074707,0.3447706699371338,0.35581523180007935,0.3236055374145508,0.32537412643432617,0.3222672939300537,0.32500189542770386,0.30262327194213867,0.31575214862823486,0.2984378933906555,0.29960596561431885,0.3001995086669922,0.28220319747924805,0.23460417985916138,0.2191041111946106,0.23103946447372437,0.2177637219429016,0.20194768905639648,50,1
3.652836561203003,5,4,0.75607068836689,0.3543216586112976,0.34945356845855713,0.34627556800842285,0.5398281812667847,0.5210971832275391,0.5002514123916626,0.5209699273109436,0.5388163626194,0.5659775137901306,0.44314318895339966,0.4089462161064148,0.38024258613586426,0.39143824577331543,0.3401312828063965,0.3476489782333374,0.3363798260688782,0.34093165397644043,0.3190012574195862,0.32463228702545166,0.29797470569610596,0.3120558261871338,0.30551111698150635,0.2928445339202881,0.24900531768798828,0.22699236869812012,0.23481065034866333,0.22176390886306763,0.21138215065002441,50,1
4.004702568054199,5,4,0.75607068836689,0.36812669038772583,0.3494778871536255,0.34798145294189453,0.5398972034454346,0.5380800068378448,0.5134507715702057,0.5182204246520996,0.5380226671695709,0.5664098262786865,0.44441133737564087,0.40273517370224,0.3839687705039978,0.39160436391830444,0.35391396284103394,0.3387146592140198,0.33528876304626465,0.34224432706832886,0.30919551849365234,0.3167082667350769,0.293163001537323,0.3134194612503052,0.3204542398452759,0.30944788455963135,0.26757341623306274,0.2393285632133484,0.24646317958831787,0.2300550937652588,0.20318365097045898,50,1
3.891652822494507,5,4,0.75607068836689,0.36011648178100586,0.34432172775268555,0.3436838984489441,0.5387440919876099,0.5294331312179565,0.5069509148597717,0.5126684606075287,0.5275112986564636,0.5587689578533173,0.44020509719848633,0.4004504084587097,0.37612199783325195,0.3826950192451477,0.34335166215896606,0.3422248363494873,0.333886981010437,0.3570442199707031,0.3248695731163025,0.3437924385070801,0.33212774991989136,0.3569422960281372,0.36757028102874756,0.3623228073120117,0.3184812068939209,0.27487486600875854,0.27398455142974854,0.25214147567749023,0.1843400001525879,50,1
3.4555883407592773,6,4,0.75607068836689,0.3586241602897644,0.3452482223510742,0.34117209911346436,0.5349777340888977,0.5318206250667572,0.5117813348770142,0.524002194404602,0.5511760413646698,0.5767328143119812,0.44955772161483765,0.4136228561401367,0.38795387744903564,0.3952075242996216,0.34763580560684204,0.34286952018737793,0.331501841545105,0.3362202048301697,0.30680620670318604,0.31444621086120605,0.2949877381324768,0.3166029453277588,0.32264935970306396,0.3150421977043152,0.2701253294944763,0.24214917421340942,0.24660944938659668,0.23336273431777954,0.21823740005493164,50,1
3.2621474266052246,4,2,0.75607068836689,0.34395498037338257,0.3274049758911133,0.34376269578933716,0.5267847180366516,0.5289673805236816,0.462100088596344,0.46994972229003906,0.5259751677513123,0.5060080885887146,0.42163193225860596,0.3851715922355652,0.38691246509552,0.36174899339675903,0.3190574645996094,0.28451812267303467,0.3032902479171753,0.2827755808830261,0.2900747060775757,0.38894665241241455,0.4003522992134094,0.41582202911376953,0.42271697521209717,0.46480804681777954,0.5453450977802277,0.5145571231842041,0.4997707009315491,0.4056248068809509,0.27777475118637085,51,0
1.7254079580307007,5,3,0.75607068836689,0.3517889380455017,0.33840012550354004,0.34939515590667725,0.5171034932136536,0.5211109519004822,0.45042145252227783,0.4587624669075012,0.4872984290122986,0.46126455068588257,0.3608717918395996,0.3204432725906372,0.33115893602371216,0.3204999566078186,0.2906891107559204,0.27375537157058716,0.2973829507827759,0.3035391569137573,0.30532073974609375,0.40558815002441406,0.42429226636886597,0.4414011240005493,0.45682626962661743,0.4948554039001465,0.5785277485847473,0.5396105349063873,0.5240765810012817,0.4229186773300171,0.2737787365913391,51,0
1.63481867313385,8,6,0.75607068836689,0.36160773038864136,0.3470885753631592,0.3546904921531677,0.5278348922729492,0.5291627645492554,0.4437066316604614,0.45359182357788086,0.4999619126319885,0.47114527225494385,0.3787726163864136,0.3557600975036621,0.3511127829551697,0.35063350200653076,0.32109689712524414,0.3031057119369507,0.33914369344711304,0.3382680416107178,0.3442363739013672,0.4359182119369507,0.4463515281677246,0.4713568091392517,0.4917861819267273,0.5176326632499695,0.5927976667881012,0.5517888069152832,0.5403816998004913,0.435355544090271,0.27595752477645874,51,0
2.0271008014678955,3,1,0.75607068836689,0.335684597492218,0.3190358281135559,0.331234335899353,0.5239482223987579,0.5204596519470215,0.4561665654182434,0.4529035687446594,0.4802825450897217,0.46785008907318115,0.3711162209510803,0.34242868423461914,0.3439751863479614,0.3221551775932312,0.2887662649154663,0.26898932456970215,0.294086754322052,0.28881680965423584,0.2788829803466797,0.37293124198913574,0.372236430644989,0.3836429715156555,0.38423407077789307,0.42121827602386475,0.4941031336784363,0.48602843284606934,0.4772104024887085,0.38969385623931885,0.25398892164230347,51,1
2.092411994934082,4,2,0.75607068836689,0.3451598882675171,0.3289651870727539,0.34010839462280273,0.5120602250099182,0.5139530301094055,0.4440416097640991,0.45187997817993164,0.4773019552230835,0.45974522829055786,0.35610443353652954,0.319145143032074,0.3270998001098633,0.3142695426940918,0.287010133266449,0.2748422622680664,0.2969527244567871,0.3080587387084961,0.31417596340179443,0.4076697826385498,0.41807764768600464,0.4371456503868103,0.44687050580978394,0.4887186884880066,0.5680698454380035,0.5335802137851715,0.5188714265823364,0.4136338233947754,0.2718552350997925,51,1
1.7587847709655762,7,5,0.75607068836689,0.3565036654472351,0.34467101097106934,0.34986990690231323,0.5226479768753052,0.5249070823192596,0.440588116645813,0.4487924575805664,0.4939776062965393,0.4675058126449585,0.3761422634124756,0.35831379890441895,0.3474995493888855,0.3451472520828247,0.3146594762802124,0.3003576993942261,0.33662647008895874,0.3411118984222412,0.3507971167564392,0.43715500831604004,0.44099169969558716,0.46551090478897095,0.4844505786895752,0.5144094228744507,0.5855897665023804,0.548873245716095,0.5364083051681519,0.4287511110305786,0.29716843366622925,51,1
3.828075885772705,2,1,0.75607068836689,0.3424507975578308,0.32744890451431274,0.3386085033416748,0.5327123701572418,0.5216299891471863,0.4613967537879944,0.4621362090110779,0.4963599443435669,0.4821295738220215,0.3941596746444702,0.3626410961151123,0.3666471242904663,0.34330129623413086,0.304739773273468,0.27575021982192993,0.2940453290939331,0.28749269247055054,0.2786576747894287,0.3762311339378357,0.36939531564712524,0.38421714305877686,0.38411980867385864,0.42208659648895264,0.4827456474304199,0.4747428297996521,0.46803176403045654,0.380487859249115,0.2499523162841797,51,1
2.917283058166504,3,2,0.75607068836689,0.3547632098197937,0.3391227722167969,0.3534153699874878,0.5245549380779266,0.5201361775398254,0.45315855741500854,0.45973509550094604,0.48705345392227173,0.46473920345306396,0.36337125301361084,0.3270164728164673,0.337643027305603,0.32504552602767944,0.2931310534477234,0.2753520607948303,0.29600024223327637,0.3048737049102783,0.3080440163612366,0.40501469373703003,0.41247278451919556,0.430575966835022,0.4395005702972412,0.478495717048645,0.5597088932991028,0.5243525207042694,0.5117945075035095,0.4107801914215088,0.2559196352958679,51,1
2.168813705444336,6,5,0.75607068836689,0.37302613258361816,0.3540273904800415,0.35934460163116455,0.5325556993484497,0.5263417959213257,0.4435763359069824,0.4508056640625,0.4985220432281494,0.4727224111557007,0.3804423213005066,0.3625086545944214,0.35290026664733887,0.3525068759918213,0.3183143734931946,0.3058140277862549,0.3423030376434326,0.34008926153182983,0.3449854254722595,0.43291664123535156,0.4364680051803589,0.4592718482017517,0.4769951105117798,0.5060557723045349,0.5793420374393463,0.5413731038570404,0.5305338799953461,0.4269079566001892,0.26725101470947266,51,1
0.7421758770942688,9,7,0.75607068836689,0.3545506000518799,0.3500952124595642,0.3369098901748657,0.5007461607456207,0.4987069368362427,0.47205960750579834,0.4689820408821106,0.4745790362358093,0.48110175132751465,0.39799946546554565,0.3870348334312439,0.38234585523605347,0.3688504695892334,0.3506266474723816,0.3858377933502197,0.3901921510696411,0.3911840319633484,0.3795580267906189,0.3803190588951111,0.4509763717651367,0.4835483431816101,0.5780854225158691,0.6445684134960175,0.6783708333969116,0.6966613531112671,0.7305909395217896,0.5960021018981934,0.3725016117095947,52,0
4.438159942626953,2,1,0.75607068836689,0.3355404734611511,0.33157944679260254,0.33073318004608154,0.5187844634056091,0.5198832154273987,0.4898463487625122,0.49533289670944214,0.51902174949646,0.5177313089370728,0.46068304777145386,0.45679569244384766,0.43443918228149414,0.43800556659698486,0.417782187461853,0.438834011554718,0.43886762857437134,0.4325123429298401,0.4225069284439087,0.37709349393844604,0.4322251081466675,0.4612303376197815,0.5615689158439636,0.6188465356826782,0.6602791547775269,0.6893712878227234,0.7266998291015625,0.6058366894721985,0.33160877227783203,52,0
0.7410814762115479,10,8,0.75607068836689,0.35604649782180786,0.35068458318710327,0.3384873867034912,0.5094536542892456,0.5035333037376404,0.4719882607460022,0.4684317708015442,0.4727431535720825,0.48385608196258545,0.4157365560531616,0.40719109773635864,0.40324997901916504,0.37954312562942505,0.35566073656082153,0.37445133924484253,0.38167262077331543,0.39619606733322144,0.3860485553741455,0.3862112760543823,0.45006275177001953,0.467640221118927,0.523044615983963,0.5449731945991516,0.5524708926677704,0.4935959577560425,0.4546874761581421,0.3504179120063782,0.2582274079322815,52,1
3.5699288845062256,2,1,0.75607068836689,0.3930235505104065,0.3610095977783203,0.3773702383041382,0.5609902739524841,0.5613923668861389,0.5305194556713104,0.5199771523475647,0.5327443778514862,0.5272044241428375,0.4693431258201599,0.46377772092819214,0.45095986127853394,0.439532995223999,0.4002542495727539,0.4063711166381836,0.40523600578308105,0.4243820905685425,0.40253663063049316,0.3621753454208374,0.37462174892425537,0.37290287017822266,0.40904414653778076,0.46262550354003906,0.48137420415878296,0.43538153171539307,0.39664125442504883,0.30138927698135376,0.2398167848587036,52,1
1.096169352531433,17,14,0.75607068836689,0.36145418882369995,0.3500419855117798,0.34580254554748535,0.5296995043754578,0.5149537324905396,0.4637066125869751,0.47206830978393555,0.48336517810821533,0.4778711795806885,0.38424158096313477,0.3463696241378784,0.3327522277832031,0.32301223278045654,0.2979409098625183,0.29553765058517456,0.308920681476593,0.2780042886734009,0.2788270115852356,0.2993268370628357,0.2816452980041504,0.2624594569206238,0.26834356784820557,0.22024983167648315,0.18853449821472168,0.14460700750350952,0.13984310626983643,0.13476628065109253,0.13256138563156128,53,0
2.284130096435547,10,8,0.75607068836689,0.35367506742477417,0.3470398187637329,0.3365079164505005,0.5239380598068237,0.5164076089859009,0.46834027767181396,0.4732455611228943,0.5091074109077454,0.5208260416984558,0.42395180463790894,0.3799924850463867,0.3640568256378174,0.3526097536087036,0.323790967464447,0.3551682233810425,0.354266881942749,0.3385663628578186,0.3420252799987793,0.36517876386642456,0.344862163066864,0.32321667671203613,0.32360589504241943,0.2675705552101135,0.23547375202178955,0.1866215467453003,0.1922675371170044,0.18265199661254883,0.0895344614982605,53,0
1.1945765018463135,16,13,0.75607068836689,0.3631206154823303,0.3540244698524475,0.3541163206100464,0.54232257604599,0.5168597400188446,0.46811604499816895,0.4803042411804199,0.4943026900291443,0.5008504390716553,0.41979408264160156,0.36756986379623413,0.37008005380630493,0.34677624702453613,0.32865798473358154,0.34374290704727173,0.34596943855285645,0.3259708285331726,0.3310813307762146,0.3376922607421875,0.3129171133041382,0.28786540031433105,0.29349762201309204,0.2280101776123047,0.1979663372039795,0.14875400066375732,0.1395518183708191,0.12164407968521118,0.06383812427520752,53,0
0.8534411787986755,15,12,0.75607068836689,0.36556726694107056,0.34727275371551514,0.34279173612594604,0.5350054204463959,0.5040290355682373,0.4590393304824829,0.47137415409088135,0.4687877893447876,0.4816402196884155,0.3943873643875122,0.34316742420196533,0.33949172496795654,0.3260451555252075,0.29694974422454834,0.3083378076553345,0.2996467351913452,0.2967899441719055,0.2970067262649536,0.3206949830055237,0.3060440421104431,0.30223655700683594,0.3101332187652588,0.2667340040206909,0.2367006540298462,0.18154191970825195,0.1650702953338623,0.14036673307418823,0.08291572332382202,53,1
1.0402300357818604,15,12,0.75607068836689,0.3673694133758545,0.3501480221748352,0.3431396484375,0.5341461598873138,0.5006218552589417,0.45674508810043335,0.4744374752044678,0.4733416438102722,0.47952401638031006,0.397327184677124,0.3482159376144409,0.3470287322998047,0.33446162939071655,0.31328821182250977,0.3033682107925415,0.2969413995742798,0.30432695150375366,0.29165929555892944,0.2997450828552246,0.2762491703033447,0.2644538879394531,0.2636222243309021,0.2179335355758667,0.18692797422409058,0.14304596185684204,0.13410651683807373,0.11635065078735352,0.07144975662231445,53,1
0.9614052176475525,20,17,0.75607068836689,0.3632248640060425,0.3489401340484619,0.3407251238822937,0.5244263112545013,0.4961572289466858,0.4563034176826477,0.4716254472732544,0.4863210916519165,0.4856995940208435,0.4026169776916504,0.3658655285835266,0.3593498468399048,0.3582143187522888,0.3422112464904785,0.32120323181152344,0.3116217255592346,0.3131328821182251,0.30755615234375,0.31394869089126587,0.2841082215309143,0.2667663097381592,0.27076590061187744,0.22410422563552856,0.19543534517288208,0.14590895175933838,0.13430291414260864,0.11799013614654541,0.07061499357223511,53,1
4.376601696014404,5,4,0.75607068836689,0.3738875985145569,0.3614346981048584,0.34518009424209595,0.5276313424110413,0.5363904237747192,0.5060386061668396,0.4971378445625305,0.5413160920143127,0.5268408060073853,0.48807579278945923,0.45217812061309814,0.4244593381881714,0.42674118280410767,0.39667582511901855,0.40252333879470825,0.3935701251029968,0.405350923538208,0.3937527537345886,0.4377990961074829,0.38568657636642456,0.38921618461608887,0.39650237560272217,0.4067452549934387,0.39226996898651123,0.42569106817245483,0.39147287607192993,0.30334192514419556,0.21848571300506592,54,0
0.24692587554454803,11,10,0.75607068836689,0.3771735429763794,0.3565504550933838,0.354439914226532,0.5151710212230682,0.49896931648254395,0.4776492118835449,0.48496347665786743,0.5041984021663666,0.49066489934921265,0.3852025270462036,0.3411683440208435,0.3320486545562744,0.3088957667350769,0.29838377237319946,0.29566192626953125,0.3105899691581726,0.30577653646469116,0.2973819971084595,0.348527193069458,0.3111649751663208,0.32692408561706543,0.36034679412841797,0.3453803062438965,0.3032480478286743,0.2846275568008423,0.2762056589126587,0.22372078895568848,0.17785680294036865,54,0
0.4243555963039398,11,10,0.75607068836689,0.3786909580230713,0.3616923689842224,0.3550869822502136,0.5240744352340698,0.5104312300682068,0.48445892333984375,0.48811548948287964,0.5039137601852417,0.4930676221847534,0.38781267404556274,0.34134042263031006,0.33027851581573486,0.30588436126708984,0.2983860373497009,0.2928882837295532,0.3070880174636841,0.30309879779815674,0.29620641469955444,0.35697418451309204,0.31650328636169434,0.32518696784973145,0.35592758655548096,0.3454592227935791,0.30984658002853394,0.29792124032974243,0.29008370637893677,0.231950044631958,0.21648091077804565,54,1
0.6061992049217224,11,10,0.75607068836689,0.37649357318878174,0.35663866996765137,0.35184526443481445,0.5159628093242645,0.5063463747501373,0.48326998949050903,0.4873497486114502,0.5008420050144196,0.48834937810897827,0.3774533271789551,0.33454036712646484,0.3236856460571289,0.3002220392227173,0.2901962399482727,0.2900543212890625,0.3068881034851074,0.30207788944244385,0.29296553134918213,0.4467054009437561,0.406463623046875,0.38072508573532104,0.38777655363082886,0.3668484091758728,0.3272598385810852,0.3147265315055847,0.30741918087005615,0.24402695894241333,0.20868921279907227,54,1
0.6854169964790344,13,11,0.75607068836689,0.3844471573829651,0.3637892007827759,0.35438787937164307,0.5170304179191589,0.5055564343929291,0.4833691120147705,0.48832422494888306,0.4975179433822632,0.49135422706604004,0.3825276494026184,0.33749818801879883,0.32501083612442017,0.30430835485458374,0.29178041219711304,0.2898678779602051,0.30649304389953613,0.3030376434326172,0.29393142461776733,0.3783683776855469,0.3445693850517273,0.3354083299636841,0.35476982593536377,0.3483539819717407,0.31734251976013184,0.31996095180511475,0.3103630542755127,0.2440500259399414,0.15853309631347656,54,1
1.0857949256896973,11,10,0.75607068836689,0.3799508213996887,0.3627302050590515,0.35784995555877686,0.5226961374282837,0.5085886716842651,0.48205357789993286,0.4873720407485962,0.5047450661659241,0.4945502281188965,0.38406622409820557,0.33867347240448,0.3282221555709839,0.3057582974433899,0.2957022190093994,0.2923239469528198,0.3050757646560669,0.3021343946456909,0.28935706615448,0.39922404289245605,0.3495066165924072,0.35373103618621826,0.3791365623474121,0.3818778395652771,0.3549172282218933,0.35523420572280884,0.3409392833709717,0.26812583208084106,0.17689156532287598,54,1
1.3140350580215454,11,10,0.75607068836689,0.3864706754684448,0.3625755310058594,0.3610556125640869,0.5230239629745483,0.507820188999176,0.48423832654953003,0.4874282479286194,0.496570348739624,0.4854170083999634,0.3785460591316223,0.33457034826278687,0.3197597861289978,0.3024823069572449,0.2908213138580322,0.29118478298187256,0.3051537871360779,0.29998278617858887,0.2894853353500366,0.3654325604438782,0.32529938220977783,0.334395170211792,0.3546568751335144,0.36136388778686523,0.33476394414901733,0.33933424949645996,0.3236786723136902,0.25903385877609253,0.1645532250404358,54,1
1.0391994714736938,11,10,0.75607068836689,0.37944722175598145,0.35954606533050537,0.3533948063850403,0.5212616920471191,0.5068515539169312,0.4803653359413147,0.48676735162734985,0.49496257305145264,0.47944533824920654,0.3701320290565491,0.3268694281578064,0.31533098220825195,0.2971663475036621,0.2880966067314148,0.28499507904052734,0.3001084327697754,0.2952858805656433,0.2863745093345642,0.35654759407043457,0.32933253049850464,0.34440577030181885,0.37363117933273315,0.3841206431388855,0.35896897315979004,0.3655770421028137,0.34917622804641724,0.2728542685508728,0.17213982343673706,54,1
1.6792032718658447,8,6,0.75607068836689,0.3618580102920532,0.3485156297683716,0.3421924114227295,0.531343936920166,0.5197996199131012,0.4970563054084778,0.49349772930145264,0.5230631232261658,0.518354743719101,0.4217876195907593,0.4158397912979126,0.41543298959732056,0.39643973112106323,0.37097644805908203,0.3763737678527832,0.38015007972717285,0.3851204514503479,0.37405431270599365,0.37724626064300537,0.3199710249900818,0.3154368996620178,0.3160141110420227,0.2745784521102905,0.2404930591583252,0.20108777284622192,0.19449502229690552,0.16458094120025635,0.20737886428833008,55,0
1.5036693811416626,14,12,0.75607068836689,0.3668874502182007,0.3544762134552002,0.35345643758773804,0.5364842116832733,0.5326629281044006,0.5041726529598236,0.4953707456588745,0.5141858458518982,0.5255772173404694,0.4208451509475708,0.4263802170753479,0.4170270562171936,0.4066041111946106,0.37200069427490234,0.38322991132736206,0.3766358494758606,0.389612078666687,0.3718785047531128,0.35679030418395996,0.3033384084701538,0.29113513231277466,0.2766789197921753,0.2514883279800415,0.22483062744140625,0.19104456901550293,0.1901853084564209,0.1724187731742859,0.17681843042373657,55,0
3.002690553665161,17,13,0.75607068836689,0.37087464332580566,0.3611515760421753,0.35908663272857666,0.5439627766609192,0.5286323130130768,0.5009337663650513,0.5037175416946411,0.5415927469730377,0.5515657365322113,0.44524747133255005,0.4379333257675171,0.4131353497505188,0.40549588203430176,0.3831762671470642,0.405814528465271,0.4043998718261719,0.4243465065956116,0.4068705439567566,0.3726233243942261,0.3165425658226013,0.28722989559173584,0.2754136323928833,0.24512171745300293,0.2241343855857849,0.1904800534248352,0.1948944330215454,0.1742202639579773,0.1916447877883911,55,0
1.0676902532577515,11,9,0.75607068836689,0.3539532423019409,0.34783005714416504,0.3442780375480652,0.5305883288383484,0.5118989944458008,0.489782452583313,0.4972248077392578,0.5102168321609497,0.5335518717765808,0.4133231043815613,0.38453757762908936,0.3661462068557739,0.35856109857559204,0.32033050060272217,0.31227099895477295,0.32834476232528687,0.3364723324775696,0.34180963039398193,0.3515782952308655,0.3141549825668335,0.30937057733535767,0.3081766366958618,0.27147382497787476,0.23785483837127686,0.1968902349472046,0.1852017641067505,0.1605013608932495,0.2352379560470581,55,1
1.7349920272827148,10,8,0.75607068836689,0.3603816628456116,0.3529421091079712,0.3498647212982178,0.5439055562019348,0.5208467841148376,0.49385344982147217,0.4993089437484741,0.5182852745056152,0.5211163759231567,0.41367536783218384,0.3933190107345581,0.38136059045791626,0.37850773334503174,0.3525688648223877,0.3363511562347412,0.35305678844451904,0.3599080443382263,0.35814738273620605,0.3589808940887451,0.3075449466705322,0.30525416135787964,0.30273008346557617,0.26037895679473877,0.227114737033844,0.1903151273727417,0.18047678470611572,0.15563982725143433,0.18438959121704102,55,1
0.37843525409698486,17,14,0.75607068836689,0.3837357759475708,0.3507433533668518,0.3431723713874817,0.5047935247421265,0.5198966264724731,0.46778804063796997,0.4732542634010315,0.4988269805908203,0.4879317879676819,0.38762784004211426,0.37537842988967896,0.35905855894088745,0.32521116733551025,0.3159652352333069,0.3257947564125061,0.33845508098602295,0.356412410736084,0.3565034866333008,0.36846011877059937,0.37973642349243164,0.3864893913269043,0.4251728057861328,0.4067530035972595,0.3906192183494568,0.3205533027648926,0.30077481269836426,0.2644822597503662,0.31465429067611694,56,0
1.1240923404693604,10,8,0.75607068836689,0.36993294954299927,0.3467216491699219,0.33855438232421875,0.504161536693573,0.49791419506073,0.46275120973587036,0.4565421938896179,0.4857233166694641,0.47542107105255127,0.3902636766433716,0.38208454847335815,0.3841845989227295,0.3539809584617615,0.3430546522140503,0.3402441143989563,0.35576462745666504,0.3629268407821655,0.3700439929962158,0.37779003381729126,0.37583017349243164,0.372336745262146,0.3997443914413452,0.36497801542282104,0.34937965869903564,0.2755469083786011,0.250607967376709,0.20670264959335327,0.19286906719207764,56,0
1.0409693717956543,12,10,0.75607068836689,0.3739137649536133,0.346889853477478,0.3362998366355896,0.5025654733181,0.5019846558570862,0.46202176809310913,0.459505558013916,0.4724496603012085,0.4703511595726013,0.37578773498535156,0.36933261156082153,0.3660186529159546,0.3409506678581238,0.33041250705718994,0.3396000862121582,0.3530745506286621,0.36167699098587036,0.36474061012268066,0.3689882755279541,0.3506895899772644,0.34411919116973877,0.3647949695587158,0.3259010314941406,0.3163077235221863,0.24773293733596802,0.22726905345916748,0.1869492530822754,0.14543414115905762,56,0
1.014765739440918,11,8,0.75607068836689,0.3647226095199585,0.3460800051689148,0.33786386251449585,0.5055778622627258,0.5016888380050659,0.46603691577911377,0.4624975323677063,0.4760090708732605,0.4706881642341614,0.36572879552841187,0.3597361445426941,0.3560680150985718,0.3235253691673279,0.31772351264953613,0.31357526779174805,0.3300169110298157,0.3383408188819885,0.3375898003578186,0.38122522830963135,0.3301970362663269,0.30850666761398315,0.2972695231437683,0.26623404026031494,0.26209449768066406,0.20019185543060303,0.18489503860473633,0.14986813068389893,0.1895422339439392,56,1
1.3370527029037476,11,9,0.75607068836689,0.3665280342102051,0.34767186641693115,0.3392513394355774,0.5044799745082855,0.5029138922691345,0.46032851934432983,0.4613703489303589,0.4742937684059143,0.4717942476272583,0.3685151934623718,0.36295413970947266,0.3568100333213806,0.32355087995529175,0.3214914798736572,0.31864655017852783,0.3264372944831848,0.3333166837692261,0.3268563151359558,0.3594014048576355,0.3181455731391907,0.2902844548225403,0.2841823101043701,0.24950110912322998,0.253775954246521,0.2019851803779602,0.1904587745666504,0.16637635231018066,0.170138418674469,56,1
1.8904407024383545,11,9,0.75607068836689,0.36856842041015625,0.3463672399520874,0.33885133266448975,0.5046786367893219,0.4947500228881836,0.45857852697372437,0.45853036642074585,0.473985493183136,0.4614955186843872,0.3532596826553345,0.3443174362182617,0.34425950050354004,0.3120373487472534,0.3067808151245117,0.29943203926086426,0.3005187511444092,0.3036993145942688,0.2942860722541809,0.32978618144989014,0.2816240191459656,0.2663881778717041,0.2626866102218628,0.24251306056976318,0.24877429008483887,0.19971370697021484,0.19521182775497437,0.15916085243225098,0.10578793287277222,56,1
0.8755916953086853,18,16,0.75607068836689,0.37468385696411133,0.34408038854599,0.3376585841178894,0.48171526193618774,0.4675009250640869,0.4279749393463135,0.4366912245750427,0.4503133296966553,0.42716163396835327,0.33489376306533813,0.3075140714645386,0.29064762592315674,0.30090272426605225,0.2708951234817505,0.2552485466003418,0.2937002182006836,0.2839186191558838,0.30369001626968384,0.35333192348480225,0.3337169885635376,0.33903396129608154,0.32052528858184814,0.28889596462249756,0.24694949388504028,0.19523227214813232,0.18389570713043213,0.16116774082183838,0.21685928106307983,57,0
2.64803409576416,7,5,0.75607068836689,0.35804808139801025,0.34536486864089966,0.3435562252998352,0.485454261302948,0.48703300952911377,0.4493780732154846,0.4591659903526306,0.48355817794799805,0.4566417932510376,0.36434757709503174,0.3214133381843567,0.29612183570861816,0.30131953954696655,0.2766420245170593,0.2593691945075989,0.29147690534591675,0.2820962071418762,0.30592823028564453,0.37496721744537354,0.3484632968902588,0.3437820076942444,0.3418272137641907,0.30369341373443604,0.2536802887916565,0.20061612129211426,0.1872650384902954,0.15887147188186646,0.22408932447433472,57,0
3.686816692352295,3,2,0.75607068836689,0.33275306224823,0.32584553956985474,0.323775053024292,0.48386090993881226,0.47947806119918823,0.44357049465179443,0.4580903649330139,0.46437400579452515,0.44758766889572144,0.37562400102615356,0.33607661724090576,0.3133958578109741,0.31354236602783203,0.28176063299179077,0.27177780866622925,0.2901485562324524,0.2818913459777832,0.3025364279747009,0.35446083545684814,0.35307496786117554,0.34383106231689453,0.32249510288238525,0.26156896352767944,0.21117424964904785,0.16649353504180908,0.15605080127716064,0.13105064630508423,0.1365324854850769,57,0
0.47502732276916504,13,12,0.75607068836689,0.36215806007385254,0.34489887952804565,0.3353790044784546,0.48110008239746094,0.4728984832763672,0.43153929710388184,0.4349901080131531,0.442213773727417,0.4248373508453369,0.3315865397453308,0.30240535736083984,0.28746020793914795,0.2875201106071472,0.26862436532974243,0.2636415958404541,0.2964702844619751,0.2824167013168335,0.3073049783706665,0.35091543197631836,0.3275127410888672,0.33328092098236084,0.3067357540130615,0.267810583114624,0.2264469861984253,0.18785959482192993,0.18106961250305176,0.1617727279663086,0.21448075771331787,57,0
0.6135025024414062,16,15,0.75607068836689,0.36793893575668335,0.3409299850463867,0.33514678478240967,0.4826524257659912,0.4725685715675354,0.43163251876831055,0.43433499336242676,0.449140727519989,0.4335471987724304,0.33886080980300903,0.3117802143096924,0.29717016220092773,0.3080807328224182,0.280531644821167,0.275149941444397,0.31494611501693726,0.3009014129638672,0.32202523946762085,0.36216503381729126,0.34660202264785767,0.3600577712059021,0.3337019085884094,0.295013964176178,0.250033438205719,0.20292973518371582,0.19056570529937744,0.17058837413787842,0.21040761470794678,57,1
2.0617921352386475,5,4,0.75607068836689,0.3481685519218445,0.33742618560791016,0.33592718839645386,0.49117428064346313,0.48851877450942993,0.44983363151550293,0.46590590476989746,0.4742735028266907,0.45673274993896484,0.37834376096725464,0.33145666122436523,0.3043980002403259,0.3096858263015747,0.283189594745636,0.2639386057853699,0.29717767238616943,0.28648805618286133,0.31611043214797974,0.3714788556098938,0.34735316038131714,0.3499419093132019,0.35305047035217285,0.31665170192718506,0.26700830459594727,0.21150147914886475,0.19545120000839233,0.16914212703704834,0.23023033142089844,57,1
0.7935906052589417,15,14,0.75607068836689,0.3671919107437134,0.33842360973358154,0.3321583867073059,0.47759300470352173,0.46739399433135986,0.4291290044784546,0.43383079767227173,0.4516643285751343,0.4354238510131836,0.3379511833190918,0.3063523769378662,0.29095643758773804,0.3025403618812561,0.27571797370910645,0.265112042427063,0.3025509715080261,0.2896881699562073,0.3133246898651123,0.3561168313026428,0.33563947677612305,0.34799569845199585,0.32280033826828003,0.2898387908935547,0.24407625198364258,0.19580060243606567,0.18365180492401123,0.16417944431304932,0.21469515562057495,57,1
0.7756970524787903,14,13,0.75607068836689,0.3627336025238037,0.3445519208908081,0.3354797959327698,0.4804827570915222,0.47269368171691895,0.42957979440689087,0.4382990002632141,0.4454774260520935,0.42775529623031616,0.3367987871170044,0.30327004194259644,0.2841452360153198,0.28715980052948,0.26893484592437744,0.25769442319869995,0.28926384449005127,0.27341485023498535,0.2969808578491211,0.33984243869781494,0.3170754313468933,0.32758504152297974,0.30710887908935547,0.2723815441131592,0.23431915044784546,0.18562453985214233,0.17637324333190918,0.15605425834655762,0.219535231590271,57,1
1.3068897724151611,10,9,0.75607068836689,0.35094571113586426,0.3348847031593323,0.32226288318634033,0.4774072766304016,0.474193811416626,0.4364606738090515,0.44429153203964233,0.4570504426956177,0.453670859336853,0.3464134931564331,0.31654787063598633,0.2995677590370178,0.29395949840545654,0.27473723888397217,0.26534098386764526,0.2847287654876709,0.2842424511909485,0.3114750385284424,0.36184918880462646,0.35197824239730835,0.3787877559661865,0.3561055660247803,0.30131906270980835,0.24514710903167725,0.20173853635787964,0.19910842180252075,0.1664103865623474,0.14009445905685425,58,0
5.733936786651611,2,1,0.75607068836689,0.31606799364089966,0.3141000270843506,0.31030112504959106,0.4887949228286743,0.48962873220443726,0.4563255310058594,0.4676883816719055,0.49046385288238525,0.5012122988700867,0.40232813358306885,0.35338157415390015,0.33556026220321655,0.3229675889015198,0.30156922340393066,0.29524827003479004,0.3101193904876709,0.30372780561447144,0.3163147568702698,0.3729444742202759,0.3575272560119629,0.36381709575653076,0.3501242399215698,0.29843759536743164,0.23870104551315308,0.1919209361076355,0.17807269096374512,0.1361759901046753,0.11194485425949097,58,0
7.369601726531982,2,1,0.75607068836689,0.3144787549972534,0.3177793025970459,0.31292498111724854,0.48795604705810547,0.4875836968421936,0.45701754093170166,0.4672930836677551,0.48651427030563354,0.49423110485076904,0.4015278220176697,0.3542526960372925,0.3349335789680481,0.3219963312149048,0.29963332414627075,0.2905181646347046,0.300350546836853,0.29568278789520264,0.3086681365966797,0.3630474805831909,0.35363852977752686,0.35789960622787476,0.34536629915237427,0.3056609630584717,0.24297231435775757,0.1938999891281128,0.17847293615341187,0.13847756385803223,0.11212074756622314,58,0
6.184208869934082,2,1,0.75607068836689,0.308929443359375,0.31247103214263916,0.30933040380477905,0.48900699615478516,0.4901658892631531,0.45763862133026123,0.4711090326309204,0.4974820613861084,0.5034182369709015,0.40961211919784546,0.35467004776000977,0.3357100486755371,0.32392066717147827,0.308194100856781,0.2953173518180847,0.3072127103805542,0.3026161193847656,0.3139883875846863,0.3717663884162903,0.35962849855422974,0.36466991901397705,0.35977083444595337,0.31821751594543457,0.2534017562866211,0.1961156725883484,0.18036681413650513,0.13969135284423828,0.10167884826660156,58,0
1.2756853103637695,10,9,0.75607068836689,0.3464086055755615,0.3363206386566162,0.32399970293045044,0.48251914978027344,0.47801923751831055,0.4386177062988281,0.44374918937683105,0.45788460969924927,0.4536266326904297,0.3473585247993469,0.3131645917892456,0.2983543276786804,0.2927163243293762,0.27863210439682007,0.26548629999160767,0.28398263454437256,0.28290754556655884,0.3091672658920288,0.35762274265289307,0.3522014021873474,0.38573795557022095,0.36723554134368896,0.32203060388565063,0.26679933071136475,0.2205447554588318,0.21830826997756958,0.1843002438545227,0.1658259630203247,58,0
3.449843168258667,6,5,0.75607068836689,0.343818724155426,0.3369070887565613,0.3256404995918274,0.5026615262031555,0.5005886852741241,0.46385008096694946,0.4720608592033386,0.5083613693714142,0.5154999494552612,0.4086464047431946,0.39271825551986694,0.38128232955932617,0.37086737155914307,0.34864431619644165,0.341808021068573,0.353548526763916,0.33748936653137207,0.3444502353668213,0.35552340745925903,0.3229448199272156,0.32950329780578613,0.30861878395080566,0.25152432918548584,0.205857515335083,0.1744089126586914,0.17462313175201416,0.1430675983428955,0.09699302911758423,58,0
1.0438133478164673,10,9,0.75607068836689,0.3451956510543823,0.33370882272720337,0.3216567635536194,0.48211246728897095,0.4816802740097046,0.4419124126434326,0.4429154396057129,0.4529874324798584,0.4508631229400635,0.34330886602401733,0.31267625093460083,0.2986346483230591,0.2926570177078247,0.27419888973236084,0.265785813331604,0.28757691383361816,0.28793859481811523,0.3137788772583008,0.35378092527389526,0.34353548288345337,0.3799528479576111,0.35474592447280884,0.30831170082092285,0.2601849436759949,0.21888893842697144,0.2198646068572998,0.1913738250732422,0.18715816736221313,58,1
5.849908828735352,2,1,0.75607068836689,0.3117685317993164,0.3170105218887329,0.314267635345459,0.48931849002838135,0.49006104469299316,0.45546621084213257,0.4656081795692444,0.48809385299682617,0.4994257688522339,0.40114349126815796,0.35357940196990967,0.3365226984024048,0.32223862409591675,0.3025960326194763,0.29245030879974365,0.30211424827575684,0.30108821392059326,0.3182559609413147,0.3788638114929199,0.36612874269485474,0.37883490324020386,0.3690916895866394,0.3264092206954956,0.262531578540802,0.20648926496505737,0.1980513334274292,0.15382200479507446,0.13187175989151,58,1
5.989248275756836,2,1,0.75607068836689,0.30335450172424316,0.30840033292770386,0.3066757321357727,0.47885942459106445,0.48650306463241577,0.4572136402130127,0.46651196479797363,0.4854264259338379,0.49543970823287964,0.3998379111289978,0.35022151470184326,0.3394660949707031,0.32454657554626465,0.3028503656387329,0.28953129053115845,0.30190223455429077,0.3002623915672302,0.3145103454589844,0.36799556016921997,0.35206878185272217,0.3520580530166626,0.33332502841949463,0.2851996421813965,0.22821277379989624,0.1806795597076416,0.1667187213897705,0.12558841705322266,0.10071420669555664,58,1
4.887229919433594,3,2,0.75607068836689,0.3311030864715576,0.32422375679016113,0.32104814052581787,0.49522364139556885,0.5026470422744751,0.46942591667175293,0.48137521743774414,0.5074447393417358,0.5092451572418213,0.4227854013442993,0.38201385736465454,0.3614659905433655,0.34921884536743164,0.33206164836883545,0.33057498931884766,0.3432915210723877,0.3331451416015625,0.33663004636764526,0.3646239638328552,0.3231646418571472,0.32701587677001953,0.31765758991241455,0.27512550354003906,0.2278430461883545,0.18473118543624878,0.17847102880477905,0.14346837997436523,0.12652528285980225,58,1
1.4376970529556274,10,9,0.75607068836689,0.3471505641937256,0.3359145522117615,0.32335203886032104,0.48276960849761963,0.4790530800819397,0.43626850843429565,0.44593000411987305,0.4546836018562317,0.45078861713409424,0.34173882007598877,0.3112746477127075,0.2910960912704468,0.2845432758331299,0.2698913812637329,0.26130932569503784,0.28235918283462524,0.28398197889328003,0.3080434799194336,0.36137109994888306,0.35603421926498413,0.391010582447052,0.37089359760284424,0.330968976020813,0.26883482933044434,0.21541011333465576,0.20934247970581055,0.1734393835067749,0.14303117990493774,58,1
3.867582321166992,6,5,0.75607068836689,0.343691885471344,0.33704912662506104,0.3259209990501404,0.502454400062561,0.5011479258537292,0.4653781056404114,0.47127825021743774,0.506279319524765,0.5151767730712891,0.40928637981414795,0.3932555913925171,0.3785684108734131,0.3691249489784241,0.3473249673843384,0.33874863386154175,0.3492354154586792,0.33524274826049805,0.3449580669403076,0.3563166856765747,0.31725335121154785,0.3194875717163086,0.2943999171257019,0.24084585905075073,0.1979309320449829,0.1624496579170227,0.16859006881713867,0.13600635528564453,0.09936642646789551,58,1
1.0332211256027222,25,21,0.75607068836689,0.3709830045700073,0.35502564907073975,0.32874447107315063,0.4666553735733032,0.4822155237197876,0.42786598205566406,0.4486703872680664,0.5054939091205597,0.5014415085315704,0.41474300622940063,0.3872467875480652,0.3763626217842102,0.37307530641555786,0.35738706588745117,0.35747796297073364,0.38678038120269775,0.3605649471282959,0.3596454858779907,0.40259790420532227,0.39097678661346436,0.4154057502746582,0.4191960096359253,0.41672277450561523,0.4064193367958069,0.404920756816864,0.3941970467567444,0.337268590927124,0.24352025985717773,59,0
1.0650131702423096,26,22,0.75607068836689,0.3692896366119385,0.35037851333618164,0.32833343744277954,0.4584362506866455,0.47423750162124634,0.4260275363922119,0.4478749632835388,0.5015230476856232,0.4978986978530884,0.39597517251968384,0.371615469455719,0.36530476808547974,0.36063170433044434,0.3466256260871887,0.34241777658462524,0.3715869188308716,0.34994494915008545,0.35545122623443604,0.40658605098724365,0.3969385623931885,0.4181201457977295,0.4138266444206238,0.40491992235183716,0.3907972574234009,0.39186549186706543,0.37673383951187134,0.316662073135376,0.2083929181098938,59,0
0.4485650956630707,22,19,0.75607068836689,0.3665974736213684,0.3517197370529175,0.3242509365081787,0.44543635845184326,0.47296422719955444,0.4224674701690674,0.43891841173171997,0.47417235374450684,0.48709356784820557,0.38737523555755615,0.35969436168670654,0.3549655079841614,0.3565872311592102,0.32607007026672363,0.33896946907043457,0.3771091103553772,0.36048632860183716,0.35433435440063477,0.38763076066970825,0.348011314868927,0.36642515659332275,0.38065922260284424,0.3637903332710266,0.3656373620033264,0.3797508478164673,0.3673398494720459,0.3098260164260864,0.23369693756103516,59,1
0.4237428605556488,22,19,0.75607068836689,0.37908005714416504,0.3547211289405823,0.32657361030578613,0.4464648962020874,0.47866272926330566,0.42341911792755127,0.44197559356689453,0.4757399559020996,0.49067044258117676,0.39050716161727905,0.3625202775001526,0.35649579763412476,0.35313665866851807,0.3238391876220703,0.335068941116333,0.37504321336746216,0.36095184087753296,0.3540303111076355,0.39082205295562744,0.35389024019241333,0.37705928087234497,0.3839454650878906,0.36986619234085083,0.3691757321357727,0.37762194871902466,0.36514830589294434,0.31123602390289307,0.237410306930542,59,1
1.05846107006073,11,9,0.75607068836689,0.36323004961013794,0.34932154417037964,0.34378689527511597,0.52639439702034,0.5213311314582825,0.48719823360443115,0.48711127042770386,0.5217229127883911,0.5071238875389099,0.38090717792510986,0.376300573348999,0.36492466926574707,0.3487233519554138,0.3288053274154663,0.33998870849609375,0.3407442569732666,0.3466747999191284,0.35281217098236084,0.37038636207580566,0.37022316455841064,0.3761662244796753,0.36653923988342285,0.3429829478263855,0.3064449429512024,0.25815349817276,0.2694743871688843,0.24245542287826538,0.3431015610694885,60,0
2.1698529720306396,6,4,0.75607068836689,0.3592796325683594,0.34750980138778687,0.34096837043762207,0.5268507301807404,0.5166522860527039,0.48818856477737427,0.48358845710754395,0.5336338579654694,0.5312145352363586,0.4344403147697449,0.42879343032836914,0.4013499617576599,0.3780934810638428,0.35224342346191406,0.3484957814216614,0.34690386056900024,0.34811025857925415,0.3413589596748352,0.3492687940597534,0.3136488199234009,0.31252413988113403,0.2878769040107727,0.2492077350616455,0.22179830074310303,0.1823185682296753,0.19525563716888428,0.17400836944580078,0.22504758834838867,60,0
1.3806483745574951,12,9,0.75607068836689,0.37275540828704834,0.36058998107910156,0.3645598888397217,0.5476916134357452,0.5181644856929779,0.48033273220062256,0.49875330924987793,0.5270715355873108,0.5124433040618896,0.39594048261642456,0.38263481855392456,0.36372482776641846,0.3507835268974304,0.34426724910736084,0.33654874563217163,0.35187119245529175,0.36907440423965454,0.3541262149810791,0.3480721116065979,0.2985166907310486,0.2836291790008545,0.2670626640319824,0.2265535593032837,0.20969581604003906,0.16918623447418213,0.17016392946243286,0.15150058269500732,0.18436199426651,60,0
1.5419775247573853,9,8,0.75607068836689,0.35829979181289673,0.34791094064712524,0.3421705961227417,0.5257928669452667,0.5263257622718811,0.4868338704109192,0.4892365336418152,0.5123887956142426,0.5059856176376343,0.40796899795532227,0.403811514377594,0.3820968270301819,0.35637521743774414,0.33011889457702637,0.3383599519729614,0.33830922842025757,0.344387412071228,0.3464270830154419,0.3630249500274658,0.3583672046661377,0.3591341972351074,0.367565393447876,0.3355681896209717,0.2964685559272766,0.2451443076133728,0.2541074752807617,0.22484314441680908,0.33983445167541504,60,0
1.234601378440857,6,5,0.75607068836689,0.35656946897506714,0.35080015659332275,0.34777605533599854,0.5368972420692444,0.5104192197322845,0.4758390784263611,0.48915743827819824,0.4964199662208557,0.492678165435791,0.36840659379959106,0.34586209058761597,0.32656121253967285,0.29572296142578125,0.2809871435165405,0.2692630887031555,0.28188925981521606,0.2936936020851135,0.30012524127960205,0.32569968700408936,0.3076033592224121,0.30770713090896606,0.3045806884765625,0.27300894260406494,0.255201518535614,0.2136380672454834,0.21062016487121582,0.18275529146194458,0.16545379161834717,60,1
1.9185845851898193,6,5,0.75607068836689,0.3511979579925537,0.34661436080932617,0.34397798776626587,0.5301396250724792,0.5086822509765625,0.47737056016921997,0.4892151355743408,0.4966084957122803,0.49099743366241455,0.3722260594367981,0.35637426376342773,0.33600878715515137,0.31097209453582764,0.2896486520767212,0.3003408908843994,0.31247222423553467,0.3236885070800781,0.3224875330924988,0.35170650482177734,0.32441264390945435,0.3275832533836365,0.3398425579071045,0.3178633451461792,0.3014122247695923,0.25084197521209717,0.24709945917129517,0.2144905924797058,0.1723647117614746,60,1
2.127102851867676,6,5,0.75607068836689,0.3639791011810303,0.3570989966392517,0.35161733627319336,0.5433267951011658,0.5253704786300659,0.4882969260215759,0.5043319463729858,0.5181069672107697,0.5074495673179626,0.38781511783599854,0.3686180114746094,0.3500293493270874,0.3203219175338745,0.3061317205429077,0.2931574583053589,0.3030380606651306,0.31108802556991577,0.316097617149353,0.33963388204574585,0.3205639719963074,0.3180433511734009,0.30919069051742554,0.2896842360496521,0.27346038818359375,0.22519564628601074,0.2224949598312378,0.19719469547271729,0.15729296207427979,60,1
2.1960833072662354,7,6,0.75607068836689,0.36501097679138184,0.3552677631378174,0.34945064783096313,0.5406230688095093,0.5213968455791473,0.4817967414855957,0.49192631244659424,0.5057458281517029,0.48919224739074707,0.3713153004646301,0.35454046726226807,0.3347048759460449,0.3030163049697876,0.28478139638900757,0.276126503944397,0.2905476689338684,0.2928394675254822,0.3017578125,0.3267897367477417,0.30950015783309937,0.3001765012741089,0.29442256689071655,0.2665562629699707,0.2435464859008789,0.20157349109649658,0.1987481713294983,0.1746593713760376,0.1433037519454956,60,1
2.0054709911346436,6,5,0.75607068836689,0.36485517024993896,0.35798192024230957,0.352003812789917,0.5415687263011932,0.5147404670715332,0.4779192805290222,0.49642711877822876,0.501552402973175,0.49601250886917114,0.373163104057312,0.34881454706192017,0.3329648971557617,0.3023476004600525,0.2863956093788147,0.268241822719574,0.2801775336265564,0.2971841096878052,0.30023348331451416,0.3314934968948364,0.2979881763458252,0.29983675479888916,0.3046305775642395,0.2770822048187256,0.26296037435531616,0.21991181373596191,0.2172221541404724,0.19338417053222656,0.16711997985839844,60,1
1.5865767002105713,12,11,0.75607068836689,0.3673059940338135,0.35605335235595703,0.3410208225250244,0.5070058107376099,0.49787265062332153,0.47395092248916626,0.4710245132446289,0.49510419368743896,0.5021385550498962,0.3682161569595337,0.3486262559890747,0.34861743450164795,0.3193274736404419,0.3200674057006836,0.33539879322052,0.34473055601119995,0.33724623918533325,0.3239322304725647,0.37215083837509155,0.3967980146408081,0.41690415143966675,0.42460787296295166,0.3862493634223938,0.34544825553894043,0.28596484661102295,0.27967482805252075,0.24167203903198242,0.26170217990875244,61,0
1.3316088914871216,16,14,0.75607068836689,0.37667298316955566,0.36081463098526,0.34196436405181885,0.507903516292572,0.48422402143478394,0.4602316617965698,0.4709380865097046,0.49879103899002075,0.521524041891098,0.3937034010887146,0.37201911211013794,0.3580892086029053,0.33048415184020996,0.3153325915336609,0.3284902572631836,0.3394690155982971,0.3316578269004822,0.3200463652610779,0.37716156244277954,0.39891481399536133,0.42680978775024414,0.4394110441207886,0.3952481746673584,0.3772939443588257,0.3034977912902832,0.2974591851234436,0.2506372928619385,0.23714256286621094,61,0
0.590569794178009,13,11,0.75607068836689,0.37735259532928467,0.36126381158828735,0.34654027223587036,0.5197719931602478,0.4924960732460022,0.46905291080474854,0.4736793637275696,0.4976459741592407,0.5170596539974213,0.3702203631401062,0.34116923809051514,0.3347882032394409,0.31345051527023315,0.2984997034072876,0.2872939109802246,0.2900119423866272,0.30687159299850464,0.31660914421081543,0.3660047650337219,0.37503552436828613,0.4125048518180847,0.4326362609863281,0.398479700088501,0.3841174244880676,0.30573296546936035,0.29436367750167847,0.23545479774475098,0.16338539123535156,61,1
0.8563134670257568,7,5,0.75607068836689,0.3620501160621643,0.35613298416137695,0.35280412435531616,0.5569483935832977,0.5344015955924988,0.5009700655937195,0.4957396984100342,0.47324973344802856,0.478870153427124,0.35514599084854126,0.3349497318267822,0.320997416973114,0.2893468737602234,0.263211190700531,0.25434619188308716,0.2567949891090393,0.24210786819458008,0.23406320810317993,0.2286280393600464,0.2182897925376892,0.19065356254577637,0.20043998956680298,0.1631261706352234,0.1480291485786438,0.11075150966644287,0.107016921043396,0.10461533069610596,0.07568073272705078,62,0
2.2327511310577393,9,7,0.75607068836689,0.3612534999847412,0.3577941060066223,0.3513358235359192,0.553947925567627,0.5321222543716431,0.5035996437072754,0.4982045888900757,0.4740198850631714,0.48882657289505005,0.3644482493400574,0.34877538681030273,0.3752564787864685,0.36855190992355347,0.32801902294158936,0.3226514458656311,0.30858272314071655,0.28868162631988525,0.27728116512298584,0.27289944887161255,0.2670546770095825,0.23825109004974365,0.24300652742385864,0.19960451126098633,0.1823030710220337,0.13757282495498657,0.1283055543899536,0.1227116584777832,0.0790327787399292,62,0
1.4736608266830444,14,9,0.75607068836689,0.3637359142303467,0.3604739308357239,0.35492706298828125,0.5553756952285767,0.5303167700767517,0.5002485513687134,0.4990803599357605,0.4806024432182312,0.49121952056884766,0.39478766918182373,0.39041900634765625,0.3653408885002136,0.35373520851135254,0.3395645022392273,0.3289925456047058,0.3174564838409424,0.29717129468917847,0.2865315079689026,0.2986370921134949,0.29049068689346313,0.2643176317214966,0.27151525020599365,0.22381222248077393,0.19505584239959717,0.14931762218475342,0.14548611640930176,0.1455327272415161,0.09727329015731812,62,0
1.0195356607437134,8,6,0.75607068836689,0.3624182343482971,0.357292115688324,0.3528406620025635,0.5591545104980469,0.5336391925811768,0.4984623193740845,0.48823946714401245,0.4660722613334656,0.4759424328804016,0.3700796961784363,0.36454498767852783,0.3480952978134155,0.31822532415390015,0.2848566770553589,0.2827504873275757,0.27732276916503906,0.26063990592956543,0.2513960003852844,0.2353731393814087,0.2213653326034546,0.1939622163772583,0.1892479658126831,0.15728139877319336,0.14756739139556885,0.11324584484100342,0.10729032754898071,0.1009640097618103,0.0653994083404541,62,1
1.922470211982727,7,5,0.75607068836689,0.36452388763427734,0.35404932498931885,0.3507010340690613,0.5514119267463684,0.5205288529396057,0.48750531673431396,0.48612821102142334,0.47209352254867554,0.4820692539215088,0.3667302131652832,0.3632994294166565,0.35984092950820923,0.33247560262680054,0.2937999367713928,0.28337931632995605,0.2726317048072815,0.2540932893753052,0.23963063955307007,0.2335449457168579,0.22733795642852783,0.20739340782165527,0.20962858200073242,0.17653602361679077,0.17182183265686035,0.13243424892425537,0.12429457902908325,0.11583632230758667,0.056939125061035156,62,1
1.106284737586975,13,12,0.75607068836689,0.38591933250427246,0.36646801233291626,0.3540491461753845,0.537139356136322,0.5332172513008118,0.485393762588501,0.48337364196777344,0.5114012658596039,0.4770188331604004,0.3842446208000183,0.3610190749168396,0.3310452699661255,0.31058961153030396,0.3019101023674011,0.30334508419036865,0.30730897188186646,0.305061399936676,0.30269837379455566,0.3177608251571655,0.31139642000198364,0.3160429000854492,0.3048593997955322,0.26554375886917114,0.24817335605621338,0.20843839645385742,0.21641242504119873,0.21086734533309937,0.2527594566345215,63,0
1.6002615690231323,15,14,0.75607068836689,0.37995022535324097,0.3649928569793701,0.3514760732650757,0.5260951519012451,0.518436849117279,0.4729846715927124,0.48714280128479004,0.5386725664138794,0.5174236595630646,0.4354349374771118,0.4262053370475769,0.3948705792427063,0.38550442457199097,0.37003034353256226,0.3709878921508789,0.3745354413986206,0.36719274520874023,0.35118037462234497,0.34478050470352173,0.3203122615814209,0.3346371650695801,0.3352169394493103,0.27847886085510254,0.25489234924316406,0.21298301219940186,0.21847105026245117,0.21303868293762207,0.2317255139350891,63,0
2.6669223308563232,9,8,0.75607068836689,0.37477976083755493,0.37247204780578613,0.36085444688796997,0.5566194951534271,0.5403704643249512,0.4938356876373291,0.5051462948322296,0.5676559209823608,0.5679133236408234,0.4825144410133362,0.44151562452316284,0.40224921703338623,0.3844594359397888,0.35477614402770996,0.3446881175041199,0.3406909108161926,0.34362155199050903,0.33081644773483276,0.32820892333984375,0.3019642233848572,0.3173057436943054,0.31878983974456787,0.2705409526824951,0.2591283321380615,0.2123526930809021,0.22015172243118286,0.20637226104736328,0.1947839856147766,63,0
2.872424602508545,18,17,0.75607068836689,0.39005666971206665,0.3691442608833313,0.36719703674316406,0.5428074300289154,0.5258713960647583,0.47021692991256714,0.4775897264480591,0.5058386325836182,0.48632991313934326,0.3928455114364624,0.38062721490859985,0.3529478907585144,0.3425697684288025,0.33479636907577515,0.3209998607635498,0.3354285955429077,0.32292234897613525,0.3132120966911316,0.3261758089065552,0.30927813053131104,0.3240489959716797,0.3236299157142639,0.2808033227920532,0.2705940008163452,0.22815746068954468,0.23033499717712402,0.21421599388122559,0.2140868902206421,63,0
1.7607042789459229,16,15,0.75607068836689,0.37997323274612427,0.3583188056945801,0.3474513292312622,0.5337335765361786,0.5260350704193115,0.47744137048721313,0.4701380729675293,0.4940319061279297,0.47886204719543457,0.39857733249664307,0.3715451955795288,0.3410612940788269,0.3220806121826172,0.30926936864852905,0.30004316568374634,0.31220269203186035,0.316386342048645,0.301530122756958,0.31944888830184937,0.2944396138191223,0.32165956497192383,0.33844900131225586,0.2984035015106201,0.28070151805877686,0.2272753119468689,0.22263586521148682,0.20044207572937012,0.13105499744415283,63,0
1.7035017013549805,16,15,0.75607068836689,0.3811137080192566,0.36222028732299805,0.35300469398498535,0.5416869819164276,0.5319473147392273,0.4799489378929138,0.47392022609710693,0.4968082308769226,0.48202502727508545,0.40054500102996826,0.3703577518463135,0.3437081575393677,0.32261353731155396,0.3064645528793335,0.30285584926605225,0.31416624784469604,0.3108671307563782,0.2890526056289673,0.3041852116584778,0.28480809926986694,0.3096352219581604,0.3266635537147522,0.28826355934143066,0.2756766080856323,0.22751498222351074,0.2231711745262146,0.20052844285964966,0.13279086351394653,63,0
1.4137927293777466,9,8,0.75607068836689,0.3787321448326111,0.3648800849914551,0.35048699378967285,0.5436207056045532,0.5293806791305542,0.48043930530548096,0.48162001371383667,0.5004767775535583,0.4698638916015625,0.3840515613555908,0.3504974842071533,0.3247557282447815,0.2999657392501831,0.28826606273651123,0.2690700888633728,0.28466951847076416,0.2864418625831604,0.2712286710739136,0.2959127426147461,0.2787439823150635,0.29815471172332764,0.32060927152633667,0.2940264344215393,0.2806890606880188,0.23091572523117065,0.22971183061599731,0.20383459329605103,0.1533932089805603,63,1
1.75167977809906,12,11,0.75607068836689,0.3717426061630249,0.35212379693984985,0.3403005599975586,0.5306777358055115,0.5184094905853271,0.4702414870262146,0.46696746349334717,0.4784466624259949,0.4595656394958496,0.38401728868484497,0.3609139919281006,0.33471280336380005,0.3172677159309387,0.3005557656288147,0.2901567816734314,0.2991092801094055,0.2956298589706421,0.2935717701911926,0.3025325536727905,0.2801802158355713,0.2969737648963928,0.31029027700424194,0.27728545665740967,0.2588921785354614,0.21501529216766357,0.21521645784378052,0.19804340600967407,0.16584348678588867,63,1
1.4593620300292969,16,11,0.75607068836689,0.37946438789367676,0.3610458970069885,0.35347723960876465,0.5400105118751526,0.5224013924598694,0.4715266823768616,0.475271999835968,0.48995596170425415,0.4755895733833313,0.4003857374191284,0.3624614477157593,0.34415775537490845,0.33119380474090576,0.31755322217941284,0.2989763617515564,0.30141133069992065,0.3051588535308838,0.3058037757873535,0.3339790105819702,0.32676762342453003,0.35263365507125854,0.37969154119491577,0.35402828454971313,0.33205944299697876,0.2842440605163574,0.28058719635009766,0.26190996170043945,0.2153841257095337,63,1
1.6114006042480469,12,11,0.75607068836689,0.3800675868988037,0.36437445878982544,0.35682034492492676,0.5407118797302246,0.5126460790634155,0.4690568447113037,0.48690372705459595,0.5013263821601868,0.5066322684288025,0.43027013540267944,0.38287353515625,0.35483598709106445,0.3489922285079956,0.3287199139595032,0.3223571181297302,0.3211168050765991,0.3211471438407898,0.31214988231658936,0.3431594967842102,0.3391709327697754,0.3741012215614319,0.38010501861572266,0.34515058994293213,0.33060455322265625,0.2821693420410156,0.2796288728713989,0.2549290060997009,0.22350925207138062,63,1
1.8556874990463257,12,11,0.75607068836689,0.3717341423034668,0.360485315322876,0.35027945041656494,0.5427115559577942,0.5223332047462463,0.4732673764228821,0.4855372905731201,0.4957966208457947,0.4913082718849182,0.4038686156272888,0.36818957328796387,0.3494229316711426,0.3387036919593811,0.32147490978240967,0.3052527904510498,0.3080240488052368,0.3066745400428772,0.29568904638290405,0.33084601163864136,0.33570289611816406,0.38039135932922363,0.4131796360015869,0.39861857891082764,0.3765711188316345,0.3136064410209656,0.3060857653617859,0.2734159827232361,0.214430034160614,63,1
0.6234875321388245,15,14,0.75607068836689,0.3788108825683594,0.35652315616607666,0.34235256910324097,0.528467059135437,0.5057198405265808,0.4834120273590088,0.478951632976532,0.49317216873168945,0.4916781187057495,0.39481621980667114,0.3718911409378052,0.35531365871429443,0.3312729597091675,0.3039793372154236,0.27904510498046875,0.27632761001586914,0.27677279710769653,0.2628318667411804,0.2643563747406006,0.2287977933883667,0.237379789352417,0.2652742862701416,0.27346348762512207,0.26373517513275146,0.24191999435424805,0.22837984561920166,0.19290530681610107,0.08532083034515381,64,0
0.8333572745323181,12,11,0.75607068836689,0.3717491626739502,0.35633373260498047,0.34277045726776123,0.5317135453224182,0.5083753168582916,0.4872283935546875,0.4829521179199219,0.4911983013153076,0.4923091530799866,0.3915696144104004,0.37108272314071655,0.3473067283630371,0.3259783983230591,0.3030163049697876,0.2784225344657898,0.26715290546417236,0.272560715675354,0.25773072242736816,0.2572591304779053,0.2271098494529724,0.24224019050598145,0.29307472705841064,0.2990952730178833,0.2848689556121826,0.2539815306663513,0.23382705450057983,0.19738036394119263,0.08682918548583984,64,1
0.9059863090515137,7,5,0.75607068836689,0.37644052505493164,0.35677170753479004,0.348391056060791,0.5333427786827087,0.5133602619171143,0.48284631967544556,0.48583608865737915,0.4826395511627197,0.4912451505661011,0.39605844020843506,0.38844776153564453,0.3729970455169678,0.36302781105041504,0.3339632749557495,0.34726887941360474,0.35144704580307007,0.37046128511428833,0.3695293068885803,0.4097323417663574,0.3835480809211731,0.36340004205703735,0.35460686683654785,0.33734238147735596,0.3267706632614136,0.2630801796913147,0.259430468082428,0.22134602069854736,0.228834867477417,65,0
0.564056396484375,11,8,0.75607068836689,0.37515145540237427,0.35573291778564453,0.3459988832473755,0.5250674188137054,0.5145883560180664,0.4804116487503052,0.48529261350631714,0.48903924226760864,0.4887031316757202,0.3732619881629944,0.3675307035446167,0.35443150997161865,0.3241578936576843,0.3118284344673157,0.32766658067703247,0.34182024002075195,0.37118905782699585,0.37569814920425415,0.40524327754974365,0.386100172996521,0.36524420976638794,0.36398088932037354,0.35179805755615234,0.3439677953720093,0.2783985733985901,0.266112744808197,0.22509044408798218,0.31525689363479614,65,0
0.46081191301345825,10,7,0.75607068836689,0.3734133243560791,0.35566675662994385,0.34630048274993896,0.5218907594680786,0.5100256204605103,0.4773814082145691,0.48318374156951904,0.48543310165405273,0.4855610132217407,0.3604011535644531,0.36319512128829956,0.34702545404434204,0.3226616382598877,0.3178328275680542,0.3245519995689392,0.34390056133270264,0.35238027572631836,0.3524559736251831,0.3577307462692261,0.3410043716430664,0.3231468200683594,0.3254684805870056,0.30398881435394287,0.295024573802948,0.234328031539917,0.227405846118927,0.19239473342895508,0.2052735686302185,65,1
1.6819347143173218,8,6,0.75607068836689,0.37486857175827026,0.35552388429641724,0.3439999222755432,0.5226764678955078,0.5183042287826538,0.49141544103622437,0.48507291078567505,0.48661714792251587,0.4916103482246399,0.3835359811782837,0.3830394744873047,0.3609505891799927,0.34015071392059326,0.3223760724067688,0.321388840675354,0.3305476903915405,0.3372917175292969,0.33846908807754517,0.3575201630592346,0.34553253650665283,0.336230993270874,0.33416056632995605,0.31114208698272705,0.3045673966407776,0.24137628078460693,0.23250538110733032,0.19536632299423218,0.192857027053833,65,1
2.6386196613311768,15,13,0.75607068836689,0.3605210781097412,0.35210657119750977,0.3506591320037842,0.535127580165863,0.5252677798271179,0.49448156356811523,0.5140524804592133,0.548461377620697,0.5758339762687683,0.4970942735671997,0.485950231552124,0.4493676424026489,0.440834105014801,0.44087308645248413,0.4367125630378723,0.3989388346672058,0.4072902798652649,0.3837023973464966,0.3715970516204834,0.34807533025741577,0.35815906524658203,0.3546786308288574,0.32043832540512085,0.2882973551750183,0.2551555633544922,0.27175259590148926,0.24454879760742188,0.29304975271224976,66,0
3.07470440864563,9,6,0.75607068836689,0.35747432708740234,0.3519313335418701,0.351009726524353,0.5545322597026825,0.529925674200058,0.5038486123085022,0.5316517353057861,0.5373823642730713,0.5431101322174072,0.42510849237442017,0.39204221963882446,0.36661195755004883,0.3630504012107849,0.35259169340133667,0.31997525691986084,0.3204094171524048,0.31583207845687866,0.3196064829826355,0.3382539749145508,0.3396114110946655,0.37276989221572876,0.4075537919998169,0.3851524591445923,0.3223944306373596,0.274517297744751,0.27535808086395264,0.2429991364479065,0.22315090894699097,66,0
2.794299602508545,7,4,0.75607068836689,0.3500669002532959,0.3485497832298279,0.35129034519195557,0.5472152531147003,0.5319129228591919,0.5138205885887146,0.5369893312454224,0.5615768134593964,0.5768518447875977,0.4909493327140808,0.45143091678619385,0.41964542865753174,0.41620510816574097,0.3953208923339844,0.3789291977882385,0.3535853624343872,0.358211874961853,0.3476002812385559,0.34753310680389404,0.3514585494995117,0.40312087535858154,0.4534616470336914,0.4521130919456482,0.4024108648300171,0.3555666208267212,0.3520275354385376,0.3069697618484497,0.30812913179397583,66,0
2.255652904510498,10,7,0.75607068836689,0.3537788391113281,0.3464081287384033,0.3472917675971985,0.5405578911304474,0.5226354598999023,0.5023983120918274,0.5195303559303284,0.5393626689910889,0.542701244354248,0.4352606534957886,0.41035377979278564,0.38879507780075073,0.3895224332809448,0.4048083424568176,0.3929482698440552,0.37857675552368164,0.3797060251235962,0.36332082748413086,0.36764365434646606,0.35481584072113037,0.3688277006149292,0.37630295753479004,0.33920782804489136,0.28663045167922974,0.24848318099975586,0.2630830407142639,0.23577880859375,0.2007845640182495,66,0
2.042954444885254,11,9,0.75607068836689,0.3575062155723572,0.3478984832763672,0.34507668018341064,0.5354525446891785,0.5209132134914398,0.4926222562789917,0.5089627802371979,0.5345211625099182,0.547113299369812,0.438506543636322,0.4061528444290161,0.37831008434295654,0.3701014518737793,0.3543139696121216,0.33784377574920654,0.32980817556381226,0.3325176239013672,0.3304407596588135,0.3434414267539978,0.3394612669944763,0.36097264289855957,0.3804662227630615,0.35202544927597046,0.3072861433029175,0.2662554979324341,0.2783401608467102,0.2506673336029053,0.28419387340545654,66,0
2.015603542327881,8,6,0.75607068836689,0.3549500107765198,0.35264068841934204,0.34905534982681274,0.5472119152545929,0.5340579152107239,0.5097635090351105,0.5226361751556396,0.5425939857959747,0.5378444790840149,0.44259727001190186,0.4151489734649658,0.3945491313934326,0.3790092468261719,0.3698546886444092,0.333438515663147,0.3261483907699585,0.32297563552856445,0.325792133808136,0.3349815607070923,0.31049811840057373,0.324779748916626,0.31868135929107666,0.28507888317108154,0.24586081504821777,0.21037214994430542,0.22113162279129028,0.20654678344726562,0.2641395330429077,66,0
1.5239436626434326,11,9,0.75607068836689,0.35091638565063477,0.3487175703048706,0.3434954285621643,0.5370628237724304,0.5225200951099396,0.4927734136581421,0.5008119940757751,0.5224576890468597,0.5255458056926727,0.4156716465950012,0.3917194604873657,0.37538862228393555,0.3567659854888916,0.3506474494934082,0.36070096492767334,0.38219594955444336,0.3729426860809326,0.38480305671691895,0.4162006378173828,0.4512042999267578,0.4770423173904419,0.4792088270187378,0.4460684657096863,0.363179087638855,0.3097572922706604,0.319267213344574,0.2918629050254822,0.36809468269348145,66,0
1.7823266983032227,5,3,0.75607068836689,0.35444843769073486,0.35080933570861816,0.35615450143814087,0.5606839060783386,0.5391125082969666,0.5161352157592773,0.5253129005432129,0.536207765340805,0.5422420501708984,0.4419315457344055,0.40158259868621826,0.3726802468299866,0.35662269592285156,0.3517361879348755,0.32562166452407837,0.31170427799224854,0.3183770179748535,0.3331466317176819,0.34863924980163574,0.3634427785873413,0.3921961188316345,0.4158095717430115,0.39105159044265747,0.33052778244018555,0.2770613431930542,0.2812035083770752,0.25495874881744385,0.28998827934265137,66,1
2.3469810485839844,5,3,0.75607068836689,0.34825044870376587,0.3483250141143799,0.35073214769363403,0.5498349368572235,0.5266101062297821,0.5077595114707947,0.523985356092453,0.5363689661026001,0.5467672646045685,0.448208212852478,0.4081866145133972,0.3839647173881531,0.36652183532714844,0.35629189014434814,0.3407803773880005,0.321286678314209,0.3257122039794922,0.33952683210372925,0.3569544553756714,0.3704269528388977,0.399239182472229,0.42081356048583984,0.3954801559448242,0.34051620960235596,0.2841453552246094,0.2851724624633789,0.2579790949821472,0.26640772819519043,66,1
2.334001302719116,6,3,0.75607068836689,0.35059356689453125,0.3517889380455017,0.35758036375045776,0.5599839389324188,0.5355871915817261,0.5127324163913727,0.530157595872879,0.5451065301895142,0.5494848489761353,0.4463202953338623,0.40574657917022705,0.37783122062683105,0.3637750744819641,0.3524742126464844,0.33084535598754883,0.31225305795669556,0.3224332332611084,0.34083759784698486,0.3629714250564575,0.3845161199569702,0.41568607091903687,0.4471744894981384,0.4317466616630554,0.37216079235076904,0.31172531843185425,0.3092503547668457,0.2751030921936035,0.26992690563201904,66,1
2.0302915573120117,7,4,0.75607068836689,0.3454141616821289,0.3451225161552429,0.3449981212615967,0.5421695113182068,0.5223862528800964,0.5012688934803009,0.5124033987522125,0.5315935909748077,0.5467615723609924,0.463887095451355,0.41510748863220215,0.38101810216903687,0.3717040419578552,0.37316274642944336,0.3601359724998474,0.3412332534790039,0.34863507747650146,0.3510645627975464,0.36134523153305054,0.3690093159675598,0.41315197944641113,0.4602617621421814,0.45605117082595825,0.40420621633529663,0.3560037612915039,0.34852153062820435,0.30532318353652954,0.29089051485061646,66,1
2.0418074131011963,9,8,0.75607068836689,0.3691897392272949,0.3503596782684326,0.3408552408218384,0.5215688347816467,0.5053067207336426,0.48536187410354614,0.4884234070777893,0.505712628364563,0.5032671689987183,0.38722342252731323,0.36267751455307007,0.3441285490989685,0.3492453098297119,0.30930817127227783,0.3179640769958496,0.3225376605987549,0.3419482707977295,0.32631492614746094,0.294818639755249,0.2612149715423584,0.24460113048553467,0.25391852855682373,0.22246241569519043,0.19869500398635864,0.16153353452682495,0.1653733253479004,0.15760749578475952,0.10323506593704224,67,0
2.211575746536255,12,11,0.75607068836689,0.356623113155365,0.34550875425338745,0.3395429849624634,0.5314350128173828,0.5142977833747864,0.48161035776138306,0.4684704542160034,0.490597128868103,0.502617597579956,0.3889937996864319,0.36006009578704834,0.3275861144065857,0.33698147535324097,0.30794626474380493,0.33215993642807007,0.34728550910949707,0.35524630546569824,0.33333390951156616,0.32732903957366943,0.2893472909927368,0.27886927127838135,0.2757425308227539,0.2465190887451172,0.22183942794799805,0.18845069408416748,0.19362926483154297,0.18440890312194824,0.16230332851409912,67,0
2.370002031326294,9,7,0.75607068836689,0.37111175060272217,0.3536604642868042,0.3424109220504761,0.5307874083518982,0.5219526886940002,0.49344754219055176,0.4853968024253845,0.5219511985778809,0.5247239470481873,0.4058645963668823,0.3681250214576721,0.34853267669677734,0.35261374711990356,0.3189954161643982,0.3331393003463745,0.34652072191238403,0.353996217250824,0.3330003023147583,0.3064718246459961,0.2780163288116455,0.26089751720428467,0.2675412893295288,0.23296821117401123,0.20610380172729492,0.17122328281402588,0.17692697048187256,0.169411301612854,0.11802101135253906,67,0
2.08266019821167,18,14,0.75607068836689,0.37743502855300903,0.35177767276763916,0.3484029173851013,0.5202285051345825,0.49251437187194824,0.4654679298400879,0.47217637300491333,0.4915977120399475,0.5032283663749695,0.3878363370895386,0.35438281297683716,0.33337581157684326,0.35146188735961914,0.3118647336959839,0.32094240188598633,0.3385011553764343,0.34617477655410767,0.332608699798584,0.3184818625450134,0.29580968618392944,0.27572429180145264,0.2815500497817993,0.24559348821640015,0.2161967158317566,0.17876482009887695,0.18354928493499756,0.1731194257736206,0.12281018495559692,67,0
1.3581430912017822,10,9,0.75607068836689,0.3619723320007324,0.3514333963394165,0.3421308398246765,0.5280148983001709,0.5010647177696228,0.4809991121292114,0.4855586886405945,0.5009011924266815,0.48823708295822144,0.3790396451950073,0.3537467122077942,0.3368467688560486,0.34154003858566284,0.31175994873046875,0.31862932443618774,0.32475024461746216,0.3446328639984131,0.32634127140045166,0.29702645540237427,0.2708180546760559,0.24254637956619263,0.2504061460494995,0.21778881549835205,0.19662082195281982,0.15443110466003418,0.15266340970993042,0.14261043071746826,0.10141348838806152,67,0
1.7844078540802002,8,7,0.75607068836689,0.3665924072265625,0.3490302562713623,0.34142160415649414,0.5233806073665619,0.5046548843383789,0.48506981134414673,0.48860228061676025,0.5016108751296997,0.4988929033279419,0.38758164644241333,0.35592323541641235,0.3379913568496704,0.3299349546432495,0.298228919506073,0.3011356592178345,0.309787392616272,0.34145867824554443,0.3360658884048462,0.2966154217720032,0.2764663100242615,0.246490478515625,0.24327075481414795,0.2053564190864563,0.1832561492919922,0.14610743522644043,0.14714950323104858,0.13641536235809326,0.07747548818588257,67,1
2.5370211601257324,8,6,0.75607068836689,0.3685253858566284,0.3515673279762268,0.3436794877052307,0.5384138822555542,0.5285503268241882,0.4961118698120117,0.4927871823310852,0.5280571579933167,0.5258948802947998,0.4228594899177551,0.37171411514282227,0.3560527563095093,0.36493396759033203,0.32459819316864014,0.33484089374542236,0.34275388717651367,0.34951967000961304,0.341092586517334,0.2998166084289551,0.2650737762451172,0.2535078525543213,0.26165682077407837,0.23058658838272095,0.2040289044380188,0.17465901374816895,0.17973339557647705,0.17132335901260376,0.13144081830978394,67,1
3.242135763168335,10,8,0.75607068836689,0.3673497438430786,0.3582305908203125,0.3592327833175659,0.5524609684944153,0.5180662870407104,0.4902666211128235,0.4916449189186096,0.5312500298023224,0.543361246585846,0.4379919767379761,0.39016270637512207,0.36419224739074707,0.3512301445007324,0.3092308044433594,0.3151499629020691,0.3194059133529663,0.33835697174072266,0.3285708427429199,0.3051767349243164,0.3034965395927429,0.3014587163925171,0.3104114532470703,0.2639487385749817,0.23413777351379395,0.18406367301940918,0.17305976152420044,0.1552271842956543,0.09975409507751465,67,1
2.772223949432373,12,10,0.75607068836689,0.3718056082725525,0.3473259210586548,0.3416163921356201,0.5308777391910553,0.5098437666893005,0.48058974742889404,0.48691320419311523,0.5118408501148224,0.5104745030403137,0.40299999713897705,0.37586987018585205,0.34504276514053345,0.36223167181015015,0.32429003715515137,0.34556007385253906,0.35435158014297485,0.3636259436607361,0.36059415340423584,0.33917057514190674,0.3097737431526184,0.291922926902771,0.2983205318450928,0.26089608669281006,0.23942941427230835,0.20530903339385986,0.20721840858459473,0.19790971279144287,0.14983874559402466,67,1
1.2684630155563354,10,8,0.75607068836689,0.3673103451728821,0.3486917018890381,0.3425319790840149,0.5402813255786896,0.5101968944072723,0.48458242416381836,0.48465704917907715,0.5024237036705017,0.50423663854599,0.38156306743621826,0.34355247020721436,0.32419896125793457,0.3184770941734314,0.27799612283706665,0.2841654419898987,0.28759777545928955,0.31606781482696533,0.30873703956604004,0.2993597984313965,0.2825460433959961,0.2658536434173584,0.2783835530281067,0.2418714165687561,0.2211141586303711,0.17690324783325195,0.16936522722244263,0.14892613887786865,0.08494246006011963,67,1
1.4269062280654907,15,12,0.8801468387246132,0.5130841732025146,0.4298779368400574,0.4018760919570923,0.5958518385887146,0.5644815862178802,0.5299719572067261,0.5618903040885925,0.5482207238674164,0.525789737701416,0.43369168043136597,0.43728572130203247,0.3944527506828308,0.3860960006713867,0.37610912322998047,0.368985116481781,0.3720075488090515,0.3563365936279297,0.34864604473114014,0.4158393144607544,0.37557822465896606,0.3571664094924927,0.37367725372314453,0.33662331104278564,0.3116089701652527,0.32701432704925537,0.36982589960098267,0.29159438610076904,0.20253276824951172,68,0
0.8781722187995911,20,13,0.75607068836689,0.38825440406799316,0.3656046390533447,0.3444514870643616,0.5228630900382996,0.5115375220775604,0.48453783988952637,0.49143731594085693,0.501459002494812,0.4977668523788452,0.39651358127593994,0.3876948356628418,0.3506805896759033,0.3385281562805176,0.33581477403640747,0.34348416328430176,0.3465944528579712,0.351604700088501,0.33104586601257324,0.3769606351852417,0.37251341342926025,0.36937177181243896,0.3690716028213501,0.3618006706237793,0.3609501123428345,0.3841961622238159,0.4349600076675415,0.3349933624267578,0.22895383834838867,68,0
1.519834041595459,28,17,0.75607068836689,0.38074326515197754,0.36903297901153564,0.3424563407897949,0.5147755444049835,0.5156251788139343,0.47575050592422485,0.47810500860214233,0.49679696559906006,0.5056336224079132,0.3992612361907959,0.3994181752204895,0.3689187169075012,0.3587573766708374,0.35152924060821533,0.34677445888519287,0.3532183766365051,0.3427795171737671,0.3209173083305359,0.35657036304473877,0.3622428774833679,0.3503979444503784,0.3540022373199463,0.33888930082321167,0.3346220850944519,0.3485959768295288,0.40602564811706543,0.32501888275146484,0.187014639377594,68,0
0.5710689425468445,15,10,0.8801468387246132,0.5141133964061737,0.42779064178466797,0.4031220078468323,0.5992264151573181,0.5774657726287842,0.5389942228794098,0.5774287581443787,0.5664828419685364,0.5490596294403076,0.463931679725647,0.43788743019104004,0.41292649507522583,0.40032100677490234,0.41983282566070557,0.34595274925231934,0.3554729223251343,0.3677023649215698,0.35664045810699463,0.37691354751586914,0.3456156849861145,0.340482234954834,0.3596053719520569,0.3509315848350525,0.34123098850250244,0.3765535354614258,0.4278564453125,0.3206685781478882,0.23152059316635132,68,1
1.0757125616073608,11,9,0.75607068836689,0.3701190948486328,0.3572186827659607,0.3483719825744629,0.5283007025718689,0.5040150880813599,0.4669933319091797,0.4740254282951355,0.4762527346611023,0.4714013338088989,0.3807867169380188,0.3599523901939392,0.34274744987487793,0.3315155506134033,0.32177913188934326,0.32900094985961914,0.3503035306930542,0.38651007413864136,0.3578749895095825,0.32744455337524414,0.35189253091812134,0.3370293974876404,0.37774813175201416,0.3560493588447571,0.3530871868133545,0.3112024664878845,0.31924641132354736,0.26984721422195435,0.18834805488586426,69,0
0.36245808005332947,11,9,0.75607068836689,0.3690662980079651,0.35008054971694946,0.34278178215026855,0.5025631785392761,0.4932669401168823,0.46380090713500977,0.4735149145126343,0.48025333881378174,0.4830113649368286,0.3887817859649658,0.3648141026496887,0.3551386594772339,0.3447245955467224,0.32193291187286377,0.34215831756591797,0.35466378927230835,0.38316792249679565,0.3613840937614441,0.3395994305610657,0.3378561735153198,0.2912869453430176,0.2997702360153198,0.272327721118927,0.2690085172653198,0.22635990381240845,0.2227635383605957,0.1806013584136963,0.1649898886680603,69,0
1.9003207683563232,16,11,0.75607068836689,0.38647323846817017,0.36425209045410156,0.3547526001930237,0.5255424082279205,0.49612748622894287,0.4619053602218628,0.47361165285110474,0.4822081923484802,0.47913503646850586,0.38539958000183105,0.364937424659729,0.34926021099090576,0.3435664772987366,0.327501118183136,0.3236004710197449,0.34343451261520386,0.38534432649612427,0.3535570502281189,0.32044869661331177,0.3355602025985718,0.3075432777404785,0.3298622965812683,0.30169588327407837,0.2942665219306946,0.23874783515930176,0.23780715465545654,0.2017972469329834,0.12410241365432739,69,0
0.7920604944229126,10,8,0.75607068836689,0.36726123094558716,0.3504312038421631,0.341774582862854,0.5010128915309906,0.49089568853378296,0.4598843455314636,0.474073588848114,0.48444730043411255,0.48093342781066895,0.3766558766365051,0.35184502601623535,0.3402150273323059,0.33647429943084717,0.32533395290374756,0.34368300437927246,0.35644519329071045,0.38098567724227905,0.35657787322998047,0.3420892357826233,0.34618932008743286,0.29194891452789307,0.2975921630859375,0.2607067823410034,0.2590000629425049,0.20766174793243408,0.20332872867584229,0.16599547863006592,0.12799310684204102,69,1
1.7700692415237427,13,9,0.75607068836689,0.3745231628417969,0.3555421233177185,0.345525324344635,0.5067756474018097,0.4871387481689453,0.45981431007385254,0.4683741331100464,0.49098145961761475,0.48745107650756836,0.38643336296081543,0.3757721185684204,0.35236841440200806,0.34249311685562134,0.3312150835990906,0.33698344230651855,0.3379288911819458,0.372836172580719,0.3579612374305725,0.3530585765838623,0.35985469818115234,0.32927238941192627,0.31960350275039673,0.2803530693054199,0.2681124806404114,0.20842581987380981,0.2038087248802185,0.17078155279159546,0.11547183990478516,69,1
2.4393298625946045,12,9,0.75607068836689,0.3624676465988159,0.34529250860214233,0.3404645323753357,0.5082569122314453,0.48772573471069336,0.4649115204811096,0.47723859548568726,0.4932211637496948,0.5005833506584167,0.39238566160202026,0.381192147731781,0.3687562346458435,0.3616294860839844,0.34079718589782715,0.32615286111831665,0.3258763551712036,0.35912179946899414,0.33885008096694946,0.328816294670105,0.35053008794784546,0.3107057809829712,0.30461299419403076,0.2629448175430298,0.25186479091644287,0.19524931907653809,0.18845969438552856,0.15571105480194092,0.11614912748336792,69,1
2.2007880210876465,12,10,0.75607068836689,0.3666985034942627,0.3514289855957031,0.342415452003479,0.5087035298347473,0.4885925054550171,0.464260995388031,0.4825347065925598,0.5061957240104675,0.5017264485359192,0.39701205492019653,0.38993000984191895,0.37128758430480957,0.35469311475753784,0.326806902885437,0.31591999530792236,0.3157252073287964,0.3498551845550537,0.33503878116607666,0.32983386516571045,0.35124671459198,0.3178825378417969,0.3129429817199707,0.27543342113494873,0.26381027698516846,0.20838606357574463,0.21168726682662964,0.16960453987121582,0.11759310960769653,69,1
1.9711798429489136,15,13,0.75607068836689,0.36048465967178345,0.3356893062591553,0.33561021089553833,0.5004931092262268,0.4818587899208069,0.44527238607406616,0.4657025933265686,0.46742743253707886,0.44288861751556396,0.36145293712615967,0.35417693853378296,0.3315157890319824,0.3496612310409546,0.3218756914138794,0.3080350160598755,0.3098165988922119,0.306884765625,0.3137401342391968,0.3326774835586548,0.2814292907714844,0.2484738826751709,0.2367328405380249,0.18959170579910278,0.16291356086730957,0.13590025901794434,0.13513648509979248,0.1211235523223877,0.12320953607559204,70,0
1.8126866817474365,12,10,0.75607068836689,0.34419429302215576,0.3306971788406372,0.3289681077003479,0.4936397075653076,0.47468793392181396,0.4464658498764038,0.4636497497558594,0.46359217166900635,0.4388343095779419,0.3473862409591675,0.32424378395080566,0.3029128909111023,0.31823843717575073,0.29557424783706665,0.267339825630188,0.28648966550827026,0.28294074535369873,0.29120099544525146,0.3211578130722046,0.277524471282959,0.24744045734405518,0.24090534448623657,0.18998563289642334,0.15949910879135132,0.13180643320083618,0.13071411848068237,0.11656183004379272,0.1244969367980957,70,0
3.6342077255249023,3,2,0.75607068836689,0.32656705379486084,0.32230937480926514,0.32111966609954834,0.5006060600280762,0.49187272787094116,0.4499627351760864,0.4707755446434021,0.4703837037086487,0.4520692229270935,0.37576866149902344,0.3375714421272278,0.3137050271034241,0.3259637951850891,0.30625027418136597,0.2947233319282532,0.2990315556526184,0.2966204881668091,0.2995738983154297,0.31116634607315063,0.2845565676689148,0.25309818983078003,0.24481970071792603,0.19145536422729492,0.16414082050323486,0.13723742961883545,0.14265143871307373,0.12602102756500244,0.10683691501617432,70,0
5.7174224853515625,2,1,0.75607068836689,0.3391481637954712,0.32797789573669434,0.3252164125442505,0.5064303874969482,0.4956700801849365,0.4623444676399231,0.4874882102012634,0.48851919174194336,0.4631417989730835,0.3846689462661743,0.3456975817680359,0.32252663373947144,0.33236169815063477,0.311648964881897,0.3011512756347656,0.3052547574043274,0.30373328924179077,0.3030729293823242,0.30493849515914917,0.27321791648864746,0.24521255493164062,0.2436261773109436,0.19048750400543213,0.15791916847229004,0.13408136367797852,0.13886678218841553,0.1263444423675537,0.10672140121459961,70,0
4.117368698120117,2,1,0.75607068836689,0.3108455538749695,0.31406426429748535,0.31763577461242676,0.5049945116043091,0.4946889281272888,0.461490273475647,0.4848877191543579,0.4881281852722168,0.4630194306373596,0.3890434503555298,0.3484920263290405,0.3289449214935303,0.3387707471847534,0.31519651412963867,0.30181384086608887,0.308699369430542,0.3037109971046448,0.2992345690727234,0.3075658082962036,0.2735348343849182,0.24483448266983032,0.23600006103515625,0.1804853081703186,0.1500530242919922,0.12847894430160522,0.13302183151245117,0.11970251798629761,0.11275649070739746,70,0
1.7498867511749268,9,8,0.75607068836689,0.34737199544906616,0.33468568325042725,0.32853788137435913,0.501332700252533,0.48512357473373413,0.44911426305770874,0.4628891348838806,0.4555436968803406,0.4318389892578125,0.3456549644470215,0.32409822940826416,0.3006379008293152,0.30251121520996094,0.2902038097381592,0.2722870111465454,0.2869304418563843,0.2829431891441345,0.2964373230934143,0.32051753997802734,0.2769109010696411,0.2461051344871521,0.23333334922790527,0.1911534070968628,0.1631709337234497,0.14227932691574097,0.14252328872680664,0.1323615312576294,0.13113117218017578,70,1
2.190892457962036,8,7,0.75607068836689,0.3453161120414734,0.3345733880996704,0.32820892333984375,0.5006246566772461,0.48495203256607056,0.44778168201446533,0.4619775414466858,0.4556569457054138,0.4297987222671509,0.34289002418518066,0.3209572434425354,0.2971440553665161,0.30164945125579834,0.29289472103118896,0.2733427882194519,0.2848450541496277,0.28361642360687256,0.2971479296684265,0.31594109535217285,0.2689882516860962,0.2343909740447998,0.21448558568954468,0.1778125762939453,0.14928388595581055,0.1287592053413391,0.13260328769683838,0.12653404474258423,0.11987757682800293,70,1
2.603092908859253,7,6,0.75607068836689,0.34224069118499756,0.3333028554916382,0.3284406065940857,0.5014651119709015,0.4875330328941345,0.45120638608932495,0.4659663438796997,0.4591362476348877,0.43224096298217773,0.3443012833595276,0.32257306575775146,0.2966718077659607,0.30029618740081787,0.28979170322418213,0.2698366641998291,0.28147226572036743,0.2804521322250366,0.29063838720321655,0.3124050498008728,0.2710970640182495,0.23654699325561523,0.21151286363601685,0.16948091983795166,0.13769036531448364,0.11485934257507324,0.11578178405761719,0.10727483034133911,0.08820313215255737,70,1
1.1043223142623901,17,9,0.75607068836689,0.38313233852386475,0.3678596615791321,0.34878063201904297,0.516040176153183,0.5082483291625977,0.47001904249191284,0.48684144020080566,0.5165450274944305,0.5323281288146973,0.437873899936676,0.4108147621154785,0.37891680002212524,0.3700234889984131,0.34673523902893066,0.34402596950531006,0.3563627004623413,0.3517953157424927,0.36577898263931274,0.3575335144996643,0.3018167018890381,0.27834779024124146,0.25432103872299194,0.21489012241363525,0.17321038246154785,0.14114606380462646,0.1428389549255371,0.12669193744659424,0.13689637184143066,71,0
2.2910404205322266,16,12,0.75607068836689,0.38310450315475464,0.35976922512054443,0.3418160676956177,0.5221571326255798,0.5174205303192139,0.4868351221084595,0.5156093239784241,0.538601279258728,0.5395325124263763,0.4468509554862976,0.431713342666626,0.3911648988723755,0.3909118175506592,0.36934030055999756,0.3789348006248474,0.3857952952384949,0.3747115731239319,0.36056506633758545,0.34846681356430054,0.2959914207458496,0.2954596281051636,0.32737958431243896,0.3199809789657593,0.2794746160507202,0.26522600650787354,0.26742541790008545,0.22196578979492188,0.23095643520355225,71,0
2.2241291999816895,12,10,0.75607068836689,0.3769162893295288,0.36186546087265015,0.3447842597961426,0.5183199048042297,0.5038869976997375,0.46953636407852173,0.49095749855041504,0.5386714935302734,0.5630024075508118,0.48750585317611694,0.4764730930328369,0.440022349357605,0.42683881521224976,0.4068416357040405,0.3994905948638916,0.39694011211395264,0.3916572332382202,0.37768828868865967,0.33660250902175903,0.274649977684021,0.2580265998840332,0.23103868961334229,0.1955515742301941,0.16241204738616943,0.1316700577735901,0.13454139232635498,0.12411850690841675,0.11991703510284424,71,0
1.0748488903045654,10,8,0.75607068836689,0.3862278461456299,0.363288938999176,0.343925416469574,0.5130309164524078,0.4919130206108093,0.4634106159210205,0.4752311110496521,0.49739718437194824,0.48704373836517334,0.4040921926498413,0.3690022826194763,0.351504921913147,0.33274155855178833,0.3190484046936035,0.30575209856033325,0.3206183910369873,0.3185032606124878,0.3377588987350464,0.3582136034965515,0.3508029580116272,0.35091209411621094,0.3509852886199951,0.3163260817527771,0.2649194598197937,0.24312549829483032,0.2341376543045044,0.20048004388809204,0.1783650517463684,71,1
1.9101935625076294,16,14,0.75607068836689,0.3960537314414978,0.36963915824890137,0.3489246964454651,0.5094801187515259,0.4933759570121765,0.4701753854751587,0.48851752281188965,0.5314522385597229,0.5204029381275177,0.45668840408325195,0.4340115189552307,0.40358901023864746,0.39504116773605347,0.3673556447029114,0.34554094076156616,0.35052502155303955,0.3388543725013733,0.35707366466522217,0.3482104539871216,0.29066169261932373,0.2780779004096985,0.24928301572799683,0.2035846710205078,0.1660633683204651,0.1371287703514099,0.13203012943267822,0.12253797054290771,0.11916792392730713,71,1
1.519360065460205,23,22,0.75607068836689,0.3848645091056824,0.35240638256073,0.33618980646133423,0.518583208322525,0.49120527505874634,0.44173914194107056,0.473209023475647,0.49028611183166504,0.5158571600914001,0.3999335765838623,0.3725135922431946,0.36318349838256836,0.3633471727371216,0.34282219409942627,0.33010709285736084,0.3465672731399536,0.33259379863739014,0.3120056390762329,0.28710055351257324,0.23865658044815063,0.22131681442260742,0.21818000078201294,0.17549020051956177,0.1445446014404297,0.11144143342971802,0.11328500509262085,0.11137521266937256,0.07618021965026855,72,0
2.024611473083496,7,6,0.75607068836689,0.37195348739624023,0.3532179594039917,0.3337680697441101,0.5267049670219421,0.5134652256965637,0.4684607982635498,0.48509955406188965,0.5256123542785645,0.5503555834293365,0.42577749490737915,0.3957725763320923,0.3875265121459961,0.384604811668396,0.3420812487602234,0.32479459047317505,0.33533692359924316,0.32653355598449707,0.2946595549583435,0.28091758489608765,0.23625612258911133,0.22576308250427246,0.2342626452445984,0.18983906507492065,0.1584928035736084,0.12462329864501953,0.1278362274169922,0.12608277797698975,0.08654522895812988,72,0
3.052454948425293,6,5,0.75607068836689,0.3595491051673889,0.35056620836257935,0.3324654698371887,0.5403935611248016,0.5203420221805573,0.4784355163574219,0.49213504791259766,0.5221869051456451,0.5470470786094666,0.437960147857666,0.4036032557487488,0.3920414447784424,0.3813595175743103,0.36048394441604614,0.33042895793914795,0.3345714807510376,0.3213423490524292,0.30974888801574707,0.3046591877937317,0.24893462657928467,0.23874366283416748,0.24470853805541992,0.195784330368042,0.1629863977432251,0.12997907400131226,0.1338016390800476,0.13083702325820923,0.10636913776397705,72,0
2.702713966369629,6,5,0.75607068836689,0.3520580530166626,0.3471946120262146,0.3312382698059082,0.5390816330909729,0.5218428075313568,0.4799180030822754,0.49535101652145386,0.5263836085796356,0.5546271204948425,0.4341849088668823,0.40244460105895996,0.39901071786880493,0.39126718044281006,0.3711310625076294,0.35250818729400635,0.3549399971961975,0.3415628671646118,0.3266006112098694,0.325523316860199,0.2733440399169922,0.26613181829452515,0.26462072134017944,0.21361875534057617,0.17690140008926392,0.1412140130996704,0.14791196584701538,0.1465003490447998,0.10365653038024902,72,0
4.007511138916016,7,6,0.75607068836689,0.36997199058532715,0.3583013415336609,0.34625470638275146,0.5450689494609833,0.5318883657455444,0.4837920069694519,0.49396324157714844,0.5458357334136963,0.5600693225860596,0.4286966323852539,0.3812330961227417,0.3577638268470764,0.3563758134841919,0.33346426486968994,0.30036669969558716,0.30691224336624146,0.28631317615509033,0.2696678638458252,0.26415443420410156,0.22056293487548828,0.19846892356872559,0.2053644061088562,0.16473913192749023,0.13756698369979858,0.10919523239135742,0.1151432991027832,0.10831832885742188,0.07139188051223755,72,0
1.314152717590332,13,12,0.75607068836689,0.3640502691268921,0.34492528438568115,0.32514065504074097,0.5115573406219482,0.48961472511291504,0.44601064920425415,0.4650408625602722,0.4783381223678589,0.5028749704360962,0.38566064834594727,0.3485322594642639,0.32935863733291626,0.31551510095596313,0.2989482283592224,0.2850465774536133,0.2977154850959778,0.2933303117752075,0.27897125482559204,0.2712485194206238,0.2328355312347412,0.22268331050872803,0.2354503870010376,0.19379329681396484,0.16183209419250488,0.13409090042114258,0.14188992977142334,0.1324155330657959,0.10944545269012451,72,1
1.998220443725586,9,7,0.75607068836689,0.36928224563598633,0.3615943193435669,0.34874963760375977,0.5485385656356812,0.5210526585578918,0.4774010181427002,0.5046426653862,0.5165881514549255,0.5407222211360931,0.425113320350647,0.39016222953796387,0.3765032887458801,0.36160606145858765,0.3401433825492859,0.3178907632827759,0.31950318813323975,0.3076615333557129,0.2875184416770935,0.267431378364563,0.23218166828155518,0.21778011322021484,0.21590805053710938,0.1719418168067932,0.14676785469055176,0.11583828926086426,0.11904597282409668,0.11631637811660767,0.07991224527359009,72,1
1.422344446182251,14,13,0.75607068836689,0.3756186366081238,0.3522087335586548,0.33260101079940796,0.5158540606498718,0.4955589771270752,0.44918549060821533,0.4676717519760132,0.47569072246551514,0.5017498731613159,0.37870174646377563,0.34267038106918335,0.3252508044242859,0.3101274371147156,0.300265908241272,0.2834538221359253,0.2971583604812622,0.28555941581726074,0.2649616003036499,0.24872714281082153,0.21747994422912598,0.20370501279830933,0.21372681856155396,0.17111164331436157,0.14500153064727783,0.11747205257415771,0.12377119064331055,0.1228589415550232,0.09742182493209839,72,1
2.374176263809204,9,6,0.75607068836689,0.3731309771537781,0.35540223121643066,0.3461076021194458,0.5338163077831268,0.5347659587860107,0.4903513193130493,0.5051210522651672,0.5473938584327698,0.5546830892562866,0.4094182252883911,0.35581088066101074,0.32967764139175415,0.32619452476501465,0.3090464472770691,0.28014540672302246,0.2860393524169922,0.27240288257598877,0.26001161336898804,0.2733791470527649,0.22950029373168945,0.2041240930557251,0.20083606243133545,0.16618162393569946,0.13768452405929565,0.10787451267242432,0.10768783092498779,0.10021799802780151,0.06778275966644287,72,1
2.4842495918273926,10,8,0.75607068836689,0.3651233911514282,0.34402912855148315,0.3305840492248535,0.5122568607330322,0.49914097785949707,0.4586319327354431,0.4684935212135315,0.48788321018218994,0.5177181959152222,0.39983445405960083,0.35876840353012085,0.33832210302352905,0.3313450813293457,0.30965834856033325,0.294638991355896,0.297374427318573,0.2908230423927307,0.28005683422088623,0.2734541893005371,0.2233142852783203,0.21046501398086548,0.20448487997055054,0.17118948698043823,0.14366912841796875,0.11795145273208618,0.12026280164718628,0.11866539716720581,0.07041585445404053,72,1
2.0172712802886963,9,8,0.75607068836689,0.3716409206390381,0.34776771068573,0.3290349245071411,0.518447071313858,0.503882497549057,0.45624977350234985,0.4745129942893982,0.49836045503616333,0.5211223065853119,0.4067521095275879,0.36579835414886475,0.34592896699905396,0.3416975140571594,0.31280428171157837,0.2960948944091797,0.30697011947631836,0.3036975860595703,0.2817058563232422,0.2694407105445862,0.22590690851211548,0.21194565296173096,0.21820998191833496,0.17989909648895264,0.15001237392425537,0.1255563497543335,0.12883377075195312,0.12007546424865723,0.09356343746185303,72,1
2.4329581260681152,21,15,0.75607068836689,0.38345867395401,0.3769077658653259,0.37263184785842896,0.5587607324123383,0.543441653251648,0.5215327143669128,0.5328777432441711,0.5406989753246307,0.564932107925415,0.4365192651748657,0.44562798738479614,0.4556392431259155,0.4451792240142822,0.40383756160736084,0.4189301133155823,0.40471386909484863,0.3994019627571106,0.3883075714111328,0.3407301902770996,0.3035174012184143,0.2838785648345947,0.2676249146461487,0.2149733304977417,0.20689165592193604,0.16004341840744019,0.16534370183944702,0.15104329586029053,0.09803527593612671,73,0
1.8896162509918213,7,6,0.75607068836689,0.3600243330001831,0.3535911440849304,0.3440471887588501,0.5382638871669769,0.554094672203064,0.5244294703006744,0.4964476227760315,0.5230321288108826,0.5178051292896271,0.37078243494033813,0.36583757400512695,0.33218443393707275,0.32200849056243896,0.30626678466796875,0.3115963339805603,0.3143908977508545,0.30977922677993774,0.2928175926208496,0.27105462551116943,0.2257329225540161,0.20225143432617188,0.2016274333000183,0.1621929407119751,0.14144760370254517,0.11188280582427979,0.11184710264205933,0.10245072841644287,0.1037667989730835,73,0
2.7387619018554688,18,15,0.9245262145996094,0.5338640809059143,0.4455956220626831,0.4262503385543823,0.6296596527099609,0.5826714038848877,0.5475507974624634,0.5584075748920441,0.5696494877338409,0.5752621293067932,0.43021273612976074,0.42875373363494873,0.414414644241333,0.40595543384552,0.3622853755950928,0.3697529435157776,0.3577927350997925,0.36114710569381714,0.3550521731376648,0.32364892959594727,0.2917291522026062,0.27353763580322266,0.2662992477416992,0.22295331954956055,0.20926415920257568,0.15303659439086914,0.1481550931930542,0.12762188911437988,0.08755755424499512,73,0
2.422330617904663,5,3,0.75607068836689,0.35528725385665894,0.3488117456436157,0.3423832654953003,0.5462568700313568,0.5275464653968811,0.509496808052063,0.5081130862236023,0.5205971598625183,0.5052872896194458,0.3587725758552551,0.35352325439453125,0.3329956531524658,0.33272361755371094,0.2953617572784424,0.3186158537864685,0.3207845091819763,0.32771915197372437,0.3248726725578308,0.2992810606956482,0.27623069286346436,0.2667856812477112,0.26031267642974854,0.2107175588607788,0.19668114185333252,0.15416282415390015,0.14734983444213867,0.13225138187408447,0.08386701345443726,73,1
2.5152101516723633,12,7,0.8801468387246132,0.4960275888442993,0.42815423011779785,0.4230070114135742,0.637360692024231,0.6023155450820923,0.5762515068054199,0.5874738097190857,0.613550454378128,0.609740287065506,0.5035711228847504,0.5032453835010529,0.4868372082710266,0.48483383655548096,0.4423145651817322,0.4491065740585327,0.42752373218536377,0.4204040765762329,0.3998897075653076,0.3492938280105591,0.32481998205184937,0.31158900260925293,0.2794607877731323,0.2330586314201355,0.21323013305664062,0.16510426998138428,0.15994226932525635,0.14562547206878662,0.08682501316070557,73,1
2.88460636138916,12,7,0.8801468387246132,0.49618232250213623,0.4292648434638977,0.4235655665397644,0.628206193447113,0.5916047692298889,0.5735971629619598,0.5741697549819946,0.5967734754085541,0.5960690975189209,0.5000312030315399,0.4978786110877991,0.48407530784606934,0.4824141263961792,0.4299534559249878,0.4413357377052307,0.4186575412750244,0.4061124920845032,0.386885404586792,0.33472442626953125,0.3074887990951538,0.28666234016418457,0.2522958517074585,0.20712828636169434,0.18902933597564697,0.14545583724975586,0.14100247621536255,0.13280224800109863,0.08175182342529297,73,1
4.584105014801025,11,8,0.8801468387246132,0.49527448415756226,0.4257824420928955,0.41766417026519775,0.6243698596954346,0.5894582569599152,0.5700611472129822,0.5721553564071655,0.593597799539566,0.5939539074897766,0.4759454131126404,0.47357654571533203,0.4693487286567688,0.4594169855117798,0.40519124269485474,0.4162132740020752,0.4010903239250183,0.38313668966293335,0.37767064571380615,0.32177668809890747,0.2937051057815552,0.2702387571334839,0.24544888734817505,0.2018175721168518,0.18144547939300537,0.13553494215011597,0.13010954856872559,0.12231642007827759,0.07831758260726929,73,1
3.0661604404449463,11,7,0.8801468387246132,0.499220609664917,0.4324154853820801,0.4209308624267578,0.62965989112854,0.5954940319061279,0.5707654058933258,0.5744526982307434,0.6016481518745422,0.5958532691001892,0.5022729635238647,0.49684953689575195,0.4826197028160095,0.4772655963897705,0.4282490015029907,0.4464873671531677,0.4244024157524109,0.41283756494522095,0.3905102610588074,0.35229766368865967,0.3339550495147705,0.31670695543289185,0.29210615158081055,0.24124658107757568,0.2269095778465271,0.17732471227645874,0.18145620822906494,0.1632295846939087,0.10583561658859253,73,1
2.4994566440582275,9,8,0.75607068836689,0.38191723823547363,0.3733997344970703,0.3647620677947998,0.5794588327407837,0.5550758838653564,0.5326153635978699,0.5446252524852753,0.60091233253479,0.6217860579490662,0.4911537766456604,0.47093331813812256,0.46816980838775635,0.45487767457962036,0.44365763664245605,0.431915283203125,0.41456514596939087,0.39501166343688965,0.3742172122001648,0.3459535837173462,0.31798577308654785,0.2935100197792053,0.2921637296676636,0.23877167701721191,0.2030847668647766,0.16050177812576294,0.1633092164993286,0.16419678926467896,0.15206843614578247,74,0
4.228935718536377,5,4,0.75607068836689,0.3837774395942688,0.3673306703567505,0.35278773307800293,0.5715764164924622,0.5635599493980408,0.5237610042095184,0.5092452168464661,0.5586856007575989,0.5627495348453522,0.4664710760116577,0.44591671228408813,0.4330519437789917,0.4305347204208374,0.408555269241333,0.43439602851867676,0.41872620582580566,0.39307403564453125,0.37704598903656006,0.38446497917175293,0.3199955224990845,0.2878512144088745,0.2882195711135864,0.2427738904953003,0.19845855236053467,0.16403090953826904,0.16039752960205078,0.14874029159545898,0.1383989453315735,74,0
2.713951826095581,10,9,0.75607068836689,0.3682847023010254,0.3617202639579773,0.34784966707229614,0.5631304085254669,0.5432746410369873,0.5090427696704865,0.5218749940395355,0.5555726885795593,0.5734709203243256,0.4440070390701294,0.4069579243659973,0.3984123468399048,0.3977442979812622,0.37609952688217163,0.3504641652107239,0.3451796770095825,0.3165283203125,0.3069043755531311,0.2940900921821594,0.2513599395751953,0.23154020309448242,0.24456441402435303,0.19619208574295044,0.16500967741012573,0.12745535373687744,0.13194572925567627,0.12348902225494385,0.08228814601898193,74,0
1.5516725778579712,7,6,0.75607068836689,0.3807792067527771,0.3708353042602539,0.35322463512420654,0.5707012414932251,0.5376171469688416,0.5058891177177429,0.511652946472168,0.5635274648666382,0.5950082242488861,0.440449059009552,0.4079720377922058,0.4070470333099365,0.3936045169830322,0.37172234058380127,0.342510461807251,0.34157973527908325,0.3223700523376465,0.30725109577178955,0.3063124418258667,0.2612481117248535,0.25356054306030273,0.24829119443893433,0.1991339921951294,0.16769075393676758,0.13283956050872803,0.1369481086730957,0.1335691213607788,0.12550580501556396,74,1
2.530972719192505,8,7,0.75607068836689,0.36526691913604736,0.3619675636291504,0.35577231645584106,0.5703375935554504,0.5519089996814728,0.5264304578304291,0.5300952196121216,0.5742082595825195,0.5856528878211975,0.41808050870895386,0.39078521728515625,0.3801761269569397,0.37973594665527344,0.3581317663192749,0.3451235890388489,0.34410667419433594,0.3195761442184448,0.31781548261642456,0.3169454336166382,0.27221667766571045,0.25544798374176025,0.2563778758049011,0.20209264755249023,0.16949450969696045,0.12859296798706055,0.12539255619049072,0.11288559436798096,0.08337122201919556,74,1
3.107697010040283,7,6,0.75607068836689,0.374462366104126,0.3647657632827759,0.35181671380996704,0.5595296621322632,0.5403487682342529,0.5218415856361389,0.5390113890171051,0.5803011655807495,0.6033972203731537,0.49836647510528564,0.473899781703949,0.4505528211593628,0.4480547308921814,0.4020441770553589,0.3782992362976074,0.3578040599822998,0.3389866352081299,0.32182425260543823,0.3130795359611511,0.2763535976409912,0.2646068334579468,0.27405667304992676,0.21388673782348633,0.1769343614578247,0.13339757919311523,0.1310034990310669,0.11786258220672607,0.09991753101348877,74,1
1.20758056640625,11,9,0.75607068836689,0.375813364982605,0.3556176424026489,0.3458595275878906,0.5369758605957031,0.5239728689193726,0.4906005859375,0.50152388215065,0.5150027275085449,0.5112371444702148,0.397169828414917,0.3743436336517334,0.36460256576538086,0.34862297773361206,0.3353426456451416,0.344579815864563,0.35632169246673584,0.3624240756034851,0.3628445267677307,0.42184799909591675,0.4503737688064575,0.4727046489715576,0.46881186962127686,0.4320451617240906,0.40616339445114136,0.3979417085647583,0.4166131019592285,0.3827086091041565,0.4113565683364868,75,0
3.0183427333831787,3,1,0.75607068836689,0.38630199432373047,0.3565453886985779,0.35784047842025757,0.6110233664512634,0.5652251541614532,0.5187423825263977,0.5202973783016205,0.541966587305069,0.5226444005966187,0.43981611728668213,0.4091808795928955,0.36943143606185913,0.37721049785614014,0.3495364785194397,0.3534495234489441,0.3508518934249878,0.35204029083251953,0.34697282314300537,0.3830775022506714,0.38451099395751953,0.3956652879714966,0.3822305202484131,0.36746132373809814,0.33558690547943115,0.3381822109222412,0.3428429365158081,0.3082313537597656,0.3037980794906616,75,0
2.0750081539154053,10,7,0.75607068836689,0.3777761459350586,0.3531254529953003,0.34460586309432983,0.5343717336654663,0.5191117227077484,0.49275314807891846,0.50327068567276,0.5375607013702393,0.5349907875061035,0.4293863773345947,0.4052400588989258,0.377331018447876,0.3552488684654236,0.341377317905426,0.3401528000831604,0.3426063060760498,0.34940385818481445,0.34998422861099243,0.3979417681694031,0.4395197629928589,0.45191431045532227,0.447931170463562,0.41588926315307617,0.39017558097839355,0.3678296208381653,0.38248807191848755,0.35594844818115234,0.3188268542289734,75,0
2.4948432445526123,8,6,0.75607068836689,0.3777267336845398,0.3499322533607483,0.34181708097457886,0.5309666395187378,0.5194152295589447,0.4925643801689148,0.5035480558872223,0.5146523118019104,0.5305691361427307,0.4213099479675293,0.3947312831878662,0.36938047409057617,0.35733532905578613,0.3404396176338196,0.31721746921539307,0.31141233444213867,0.3194015622138977,0.3250541090965271,0.3436776399612427,0.3386218547821045,0.37438076734542847,0.39933526515960693,0.3866220712661743,0.3617163896560669,0.34631913900375366,0.34136176109313965,0.31288135051727295,0.3033335208892822,75,1
1.7134160995483398,10,8,0.75607068836689,0.38075780868530273,0.3521261215209961,0.3472166061401367,0.5304774641990662,0.5182251632213593,0.49034857749938965,0.5018933415412903,0.5167068839073181,0.5233917832374573,0.4146386981010437,0.38542264699935913,0.3624001145362854,0.3390740156173706,0.3424125909805298,0.3198322057723999,0.32177817821502686,0.32893168926239014,0.32975298166275024,0.3444281220436096,0.33347564935684204,0.3667222261428833,0.3832656145095825,0.3628515601158142,0.3465200662612915,0.3288692235946655,0.3380235433578491,0.32111430168151855,0.34506499767303467,75,1
1.7238247394561768,10,8,0.75607068836689,0.3792826533317566,0.35114985704421997,0.3467358946800232,0.5311566889286041,0.5197530388832092,0.4927460551261902,0.5050630867481232,0.5241146087646484,0.5344828963279724,0.4235609769821167,0.3928564786911011,0.3675457239151001,0.344912588596344,0.343924343585968,0.32213854789733887,0.32524287700653076,0.3322746157646179,0.3334130644798279,0.3458517789840698,0.3324176073074341,0.36911559104919434,0.37800395488739014,0.35458433628082275,0.3484334349632263,0.32733261585235596,0.3406604528427124,0.3269246816635132,0.3506755232810974,75,1
3.507176637649536,9,6,0.75607068836689,0.38092005252838135,0.35382264852523804,0.35260242223739624,0.5381132066249847,0.5333923399448395,0.5017659664154053,0.5168944299221039,0.53373783826828,0.5504976511001587,0.4437111020088196,0.42163342237472534,0.3985687494277954,0.3860706090927124,0.36215072870254517,0.35034310817718506,0.33725589513778687,0.3409356474876404,0.3500981330871582,0.36118829250335693,0.3353365659713745,0.3656449317932129,0.3788337707519531,0.37057483196258545,0.3577795624732971,0.3621182441711426,0.35554683208465576,0.3271302580833435,0.29864197969436646,75,1
2.7212536334991455,8,6,0.75607068836689,0.37656641006469727,0.35047733783721924,0.3422279357910156,0.5318039655685425,0.5211791396141052,0.49584197998046875,0.5082904100418091,0.5146507620811462,0.5291272103786469,0.4207911491394043,0.39079850912094116,0.36876964569091797,0.3542592525482178,0.33752942085266113,0.31736671924591064,0.3118767738342285,0.31483548879623413,0.32152384519577026,0.3385932445526123,0.33114296197891235,0.36611807346343994,0.38493597507476807,0.3705606460571289,0.3531917929649353,0.3487759232521057,0.348548948764801,0.3236694931983948,0.3345159888267517,75,1
2.82706618309021,8,6,0.75607068836689,0.37615829706192017,0.34977996349334717,0.3417201042175293,0.5308318138122559,0.5223804116249084,0.49592334032058716,0.5068669021129608,0.5170175433158875,0.52349454164505,0.41460293531417847,0.3832593560218811,0.36065059900283813,0.3470228910446167,0.336164653301239,0.31103891134262085,0.3092980980873108,0.31978243589401245,0.32151687145233154,0.34219080209732056,0.33242571353912354,0.36473989486694336,0.38769471645355225,0.3731897473335266,0.3552035689353943,0.3507048487663269,0.3513697385787964,0.32249826192855835,0.3335285186767578,75,1
2.500476837158203,8,6,0.75607068836689,0.38002634048461914,0.3529532551765442,0.34377020597457886,0.5327765345573425,0.5179986357688904,0.4889885187149048,0.5042436122894287,0.5149762630462646,0.5275542736053467,0.41121238470077515,0.38773447275161743,0.3645501732826233,0.35420554876327515,0.3393235206604004,0.313836932182312,0.3108252286911011,0.31721359491348267,0.3213033676147461,0.33762073516845703,0.3264627456665039,0.3657211661338806,0.38538461923599243,0.37041759490966797,0.35148322582244873,0.341447651386261,0.3402935266494751,0.309398889541626,0.2804484963417053,75,1
2.3489906787872314,10,7,0.75607068836689,0.385814905166626,0.3563770055770874,0.3500686287879944,0.5433841347694397,0.5314367711544037,0.49646830558776855,0.5079383254051208,0.5241739749908447,0.5385558605194092,0.43078261613845825,0.4033975601196289,0.37896889448165894,0.369307279586792,0.3619607090950012,0.32984256744384766,0.32405030727386475,0.3293793797492981,0.339263916015625,0.3494396209716797,0.32737481594085693,0.3646959662437439,0.3873101472854614,0.37583673000335693,0.352566659450531,0.34726905822753906,0.33961254358291626,0.3130866289138794,0.3353521227836609,75,1
2.2745044231414795,9,7,0.75607068836689,0.39404749870300293,0.36033785343170166,0.35395151376724243,0.5457316935062408,0.5272615551948547,0.4892101287841797,0.512767106294632,0.5210557281970978,0.5351947546005249,0.4222988486289978,0.3888457417488098,0.36740708351135254,0.35083895921707153,0.3468582034111023,0.3184531331062317,0.3212008476257324,0.32413768768310547,0.3307535648345947,0.34497129917144775,0.32862067222595215,0.3638300895690918,0.38444966077804565,0.36717653274536133,0.3519127368927002,0.34523534774780273,0.3465677499771118,0.3267397880554199,0.3194008469581604,75,1
6.033504009246826,2,1,0.75607068836689,0.331116259098053,0.340254545211792,0.3431040048599243,0.5507076680660248,0.5532278716564178,0.49787217378616333,0.501186192035675,0.5145726203918457,0.5084406733512878,0.38917237520217896,0.36399590969085693,0.36812037229537964,0.35312896966934204,0.3058270215988159,0.28641170263290405,0.3026752471923828,0.30260854959487915,0.3016711473464966,0.4082146883010864,0.38915079832077026,0.4065871238708496,0.4144843816757202,0.44707322120666504,0.5805014967918396,0.545992374420166,0.553465336561203,0.4907611608505249,0.1950247883796692,76,0
5.359719753265381,3,2,0.75607068836689,0.3450744152069092,0.35028642416000366,0.3476148843765259,0.5483020544052124,0.5466823875904083,0.4873970150947571,0.4894465208053589,0.4979126453399658,0.48288917541503906,0.3620300889015198,0.3409697413444519,0.34892356395721436,0.3390520215034485,0.30085086822509766,0.28590166568756104,0.3053082823753357,0.3117981553077698,0.31468451023101807,0.42068541049957275,0.4070380926132202,0.42812538146972656,0.43562138080596924,0.46446454524993896,0.5916501879692078,0.552152156829834,0.5595805048942566,0.5006812214851379,0.18925881385803223,76,0
3.308187484741211,6,5,0.75607068836689,0.36164700984954834,0.3595757484436035,0.35372817516326904,0.5486535429954529,0.5566578507423401,0.4826434254646301,0.47407764196395874,0.5092240571975708,0.4806085228919983,0.36053216457366943,0.3577750325202942,0.35369014739990234,0.33687543869018555,0.30838263034820557,0.28193581104278564,0.3164554238319397,0.3230036497116089,0.3466939330101013,0.4554471969604492,0.4413144588470459,0.4698963761329651,0.46116864681243896,0.4975178837776184,0.6109268069267273,0.5665742754936218,0.571529358625412,0.5109181702136993,0.2813376188278198,76,0
2.726040840148926,3,2,0.75607068836689,0.3440498113632202,0.338900089263916,0.33682435750961304,0.5352015197277069,0.5360002517700195,0.4689457416534424,0.4734657406806946,0.4807065725326538,0.46972185373306274,0.34733492136001587,0.32607752084732056,0.3343362808227539,0.328666090965271,0.29648125171661377,0.2800164222717285,0.30727648735046387,0.306571364402771,0.3091338872909546,0.41013580560684204,0.3970409631729126,0.41399502754211426,0.4251084327697754,0.44838470220565796,0.5751449763774872,0.5344164371490479,0.5451972782611847,0.4849511384963989,0.18358463048934937,76,1
2.1665947437286377,2,1,0.75607068836689,0.3282772898674011,0.3359941244125366,0.3414030075073242,0.5586461424827576,0.5516790151596069,0.49306589365005493,0.493998646736145,0.5060107111930847,0.5038528442382812,0.37987595796585083,0.3591804504394531,0.3651161789894104,0.3522910475730896,0.300076425075531,0.28500109910964966,0.3018741011619568,0.29998230934143066,0.2981306314468384,0.40309643745422363,0.3839079737663269,0.40233540534973145,0.4017378091812134,0.42938339710235596,0.5568083226680756,0.5141972303390503,0.5278767347335815,0.468162477016449,0.17578762769699097,76,1
2.64461612701416,4,3,0.75607068836689,0.3491891622543335,0.3437386155128479,0.3374837040901184,0.5365857481956482,0.5360007882118225,0.47009098529815674,0.47703373432159424,0.48844462633132935,0.47134947776794434,0.34561604261398315,0.32363367080688477,0.3334462642669678,0.32885801792144775,0.29487478733062744,0.2814139723777771,0.30756258964538574,0.3162858486175537,0.32701027393341064,0.4287338852882385,0.42506420612335205,0.4430049657821655,0.4528212547302246,0.47931015491485596,0.5999071598052979,0.5585314631462097,0.5640102028846741,0.5083181858062744,0.19858574867248535,76,1
4.371606826782227,3,2,0.75607068836689,0.3467455506324768,0.34442973136901855,0.34572988748550415,0.5455430150032043,0.5433768928050995,0.48315680027008057,0.4864804148674011,0.49038165807724,0.47782212495803833,0.35062021017074585,0.3307952284812927,0.3392760157585144,0.33056384325027466,0.2927563786506653,0.28149163722991943,0.2990787625312805,0.30442023277282715,0.3100242614746094,0.41725796461105347,0.412678062915802,0.430789053440094,0.4413045048713684,0.4711795449256897,0.6006855964660645,0.564856082201004,0.5696721971035004,0.5071036517620087,0.19290387630462646,76,1
6.825706958770752,2,1,0.75607068836689,0.3276851177215576,0.3441455364227295,0.33787739276885986,0.5453642904758453,0.5427936911582947,0.481204628944397,0.48382794857025146,0.49613791704177856,0.4865844249725342,0.361173152923584,0.3377187252044678,0.34828853607177734,0.33738017082214355,0.29300642013549805,0.27903246879577637,0.29931867122650146,0.3067006468772888,0.31166088581085205,0.41143620014190674,0.4052906036376953,0.4322858452796936,0.44266277551651,0.4724005460739136,0.6003212034702301,0.5640795826911926,0.571108341217041,0.5083630979061127,0.26303529739379883,76,1
2.4074203968048096,7,5,0.75607068836689,0.36796319484710693,0.35761499404907227,0.35145509243011475,0.540893018245697,0.5441539287567139,0.4721338152885437,0.46927595138549805,0.5005097389221191,0.4718132019042969,0.3594277501106262,0.3530314564704895,0.35187309980392456,0.3532751202583313,0.31926047801971436,0.31014227867126465,0.3514963388442993,0.34360575675964355,0.3546604514122009,0.44167762994766235,0.4442192316055298,0.46980392932891846,0.48048269748687744,0.5128353536128998,0.6260031759738922,0.5817495286464691,0.5908372700214386,0.5331215858459473,0.23358887434005737,76,1
1.5430227518081665,10,8,0.75607068836689,0.3660147190093994,0.3380657434463501,0.3272741436958313,0.501693069934845,0.49814218282699585,0.4816371202468872,0.4821566343307495,0.5091816782951355,0.48625606298446655,0.37479227781295776,0.37158453464508057,0.3546760082244873,0.3382229208946228,0.316347599029541,0.3252297639846802,0.3214179277420044,0.3428425192832947,0.35082685947418213,0.3729468584060669,0.3624357581138611,0.3672063946723938,0.3554626703262329,0.3311150074005127,0.27359169721603394,0.248681902885437,0.25499892234802246,0.240342378616333,0.29174256324768066,77,0
1.1313494443893433,10,9,0.75607068836689,0.36071228981018066,0.33601295948028564,0.3248800039291382,0.49418169260025024,0.4901793599128723,0.47985053062438965,0.486743688583374,0.49936389923095703,0.4930912256240845,0.36963319778442383,0.36035776138305664,0.3451138138771057,0.327914834022522,0.32405632734298706,0.3105364441871643,0.3155284523963928,0.32315969467163086,0.31854891777038574,0.3329960107803345,0.30025702714920044,0.2922120690345764,0.2775977849960327,0.2333897352218628,0.1984875202178955,0.17906683683395386,0.184148371219635,0.16904997825622559,0.18702614307403564,77,0
2.1920299530029297,6,5,0.75607068836689,0.36512088775634766,0.3387230634689331,0.3283013105392456,0.5065149664878845,0.5024204850196838,0.4901602864265442,0.4824216961860657,0.5272435545921326,0.5092927515506744,0.40982234477996826,0.4161074161529541,0.39203596115112305,0.37090253829956055,0.3492644429206848,0.34755414724349976,0.34450608491897583,0.3602958917617798,0.351664662361145,0.3542497158050537,0.29406142234802246,0.29029881954193115,0.27066707611083984,0.2353893518447876,0.19102966785430908,0.16924810409545898,0.1758289337158203,0.1641446352005005,0.17612582445144653,77,0
1.5967427492141724,7,6,0.75607068836689,0.36486363410949707,0.3386465311050415,0.32730770111083984,0.4994126558303833,0.5158630907535553,0.4993300437927246,0.5082265138626099,0.5423003137111664,0.5309925973415375,0.44712716341018677,0.4435156583786011,0.4122074842453003,0.3834630250930786,0.37074607610702515,0.3684667944908142,0.35990428924560547,0.36218124628067017,0.3554040789604187,0.35152894258499146,0.3030250668525696,0.2794504761695862,0.2561195492744446,0.20590347051620483,0.17109036445617676,0.14920330047607422,0.15149682760238647,0.14173781871795654,0.20036745071411133,77,0
1.4112026691436768,6,5,0.75607068836689,0.36637192964553833,0.3432236909866333,0.338303804397583,0.5152972638607025,0.49484866857528687,0.47826504707336426,0.4879276156425476,0.4979178309440613,0.48643916845321655,0.35550421476364136,0.34073591232299805,0.31976503133773804,0.29814136028289795,0.2913286089897156,0.2835131883621216,0.28929269313812256,0.30243170261383057,0.3034204840660095,0.330083966255188,0.29639315605163574,0.3130311965942383,0.3209840655326843,0.2899211645126343,0.27272796630859375,0.2412012219429016,0.24275028705596924,0.2199491262435913,0.205125093460083,77,1
1.5541342496871948,6,5,0.75607068836689,0.3616180419921875,0.3395460247993469,0.3311272859573364,0.511315643787384,0.4966246485710144,0.48117733001708984,0.4947556257247925,0.5044357776641846,0.48491740226745605,0.36151373386383057,0.3529742956161499,0.3309677243232727,0.3067002296447754,0.2884647846221924,0.297965943813324,0.29933393001556396,0.30828261375427246,0.3150620460510254,0.34487050771713257,0.32484257221221924,0.32357197999954224,0.32598549127578735,0.2986130714416504,0.2733525037765503,0.2449069619178772,0.24698996543884277,0.2267916202545166,0.19502991437911987,77,1
1.7622225284576416,7,5,0.75607068836689,0.36528944969177246,0.3329482078552246,0.3285290002822876,0.507558673620224,0.48782289028167725,0.4722556471824646,0.48273158073425293,0.4899071455001831,0.47554755210876465,0.34943312406539917,0.33285486698150635,0.31350940465927124,0.2977045178413391,0.29071760177612305,0.2804591655731201,0.29620587825775146,0.3237847089767456,0.3144049644470215,0.35349541902542114,0.3486495614051819,0.4066805839538574,0.48538267612457275,0.5208472013473511,0.5451884865760803,0.5236299633979797,0.4926913380622864,0.42532455921173096,0.24684029817581177,77,1
1.6225723028182983,8,5,0.75607068836689,0.37180274724960327,0.3408393859863281,0.3402078151702881,0.5135818421840668,0.5001208484172821,0.4901522994041443,0.5010409653186798,0.507000058889389,0.48768508434295654,0.3619445562362671,0.33928000926971436,0.3196731209754944,0.30612343549728394,0.3007356524467468,0.2993001341819763,0.2983471155166626,0.30533403158187866,0.3165994882583618,0.32659876346588135,0.2945314049720764,0.318727970123291,0.325189471244812,0.2978382110595703,0.2814828157424927,0.25059378147125244,0.2538468837738037,0.2302643060684204,0.1989889144897461,77,1
1.9998633861541748,16,12,0.75607068836689,0.38687217235565186,0.36498063802719116,0.35940736532211304,0.5360147953033447,0.5134443640708923,0.4845699667930603,0.48516273498535156,0.5014310479164124,0.5196937620639801,0.38742542266845703,0.36160653829574585,0.3431326150894165,0.34066784381866455,0.3162134885787964,0.3207937479019165,0.3310450315475464,0.33727341890335083,0.32532572746276855,0.36850881576538086,0.34623509645462036,0.34339505434036255,0.3464650511741638,0.2940326929092407,0.26463866233825684,0.21476507186889648,0.20988458395004272,0.19357740879058838,0.2296859622001648,78,0
1.0191141366958618,7,5,0.75607068836689,0.36836230754852295,0.35324424505233765,0.3443557620048523,0.5251180231571198,0.5356886684894562,0.5068922340869904,0.4982154965400696,0.5224050283432007,0.5267746150493622,0.3945116400718689,0.38222700357437134,0.35101234912872314,0.3394777774810791,0.3186928629875183,0.32404589653015137,0.3316603899002075,0.34503042697906494,0.3176272511482239,0.3208892345428467,0.29923129081726074,0.3072017431259155,0.30977022647857666,0.2647589445114136,0.24054062366485596,0.191741943359375,0.1916654109954834,0.18059968948364258,0.228287935256958,78,0
2.4712657928466797,18,12,0.75607068836689,0.3867170214653015,0.369409441947937,0.36545151472091675,0.5321984589099884,0.5128914713859558,0.48877477645874023,0.4940571188926697,0.5308438837528229,0.5377155542373657,0.4072975516319275,0.386333167552948,0.363578736782074,0.3558517098426819,0.3403962254524231,0.3518750071525574,0.3624224066734314,0.35879969596862793,0.3382009267807007,0.35819077491760254,0.335529625415802,0.33456021547317505,0.33888810873031616,0.2899465560913086,0.2654033899307251,0.21669423580169678,0.21453440189361572,0.19793915748596191,0.213445782661438,78,0
1.2823528051376343,13,10,0.75607068836689,0.37663114070892334,0.35117828845977783,0.34266602993011475,0.517609715461731,0.49639225006103516,0.4796828031539917,0.4850456118583679,0.4953307509422302,0.5153161287307739,0.3853558897972107,0.36424845457077026,0.33005213737487793,0.3240398168563843,0.30567383766174316,0.3020073175430298,0.3093000054359436,0.32186150550842285,0.30897146463394165,0.3305542469024658,0.3173143267631531,0.3324373960494995,0.3591121435165405,0.3202510476112366,0.29351240396499634,0.23737913370132446,0.2301139235496521,0.2043413519859314,0.1820213794708252,78,1
1.8500255346298218,13,10,0.75607068836689,0.375720739364624,0.3520331382751465,0.34366941452026367,0.5243378281593323,0.498856782913208,0.48010504245758057,0.47938716411590576,0.4933171272277832,0.5109565258026123,0.38342976570129395,0.3634156584739685,0.33088576793670654,0.325364351272583,0.31683915853500366,0.3240683078765869,0.33145833015441895,0.3590930104255676,0.3363097310066223,0.3648313879966736,0.36198681592941284,0.3820403814315796,0.42795491218566895,0.4004670977592468,0.37269365787506104,0.3091076612472534,0.29063862562179565,0.2530726194381714,0.24736881256103516,78,1
2.045187473297119,13,10,0.75607068836689,0.37798935174942017,0.3564709424972534,0.34742116928100586,0.5322430729866028,0.5082411766052246,0.4871886968612671,0.4861963391304016,0.5129176378250122,0.5320391654968262,0.4019046425819397,0.3789471387863159,0.34228527545928955,0.34061092138290405,0.3211696147918701,0.32348424196243286,0.32615214586257935,0.34502649307250977,0.3357415199279785,0.36116790771484375,0.350360631942749,0.36909186840057373,0.4071463346481323,0.3727870583534241,0.34201550483703613,0.2785724401473999,0.26490604877471924,0.23126369714736938,0.20322918891906738,78,1
0.9423606991767883,14,11,0.75607068836689,0.39295053482055664,0.3838721513748169,0.37206971645355225,0.5675950646400452,0.5497978031635284,0.4965292811393738,0.5103288292884827,0.5163520276546478,0.5019790530204773,0.3755683898925781,0.35086655616760254,0.3224552869796753,0.31633543968200684,0.2964369058609009,0.2786754369735718,0.29657453298568726,0.2981106638908386,0.28115135431289673,0.25138938426971436,0.23037242889404297,0.20294833183288574,0.19629210233688354,0.16730225086212158,0.14375102519989014,0.11830317974090576,0.11567419767379761,0.11479991674423218,0.10459303855895996,79,0
1.7511693239212036,26,20,0.75607068836689,0.4112170338630676,0.39633071422576904,0.3910542130470276,0.5706427693367004,0.5522080361843109,0.4986041784286499,0.521219789981842,0.5324143171310425,0.5073034763336182,0.38866573572158813,0.3730223774909973,0.3531283736228943,0.3443669080734253,0.31540751457214355,0.31438934803009033,0.3356044888496399,0.334068238735199,0.31750285625457764,0.28110623359680176,0.25512051582336426,0.2219454050064087,0.20319712162017822,0.1629420518875122,0.133772611618042,0.10655367374420166,0.10487377643585205,0.10390806198120117,0.12141144275665283,79,0
2.942209243774414,17,10,0.75607068836689,0.4075886607170105,0.3930612802505493,0.38377314805984497,0.5667532682418823,0.5473477840423584,0.5026631653308868,0.512954592704773,0.5211620926856995,0.5032312870025635,0.39118754863739014,0.3698861598968506,0.35353732109069824,0.3493499159812927,0.3251628875732422,0.32357633113861084,0.3284309506416321,0.33019065856933594,0.3070186376571655,0.2909848690032959,0.2662914991378784,0.23908543586730957,0.226593017578125,0.18411219120025635,0.1508723497390747,0.11645889282226562,0.11284887790679932,0.10702913999557495,0.10618478059768677,79,0
0.9607504606246948,12,9,0.75607068836689,0.3831218481063843,0.367310106754303,0.35182273387908936,0.5455356240272522,0.5335535407066345,0.49638134241104126,0.5161398947238922,0.5638840794563293,0.5424984097480774,0.4381335973739624,0.40493422746658325,0.38407373428344727,0.37285876274108887,0.32688307762145996,0.3305585980415344,0.32513493299484253,0.3183130621910095,0.2953765392303467,0.2595539093017578,0.23089081048965454,0.20736610889434814,0.19725972414016724,0.156954824924469,0.12536603212356567,0.10276913642883301,0.10040193796157837,0.09014010429382324,0.05364745855331421,79,1
1.4902313947677612,15,11,0.75607068836689,0.6115558445453644,0.5214044749736786,0.5237837135791779,0.7275665402412415,0.726183295249939,0.6946410834789276,0.680014044046402,0.7321648001670837,0.723787397146225,0.6228106617927551,0.5793339014053345,0.5655405521392822,0.5512735843658447,0.5303540229797363,0.5459848642349243,0.5311027467250824,0.5364444851875305,0.5521560609340668,0.4944545030593872,0.506580650806427,0.5179593563079834,0.508184939622879,0.5086193382740021,0.4499770402908325,0.41353100538253784,0.3794882893562317,0.34238070249557495,0.31828826665878296,79,1
1.753557562828064,17,12,0.75607068836689,0.4023035168647766,0.3787073493003845,0.366891086101532,0.5581681430339813,0.5416152477264404,0.4976199269294739,0.5172717571258545,0.5730404853820801,0.5537022352218628,0.45812875032424927,0.432576060295105,0.407586932182312,0.4015861749649048,0.34855198860168457,0.35616540908813477,0.347526490688324,0.3496837019920349,0.32526952028274536,0.27573907375335693,0.25034505128860474,0.2199627161026001,0.20660823583602905,0.16168367862701416,0.1312398910522461,0.1066095232963562,0.10342854261398315,0.09354746341705322,0.06377971172332764,79,1
1.8307840824127197,19,12,0.75607068836689,0.39519500732421875,0.38036811351776123,0.3720049262046814,0.5612499117851257,0.5452573597431183,0.49976879358291626,0.5142885446548462,0.5291329026222229,0.5021732747554779,0.41827642917633057,0.4029495120048523,0.3719480037689209,0.3663187026977539,0.3176683187484741,0.308290958404541,0.3162474036216736,0.3158782720565796,0.296400249004364,0.26477205753326416,0.25378113985061646,0.22350049018859863,0.21785825490951538,0.17560243606567383,0.14756977558135986,0.12059879302978516,0.1168549656867981,0.10748291015625,0.08127987384796143,79,1
1.9549411535263062,19,15,0.75607068836689,0.39582639932632446,0.3785362243652344,0.3722320795059204,0.5576774775981903,0.5457686185836792,0.4973708391189575,0.5119922757148743,0.537775993347168,0.5104790329933167,0.40860939025878906,0.3997921943664551,0.38133013248443604,0.3892761468887329,0.34579604864120483,0.342185378074646,0.32545387744903564,0.31832486391067505,0.30664896965026855,0.2759118676185608,0.2603038549423218,0.23173648118972778,0.22810375690460205,0.18409550189971924,0.14771616458892822,0.1216745376586914,0.11575812101364136,0.10735613107681274,0.08139383792877197,79,1
3.047687292098999,5,4,0.75607068836689,0.37649548053741455,0.3593488335609436,0.3419414758682251,0.5535096526145935,0.555271714925766,0.5147415399551392,0.49697357416152954,0.5085459649562836,0.484017550945282,0.48894166946411133,0.41991281509399414,0.4025784134864807,0.41129225492477417,0.3684800863265991,0.39029622077941895,0.39114218950271606,0.3821074366569519,0.3489769697189331,0.347991943359375,0.3004474639892578,0.2848929166793823,0.27832555770874023,0.22929596900939941,0.203383207321167,0.16571784019470215,0.15546846389770508,0.13394629955291748,0.08233380317687988,80,0
1.7606531381607056,7,5,0.75607068836689,0.37135976552963257,0.3547170162200928,0.3468382954597473,0.5649138391017914,0.5642812550067902,0.5313900113105774,0.5290660858154297,0.5272317826747894,0.4950932264328003,0.43310272693634033,0.37345653772354126,0.35408979654312134,0.3632160425186157,0.34265488386154175,0.368564248085022,0.385955274105072,0.38020098209381104,0.3627083897590637,0.3677055835723877,0.3155984878540039,0.28148502111434937,0.2614745497703552,0.20539802312850952,0.18147093057632446,0.14073067903518677,0.13258790969848633,0.11693006753921509,0.07927155494689941,80,0
2.41825532913208,9,6,0.8801468387246132,0.513458251953125,0.43088144063949585,0.41229647397994995,0.638181209564209,0.6009814739227295,0.5753814578056335,0.580891489982605,0.5745800137519836,0.5131778120994568,0.4728177785873413,0.40901148319244385,0.3801236152648926,0.38357752561569214,0.36318784952163696,0.3719552755355835,0.3888234496116638,0.38158750534057617,0.3728441596031189,0.33341991901397705,0.2881624698638916,0.28563934564590454,0.26912152767181396,0.2177112102508545,0.18408054113388062,0.1484391689300537,0.13860738277435303,0.12138926982879639,0.10339057445526123,80,1
2.355189800262451,9,6,0.8801468387246132,0.517436295747757,0.4338957667350769,0.4131774306297302,0.6414031684398651,0.596353143453598,0.5788882970809937,0.5843497812747955,0.5813005268573761,0.5256997644901276,0.49291276931762695,0.43137288093566895,0.3980790972709656,0.40342801809310913,0.3899434208869934,0.3872302770614624,0.3900378346443176,0.39229315519332886,0.37264567613601685,0.335044801235199,0.3019455671310425,0.2910428047180176,0.27176713943481445,0.22767245769500732,0.19231939315795898,0.15908074378967285,0.1479870080947876,0.13607054948806763,0.10033071041107178,80,1
2.2946317195892334,7,5,0.75607068836689,0.36681103706359863,0.355793297290802,0.3426440954208374,0.5568195581436157,0.5408275723457336,0.5162525177001953,0.5090420842170715,0.5063024163246155,0.46090561151504517,0.3999375104904175,0.34897279739379883,0.33765292167663574,0.3352808356285095,0.3058323860168457,0.3040485978126526,0.30811697244644165,0.3011894226074219,0.28534263372421265,0.26993006467819214,0.23008668422698975,0.21382921934127808,0.21671080589294434,0.1761242151260376,0.1541527509689331,0.1294790506362915,0.12270385026931763,0.10726994276046753,0.07146501541137695,80,1
2.776585578918457,7,5,0.75607068836689,0.3692878484725952,0.3592960238456726,0.35076195001602173,0.565538763999939,0.5509280264377594,0.5279361605644226,0.5309825539588928,0.5351076126098633,0.5126067101955414,0.4702262878417969,0.41647058725357056,0.3977118730545044,0.37838083505630493,0.3488212823867798,0.3410196304321289,0.3356497883796692,0.31990480422973633,0.29803013801574707,0.28460389375686646,0.2481502890586853,0.22341763973236084,0.22202038764953613,0.1770414113998413,0.14892476797103882,0.12305140495300293,0.11610198020935059,0.10243415832519531,0.07184171676635742,80,1
1.5365099906921387,20,19,0.75607068836689,0.3777868151664734,0.36801862716674805,0.3461834192276001,0.5181321501731873,0.4981430768966675,0.4744942784309387,0.49668949842453003,0.5099851191043854,0.5299979150295258,0.4072871208190918,0.38388216495513916,0.37110984325408936,0.3577282428741455,0.35087597370147705,0.34360361099243164,0.3641091585159302,0.3473743200302124,0.3396758437156677,0.3441941738128662,0.3166142702102661,0.3253498077392578,0.34197986125946045,0.3008142113685608,0.23542273044586182,0.19111323356628418,0.19512319564819336,0.188218355178833,0.10190194845199585,81,0
2.6300711631774902,24,23,0.75607068836689,0.3886069059371948,0.3721632957458496,0.3567151427268982,0.5324546694755554,0.5171155333518982,0.49291300773620605,0.5193554162979126,0.5457189083099365,0.5714036226272583,0.4501844644546509,0.41376203298568726,0.38957250118255615,0.371062695980072,0.3472520709037781,0.3425530791282654,0.36763525009155273,0.35433465242385864,0.3450612425804138,0.35274529457092285,0.3229394555091858,0.33036303520202637,0.36017096042633057,0.31345659494400024,0.24385130405426025,0.1960505247116089,0.2044365406036377,0.1947840452194214,0.09014678001403809,81,0
1.1554478406906128,17,14,0.75607068836689,0.3736491799354553,0.36342644691467285,0.3448529839515686,0.5170772969722748,0.48108792304992676,0.4715656638145447,0.49326056241989136,0.5078481137752533,0.5213569402694702,0.40253937244415283,0.3797217607498169,0.3586668372154236,0.3457009196281433,0.3357009291648865,0.3540463447570801,0.36000752449035645,0.3557138442993164,0.35091066360473633,0.35640954971313477,0.3631795644760132,0.3880523443222046,0.40837496519088745,0.36290794610977173,0.28942644596099854,0.23081374168395996,0.23436129093170166,0.2238573431968689,0.11539632081985474,81,0
1.1720774173736572,13,12,0.75607068836689,0.3813645839691162,0.36932575702667236,0.3446311950683594,0.5186859667301178,0.5043681263923645,0.48069775104522705,0.5021589994430542,0.5171286463737488,0.5367196798324585,0.40761899948120117,0.3765249252319336,0.35668230056762695,0.3406299352645874,0.3169962167739868,0.3216462731361389,0.3348122835159302,0.3273564577102661,0.3121127486228943,0.3366842269897461,0.31698256731033325,0.34355854988098145,0.3659570813179016,0.32807624340057373,0.26918959617614746,0.22433066368103027,0.2287219762802124,0.21529650688171387,0.10365462303161621,81,1
0.8564106225967407,15,14,0.75607068836689,0.3852728009223938,0.37001556158065796,0.34819525480270386,0.5239443182945251,0.4998103380203247,0.4797598719596863,0.5018184185028076,0.5182139575481415,0.5404061675071716,0.4042147994041443,0.36756283044815063,0.3496158719062805,0.3280446529388428,0.3137814402580261,0.31070297956466675,0.32380104064941406,0.3135829567909241,0.30551350116729736,0.33179956674575806,0.31321585178375244,0.34066611528396606,0.37204408645629883,0.3289518356323242,0.2716245651245117,0.2273922562599182,0.23422664403915405,0.22470712661743164,0.10803937911987305,81,1
0.9326025247573853,19,18,0.75607068836689,0.3831430673599243,0.36776822805404663,0.34540820121765137,0.5157477855682373,0.5017966032028198,0.4724447727203369,0.49186813831329346,0.5062796175479889,0.5181531310081482,0.39736223220825195,0.36689507961273193,0.3463106155395508,0.3283599615097046,0.3139428496360779,0.314116895198822,0.33782118558883667,0.3296239376068115,0.3244546055793762,0.35947734117507935,0.3360295295715332,0.354530930519104,0.3821451663970947,0.33829188346862793,0.2708566188812256,0.2191680669784546,0.22366923093795776,0.21656852960586548,0.11264508962631226,81,1
1.2938281297683716,13,12,0.75607068836689,0.38201552629470825,0.37007880210876465,0.34530603885650635,0.52558434009552,0.5047514736652374,0.4795651435852051,0.4993061423301697,0.5127354264259338,0.5346828103065491,0.39040327072143555,0.3544502258300781,0.3343474864959717,0.3145468831062317,0.30082476139068604,0.3013787269592285,0.3112673759460449,0.3000720739364624,0.29134035110473633,0.30542147159576416,0.2848750352859497,0.3119693994522095,0.3515300750732422,0.3147123456001282,0.26580697298049927,0.22345781326293945,0.23126506805419922,0.2196131944656372,0.09343540668487549,81,1
0.5762770771980286,14,12,0.75607068836689,0.36322206258773804,0.356289267539978,0.3443756103515625,0.5162748396396637,0.5072082579135895,0.48092710971832275,0.47846895456314087,0.4838312864303589,0.5004451274871826,0.41163504123687744,0.38140588998794556,0.3773718476295471,0.3400917053222656,0.3284013867378235,0.3317335247993469,0.33933866024017334,0.35054677724838257,0.3491652011871338,0.3531816005706787,0.3940873146057129,0.38976895809173584,0.4006139636039734,0.40505748987197876,0.4058130383491516,0.3246834874153137,0.30912184715270996,0.24798130989074707,0.264021098613739,82,0
0.9250609874725342,13,11,0.75607068836689,0.3606621026992798,0.3512536883354187,0.33912181854248047,0.5131646990776062,0.4915030598640442,0.4640430808067322,0.45803308486938477,0.47932982444763184,0.5031990110874176,0.41230952739715576,0.37562572956085205,0.3575148582458496,0.34493207931518555,0.31009137630462646,0.3152400851249695,0.32118165493011475,0.33062779903411865,0.3292595148086548,0.34422600269317627,0.3713313341140747,0.377885639667511,0.39480942487716675,0.39122360944747925,0.40065205097198486,0.3257744312286377,0.3102298974990845,0.2680532932281494,0.2960008978843689,82,0
1.3930044174194336,12,10,0.75607068836689,0.3621693253517151,0.3568253517150879,0.34769630432128906,0.5135441422462463,0.5056716799736023,0.4768902063369751,0.4752413034439087,0.47903358936309814,0.504626452922821,0.41415631771087646,0.38520610332489014,0.37844306230545044,0.3458499312400818,0.3285662531852722,0.3185241222381592,0.32522130012512207,0.32557225227355957,0.3144313097000122,0.32152968645095825,0.36259615421295166,0.36773431301116943,0.38935959339141846,0.3776347041130066,0.38478755950927734,0.3076097369194031,0.2898213863372803,0.2349117398262024,0.21182721853256226,82,0
1.2078853845596313,18,16,0.75607068836689,0.3634175658226013,0.3528558015823364,0.3415694832801819,0.5117505788803101,0.500714510679245,0.4684786796569824,0.466474711894989,0.47400397062301636,0.48939043283462524,0.39232349395751953,0.35472601652145386,0.34560728073120117,0.3344827890396118,0.32824426889419556,0.3281407356262207,0.33991366624832153,0.349709153175354,0.34465986490249634,0.36823904514312744,0.39657479524612427,0.3894803524017334,0.4108508825302124,0.39724111557006836,0.40954482555389404,0.33727359771728516,0.32484716176986694,0.27807891368865967,0.28880512714385986,82,1
1.2826101779937744,19,17,0.75607068836689,0.3599741458892822,0.34914976358413696,0.34046751260757446,0.5135655403137207,0.5009638071060181,0.47061091661453247,0.4753033518791199,0.4883939027786255,0.5042470395565033,0.406408429145813,0.377160906791687,0.3728002905845642,0.36981022357940674,0.3661559820175171,0.368588387966156,0.3665907382965088,0.3734162449836731,0.36253803968429565,0.35290461778640747,0.3395780324935913,0.324726939201355,0.3370782136917114,0.32454413175582886,0.3372155427932739,0.2718716859817505,0.25731247663497925,0.2123463749885559,0.22340786457061768,82,1
1.2731101512908936,22,19,0.75607068836689,0.36353081464767456,0.3493189811706543,0.34139782190322876,0.5223060250282288,0.49575477838516235,0.4692010283470154,0.47906792163848877,0.5006794333457947,0.5215805172920227,0.4270268678665161,0.39405906200408936,0.3869633674621582,0.3801712989807129,0.36978262662887573,0.37496864795684814,0.379550039768219,0.39570683240890503,0.3839455842971802,0.36962461471557617,0.367554247379303,0.3457304835319519,0.3563274145126343,0.33527058362960815,0.3437241315841675,0.2803891897201538,0.26355910301208496,0.21559423208236694,0.23314183950424194,82,1
0.6121713519096375,14,12,0.75607068836689,0.35864800214767456,0.3534996509552002,0.34121984243392944,0.5089938342571259,0.5046201944351196,0.4784173369407654,0.4786375164985657,0.4823390245437622,0.49100786447525024,0.3905452489852905,0.36070460081100464,0.35558491945266724,0.33274877071380615,0.3246226906776428,0.3397367596626282,0.35484951734542847,0.3653208613395691,0.3610989451408386,0.36406373977661133,0.3933960199356079,0.3777541518211365,0.3912326693534851,0.3819621801376343,0.38118791580200195,0.30955588817596436,0.2908543348312378,0.2376050353050232,0.26717114448547363,82,1
9.892143249511719,2,1,0.75607068836689,0.3133145570755005,0.3244318962097168,0.345633864402771,0.5872306227684021,0.5916792750358582,0.5263043642044067,0.5157967209815979,0.5707775056362152,0.5431974232196808,0.48918354511260986,0.4525179862976074,0.4507902264595032,0.4561470150947571,0.4038349390029907,0.36001908779144287,0.37652331590652466,0.3304809331893921,0.3200134038925171,0.40949547290802,0.37930828332901,0.3551759123802185,0.31451207399368286,0.29265010356903076,0.2829020023345947,0.27835071086883545,0.25527727603912354,0.2198055386543274,0.15094226598739624,83,0
6.507993221282959,3,2,0.75607068836689,0.3308195471763611,0.33740633726119995,0.35643529891967773,0.5494509041309357,0.54823437333107,0.4877896308898926,0.4844135642051697,0.510047972202301,0.48417454957962036,0.3846428394317627,0.3530184030532837,0.35226893424987793,0.3488333225250244,0.3188556432723999,0.2898752689361572,0.3127216100692749,0.3148420453071594,0.3194112777709961,0.4218108654022217,0.40860092639923096,0.3822447657585144,0.3531818985939026,0.34565263986587524,0.36726880073547363,0.35123342275619507,0.3288825750350952,0.28161752223968506,0.19194042682647705,83,0
4.177618980407715,6,5,0.75607068836689,0.3446216583251953,0.34886229038238525,0.36074262857437134,0.5459130108356476,0.5491691529750824,0.4743420481681824,0.4700809717178345,0.5088225901126862,0.48330628871917725,0.3904750347137451,0.37658458948135376,0.3619692325592041,0.36856114864349365,0.34138935804367065,0.30535250902175903,0.341452956199646,0.3338497281074524,0.33996278047561646,0.43796736001968384,0.44224482774734497,0.4342276453971863,0.42318272590637207,0.4023294448852539,0.41845703125,0.39397329092025757,0.37314873933792114,0.3052675724029541,0.19759881496429443,83,0
1.8213757276535034,2,1,0.75607068836689,0.3159170150756836,0.3270629644393921,0.34734392166137695,0.5804188847541809,0.5721913576126099,0.506489485502243,0.5040542483329773,0.5320763885974884,0.5065132975578308,0.41277074813842773,0.3761577606201172,0.37225890159606934,0.3579895496368408,0.3254004120826721,0.28531742095947266,0.3121947646141052,0.3005514144897461,0.28826475143432617,0.38015687465667725,0.3661004304885864,0.3497549295425415,0.3234386444091797,0.31903308629989624,0.31266099214553833,0.3163226842880249,0.28671205043792725,0.2443639039993286,0.1639130711555481,83,1
2.5136635303497314,3,2,0.75607068836689,0.3352324962615967,0.33809566497802734,0.3524848222732544,0.5496894717216492,0.5446079671382904,0.4828748106956482,0.4815065860748291,0.5029459595680237,0.4762905240058899,0.37587547302246094,0.3359786868095398,0.33458489179611206,0.3304363489151001,0.30156874656677246,0.2730659246444702,0.30244219303131104,0.31170904636383057,0.3105613589286804,0.4100732207298279,0.4019320011138916,0.3753901720046997,0.3524118661880493,0.349068820476532,0.3592638373374939,0.3470902442932129,0.3205788731575012,0.2665219306945801,0.18136829137802124,83,1
1.975146770477295,6,5,0.75607068836689,0.34887707233428955,0.3499702215194702,0.3615381717681885,0.5497438609600067,0.5456197261810303,0.47216105461120605,0.46860867738723755,0.5054884850978851,0.47520744800567627,0.38335514068603516,0.3667970895767212,0.3524273633956909,0.354386568069458,0.3282977342605591,0.3007810711860657,0.34152984619140625,0.3455471992492676,0.34755563735961914,0.4398699402809143,0.4367833137512207,0.4320332407951355,0.42045527696609497,0.4100675582885742,0.41920018196105957,0.39727652072906494,0.37609249353408813,0.3045295476913452,0.20459389686584473,83,1
2.455751657485962,18,16,0.75607068836689,0.3981814384460449,0.3575923442840576,0.3469045162200928,0.4971182942390442,0.47622764110565186,0.43244361877441406,0.4356096386909485,0.4620714783668518,0.474872350692749,0.3758814334869385,0.3640417456626892,0.3620256781578064,0.35866105556488037,0.32508403062820435,0.31558382511138916,0.3200645446777344,0.3269137144088745,0.316087007522583,0.33313894271850586,0.3102360963821411,0.3503749370574951,0.3975678086280823,0.4077586531639099,0.4259316921234131,0.3589208126068115,0.35496580600738525,0.30592548847198486,0.24915456771850586,84,0
2.955418825149536,9,7,0.75607068836689,0.3867102265357971,0.36682915687561035,0.357097864151001,0.5184968709945679,0.5119892358779907,0.47227585315704346,0.4885649085044861,0.5338452458381653,0.5345170199871063,0.4467701315879822,0.4374547004699707,0.42144501209259033,0.4355529546737671,0.42864859104156494,0.4550133943557739,0.43626874685287476,0.44411730766296387,0.41933149099349976,0.41312021017074585,0.38944053649902344,0.40852755308151245,0.4390554428100586,0.42811936140060425,0.43567895889282227,0.37462615966796875,0.37110430002212524,0.29333919286727905,0.26931798458099365,84,0
2.967855453491211,15,13,0.75607068836689,0.40184247493743896,0.3622872829437256,0.3548705577850342,0.506900429725647,0.4825502038002014,0.4400760531425476,0.4460129141807556,0.500582218170166,0.5025598406791687,0.431399941444397,0.41589581966400146,0.4025743007659912,0.41041719913482666,0.38450533151626587,0.3584943413734436,0.37208157777786255,0.3764228820800781,0.36192572116851807,0.36496835947036743,0.3114567995071411,0.3067619800567627,0.3155643343925476,0.31374216079711914,0.3333597779273987,0.27706265449523926,0.27250421047210693,0.21568280458450317,0.17785048484802246,84,0
2.1858184337615967,14,12,0.75607068836689,0.39289188385009766,0.35584795475006104,0.3454103469848633,0.4943041205406189,0.49179160594940186,0.4439277648925781,0.4442228674888611,0.46234196424484253,0.4582242965698242,0.35863620042800903,0.3363790512084961,0.3245813250541687,0.31524646282196045,0.28215545415878296,0.2758013606071472,0.27895039319992065,0.3017939329147339,0.2950857877731323,0.32015788555145264,0.33675646781921387,0.3662564754486084,0.41469335556030273,0.41823941469192505,0.4355500340461731,0.35897552967071533,0.3539542555809021,0.2953116297721863,0.25997769832611084,84,0
0.4433220326900482,15,13,0.75607068836689,0.38528043031692505,0.35273289680480957,0.34102314710617065,0.4863434433937073,0.47810643911361694,0.43817687034606934,0.431785523891449,0.4558684825897217,0.4530569911003113,0.3660389184951782,0.3481014370918274,0.33952707052230835,0.32992202043533325,0.3212554454803467,0.3162805438041687,0.325228214263916,0.3382418155670166,0.32833361625671387,0.36309266090393066,0.35996532440185547,0.36163121461868286,0.395053505897522,0.38406902551651,0.4051473140716553,0.34604835510253906,0.3331444263458252,0.2638899087905884,0.24043631553649902,84,1
1.0748679637908936,14,11,0.75607068836689,0.38594210147857666,0.35405200719833374,0.34559547901153564,0.49655312299728394,0.48263871669769287,0.44330739974975586,0.44223910570144653,0.4660165309906006,0.47676533460617065,0.3821725845336914,0.3574478030204773,0.34750449657440186,0.3365464210510254,0.3174189329147339,0.31071150302886963,0.3166087865829468,0.32990777492523193,0.32602381706237793,0.3575536012649536,0.37794697284698486,0.4107295870780945,0.46442651748657227,0.4493780732154846,0.4625170826911926,0.39070582389831543,0.37263023853302,0.30937445163726807,0.26029038429260254,84,1
1.3341054916381836,12,10,0.75607068836689,0.3851362466812134,0.3529970049858093,0.3436407446861267,0.49695920944213867,0.48103588819503784,0.4437945485115051,0.4342762231826782,0.45658308267593384,0.4562830328941345,0.35851579904556274,0.3290556073188782,0.3209124803543091,0.3207736611366272,0.3026190996170044,0.28765803575515747,0.291253924369812,0.29959142208099365,0.2811550498008728,0.29668039083480835,0.2758026123046875,0.292023241519928,0.32526230812072754,0.33707553148269653,0.36322975158691406,0.3105086088180542,0.3054218292236328,0.2563955783843994,0.22000694274902344,84,1
1.6877663135528564,10,9,0.75607068836689,0.368564248085022,0.35468506813049316,0.34234780073165894,0.5076141953468323,0.4909932017326355,0.4684251546859741,0.48125529289245605,0.5125937163829803,0.5170304179191589,0.4124149680137634,0.3987462520599365,0.3751426935195923,0.3519114851951599,0.34481680393218994,0.3460935950279236,0.3522552251815796,0.3590880036354065,0.35251176357269287,0.3522993326187134,0.39957255125045776,0.41747093200683594,0.40421563386917114,0.37632638216018677,0.3271435499191284,0.27736520767211914,0.2838202118873596,0.27983665466308594,0.32026636600494385,85,0
2.544832468032837,6,5,0.75607068836689,0.3578806519508362,0.3455173373222351,0.34320908784866333,0.5110867023468018,0.49622583389282227,0.4778100252151489,0.4994758367538452,0.5290655791759491,0.5536055564880371,0.4497153162956238,0.4167046546936035,0.39729684591293335,0.3740251660346985,0.3739621639251709,0.38303136825561523,0.38162368535995483,0.3918364644050598,0.3795129060745239,0.3858691453933716,0.3885124921798706,0.38147032260894775,0.34696900844573975,0.3084287643432617,0.2585475444793701,0.20483404397964478,0.2137916088104248,0.22228580713272095,0.25276678800582886,85,0
2.9263083934783936,9,8,0.75607068836689,0.3668239712715149,0.353082537651062,0.34310322999954224,0.5078807473182678,0.49157899618148804,0.4771345257759094,0.49113595485687256,0.5154956579208374,0.5496600270271301,0.4530579447746277,0.4312782883644104,0.40823179483413696,0.38831132650375366,0.39598357677459717,0.40421736240386963,0.4078872799873352,0.41956114768981934,0.3880215883255005,0.36638110876083374,0.3607143759727478,0.3466634750366211,0.32112497091293335,0.2816891670227051,0.2343522310256958,0.18448245525360107,0.19280850887298584,0.20232200622558594,0.2457866668701172,85,0
2.352727174758911,9,7,0.75607068836689,0.3611326217651367,0.3510040044784546,0.3418641686439514,0.5132821500301361,0.49327921867370605,0.47305548191070557,0.4943488836288452,0.5358671545982361,0.5580390095710754,0.4799443483352661,0.43789076805114746,0.41139674186706543,0.4042116403579712,0.4149107336997986,0.40780109167099,0.41731011867523193,0.42116785049438477,0.4011250138282776,0.40289247035980225,0.3965386748313904,0.4393937587738037,0.4805713891983032,0.49997758865356445,0.5078819394111633,0.4877861738204956,0.45591676235198975,0.38134801387786865,0.43300139904022217,85,1
2.2857213020324707,6,5,0.75607068836689,0.35669898986816406,0.3469218611717224,0.3382803201675415,0.5021962523460388,0.48374736309051514,0.46473902463912964,0.4834158420562744,0.49194103479385376,0.4956508278846741,0.37949228286743164,0.36179107427597046,0.3423658609390259,0.32469743490219116,0.3208926320075989,0.3086005449295044,0.3319895267486572,0.32632380723953247,0.31635212898254395,0.3262510299682617,0.3344603180885315,0.3680019974708557,0.40298575162887573,0.3664804697036743,0.32042396068573,0.2623358964920044,0.2587699294090271,0.24964088201522827,0.266961932182312,85,1
2.0996501445770264,7,6,0.75607068836689,0.36441540718078613,0.35081177949905396,0.3442429304122925,0.5035033226013184,0.48758465051651,0.4671722650527954,0.4829750061035156,0.49632227420806885,0.5006587505340576,0.3855757713317871,0.3663954734802246,0.3499559164047241,0.32782334089279175,0.331268846988678,0.30709922313690186,0.3336822986602783,0.32617759704589844,0.31950151920318604,0.33049941062927246,0.3307344317436218,0.37040722370147705,0.4200335144996643,0.38688862323760986,0.3375321626663208,0.2706529498100281,0.2592223882675171,0.24542933702468872,0.26756447553634644,85,1
1.7441805601119995,8,5,0.75607068836689,0.36552566289901733,0.3515092730522156,0.3409055471420288,0.5063738822937012,0.4884992837905884,0.46759486198425293,0.48160696029663086,0.4906960129737854,0.49437177181243896,0.37891900539398193,0.3593350052833557,0.3427361249923706,0.32602018117904663,0.3229847550392151,0.3074977993965149,0.32747185230255127,0.32863497734069824,0.314988374710083,0.32250869274139404,0.3250335454940796,0.35852426290512085,0.3827376365661621,0.3424825072288513,0.30717235803604126,0.2535412907600403,0.24543797969818115,0.2444257140159607,0.28330957889556885,85,1
2.2051546573638916,6,5,0.75607068836689,0.3580669164657593,0.3479459285736084,0.3388024568557739,0.507165938615799,0.48874223232269287,0.4680911898612976,0.4873970150947571,0.5055796802043915,0.5084984600543976,0.402762234210968,0.3823668956756592,0.36492568254470825,0.3505672216415405,0.34149062633514404,0.32121479511260986,0.33414745330810547,0.3276751637458801,0.31537318229675293,0.3242095708847046,0.3170015215873718,0.33487749099731445,0.34372657537460327,0.30873870849609375,0.25668424367904663,0.20660454034805298,0.19999825954437256,0.2057042121887207,0.2170867919921875,85,1
1.4502239227294922,11,10,0.75607068836689,0.36035752296447754,0.3323841094970703,0.32307857275009155,0.4819291830062866,0.46512705087661743,0.4346580505371094,0.43752551078796387,0.4416142702102661,0.4325297474861145,0.3293870687484741,0.30672740936279297,0.29639947414398193,0.2995721697807312,0.287353515625,0.2744412422180176,0.3031299114227295,0.30398666858673096,0.34143632650375366,0.3745044469833374,0.38369423151016235,0.40416425466537476,0.3860545754432678,0.33443784713745117,0.2749782204627991,0.23958605527877808,0.2368248701095581,0.19406259059906006,0.1843724250793457,86,0
1.848653793334961,8,7,0.75607068836689,0.36460578441619873,0.340689480304718,0.3287806510925293,0.49272364377975464,0.4721718430519104,0.4382252097129822,0.440010666847229,0.44389283657073975,0.4340531826019287,0.33324873447418213,0.3044636845588684,0.29289865493774414,0.29165780544281006,0.2828810214996338,0.2718821167945862,0.29592305421829224,0.29314136505126953,0.32957249879837036,0.3674197196960449,0.37046027183532715,0.39183831214904785,0.37739014625549316,0.32426369190216064,0.2621896266937256,0.2297879457473755,0.22116267681121826,0.18415379524230957,0.16472762823104858,86,0
0.9813510179519653,10,9,0.75607068836689,0.3551265001296997,0.3320493698120117,0.3208111524581909,0.4786757230758667,0.46907466650009155,0.4375991225242615,0.4363950490951538,0.43879973888397217,0.436831533908844,0.3370996117591858,0.31252217292785645,0.3051074743270874,0.3017939329147339,0.288915753364563,0.2814368009567261,0.31185758113861084,0.314514696598053,0.34893178939819336,0.38472163677215576,0.39207911491394043,0.4136897325515747,0.4013069272041321,0.34265387058258057,0.2851693630218506,0.2522962689399719,0.24587643146514893,0.2016592025756836,0.17721563577651978,86,1
1.1818445920944214,10,9,0.75607068836689,0.3530745506286621,0.3327321410179138,0.32257765531539917,0.4769819974899292,0.46667343378067017,0.43422842025756836,0.4365641474723816,0.4377061724662781,0.4344075322151184,0.3330296277999878,0.3070068955421448,0.29744774103164673,0.2949492931365967,0.28302180767059326,0.27855896949768066,0.30475395917892456,0.3073232173919678,0.345134973526001,0.3845899701118469,0.39745503664016724,0.4222716689109802,0.409812331199646,0.3523014187812805,0.29309600591659546,0.2580483555793762,0.2492614984512329,0.20061570405960083,0.16640186309814453,86,1
1.4758601188659668,8,7,0.75607068836689,0.3591752052307129,0.33511674404144287,0.32305437326431274,0.481830358505249,0.46615070104599,0.4367539882659912,0.4390260577201843,0.4401950240135193,0.43245136737823486,0.3340069055557251,0.30660808086395264,0.29348307847976685,0.2910468578338623,0.2825738787651062,0.268871545791626,0.29335272312164307,0.2916024327278137,0.32804256677627563,0.367046594619751,0.3642553687095642,0.3826711177825928,0.3687419891357422,0.3115549683570862,0.25617319345474243,0.2256048321723938,0.2221108078956604,0.17984116077423096,0.17141097784042358,86,1
1.480554461479187,8,7,0.75607068836689,0.35486292839050293,0.333510160446167,0.32212698459625244,0.4777095317840576,0.46390020847320557,0.437643826007843,0.4386032223701477,0.4379662871360779,0.425872802734375,0.3266361951828003,0.3002482056617737,0.28993046283721924,0.28995245695114136,0.2805972099304199,0.26904571056365967,0.292746901512146,0.29105180501937866,0.3267872929573059,0.3654838800430298,0.3586640954017639,0.3740159273147583,0.3618122935295105,0.30515044927597046,0.24916481971740723,0.21918678283691406,0.21599066257476807,0.1762128472328186,0.181962788105011,86,1
2.6902341842651367,4,3,0.75607068836689,0.3485502004623413,0.33058303594589233,0.32475680112838745,0.502121776342392,0.5089713335037231,0.4781394600868225,0.48031938076019287,0.48002201318740845,0.46490412950515747,0.3759235143661499,0.34562981128692627,0.3325030207633972,0.3181447982788086,0.30219441652297974,0.273506224155426,0.29289376735687256,0.2854641079902649,0.3161115050315857,0.36809730529785156,0.35127806663513184,0.3488757610321045,0.35514819622039795,0.30960381031036377,0.2508627772331238,0.21648967266082764,0.21017616987228394,0.1691809892654419,0.20717370510101318,86,1
4.3642191886901855,5,4,0.75607068836689,0.3753631114959717,0.3572934865951538,0.334291934967041,0.5290871858596802,0.5481349527835846,0.4823078513145447,0.4638746380805969,0.5069531798362732,0.5133277177810669,0.47920483350753784,0.4192931056022644,0.4154578447341919,0.43000370264053345,0.41821372509002686,0.4345516562461853,0.41986364126205444,0.4055544137954712,0.39537662267684937,0.4304678440093994,0.3822593688964844,0.35901939868927,0.3498380780220032,0.3186683654785156,0.29510557651519775,0.3384772539138794,0.36647313833236694,0.2961183190345764,0.24363970756530762,87,0
1.7481062412261963,15,10,0.75607068836689,0.3873952031135559,0.3571547865867615,0.34730857610702515,0.5270423889160156,0.5186957716941833,0.46537184715270996,0.47843611240386963,0.5124419033527374,0.5176759958267212,0.4370182156562805,0.39909660816192627,0.38666272163391113,0.4018552303314209,0.3648439049720764,0.34815728664398193,0.35006779432296753,0.329163134098053,0.3207815885543823,0.34748172760009766,0.32156407833099365,0.31336724758148193,0.3224412798881531,0.2814803719520569,0.2361057996749878,0.20470035076141357,0.22322213649749756,0.18532180786132812,0.21633493900299072,87,0
2.6356863975524902,5,4,0.75607068836689,0.3719332814216614,0.35536569356918335,0.3355603814125061,0.5256043672561646,0.5472055375576019,0.4877232313156128,0.4733855724334717,0.4999271631240845,0.48452210426330566,0.4301859736442566,0.3961640000343323,0.3767014741897583,0.382624089717865,0.378287672996521,0.3836316466331482,0.38631337881088257,0.3745626211166382,0.38228273391723633,0.43728721141815186,0.4196181297302246,0.38754504919052124,0.39971745014190674,0.3776654005050659,0.3769838809967041,0.42487192153930664,0.428814172744751,0.3379333019256592,0.2631651759147644,87,0
1.3956024646759033,8,5,0.75607068836689,0.3751649856567383,0.36173099279403687,0.35290074348449707,0.5557360947132111,0.5366142094135284,0.48170530796051025,0.4918473958969116,0.5145232081413269,0.5159155130386353,0.4141695499420166,0.3793748617172241,0.35917967557907104,0.3594398498535156,0.3270481824874878,0.30368781089782715,0.30589425563812256,0.2854576110839844,0.29389047622680664,0.3120797872543335,0.2843064069747925,0.2911069989204407,0.28572094440460205,0.24588871002197266,0.2033991813659668,0.174452543258667,0.191017746925354,0.16324782371520996,0.19670432806015015,87,1
1.0987122058868408,10,8,0.75607068836689,0.3775399923324585,0.36065375804901123,0.34982573986053467,0.5358512699604034,0.5214916467666626,0.4632156491279602,0.47661495208740234,0.5183000564575195,0.508368581533432,0.4152531623840332,0.3761957883834839,0.3577542304992676,0.3547772765159607,0.32642030715942383,0.3060048818588257,0.3158751130104065,0.2937537431716919,0.290722131729126,0.32784348726272583,0.3176945447921753,0.3291853666305542,0.3531840443611145,0.32146739959716797,0.3042505383491516,0.3342628479003906,0.34724581241607666,0.26739662885665894,0.20918333530426025,87,1
1.764909267425537,11,9,0.75607068836689,0.3766387104988098,0.3561621904373169,0.3443874716758728,0.5294257998466492,0.5155448913574219,0.46136289834976196,0.4792156219482422,0.512960821390152,0.5146190524101257,0.4243382215499878,0.3895609378814697,0.36811184883117676,0.3765832185745239,0.34064221382141113,0.3154551386833191,0.31858688592910767,0.30623072385787964,0.3096576929092407,0.3261259198188782,0.2939547300338745,0.29380905628204346,0.3009595274925232,0.26048314571380615,0.23998671770095825,0.24978065490722656,0.2690831422805786,0.21442103385925293,0.24055778980255127,87,1
1.3985505104064941,6,5,0.75607068836689,0.373970091342926,0.35481035709381104,0.3519202470779419,0.5482784807682037,0.5301347076892853,0.4785807728767395,0.48913538455963135,0.5267950296401978,0.5307551622390747,0.4209652543067932,0.3761698603630066,0.35732144117355347,0.3598288297653198,0.3233923316001892,0.30072134733200073,0.30794233083724976,0.2913331389427185,0.29684925079345703,0.30891168117523193,0.28251612186431885,0.28802818059921265,0.2950688600540161,0.2593936324119568,0.22363674640655518,0.19537973403930664,0.2076495885848999,0.1737912893295288,0.21482247114181519,87,1
1.2468692064285278,8,6,0.75607068836689,0.3775733709335327,0.3549419641494751,0.3558124303817749,0.5542458295822144,0.537689745426178,0.47471410036087036,0.4879606366157532,0.5195392966270447,0.5242697298526764,0.41532981395721436,0.37317967414855957,0.35471856594085693,0.35445916652679443,0.31564944982528687,0.287697970867157,0.2973043918609619,0.2834309935569763,0.2805100679397583,0.30993956327438354,0.2829333543777466,0.2827025055885315,0.29315489530563354,0.2574160099029541,0.21085286140441895,0.1713823676109314,0.18312299251556396,0.15516537427902222,0.18397587537765503,87,1
1.563220500946045,6,5,0.75607068836689,0.37938350439071655,0.36235785484313965,0.3564213514328003,0.5564559698104858,0.5383274853229523,0.48025840520858765,0.4887661337852478,0.5190470814704895,0.5227542519569397,0.41861724853515625,0.37226545810699463,0.3618454933166504,0.3628948926925659,0.3313854932785034,0.30316364765167236,0.31121766567230225,0.29524093866348267,0.2999187707901001,0.3155261278152466,0.28941261768341064,0.2910923957824707,0.28876030445098877,0.2504153847694397,0.20898854732513428,0.17828768491744995,0.19154006242752075,0.1635204553604126,0.1846933364868164,87,1
1.466162085533142,12,11,0.75607068836689,0.3887979984283447,0.3573446273803711,0.34898626804351807,0.5224959850311279,0.5094681084156036,0.4791778326034546,0.4960941672325134,0.5279616117477417,0.5223878920078278,0.40016859769821167,0.39567428827285767,0.3706369400024414,0.3498440980911255,0.32362061738967896,0.3220852017402649,0.3330245018005371,0.34891045093536377,0.3529399037361145,0.4139906167984009,0.43399858474731445,0.4322836995124817,0.42358630895614624,0.39502668380737305,0.36443376541137695,0.35065144300460815,0.35707128047943115,0.3343934416770935,0.29594969749450684,88,0
2.5896830558776855,3,1,0.75607068836689,0.3874385952949524,0.36140692234039307,0.3652925491333008,0.6084302663803101,0.5646179020404816,0.5144891142845154,0.5221370458602905,0.5407921373844147,0.5200694501399994,0.4189332127571106,0.39345836639404297,0.358723521232605,0.3547554612159729,0.3231496810913086,0.32753294706344604,0.328877329826355,0.33697986602783203,0.32989782094955444,0.37114012241363525,0.35682177543640137,0.36687028408050537,0.3585168123245239,0.3572912812232971,0.32790255546569824,0.3217449188232422,0.31970614194869995,0.29183894395828247,0.2652796506881714,88,0
2.260937452316284,10,8,0.75607068836689,0.3903542757034302,0.36124110221862793,0.35229647159576416,0.5332882404327393,0.5141748785972595,0.48415303230285645,0.5003794729709625,0.5266706347465515,0.5309805870056152,0.4210315942764282,0.4165085554122925,0.39335960149765015,0.3821313977241516,0.35515153408050537,0.3508974313735962,0.3490828275680542,0.35952478647232056,0.34219151735305786,0.39070379734039307,0.3807697892189026,0.3751986622810364,0.35946929454803467,0.34446877241134644,0.3214086890220642,0.30955934524536133,0.31270432472229004,0.2958158254623413,0.2599062919616699,88,0
1.2634516954421997,9,8,0.75607068836689,0.3882981538772583,0.35699987411499023,0.35076820850372314,0.5253623127937317,0.5118570327758789,0.4804130792617798,0.49656546115875244,0.4937289357185364,0.5098141431808472,0.3769577741622925,0.3599984645843506,0.3302519917488098,0.3339667320251465,0.3174949884414673,0.2958627939224243,0.2990914583206177,0.30586135387420654,0.3066427707672119,0.3346896171569824,0.314522922039032,0.33125633001327515,0.3668256998062134,0.3801475763320923,0.368307888507843,0.3646364212036133,0.34761691093444824,0.31271666288375854,0.33139944076538086,88,1
1.4618585109710693,9,8,0.75607068836689,0.38317936658859253,0.3535592555999756,0.34767746925354004,0.5163961052894592,0.4987764358520508,0.4710642099380493,0.4937669634819031,0.4906530976295471,0.5050742924213409,0.3715135455131531,0.35133469104766846,0.3270435929298401,0.3172036409378052,0.3018624186515808,0.27799171209335327,0.2889070510864258,0.29902470111846924,0.2934904098510742,0.32443660497665405,0.3073798418045044,0.32384586334228516,0.3513920307159424,0.36222976446151733,0.354827344417572,0.3535088300704956,0.34760499000549316,0.31600821018218994,0.3452882170677185,88,1
1.6827335357666016,9,8,0.75607068836689,0.3862382173538208,0.3546968102455139,0.3494529724121094,0.5197451710700989,0.5043907165527344,0.47469186782836914,0.4942728281021118,0.49334949254989624,0.5088981688022614,0.3733583688735962,0.3552296757698059,0.32767540216445923,0.31937670707702637,0.3062034249305725,0.28406327962875366,0.28770577907562256,0.29859238862991333,0.29106050729751587,0.3168409466743469,0.2989034652709961,0.3151637315750122,0.3407299518585205,0.34957313537597656,0.3430526852607727,0.3411601781845093,0.3345296382904053,0.30990833044052124,0.3028351068496704,88,1
1.628211259841919,9,8,0.75607068836689,0.3951207399368286,0.36071836948394775,0.35467231273651123,0.5249820351600647,0.5140733420848846,0.4822518825531006,0.5004984736442566,0.49687474966049194,0.5211001634597778,0.3906087279319763,0.3716350793838501,0.3424835205078125,0.345225989818573,0.32912319898605347,0.3152160048484802,0.31207913160324097,0.3170619010925293,0.3186982274055481,0.33951807022094727,0.3109424114227295,0.329495370388031,0.35323917865753174,0.36727094650268555,0.36300528049468994,0.36176353693008423,0.34713220596313477,0.31775718927383423,0.3070046305656433,88,1
1.49009370803833,9,8,0.75607068836689,0.38171547651290894,0.3509087562561035,0.34453076124191284,0.5125000178813934,0.5008267760276794,0.47203320264816284,0.49325281381607056,0.4946099519729614,0.5107112526893616,0.37549805641174316,0.3558334708213806,0.33152806758880615,0.32207220792770386,0.3057769536972046,0.27754759788513184,0.28759193420410156,0.29971635341644287,0.29197853803634644,0.31647294759750366,0.296764612197876,0.3067152500152588,0.3281264305114746,0.33408093452453613,0.31157946586608887,0.3090837001800537,0.3069267272949219,0.2869635820388794,0.2694438099861145,88,1
1.3574445247650146,11,8,0.75607068836689,0.3888360857963562,0.35878288745880127,0.3519706726074219,0.5294531583786011,0.5097741484642029,0.47702252864837646,0.49677109718322754,0.5023215413093567,0.5081953406333923,0.3749798536300659,0.3523705005645752,0.3314981460571289,0.32316362857818604,0.3037087917327881,0.2788342237472534,0.2936566472053528,0.3098604679107666,0.30261391401290894,0.3242489695549011,0.302661657333374,0.31883639097213745,0.33959293365478516,0.34951257705688477,0.3340000510215759,0.3220674395561218,0.3219260573387146,0.30350303649902344,0.29168200492858887,88,1
1.4180539846420288,9,8,0.75607068836689,0.3861938714981079,0.35348784923553467,0.34574681520462036,0.5178272128105164,0.5070585012435913,0.47758543491363525,0.4952352046966553,0.4891764521598816,0.5067618489265442,0.3718130588531494,0.35319578647613525,0.3266115188598633,0.3210168480873108,0.3067774772644043,0.2769695520401001,0.2845988869667053,0.29445379972457886,0.2906993627548218,0.3112680912017822,0.2914161682128906,0.30368292331695557,0.3205336332321167,0.3248429298400879,0.3104846477508545,0.3040723204612732,0.29843956232070923,0.2796262502670288,0.2674577832221985,88,1
1.4371871948242188,11,8,0.75607068836689,0.3870600461959839,0.3558928370475769,0.34982359409332275,0.5235750079154968,0.5087008774280548,0.47330981492996216,0.49791353940963745,0.5056777000427246,0.5162431299686432,0.3908994197845459,0.36925750970840454,0.3503303527832031,0.3384332060813904,0.31139177083969116,0.29474055767059326,0.3129599094390869,0.33079952001571655,0.3330112099647522,0.3738859295845032,0.38105523586273193,0.35879653692245483,0.34465306997299194,0.33645951747894287,0.309670627117157,0.2989512085914612,0.3015475273132324,0.26922327280044556,0.20403116941452026,88,1
1.4184250831604004,21,20,0.75607068836689,0.38577133417129517,0.3503929376602173,0.33716124296188354,0.49069643020629883,0.48131847381591797,0.43537962436676025,0.4686284065246582,0.5016883313655853,0.5212967097759247,0.4128527045249939,0.39375174045562744,0.3864654302597046,0.37645506858825684,0.3457869291305542,0.33695030212402344,0.3439464569091797,0.33140939474105835,0.3212699294090271,0.3288986086845398,0.2921002507209778,0.2875378131866455,0.26727408170700073,0.2367401123046875,0.23187696933746338,0.192940354347229,0.19989478588104248,0.19745278358459473,0.14470380544662476,89,0
2.2207095623016357,14,13,0.75607068836689,0.3923279643058777,0.35796213150024414,0.33734023571014404,0.4942227602005005,0.4799034595489502,0.44113051891326904,0.46602314710617065,0.5166674554347992,0.5348125100135803,0.4473068118095398,0.4393863081932068,0.4192228317260742,0.4388093948364258,0.40473586320877075,0.3866814374923706,0.38245242834091187,0.3616095185279846,0.3532983660697937,0.348136305809021,0.2773723602294922,0.2595202922821045,0.25221431255340576,0.20897769927978516,0.1955583095550537,0.14943313598632812,0.15455788373947144,0.14036047458648682,0.1324228048324585,89,0
1.63117253780365,12,11,0.75607068836689,0.38052427768707275,0.35061752796173096,0.32969576120376587,0.49120867252349854,0.48674410581588745,0.4356987476348877,0.4590347409248352,0.5133709013462067,0.5226701498031616,0.414250910282135,0.39368391036987305,0.3852587342262268,0.39147430658340454,0.3702685832977295,0.3696017861366272,0.36746054887771606,0.35026538372039795,0.3440631628036499,0.3535115122795105,0.29598093032836914,0.2722043991088867,0.26098519563674927,0.22326457500457764,0.2114512324333191,0.16889846324920654,0.1731562614440918,0.17012155055999756,0.15094143152236938,89,0
0.9006930589675903,16,15,0.75607068836689,0.3868016004562378,0.35308098793029785,0.3362162113189697,0.49244773387908936,0.48326575756073,0.43907564878463745,0.46325039863586426,0.48214858770370483,0.48852986097335815,0.36834633350372314,0.343575119972229,0.3390651345252991,0.3206675052642822,0.2902612090110779,0.28004664182662964,0.28392696380615234,0.28150004148483276,0.27592092752456665,0.30187082290649414,0.25259917974472046,0.24481141567230225,0.23836934566497803,0.2023380994796753,0.18822282552719116,0.14793992042541504,0.15191763639450073,0.13962936401367188,0.14147162437438965,89,1
1.294865608215332,17,16,0.75607068836689,0.3866860866546631,0.3546297550201416,0.3360370397567749,0.4889220595359802,0.4812313914299011,0.43500828742980957,0.46457338333129883,0.49964821338653564,0.5083719193935394,0.4009283781051636,0.3871305584907532,0.3817840814590454,0.37294191122055054,0.33873575925827026,0.3249698281288147,0.3277618885040283,0.31744974851608276,0.3108952045440674,0.3200005888938904,0.26999735832214355,0.25076502561569214,0.2430134415626526,0.20535027980804443,0.1916029453277588,0.15297424793243408,0.15644705295562744,0.14588963985443115,0.136785626411438,89,1
3.7656090259552,5,4,0.75607068836689,0.38290613889694214,0.36153244972229004,0.33629971742630005,0.5240413844585419,0.5318942666053772,0.4902089238166809,0.4780690670013428,0.5245583951473236,0.5334801077842712,0.4888123869895935,0.4498867988586426,0.4262809157371521,0.4471890926361084,0.43805766105651855,0.43715381622314453,0.4278460741043091,0.42766129970550537,0.412183940410614,0.43273621797561646,0.3858324885368347,0.368577241897583,0.3652627468109131,0.32169026136398315,0.27641600370407104,0.22027099132537842,0.20848768949508667,0.1952270269393921,0.20323997735977173,90,0
2.1030216217041016,11,10,0.75607068836689,0.37443602085113525,0.3592225909233093,0.3366338014602661,0.5036528706550598,0.4965176582336426,0.4690636396408081,0.4675595164299011,0.481331467628479,0.5002025961875916,0.39320963621139526,0.3757133483886719,0.36142855882644653,0.36280906200408936,0.3535159230232239,0.35639631748199463,0.36356812715530396,0.365270733833313,0.35015052556991577,0.4186573028564453,0.3957785367965698,0.397977352142334,0.38704442977905273,0.3444715738296509,0.28972119092941284,0.23075592517852783,0.22379052639007568,0.2104969024658203,0.19230127334594727,90,0
2.071683406829834,6,5,0.75607068836689,0.37589311599731445,0.35907548666000366,0.33744877576828003,0.5144825577735901,0.5238403677940369,0.49355971813201904,0.4625234603881836,0.49963635206222534,0.49754834175109863,0.39991265535354614,0.39075958728790283,0.36084508895874023,0.35067063570022583,0.3483220934867859,0.35788822174072266,0.37359118461608887,0.36872732639312744,0.36728811264038086,0.4209202527999878,0.40354037284851074,0.39774858951568604,0.3759722113609314,0.3271806836128235,0.28178298473358154,0.22362560033798218,0.22072100639343262,0.20804864168167114,0.2057308554649353,90,0
2.234546184539795,10,9,0.75607068836689,0.3755350112915039,0.3636854887008667,0.3396637439727783,0.5167172253131866,0.4988669753074646,0.46174800395965576,0.46395623683929443,0.4794139862060547,0.5010988116264343,0.3894028663635254,0.3617386817932129,0.3411332964897156,0.36073029041290283,0.3688727021217346,0.3211619257926941,0.33378225564956665,0.32846033573150635,0.31787109375,0.32289397716522217,0.2887150049209595,0.275667667388916,0.2717236876487732,0.23638081550598145,0.21169257164001465,0.17240381240844727,0.16238486766815186,0.15346455574035645,0.18610012531280518,90,1
1.6462624073028564,10,9,0.75607068836689,0.3743155002593994,0.35908782482147217,0.33593255281448364,0.5065244436264038,0.4912390112876892,0.45670509338378906,0.46089673042297363,0.4757910966873169,0.48891258239746094,0.37880516052246094,0.3500549793243408,0.32011497020721436,0.3312200903892517,0.33361345529556274,0.29054927825927734,0.30459505319595337,0.3050076961517334,0.30203932523727417,0.32701390981674194,0.2945026159286499,0.29643166065216064,0.2962188720703125,0.2584288716316223,0.2333235740661621,0.18867623805999756,0.17695724964141846,0.1643114686012268,0.19432908296585083,90,1
1.5820409059524536,10,9,0.75607068836689,0.3751763701438904,0.3572601079940796,0.33179032802581787,0.49574029445648193,0.4911293387413025,0.45781707763671875,0.45937788486480713,0.4779047966003418,0.4923527240753174,0.3752749562263489,0.3518470525741577,0.3242838978767395,0.3340587019920349,0.3387659788131714,0.29655903577804565,0.31279218196868896,0.3104310631752014,0.3019980788230896,0.32093775272369385,0.27277517318725586,0.26798802614212036,0.2701226472854614,0.23381400108337402,0.20979177951812744,0.16813361644744873,0.1568109393119812,0.14434534311294556,0.17836332321166992,90,1
0.9244495630264282,16,14,0.75607068836689,0.37259823083877563,0.3544572591781616,0.3438234329223633,0.49740076065063477,0.48981720209121704,0.4640933871269226,0.47753316164016724,0.49266958236694336,0.4966418743133545,0.37852907180786133,0.35459965467453003,0.3471772074699402,0.3302968144416809,0.31976139545440674,0.30895620584487915,0.31979453563690186,0.3114047646522522,0.29762959480285645,0.3327295184135437,0.30712205171585083,0.31047970056533813,0.3240821361541748,0.3004003167152405,0.2613145112991333,0.2187548279762268,0.21954798698425293,0.20002347230911255,0.15685009956359863,91,0
1.0555371046066284,12,11,0.75607068836689,0.36705130338668823,0.34838855266571045,0.33508598804473877,0.4943496584892273,0.48592084646224976,0.4613075852394104,0.4767161011695862,0.49300622940063477,0.495855450630188,0.3783307671546936,0.35443341732025146,0.3417207598686218,0.31549209356307983,0.30833178758621216,0.3036882281303406,0.31370657682418823,0.30188095569610596,0.2881854176521301,0.3146955966949463,0.2996290326118469,0.30738192796707153,0.34514957666397095,0.3207740783691406,0.29419994354248047,0.2578638792037964,0.2609870433807373,0.228948712348938,0.1691240668296814,91,0
2.272843360900879,7,5,0.75607068836689,0.37848222255706787,0.36840981245040894,0.3617924451828003,0.5361816585063934,0.5335939228534698,0.503693163394928,0.5275458097457886,0.567082017660141,0.5622822642326355,0.4438021183013916,0.4040754437446594,0.3783215284347534,0.3573909401893616,0.3364039659500122,0.3044697046279907,0.30916428565979004,0.3103809356689453,0.2906956672668457,0.299222469329834,0.26048481464385986,0.24941867589950562,0.2587307095527649,0.23403966426849365,0.20002907514572144,0.1640157699584961,0.1683550477027893,0.15101897716522217,0.12415647506713867,91,0
3.840470790863037,4,3,0.75607068836689,0.3605433702468872,0.3626466393470764,0.3622581362724304,0.5405891537666321,0.5410862565040588,0.5000291168689728,0.517708957195282,0.5502773225307465,0.5591417551040649,0.4358275532722473,0.393227219581604,0.3695031404495239,0.3530678153038025,0.3309084177017212,0.3039870262145996,0.3026782274246216,0.3058849573135376,0.28944945335388184,0.29338163137435913,0.25364553928375244,0.24379509687423706,0.25091803073883057,0.23198217153549194,0.19857889413833618,0.16730374097824097,0.18245327472686768,0.16853070259094238,0.1217922568321228,91,0
3.72773814201355,3,1,0.75607068836689,0.3512381911277771,0.34436333179473877,0.34369492530822754,0.5442364513874054,0.5349707007408142,0.4954138398170471,0.5053187012672424,0.5445754826068878,0.5562562942504883,0.45305347442626953,0.4071280360221863,0.3853200078010559,0.36075061559677124,0.330112099647522,0.3078805208206177,0.30979281663894653,0.3011777400970459,0.2780163288116455,0.27778714895248413,0.24032378196716309,0.23427331447601318,0.24360185861587524,0.2238215208053589,0.19386428594589233,0.16423064470291138,0.17994999885559082,0.1653643250465393,0.13551795482635498,91,0
1.1873902082443237,19,16,0.75607068836689,0.3752642273902893,0.35494112968444824,0.346516489982605,0.4979039430618286,0.48896193504333496,0.461831271648407,0.4776766896247864,0.49353867769241333,0.49886834621429443,0.375792920589447,0.35107970237731934,0.3443538546562195,0.3294828534126282,0.3163350820541382,0.3000047206878662,0.31358736753463745,0.306424081325531,0.2928847074508667,0.32401132583618164,0.2889711856842041,0.28803348541259766,0.2966178059577942,0.2762356996536255,0.2434769868850708,0.21021395921707153,0.21843481063842773,0.19996654987335205,0.18090075254440308,91,1
1.0052536725997925,12,11,0.75607068836689,0.3662570118904114,0.34606850147247314,0.33503639698028564,0.4927135705947876,0.4828972816467285,0.4585767984390259,0.47309786081314087,0.4876049757003784,0.4879680275917053,0.37065768241882324,0.3446410894393921,0.33551257848739624,0.3138240575790405,0.31035691499710083,0.29595494270324707,0.30833154916763306,0.301183819770813,0.28671449422836304,0.3116685152053833,0.2951933741569519,0.29990720748901367,0.3235306739807129,0.30575066804885864,0.26953035593032837,0.23266422748565674,0.23551011085510254,0.20815354585647583,0.1768873929977417,91,1
2.284166097640991,9,6,0.75607068836689,0.37728673219680786,0.36699509620666504,0.3618841767311096,0.5316471457481384,0.5311165750026703,0.5014902353286743,0.5296186208724976,0.5707653164863586,0.5630963146686554,0.4441602826118469,0.4063575267791748,0.38309693336486816,0.36503517627716064,0.34064722061157227,0.30969947576522827,0.31473231315612793,0.3097561001777649,0.29188966751098633,0.3004612326622009,0.26275312900543213,0.258232057094574,0.2712182402610779,0.251631498336792,0.22083598375320435,0.19040066003799438,0.19424349069595337,0.17477655410766602,0.15319788455963135,91,1
4.261529922485352,6,5,0.75607068836689,0.36578696966171265,0.35812288522720337,0.3563482165336609,0.5303980708122253,0.5340815484523773,0.4944167137145996,0.5121260583400726,0.55705127120018,0.557280421257019,0.4319206476211548,0.3853501081466675,0.36657291650772095,0.35601091384887695,0.32355695962905884,0.3006553053855896,0.2996389865875244,0.29679059982299805,0.2855904698371887,0.29564642906188965,0.2665981650352478,0.260562539100647,0.2848987579345703,0.26735424995422363,0.2312551736831665,0.19078195095062256,0.18866002559661865,0.16793030500411987,0.11071908473968506,91,1
0.8514888882637024,13,12,0.75607068836689,0.3685086965560913,0.34732353687286377,0.3346749544143677,0.4930354952812195,0.4843508005142212,0.45838773250579834,0.474023699760437,0.48749983310699463,0.4919964075088501,0.3771202564239502,0.34955930709838867,0.3391011953353882,0.31667566299438477,0.3088642358779907,0.2979457378387451,0.3149098753929138,0.31144171953201294,0.29297685623168945,0.3203533887863159,0.3014066815376282,0.30736398696899414,0.3304561972618103,0.3108177185058594,0.2728317379951477,0.23624372482299805,0.24073338508605957,0.21111160516738892,0.17386233806610107,91,1
3.7313778400421143,5,4,0.75607068836689,0.3959057927131653,0.3668665885925293,0.34211277961730957,0.5307362079620361,0.5343822836875916,0.4784483313560486,0.4766439199447632,0.524243175983429,0.5345635712146759,0.4687451124191284,0.424177348613739,0.4106139540672302,0.4048575162887573,0.3912253975868225,0.40125131607055664,0.3987985849380493,0.3974210023880005,0.38783103227615356,0.41507166624069214,0.36722689867019653,0.3542478084564209,0.3952397108078003,0.38809388875961304,0.3371129035949707,0.2886480689048767,0.26783114671707153,0.22816747426986694,0.1703372597694397,92,0
1.0047063827514648,9,8,0.75607068836689,0.4022796154022217,0.3691748380661011,0.345020055770874,0.5086755156517029,0.5139210820198059,0.4539797902107239,0.46671879291534424,0.5024307668209076,0.503858357667923,0.3861738443374634,0.3596363067626953,0.3409854769706726,0.3233224153518677,0.31776368618011475,0.3101300597190857,0.29943329095840454,0.3040480613708496,0.31084954738616943,0.3196532130241394,0.27028292417526245,0.2741747498512268,0.27910250425338745,0.2569570541381836,0.24268722534179688,0.21184492111206055,0.21075713634490967,0.18408453464508057,0.1773897409439087,92,0
0.4394553303718567,12,11,0.75607068836689,0.3899197578430176,0.3668743371963501,0.3494148850440979,0.5249685645103455,0.49565649032592773,0.45266032218933105,0.470247745513916,0.5062852799892426,0.5083388686180115,0.3755567669868469,0.3377918601036072,0.3223912715911865,0.29924672842025757,0.29374468326568604,0.2876244783401489,0.2994755506515503,0.3049158453941345,0.3073558211326599,0.3327041268348694,0.3000507950782776,0.2996672987937927,0.3111017942428589,0.30008482933044434,0.2706296443939209,0.24364221096038818,0.23105758428573608,0.20179343223571777,0.14023464918136597,92,1
0.6821680068969727,12,11,0.75607068836689,0.39040833711624146,0.36651933193206787,0.35021644830703735,0.5267348289489746,0.4974742531776428,0.45456933975219727,0.4731101393699646,0.5078109800815582,0.510873556137085,0.37665021419525146,0.3400053381919861,0.3258645534515381,0.30203527212142944,0.29871928691864014,0.29294753074645996,0.30630576610565186,0.3158836364746094,0.3181649446487427,0.34776490926742554,0.3158019185066223,0.31504708528518677,0.3295947313308716,0.31647181510925293,0.2824753522872925,0.25249969959259033,0.23675483465194702,0.2052370309829712,0.13370591402053833,92,1
1.1284879446029663,10,9,0.75607068836689,0.3885575532913208,0.3635382652282715,0.3472282290458679,0.518170177936554,0.496745228767395,0.4564259648323059,0.4741315245628357,0.5136140584945679,0.5123273432254791,0.3839908242225647,0.35501712560653687,0.3455684781074524,0.3298299312591553,0.315904438495636,0.3171166181564331,0.316325843334198,0.31155961751937866,0.3142662048339844,0.3400372266769409,0.29968225955963135,0.28309166431427,0.2853059768676758,0.26240092515945435,0.2339189052581787,0.20553946495056152,0.20067960023880005,0.18532776832580566,0.13099002838134766,92,1
0.5712422728538513,13,8,0.75607068836689,0.3730226755142212,0.35566532611846924,0.3428662419319153,0.5073145925998688,0.5074071884155273,0.4600731134414673,0.46392327547073364,0.4726634621620178,0.4758839011192322,0.3635317087173462,0.34721750020980835,0.3398084044456482,0.3211604952812195,0.32086479663848877,0.33242738246917725,0.3410019874572754,0.35340332984924316,0.33955395221710205,0.33490753173828125,0.35154199600219727,0.3360435366630554,0.37294256687164307,0.379356324672699,0.37846678495407104,0.31525182723999023,0.31196993589401245,0.25340449810028076,0.2372608184814453,93,0
3.546133518218994,2,1,0.75607068836689,0.35800719261169434,0.3406273126602173,0.33548033237457275,0.5363584160804749,0.5356723070144653,0.4906194806098938,0.49629920721054077,0.5186351835727692,0.5296549797058105,0.441120445728302,0.4348030090332031,0.42050063610076904,0.4159112572669983,0.40517371892929077,0.4298809766769409,0.4277438521385193,0.4272400736808777,0.41266632080078125,0.353108286857605,0.3572230339050293,0.3404005765914917,0.371023952960968,0.3726896047592163,0.3687959313392639,0.31003105640411377,0.2948821783065796,0.24158650636672974,0.19685041904449463,93,0
0.7520645260810852,13,8,0.75607068836689,0.37493062019348145,0.3554121255874634,0.3435901403427124,0.5094059705734253,0.5016782581806183,0.4561960697174072,0.4576183557510376,0.4615861177444458,0.46995478868484497,0.3717219829559326,0.35485607385635376,0.3525378108024597,0.32901567220687866,0.3255192041397095,0.32018357515335083,0.3317279815673828,0.339760422706604,0.32099056243896484,0.3121275305747986,0.3195713758468628,0.3000725507736206,0.3317558765411377,0.3273521661758423,0.33680737018585205,0.2827260494232178,0.27588075399398804,0.2250041961669922,0.22610509395599365,93,1
3.7132680416107178,2,1,0.75607068836689,0.4156080484390259,0.3710530400276184,0.37126266956329346,0.5674603581428528,0.565447211265564,0.5178878307342529,0.5028022527694702,0.5270355641841888,0.5236402153968811,0.4306187033653259,0.42368537187576294,0.4107751250267029,0.3982608914375305,0.3827507495880127,0.3982734680175781,0.40133190155029297,0.4041987657546997,0.3901211619377136,0.33848506212234497,0.34649932384490967,0.33645373582839966,0.3772350549697876,0.3811633586883545,0.37761276960372925,0.3189905285835266,0.29999852180480957,0.2500026226043701,0.21231573820114136,93,1
1.118314504623413,12,7,0.75607068836689,0.3731062412261963,0.35541731119155884,0.3451732397079468,0.5109212398529053,0.502318799495697,0.4550328254699707,0.45873767137527466,0.4697446823120117,0.47610151767730713,0.38421356678009033,0.3718368411064148,0.376758337020874,0.35501670837402344,0.359406054019928,0.3514888286590576,0.35827624797821045,0.36405766010284424,0.35077106952667236,0.34265995025634766,0.3315204977989197,0.3097863793373108,0.32134342193603516,0.3086013197898865,0.31020718812942505,0.2598736882209778,0.2543642520904541,0.2079375982284546,0.19543242454528809,93,1
1.9765124320983887,8,6,0.75607068836689,0.3763468265533447,0.3588883876800537,0.3482261300086975,0.5168638527393341,0.5023895502090454,0.45869988203048706,0.4580255150794983,0.4680172801017761,0.4763917326927185,0.388873815536499,0.3767305016517639,0.36607152223587036,0.34830403327941895,0.33840060234069824,0.3535551428794861,0.3670347332954407,0.36793458461761475,0.36600446701049805,0.3713194727897644,0.41649556159973145,0.40658605098724365,0.4313226342201233,0.4160217046737671,0.40701454877853394,0.34340596199035645,0.3309841752052307,0.27998316287994385,0.2795342206954956,93,1
0.9717617034912109,10,9,0.75607068836689,0.3575514554977417,0.3560536503791809,0.3435415029525757,0.5043238401412964,0.4917147755622864,0.467021644115448,0.4782900810241699,0.48811018466949463,0.4873976707458496,0.37859344482421875,0.3371463418006897,0.32732224464416504,0.31249570846557617,0.29433971643447876,0.2960405945777893,0.2999258041381836,0.315929651260376,0.3063051104545593,0.3173823356628418,0.3345915675163269,0.306459903717041,0.311156690120697,0.2596360445022583,0.2359464168548584,0.1870468258857727,0.17814236879348755,0.15403568744659424,0.11806553602218628,94,0
0.7028078436851501,18,16,0.75607068836689,0.3678237199783325,0.3590763807296753,0.3478717803955078,0.5096995234489441,0.48785626888275146,0.46138542890548706,0.48230546712875366,0.4985470771789551,0.5030503869056702,0.3980652689933777,0.36803603172302246,0.3540429472923279,0.3346797227859497,0.3208569884300232,0.301882803440094,0.29833704233169556,0.3059115409851074,0.29192233085632324,0.3111492395401001,0.30491042137145996,0.29748886823654175,0.3218516707420349,0.27571916580200195,0.26158827543258667,0.20399165153503418,0.1902257204055786,0.15860050916671753,0.12320953607559204,94,1
0.8920347094535828,19,17,0.75607068836689,0.3708561062812805,0.3586331009864807,0.34590017795562744,0.5041727125644684,0.4836795926094055,0.45862877368927,0.4768504500389099,0.49737823009490967,0.5069477260112762,0.3965148329734802,0.3639691472053528,0.34807705879211426,0.3267620801925659,0.3179568648338318,0.3126647472381592,0.31063878536224365,0.3292507529258728,0.32058143615722656,0.3327968120574951,0.3312317132949829,0.32466399669647217,0.3577914237976074,0.32060933113098145,0.3052678108215332,0.23616111278533936,0.21735429763793945,0.17952924966812134,0.11135256290435791,94,1
0.9808239340782166,19,17,0.75607068836689,0.37213432788848877,0.3599584102630615,0.35192394256591797,0.5070962905883789,0.49210280179977417,0.46061956882476807,0.4746065139770508,0.49744343757629395,0.5018521845340729,0.39015859365463257,0.350582480430603,0.3382514715194702,0.3270186185836792,0.32322096824645996,0.308694064617157,0.30210840702056885,0.3197472095489502,0.2986806631088257,0.29761803150177,0.2873907685279846,0.2773827910423279,0.2907037138938904,0.2437272071838379,0.22656893730163574,0.17447757720947266,0.1654413938522339,0.13968294858932495,0.12326669692993164,94,1
0.6828664541244507,11,8,0.75607068836689,0.6001138687133789,0.5120421648025513,0.4882248640060425,0.6468449234962463,0.6372085213661194,0.583913266658783,0.5839369595050812,0.5917100012302399,0.5642579793930054,0.478151798248291,0.44925665855407715,0.4144490361213684,0.41276270151138306,0.38649433851242065,0.3789910674095154,0.3951379060745239,0.38771843910217285,0.37198328971862793,0.4052952527999878,0.38003480434417725,0.3738870620727539,0.36015844345092773,0.3260856866836548,0.33119773864746094,0.32004618644714355,0.3422049880027771,0.2780179977416992,0.1551070213317871,95,0
0.579348623752594,11,8,0.75607068836689,0.6010132431983948,0.5135823488235474,0.48852765560150146,0.6472081542015076,0.6390562057495117,0.5849143266677856,0.5841770172119141,0.5867166519165039,0.5601671040058136,0.47050315141677856,0.44084465503692627,0.40952372550964355,0.4076404571533203,0.3798142671585083,0.37439191341400146,0.3888140916824341,0.38493478298187256,0.3726782202720642,0.4063684344291687,0.3806113004684448,0.3832653760910034,0.3724198341369629,0.3374825716018677,0.34590041637420654,0.33098524808883667,0.3529452085494995,0.2809380292892456,0.15539830923080444,95,1
0.9525765180587769,12,9,0.75607068836689,0.6058915555477142,0.5167078971862793,0.49318933486938477,0.6516938209533691,0.6416873037815094,0.5875758528709412,0.5895136594772339,0.5930237174034119,0.5660820007324219,0.47908467054367065,0.4504013657569885,0.4144788980484009,0.4161226749420166,0.38509172201156616,0.38397371768951416,0.39779895544052124,0.3905019760131836,0.37498557567596436,0.4112240672111511,0.3720630407333374,0.37193483114242554,0.3551543951034546,0.3191037178039551,0.32164204120635986,0.31133174896240234,0.33812272548675537,0.2743741273880005,0.15356874465942383,95,1
1.1797975301742554,12,9,0.75607068836689,0.6024475395679474,0.5147640705108643,0.4906933903694153,0.6495591402053833,0.637936532497406,0.587141752243042,0.5880994200706482,0.5927515029907227,0.5666795969009399,0.47962331771850586,0.4505104422569275,0.4154887795448303,0.4148518443107605,0.3872426748275757,0.379999577999115,0.397402822971344,0.3925837278366089,0.3742062449455261,0.411635160446167,0.3716154098510742,0.3761351704597473,0.35496002435684204,0.32045167684555054,0.32472991943359375,0.31811368465423584,0.3428027629852295,0.2773134112358093,0.15600931644439697,95,1
1.3889689445495605,11,8,0.75607068836689,0.6023417115211487,0.5156091153621674,0.4907742142677307,0.6484657227993011,0.639840304851532,0.5859175324440002,0.5861366987228394,0.5892390012741089,0.5613788664340973,0.47412294149398804,0.44408488273620605,0.4089500904083252,0.4107346534729004,0.38212889432907104,0.3767939805984497,0.3929555416107178,0.38557374477386475,0.3687935471534729,0.40388673543930054,0.36474061012268066,0.36501365900039673,0.34987199306488037,0.3134077787399292,0.32140016555786133,0.31378209590911865,0.34170234203338623,0.2760409712791443,0.1530470848083496,95,1
1.2509580850601196,11,8,0.75607068836689,0.6036121547222137,0.513056755065918,0.49082809686660767,0.6509403586387634,0.643311083316803,0.5887472629547119,0.5895095467567444,0.597064197063446,0.5700956881046295,0.48324793577194214,0.4527752995491028,0.4185294508934021,0.418759822845459,0.38839876651763916,0.38588809967041016,0.3988220691680908,0.39036667346954346,0.37372612953186035,0.40953290462493896,0.3720231056213379,0.3770504593849182,0.3585563898086548,0.32480311393737793,0.33263182640075684,0.3219534158706665,0.34875327348709106,0.28167134523391724,0.15356552600860596,95,1
4.545214653015137,5,4,0.75607068836689,0.3940722346305847,0.37117135524749756,0.35376429557800293,0.5502858757972717,0.5495656132698059,0.5086782276630402,0.496496319770813,0.5394777357578278,0.5462512373924255,0.4753762483596802,0.4308110475540161,0.40167272090911865,0.4188723564147949,0.3959348201751709,0.4054989814758301,0.40059101581573486,0.40579771995544434,0.3895375728607178,0.38885366916656494,0.31727373600006104,0.2859623432159424,0.2902848720550537,0.2765465974807739,0.23870670795440674,0.19126302003860474,0.18443238735198975,0.15935784578323364,0.11458003520965576,96,0
1.5323238372802734,9,8,0.75607068836689,0.4001539945602417,0.37560325860977173,0.36183953285217285,0.5299006104469299,0.5357207953929901,0.4937353730201721,0.4915313720703125,0.5125243663787842,0.49462997913360596,0.40018075704574585,0.382688045501709,0.35500800609588623,0.35284942388534546,0.35125190019607544,0.3495287299156189,0.34882211685180664,0.3506234884262085,0.33505988121032715,0.33055925369262695,0.26260966062545776,0.23539769649505615,0.24288254976272583,0.22676509618759155,0.19230449199676514,0.1599048376083374,0.1678052544593811,0.15520191192626953,0.11428248882293701,96,0
1.8270263671875,8,4,0.75607068836689,0.5252406001091003,0.45566630363464355,0.47277045249938965,0.6687004566192627,0.6816700100898743,0.6419438421726227,0.6365681886672974,0.6483366191387177,0.6170533895492554,0.5267719924449921,0.4691062569618225,0.44742465019226074,0.45098674297332764,0.40070271492004395,0.3998846411705017,0.40814197063446045,0.4068359136581421,0.4110240936279297,0.43506813049316406,0.38837432861328125,0.3599666357040405,0.3754596710205078,0.3788118362426758,0.35844647884368896,0.32665497064590454,0.3251309394836426,0.2807307243347168,0.22853243350982666,96,1
1.1202090978622437,10,4,0.75607068836689,0.3906436562538147,0.3673974275588989,0.3602539300918579,0.59192755818367,0.5799358189105988,0.5474706292152405,0.5402947664260864,0.5701126456260681,0.5626777708530426,0.4564148783683777,0.3989909887313843,0.36707180738449097,0.34621262550354004,0.3294992446899414,0.31102681159973145,0.31441301107406616,0.33606016635894775,0.3291781544685364,0.34624558687210083,0.29376810789108276,0.27457040548324585,0.30321669578552246,0.29711973667144775,0.2697867155075073,0.21970796585083008,0.21201258897781372,0.181063711643219,0.13727056980133057,96,1
2.7183890342712402,6,5,0.75607068836689,0.3858609199523926,0.3701878786087036,0.35621345043182373,0.5615288615226746,0.5296518206596375,0.4924415349960327,0.48964929580688477,0.5048211812973022,0.5003156661987305,0.3906554579734802,0.3610950708389282,0.33013439178466797,0.31189489364624023,0.30917108058929443,0.29119277000427246,0.3014005422592163,0.3115733861923218,0.3030615448951721,0.3095672130584717,0.2615628242492676,0.24317002296447754,0.260326623916626,0.25303542613983154,0.2232118844985962,0.18041658401489258,0.18154996633529663,0.1618795394897461,0.11437803506851196,96,1
1.710858702659607,10,8,0.75607068836689,0.38619911670684814,0.3696056604385376,0.3554895520210266,0.5377067923545837,0.5185185968875885,0.4849088191986084,0.48379403352737427,0.5078049898147583,0.5138430893421173,0.40249305963516235,0.37189847230911255,0.34193897247314453,0.3346675634384155,0.33016133308410645,0.3174004554748535,0.3198087811470032,0.34021681547164917,0.33601129055023193,0.3386085629463196,0.2841336727142334,0.2648576498031616,0.28697556257247925,0.2732807993888855,0.2391577959060669,0.19100522994995117,0.18903487920761108,0.16802310943603516,0.12141412496566772,96,1
2.249072313308716,7,6,0.75607068836689,0.3843690752983093,0.3673999309539795,0.3526724576950073,0.5507332384586334,0.5259274542331696,0.4880533814430237,0.4953662157058716,0.5198317170143127,0.513856440782547,0.40065109729766846,0.36636579036712646,0.3345641493797302,0.3207687735557556,0.3073200583457947,0.2995728850364685,0.3079368472099304,0.3194974660873413,0.3113757371902466,0.30052947998046875,0.2518167495727539,0.23221677541732788,0.2375469207763672,0.2261640429496765,0.1974184513092041,0.15782952308654785,0.15978437662124634,0.14479458332061768,0.10786914825439453,96,1
2.1044204235076904,7,6,0.75607068836689,0.38573944568634033,0.36843812465667725,0.3532589077949524,0.557407796382904,0.5333511829376221,0.49534785747528076,0.4990106225013733,0.5132286250591278,0.5074933767318726,0.39956218004226685,0.36877894401550293,0.3389054536819458,0.32638049125671387,0.32519352436065674,0.31521934270858765,0.31607985496520996,0.3304600715637207,0.3273662328720093,0.31756699085235596,0.25973713397979736,0.2377094030380249,0.24957561492919922,0.23751145601272583,0.20542633533477783,0.16388660669326782,0.16320228576660156,0.14353585243225098,0.10630631446838379,96,1
4.570119380950928,5,4,0.75607068836689,0.3667427897453308,0.35244250297546387,0.33928877115249634,0.49988579750061035,0.5142295062541962,0.4828571677207947,0.4795151352882385,0.525553822517395,0.5245380699634552,0.4622723460197449,0.4159902334213257,0.3972586393356323,0.3961992859840393,0.4075491428375244,0.420438289642334,0.4041886329650879,0.4105575680732727,0.408000648021698,0.44028162956237793,0.41746240854263306,0.4345743656158447,0.45721858739852905,0.43015462160110474,0.39595240354537964,0.34546220302581787,0.3433932065963745,0.3095446825027466,0.2708907723426819,97,0
1.2383836507797241,9,7,0.75607068836689,0.37026798725128174,0.36478346586227417,0.35783272981643677,0.5095325410366058,0.499691367149353,0.4737919569015503,0.48106569051742554,0.4974796175956726,0.49481862783432007,0.39171749353408813,0.3771069049835205,0.35937297344207764,0.3444060683250427,0.32955867052078247,0.3186175227165222,0.33021461963653564,0.3246721029281616,0.3145791292190552,0.35962289571762085,0.3465951085090637,0.35424840450286865,0.3575047254562378,0.321955144405365,0.2980688214302063,0.2586473822593689,0.2625819444656372,0.2493598461151123,0.23644310235977173,97,0
1.29112708568573,10,8,0.75607068836689,0.36299842596054077,0.3529704213142395,0.343716561794281,0.4937449097633362,0.49986666440963745,0.46928077936172485,0.47227370738983154,0.5009309351444244,0.5011025667190552,0.39735567569732666,0.3877990245819092,0.37180662155151367,0.36251384019851685,0.35123956203460693,0.34195947647094727,0.3593112826347351,0.3486839532852173,0.3361024856567383,0.3668857216835022,0.3389737606048584,0.3522692918777466,0.3567225933074951,0.3530886173248291,0.34371769428253174,0.29185575246810913,0.2968066930770874,0.28929680585861206,0.3395690321922302,97,0
10.268274307250977,2,1,0.75607068836689,0.3376942276954651,0.33020877838134766,0.33133137226104736,0.5297619700431824,0.5569792985916138,0.499578058719635,0.4921926259994507,0.5214229822158813,0.5067449808120728,0.4200628995895386,0.3861217498779297,0.3741922378540039,0.3822743892669678,0.3712480068206787,0.3800124526023865,0.3694836497306824,0.37288713455200195,0.39205271005630493,0.4508051872253418,0.49598169326782227,0.5214485824108124,0.5734170079231262,0.579994410276413,0.54599329829216,0.48636895418167114,0.462177038192749,0.41457515954971313,0.3614236116409302,97,0
0.7036758661270142,10,8,0.75607068836689,0.36432838439941406,0.35352015495300293,0.34532445669174194,0.498812735080719,0.49765336513519287,0.46753108501434326,0.4758751392364502,0.4977284073829651,0.4983096122741699,0.38068169355392456,0.35789400339126587,0.33877474069595337,0.3368114233016968,0.32965219020843506,0.30871880054473877,0.3206482529640198,0.31807398796081543,0.3095266819000244,0.3511776924133301,0.3331196904182434,0.3502711057662964,0.3376389741897583,0.3154277801513672,0.2939223647117615,0.24887865781784058,0.2467358112335205,0.24200761318206787,0.26171720027923584,97,1
2.403602361679077,5,4,0.75607068836689,0.35337722301483154,0.3510725498199463,0.35032618045806885,0.5106627345085144,0.5083351731300354,0.48429733514785767,0.4846467971801758,0.5062201023101807,0.5038179755210876,0.3921471834182739,0.3641970157623291,0.34841465950012207,0.34340816736221313,0.3305532932281494,0.3091299533843994,0.3088676333427429,0.30199795961380005,0.2992366552352905,0.3264642357826233,0.3034200072288513,0.345617413520813,0.3702434301376343,0.3504870533943176,0.3322925567626953,0.27803146839141846,0.27450668811798096,0.2562330961227417,0.24661719799041748,97,1
1.863340973854065,8,7,0.75607068836689,0.37850499153137207,0.3616388440132141,0.3501957654953003,0.5047407746315002,0.5066904425621033,0.4766365885734558,0.4904257655143738,0.5133869051933289,0.5127418637275696,0.39825838804244995,0.3691585659980774,0.35470688343048096,0.3474780321121216,0.3408299684524536,0.31564879417419434,0.316875159740448,0.3080021142959595,0.30293798446655273,0.32644081115722656,0.31382644176483154,0.345720112323761,0.35634201765060425,0.3372153639793396,0.31576377153396606,0.26492035388946533,0.26262372732162476,0.2476966381072998,0.25700604915618896,97,1
3.7927308082580566,5,4,0.75607068836689,0.37634140253067017,0.3611041307449341,0.3406747579574585,0.5475059449672699,0.5497274994850159,0.5015263855457306,0.48409920930862427,0.5302993059158325,0.55768221616745,0.47744178771972656,0.44550609588623047,0.4266260266304016,0.44686293601989746,0.45009171962738037,0.44979238510131836,0.44095665216445923,0.4264564514160156,0.39962446689605713,0.39601969718933105,0.35248833894729614,0.32264024019241333,0.31090736389160156,0.25094711780548096,0.20330452919006348,0.16106998920440674,0.15046942234039307,0.1455487608909607,0.09460347890853882,98,0
2.101499557495117,6,5,0.75607068836689,0.367514967918396,0.3579558730125427,0.34109413623809814,0.5339082479476929,0.5359810888767242,0.5012820065021515,0.4681309461593628,0.511943519115448,0.5335568189620972,0.43450450897216797,0.4404422640800476,0.40493035316467285,0.3990616202354431,0.38656580448150635,0.36086034774780273,0.37709397077560425,0.3517754077911377,0.3542798161506653,0.3839232921600342,0.377819299697876,0.36596161127090454,0.33401554822921753,0.2806882858276367,0.24669736623764038,0.1930919885635376,0.18307113647460938,0.17080628871917725,0.11390924453735352,98,0
1.6085646152496338,10,9,0.75607068836689,0.3643437623977661,0.35810285806655884,0.3445166349411011,0.5421251654624939,0.520054429769516,0.4804787039756775,0.4731895327568054,0.49873101711273193,0.5439403355121613,0.44476884603500366,0.40904462337493896,0.371676504611969,0.3918323516845703,0.3821898102760315,0.34147536754608154,0.3585476875305176,0.33917558193206787,0.3264222741127014,0.3247338533401489,0.2938060164451599,0.27728885412216187,0.26896917819976807,0.21199262142181396,0.17797911167144775,0.13570261001586914,0.13019907474517822,0.12129652500152588,0.09847623109817505,98,1
2.3102989196777344,10,8,0.75607068836689,0.3655974268913269,0.3552892208099365,0.3399307131767273,0.5272168219089508,0.5026185214519501,0.46606719493865967,0.46192705631256104,0.48876917362213135,0.5257724821567535,0.4234549403190613,0.40613865852355957,0.3762354850769043,0.39626675844192505,0.3861856460571289,0.34654927253723145,0.36397016048431396,0.34636181592941284,0.33640313148498535,0.31686848402023315,0.28535282611846924,0.26660609245300293,0.25681376457214355,0.20811980962753296,0.17148268222808838,0.14829671382904053,0.145402729511261,0.1406162977218628,0.1016342043876648,98,1
1.2304344177246094,16,11,0.75607068836689,0.37770533561706543,0.3591955900192261,0.3437801003456116,0.52983158826828,0.5127658843994141,0.479106068611145,0.47056281566619873,0.49876314401626587,0.5288455784320831,0.4065948724746704,0.38610994815826416,0.35224664211273193,0.3646533489227295,0.36002248525619507,0.3164476752281189,0.3269585967063904,0.3071172833442688,0.3053256869316101,0.30417710542678833,0.2748159170150757,0.2679268717765808,0.2607825994491577,0.2194359302520752,0.1857483983039856,0.15185648202896118,0.14998674392700195,0.1459658145904541,0.10125923156738281,98,1
1.6121681928634644,13,12,0.75607068836689,0.37351882457733154,0.36131441593170166,0.34647029638290405,0.5344617366790771,0.5164512097835541,0.48154526948928833,0.4745942950248718,0.5037685036659241,0.5392857789993286,0.417804479598999,0.3904879689216614,0.3605172634124756,0.37391263246536255,0.3713291883468628,0.3252744674682617,0.338137686252594,0.31802088022232056,0.31389135122299194,0.31190502643585205,0.28364670276641846,0.2719234228134155,0.2682011127471924,0.2156538963317871,0.18307745456695557,0.14427834749221802,0.1374373435974121,0.12667030096054077,0.1156926155090332,98,1
1.808713674545288,18,14,0.75607068836689,0.38988232612609863,0.3762747645378113,0.37096601724624634,0.546085923910141,0.5290967226028442,0.5014255046844482,0.5281249284744263,0.5382554531097412,0.5543326735496521,0.4467037320137024,0.43880128860473633,0.42153024673461914,0.410641610622406,0.4074035882949829,0.4060973525047302,0.3972778916358948,0.39362460374832153,0.37092846632003784,0.3601333498954773,0.31968462467193604,0.3003178834915161,0.29199743270874023,0.2579593062400818,0.22140681743621826,0.2143840789794922,0.2529534697532654,0.27917230129241943,0.2843271493911743,99,0
2.132469654083252,14,11,0.75607068836689,0.3787232041358948,0.3693690299987793,0.36462903022766113,0.5484675765037537,0.5178643465042114,0.49785053730010986,0.5062408745288849,0.5322385728359222,0.5347061157226562,0.419582724571228,0.42011135816574097,0.38986510038375854,0.38616830110549927,0.3790324926376343,0.3668283224105835,0.3599326014518738,0.354732871055603,0.3385462760925293,0.32872432470321655,0.2712964415550232,0.24596953392028809,0.23052752017974854,0.19087737798690796,0.1564311981201172,0.14297181367874146,0.1685158610343933,0.19225424528121948,0.2462330460548401,99,0
1.780718207359314,17,11,0.75607068836689,0.3744381070137024,0.36413443088531494,0.357336163520813,0.5447975993156433,0.5274640023708344,0.5158568620681763,0.524017721414566,0.5409053862094879,0.5508867800235748,0.4549098610877991,0.4570680260658264,0.419059693813324,0.3915703296661377,0.3884581923484802,0.37255924940109253,0.3695029020309448,0.36329489946365356,0.3370741605758667,0.3461821675300598,0.3021610975265503,0.2807246446609497,0.2734795808792114,0.23670077323913574,0.2062937617301941,0.20746701955795288,0.2458694577217102,0.25694185495376587,0.18779516220092773,99,0
0.6442840099334717,7,6,0.75607068836689,0.3585970401763916,0.35322415828704834,0.347953200340271,0.5365034639835358,0.5086770355701447,0.4959135055541992,0.4999374747276306,0.5007906854152679,0.5015647411346436,0.39421558380126953,0.3773568868637085,0.34893548488616943,0.32431066036224365,0.31879621744155884,0.3099172115325928,0.3249381184577942,0.32251930236816406,0.31444621086120605,0.3374118208885193,0.30410534143447876,0.3102719187736511,0.348938524723053,0.35153889656066895,0.37275081872940063,0.4005162715911865,0.4486272931098938,0.39259958267211914,0.2367284893989563,99,1
1.8242735862731934,7,6,0.75607068836689,0.35709941387176514,0.3513084053993225,0.3481324315071106,0.5395378470420837,0.5107401013374329,0.49714410305023193,0.5008500218391418,0.4990723133087158,0.49740898609161377,0.3960148096084595,0.3820054531097412,0.35190510749816895,0.3278188705444336,0.321216881275177,0.31180304288864136,0.3221345543861389,0.3191227912902832,0.3060222268104553,0.34799104928970337,0.3173287510871887,0.3386983275413513,0.3883272409439087,0.3998979926109314,0.41971415281295776,0.4321991801261902,0.47280776500701904,0.4141924977302551,0.22972983121871948,99,1
1.916812539100647,7,6,0.75607068836689,0.3571922779083252,0.3522281050682068,0.3465743064880371,0.5358811616897583,0.50941401720047,0.49860841035842896,0.5014616250991821,0.5058550536632538,0.5042978823184967,0.4006490707397461,0.3857801556587219,0.3550094962120056,0.3273993730545044,0.32199740409851074,0.30259960889816284,0.31620359420776367,0.31422287225723267,0.2998681664466858,0.3282778263092041,0.2880110740661621,0.2868858575820923,0.30475175380706787,0.2781599760055542,0.26421284675598145,0.2597920894622803,0.2985321283340454,0.2820815443992615,0.22081595659255981,99,1
1.9215244054794312,19,17,0.75607068836689,0.3963870406150818,0.3600118160247803,0.3533713221549988,0.5281835794448853,0.5103193521499634,0.46619755029678345,0.47850531339645386,0.47526270151138306,0.4997751712799072,0.38829559087753296,0.3671572804450989,0.358816921710968,0.3301416039466858,0.31257927417755127,0.2966082692146301,0.2997448444366455,0.28333401679992676,0.27610230445861816,0.2892059087753296,0.26942628622055054,0.26032382249832153,0.24599546194076538,0.19286763668060303,0.18644428253173828,0.14369487762451172,0.13805389404296875,0.12549209594726562,0.06567448377609253,100,0
1.4500547647476196,13,11,0.75607068836689,0.3917464017868042,0.3612886071205139,0.34877341985702515,0.5214845538139343,0.5028510093688965,0.4627137780189514,0.4695650339126587,0.4678766131401062,0.4835335612297058,0.38846588134765625,0.367592453956604,0.362851619720459,0.3394949436187744,0.32630252838134766,0.3250354528427124,0.3278164863586426,0.3247547149658203,0.31189846992492676,0.30926066637039185,0.26115089654922485,0.23666518926620483,0.21300435066223145,0.1628604531288147,0.15634369850158691,0.11715710163116455,0.11337417364120483,0.09754383563995361,0.050174176692962646,100,0
1.9417645931243896,18,16,0.75607068836689,0.37953656911849976,0.344463050365448,0.33605074882507324,0.5096302926540375,0.4939746856689453,0.453572154045105,0.47316622734069824,0.46597957611083984,0.48808348178863525,0.4047616720199585,0.3759527802467346,0.3515084385871887,0.33294665813446045,0.32323330640792847,0.3114919066429138,0.31939196586608887,0.3027552366256714,0.28750312328338623,0.28852933645248413,0.27234315872192383,0.23953694105148315,0.2307896614074707,0.19199538230895996,0.1853269338607788,0.14103412628173828,0.14312642812728882,0.12095338106155396,0.074188232421875,100,0
0.4231409728527069,13,11,0.75607068836689,0.36984002590179443,0.3493342995643616,0.33952248096466064,0.5089136958122253,0.5037050545215607,0.45956242084503174,0.47339189052581787,0.48269152641296387,0.48737311363220215,0.37761831283569336,0.3438596725463867,0.3344261646270752,0.3143753409385681,0.306707501411438,0.293975830078125,0.2985517978668213,0.2859264016151428,0.2733777165412903,0.2657979726791382,0.23324930667877197,0.21773821115493774,0.21347272396087646,0.17266464233398438,0.1649189591407776,0.12828582525253296,0.12479954957962036,0.10619258880615234,0.08244264125823975,100,1
2.144838333129883,7,5,0.75607068836689,0.3741823434829712,0.350551962852478,0.3398779034614563,0.5208086669445038,0.5064937472343445,0.4723021984100342,0.47668659687042236,0.49608200788497925,0.5002187192440033,0.40109360218048096,0.36494123935699463,0.3440377116203308,0.31576472520828247,0.30801546573638916,0.312977135181427,0.30247431993484497,0.2871890068054199,0.2845059037208557,0.2669171094894409,0.28570348024368286,0.28606224060058594,0.31701934337615967,0.2926484942436218,0.2734531760215759,0.21973353624343872,0.1983809471130371,0.15428149700164795,0.08958792686462402,100,1
1.8116295337677002,13,9,0.75607068836689,0.3837050199508667,0.3599933385848999,0.3431360721588135,0.5181947350502014,0.5055638551712036,0.4733675718307495,0.47122037410736084,0.5012896656990051,0.5101209878921509,0.42425447702407837,0.4031912684440613,0.39822494983673096,0.38563328981399536,0.37743449211120605,0.34984290599823,0.3601083755493164,0.3688535690307617,0.3431617021560669,0.30355310440063477,0.2358691692352295,0.20454609394073486,0.19327938556671143,0.1525469422340393,0.12802988290786743,0.0921134352684021,0.09239810705184937,0.08533531427383423,0.0796360969543457,101,0
1.7370331287384033,16,12,0.75607068836689,0.38628703355789185,0.35688430070877075,0.3364449739456177,0.5106510818004608,0.5024213194847107,0.4688664674758911,0.46335506439208984,0.49454617500305176,0.5053457319736481,0.41405266523361206,0.4160352945327759,0.39661771059036255,0.3878297209739685,0.3792874813079834,0.3581874370574951,0.3689800500869751,0.3813650608062744,0.36161482334136963,0.3390195965766907,0.26337623596191406,0.22977304458618164,0.21038365364074707,0.16704648733139038,0.13724875450134277,0.09718024730682373,0.09730952978134155,0.09862625598907471,0.10394585132598877,101,0
2.5009379386901855,10,9,0.75607068836689,0.370680034160614,0.34922659397125244,0.33627253770828247,0.5084757804870605,0.48823314905166626,0.4520658254623413,0.4625035524368286,0.4946898818016052,0.4996880292892456,0.38616758584976196,0.3815237879753113,0.38106048107147217,0.3632408380508423,0.3640209436416626,0.333035409450531,0.34787535667419434,0.3520444631576538,0.32018184661865234,0.30314069986343384,0.24444842338562012,0.2164684534072876,0.20355021953582764,0.1683105230331421,0.13944131135940552,0.10284149646759033,0.10460782051086426,0.09708410501480103,0.07039904594421387,101,0
1.2488447427749634,19,14,0.75607068836689,0.3830314874649048,0.35600900650024414,0.342445969581604,0.5129601061344147,0.4832041263580322,0.4453709125518799,0.46585750579833984,0.49027740955352783,0.5001290738582611,0.39048218727111816,0.3663731813430786,0.36553895473480225,0.3389802575111389,0.33406102657318115,0.3051512837409973,0.32231736183166504,0.3319838047027588,0.3099057078361511,0.30536139011383057,0.23425841331481934,0.2134239673614502,0.20281976461410522,0.1669379472732544,0.14181602001190186,0.10104387998580933,0.09759998321533203,0.08436518907546997,0.06049668788909912,101,1
2.5338027477264404,7,6,0.75607068836689,0.363228440284729,0.35180747509002686,0.3397587537765503,0.5255677103996277,0.5243417918682098,0.4929357171058655,0.5051400065422058,0.5257254242897034,0.5643316805362701,0.4743776321411133,0.45106202363967896,0.44127750396728516,0.43010562658309937,0.4303780794143677,0.41699469089508057,0.4074305295944214,0.4047028422355652,0.37921708822250366,0.37022674083709717,0.29927247762680054,0.286965012550354,0.2649773359298706,0.22287076711654663,0.19235867261886597,0.14635837078094482,0.14444595575332642,0.13386833667755127,0.09675717353820801,101,1
3.4577248096466064,5,3,0.75607068836689,0.35564976930618286,0.34757310152053833,0.3406931161880493,0.5443409085273743,0.5332190692424774,0.49840348958969116,0.4919363260269165,0.5425103008747101,0.5308498740196228,0.45853227376937866,0.44484561681747437,0.42808520793914795,0.4169207811355591,0.4089178442955017,0.38665151596069336,0.37904810905456543,0.3778538107872009,0.3522968292236328,0.33355122804641724,0.27124905586242676,0.2506004571914673,0.23890089988708496,0.19576436281204224,0.16611987352371216,0.12181878089904785,0.12672346830368042,0.11919450759887695,0.08373022079467773,101,1
4.272761344909668,4,3,0.75607068836689,0.35759878158569336,0.3531033992767334,0.3402872085571289,0.5330445170402527,0.5313221216201782,0.49960899353027344,0.5030620396137238,0.554094523191452,0.5694311261177063,0.48475050926208496,0.44433343410491943,0.4255305528640747,0.40787839889526367,0.395568311214447,0.36643463373184204,0.36263346672058105,0.3638131618499756,0.3416181802749634,0.3192847967147827,0.25065863132476807,0.2263256311416626,0.21883928775787354,0.1802513599395752,0.15393483638763428,0.11608618497848511,0.11804556846618652,0.11275345087051392,0.07928681373596191,101,1
2.91646409034729,9,8,0.75607068836689,0.369403600692749,0.35533684492111206,0.3386647701263428,0.5266104638576508,0.5115064978599548,0.4831807017326355,0.4935528039932251,0.5469649136066437,0.560643196105957,0.47488391399383545,0.45430487394332886,0.4283658266067505,0.40795719623565674,0.39970922470092773,0.3711129426956177,0.3577486276626587,0.36091768741607666,0.3364155888557434,0.3087921738624573,0.24816566705703735,0.23065561056137085,0.2287326455116272,0.19377267360687256,0.16945898532867432,0.1273806095123291,0.12189549207687378,0.1061810851097107,0.07050997018814087,101,1
3.196227788925171,7,5,0.75607068836689,0.3607269525527954,0.354636013507843,0.33938074111938477,0.5185568332672119,0.5067099630832672,0.4809238910675049,0.4962456226348877,0.5532214939594269,0.5490640997886658,0.4626646637916565,0.43936896324157715,0.42705339193344116,0.417230486869812,0.413904070854187,0.39464449882507324,0.3862241506576538,0.3853037357330322,0.36199814081192017,0.335371196269989,0.25938093662261963,0.2181922197341919,0.19801592826843262,0.15403681993484497,0.12767928838729858,0.09128236770629883,0.08985412120819092,0.08257108926773071,0.06569808721542358,101,1
1.7579004764556885,9,8,0.75607068836689,0.37721043825149536,0.3627060055732727,0.35303306579589844,0.5136851668357849,0.5005706250667572,0.4756428003311157,0.5026711523532867,0.5502939522266388,0.5589233636856079,0.45994216203689575,0.41104841232299805,0.3894538879394531,0.358858585357666,0.3538958430290222,0.32189232110977173,0.3405665159225464,0.3219282627105713,0.29408639669418335,0.28930866718292236,0.2678486108779907,0.24077224731445312,0.23421907424926758,0.18960654735565186,0.17200076580047607,0.13592886924743652,0.14440971612930298,0.13701140880584717,0.15846550464630127,102,0
1.2963061332702637,8,5,0.75607068836689,0.3806583881378174,0.36417585611343384,0.3518676161766052,0.5076431632041931,0.4987483620643616,0.4755009412765503,0.4971885681152344,0.5273122489452362,0.5352442264556885,0.41844332218170166,0.37411242723464966,0.351992666721344,0.32008856534957886,0.3171313405036926,0.28290003538131714,0.3082970976829529,0.30357426404953003,0.2890584468841553,0.2797977328300476,0.27528637647628784,0.2537946105003357,0.2488476037979126,0.20095127820968628,0.17527121305465698,0.1451064944267273,0.14544546604156494,0.13125324249267578,0.1500568389892578,102,0
2.1078593730926514,9,8,0.75607068836689,0.37570059299468994,0.3583800792694092,0.34462493658065796,0.4993566870689392,0.48779457807540894,0.470839262008667,0.5015846192836761,0.545459657907486,0.5645229518413544,0.46322745084762573,0.4120979905128479,0.3978293538093567,0.37371599674224854,0.35188066959381104,0.3221137523651123,0.33407092094421387,0.31572312116622925,0.3057140111923218,0.3091592788696289,0.2940024137496948,0.2800433039665222,0.2836112976074219,0.24190860986709595,0.22111672163009644,0.1998516321182251,0.20948296785354614,0.19045943021774292,0.1674739122390747,102,0
2.544588088989258,16,12,0.75607068836689,0.37317144870758057,0.3639281988143921,0.35832786560058594,0.5275860130786896,0.5418192148208618,0.514972448348999,0.5414007306098938,0.6171249151229858,0.6436727046966553,0.554401159286499,0.4995689392089844,0.45221877098083496,0.4182896018028259,0.4100955128669739,0.38072407245635986,0.4031597375869751,0.3823655843734741,0.36094844341278076,0.335796594619751,0.290960431098938,0.2529106140136719,0.23927634954452515,0.19404375553131104,0.16614025831222534,0.12968432903289795,0.13635128736495972,0.1283971071243286,0.13295423984527588,102,0
2.2490742206573486,5,4,0.75607068836689,0.3645796775817871,0.3587228059768677,0.3476657271385193,0.5125783681869507,0.5035226345062256,0.48050904273986816,0.5079944431781769,0.538811445236206,0.549765408039093,0.4364064931869507,0.3923215866088867,0.37180227041244507,0.3395043611526489,0.3318515419960022,0.3031168580055237,0.3278781771659851,0.33488327264785767,0.30427950620651245,0.3018442392349243,0.28005415201187134,0.2713510990142822,0.2699395418167114,0.22569668292999268,0.19938504695892334,0.16915380954742432,0.17512452602386475,0.1574288010597229,0.15843093395233154,102,1
1.9601845741271973,9,8,0.75607068836689,0.37466657161712646,0.3619794249534607,0.34682321548461914,0.5066302418708801,0.49602770805358887,0.47484683990478516,0.5015805065631866,0.5442709624767303,0.5554777979850769,0.4390721321105957,0.3938663601875305,0.3759698271751404,0.3484976291656494,0.3453969955444336,0.31269609928131104,0.3380866050720215,0.3412242531776428,0.3190543055534363,0.32349103689193726,0.295987069606781,0.2731229066848755,0.2739523649215698,0.2290560007095337,0.21067845821380615,0.18786251544952393,0.19610261917114258,0.175182044506073,0.17590069770812988,102,1
1.0158462524414062,14,11,0.75607068836689,0.3492586016654968,0.34488022327423096,0.33335983753204346,0.5072048604488373,0.5024872422218323,0.46868956089019775,0.4768657684326172,0.4603365659713745,0.47524237632751465,0.4131258726119995,0.38161247968673706,0.3851742148399353,0.3731536865234375,0.354793906211853,0.34239691495895386,0.3444938063621521,0.3414810299873352,0.33562350273132324,0.33154016733169556,0.28938740491867065,0.24690914154052734,0.2212057113647461,0.18047785758972168,0.16315287351608276,0.12897610664367676,0.12439846992492676,0.11218667030334473,0.10887616872787476,103,0
1.2599258422851562,32,19,0.75607068836689,0.35738635063171387,0.3488425016403198,0.33828234672546387,0.5068211555480957,0.49725592136383057,0.4630046486854553,0.47745412588119507,0.4630212187767029,0.4740564227104187,0.40615618228912354,0.380118727684021,0.38405293226242065,0.37321484088897705,0.35658907890319824,0.3475108742713928,0.355286180973053,0.3405889868736267,0.33744949102401733,0.3336073160171509,0.3088844418525696,0.2829623222351074,0.2580599784851074,0.21891427040100098,0.1947813630104065,0.15444684028625488,0.15539419651031494,0.1465393304824829,0.10941797494888306,103,0
0.3661532700061798,17,12,0.75607068836689,0.3469834327697754,0.347003698348999,0.3328721523284912,0.5042654275894165,0.5224997401237488,0.47980231046676636,0.4873002767562866,0.4800824522972107,0.4954378604888916,0.42971503734588623,0.3891364336013794,0.39530348777770996,0.36604970693588257,0.35797858238220215,0.3666991591453552,0.37399226427078247,0.3765193819999695,0.3705686926841736,0.36353397369384766,0.3464522361755371,0.29922372102737427,0.27030128240585327,0.23960208892822266,0.22005343437194824,0.17499005794525146,0.16398471593856812,0.14241230487823486,0.17725181579589844,103,0
1.392582654953003,24,19,0.75607068836689,0.3492215871810913,0.3462502956390381,0.33868610858917236,0.5048215985298157,0.49527013301849365,0.45916181802749634,0.46897614002227783,0.4585459232330322,0.4772494435310364,0.40189266204833984,0.37279701232910156,0.3725712299346924,0.36083632707595825,0.35035979747772217,0.34092122316360474,0.3421694040298462,0.3413125276565552,0.33780282735824585,0.3426239490509033,0.3125665783882141,0.26780903339385986,0.23527836799621582,0.20487165451049805,0.1848386526107788,0.14116740226745605,0.13617205619812012,0.12448537349700928,0.12324690818786621,103,0
0.3356037735939026,16,11,0.75607068836689,0.3441939353942871,0.34551846981048584,0.33260083198547363,0.5025239288806915,0.5129795074462891,0.4751836061477661,0.4860999584197998,0.4834771156311035,0.48879897594451904,0.4166668653488159,0.376328706741333,0.3783230781555176,0.35547733306884766,0.3513203263282776,0.3597060441970825,0.3687446117401123,0.3703864812850952,0.35981959104537964,0.34213578701019287,0.32273536920547485,0.2825690507888794,0.25780540704727173,0.22208553552627563,0.202858567237854,0.16349929571151733,0.15962964296340942,0.13979792594909668,0.17123544216156006,103,1
0.8058788180351257,20,15,0.75607068836689,0.3497459888458252,0.35048866271972656,0.33957451581954956,0.511134922504425,0.509239912033081,0.4742377996444702,0.47877222299575806,0.4765602946281433,0.487883985042572,0.419935405254364,0.38773709535598755,0.38980531692504883,0.37241315841674805,0.3633958101272583,0.35489243268966675,0.35244661569595337,0.3499194383621216,0.34497570991516113,0.3418338894844055,0.30212968587875366,0.25698816776275635,0.231187105178833,0.1900370717048645,0.17326593399047852,0.1381157636642456,0.13151633739471436,0.11694681644439697,0.1283334493637085,103,1
1.167649507522583,22,17,0.75607068836689,0.3484545946121216,0.346405565738678,0.337615430355072,0.5070189833641052,0.5029703378677368,0.467620313167572,0.47614502906799316,0.47470974922180176,0.49012666940689087,0.4186341166496277,0.38184452056884766,0.39017415046691895,0.37667030096054077,0.3580740690231323,0.3632259964942932,0.3639788031578064,0.36283165216445923,0.35684603452682495,0.35236644744873047,0.328522264957428,0.28084278106689453,0.25533372163772583,0.21429920196533203,0.1929701566696167,0.1590016484260559,0.15304535627365112,0.13266342878341675,0.1198875904083252,103,1
1.3175201416015625,23,18,0.75607068836689,0.3455124497413635,0.3431140184402466,0.3334910273551941,0.5071536898612976,0.4919341802597046,0.46192753314971924,0.4687548875808716,0.46679991483688354,0.48173660039901733,0.40569770336151123,0.3784676790237427,0.3856823444366455,0.3689619302749634,0.3511636257171631,0.35083848237991333,0.34691786766052246,0.3397834300994873,0.33152490854263306,0.32552289962768555,0.28538089990615845,0.23822450637817383,0.21015971899032593,0.17364227771759033,0.15871500968933105,0.12661266326904297,0.12533104419708252,0.1143801212310791,0.12108582258224487,103,1
1.6374107599258423,9,8,0.75607068836689,0.3515826463699341,0.34189486503601074,0.33504366874694824,0.4993264079093933,0.4922720789909363,0.46628469228744507,0.47834157943725586,0.5042872726917267,0.5285722315311432,0.4078853130340576,0.36832916736602783,0.34143608808517456,0.3170502185821533,0.269395112991333,0.2844196557998657,0.2981804609298706,0.29645705223083496,0.2796396017074585,0.24974119663238525,0.21595162153244019,0.17683744430541992,0.1826709508895874,0.15126460790634155,0.1183018684387207,0.09292078018188477,0.08934372663497925,0.08712482452392578,0.06492608785629272,104,0
1.448981523513794,6,5,0.75607068836689,0.3439837694168091,0.3368067741394043,0.3323403000831604,0.49937719106674194,0.49741852283477783,0.4715414047241211,0.4841665029525757,0.5159441828727722,0.5363130867481232,0.4133768677711487,0.3666195869445801,0.34666526317596436,0.3142518997192383,0.2665996551513672,0.285524845123291,0.29121148586273193,0.2937544584274292,0.27704936265945435,0.23975038528442383,0.20655769109725952,0.1711559295654297,0.1685888171195984,0.1363011598587036,0.10409951210021973,0.08133906126022339,0.07838410139083862,0.07646679878234863,0.05746889114379883,104,0
2.1306145191192627,8,6,0.75607068836689,0.3655867576599121,0.35533905029296875,0.3520921468734741,0.5259008705615997,0.5019199550151825,0.47609949111938477,0.5059139728546143,0.5360918045043945,0.5665412843227386,0.44470709562301636,0.3969338536262512,0.38326406478881836,0.35754168033599854,0.31034308671951294,0.3253045082092285,0.32613301277160645,0.32367074489593506,0.3102969527244568,0.2716176509857178,0.23996376991271973,0.2068743109703064,0.21297848224639893,0.16894352436065674,0.13104498386383057,0.10446333885192871,0.10350972414016724,0.09921234846115112,0.06409895420074463,104,0
2.0007762908935547,10,9,0.75607068836689,0.35715991258621216,0.3439304232597351,0.3382284641265869,0.5065325200557709,0.49727290868759155,0.4596446752548218,0.47243988513946533,0.4963247776031494,0.5255098342895508,0.40185922384262085,0.36332011222839355,0.3581673502922058,0.33634817600250244,0.2843278646469116,0.3043343424797058,0.30421561002731323,0.3084641098976135,0.29258739948272705,0.2711912989616394,0.23514819145202637,0.19670164585113525,0.18899232149124146,0.15531420707702637,0.125929057598114,0.0984266996383667,0.09617459774017334,0.09626632928848267,0.08849501609802246,104,0
1.7515190839767456,9,8,0.75607068836689,0.351951003074646,0.34361523389816284,0.3367014527320862,0.5018138289451599,0.49437832832336426,0.4657493233680725,0.47644245624542236,0.5031222105026245,0.5274955928325653,0.4108462929725647,0.36615127325057983,0.33761709928512573,0.31118953227996826,0.2757728695869446,0.2823904752731323,0.2974381446838379,0.3008599281311035,0.28917574882507324,0.25187891721725464,0.20260697603225708,0.1623363494873047,0.1608874797821045,0.13072550296783447,0.10493934154510498,0.08056837320327759,0.0790395736694336,0.07806998491287231,0.06851208209991455,104,1
1.3616712093353271,6,5,0.75607068836689,0.3433253765106201,0.3377821445465088,0.33270466327667236,0.5002160668373108,0.4990713596343994,0.4703333377838135,0.4829007387161255,0.5205234885215759,0.539189338684082,0.42854994535446167,0.3738560080528259,0.3493857979774475,0.3144466280937195,0.28073036670684814,0.2986353039741516,0.30269289016723633,0.30547213554382324,0.2877298593521118,0.24593520164489746,0.19133079051971436,0.15315335988998413,0.14575237035751343,0.11323815584182739,0.09143275022506714,0.06896889209747314,0.0677492618560791,0.06798011064529419,0.07024013996124268,104,1
2.137596607208252,8,6,0.75607068836689,0.3646300435066223,0.35299354791641235,0.3510690927505493,0.5270079672336578,0.5064873695373535,0.4765341877937317,0.49748021364212036,0.5432010293006897,0.5681148767471313,0.4536120295524597,0.4026750922203064,0.3884299397468567,0.36452043056488037,0.32418757677078247,0.3360310196876526,0.3354901075363159,0.3334949016571045,0.3167821168899536,0.2669335603713989,0.22128957509994507,0.1888299584388733,0.18596047163009644,0.1476723551750183,0.1173393726348877,0.09350746870040894,0.0948527455329895,0.09575843811035156,0.06521075963973999,104,1
1.812879204750061,10,9,0.75607068836689,0.35759854316711426,0.3446815609931946,0.3383042812347412,0.5057132840156555,0.4968668222427368,0.45802420377731323,0.470081090927124,0.4952388405799866,0.5246930122375488,0.41331613063812256,0.37137269973754883,0.35467690229415894,0.3355582356452942,0.2999083399772644,0.3170483112335205,0.3209500312805176,0.3210822343826294,0.30248773097991943,0.28018319606781006,0.22970050573349,0.19325512647628784,0.1806957721710205,0.14525502920150757,0.11928850412368774,0.09145450592041016,0.08827370405197144,0.08685529232025146,0.08535516262054443,104,1
0.44066882133483887,22,18,0.75607068836689,0.3718529939651489,0.3467141389846802,0.3325549364089966,0.4836764335632324,0.48236751556396484,0.4399312734603882,0.4427809715270996,0.45474088191986084,0.4315074682235718,0.3422973155975342,0.32557380199432373,0.3171902894973755,0.31324565410614014,0.30746161937713623,0.3006545901298523,0.334911048412323,0.3185769319534302,0.317238450050354,0.34716105461120605,0.3233124017715454,0.3226013779640198,0.31443876028060913,0.26227128505706787,0.21627968549728394,0.20517688989639282,0.20771944522857666,0.19822824001312256,0.1785365343093872,105,0
0.5573248863220215,22,18,0.75607068836689,0.37180501222610474,0.346427321434021,0.33195948600769043,0.4839063286781311,0.4795272946357727,0.437971830368042,0.4396222233772278,0.45304185152053833,0.43101298809051514,0.34258759021759033,0.32540953159332275,0.3169741630554199,0.31145477294921875,0.3065190315246582,0.29981255531311035,0.3323630094528198,0.31729763746261597,0.3164594769477844,0.3495873808860779,0.3314974904060364,0.32938700914382935,0.30971354246139526,0.26122796535491943,0.21215283870697021,0.1911604404449463,0.20817244052886963,0.19311296939849854,0.22692370414733887,105,1
0.30664944648742676,22,18,0.75607068836689,0.37156081199645996,0.3463590145111084,0.33360952138900757,0.4869534969329834,0.4846513867378235,0.44056904315948486,0.4411115050315857,0.451601505279541,0.4273744821548462,0.342650830745697,0.32699036598205566,0.31741613149642944,0.3133351802825928,0.30680495500564575,0.30415743589401245,0.337654709815979,0.32065194845199585,0.31980568170547485,0.3470374345779419,0.3305320143699646,0.32509225606918335,0.3116023540496826,0.2614239454269409,0.21618998050689697,0.19249820709228516,0.2051929235458374,0.18767184019088745,0.20501065254211426,105,1
0.36735495924949646,22,18,0.75607068836689,0.37156689167022705,0.3464432954788208,0.33260399103164673,0.4844439625740051,0.4804868698120117,0.4384520649909973,0.43974798917770386,0.4533652067184448,0.42906880378723145,0.34335750341415405,0.32684141397476196,0.31665879487991333,0.3117337226867676,0.305431604385376,0.3026003837585449,0.3357818126678467,0.32069170475006104,0.3198765516281128,0.35150474309921265,0.33538371324539185,0.3319018483161926,0.31672006845474243,0.2661236524581909,0.21835315227508545,0.19424480199813843,0.20477819442749023,0.18768233060836792,0.22487688064575195,105,1
0.33408379554748535,24,19,0.75607068836689,0.3695337772369385,0.3461833596229553,0.33305370807647705,0.4837132692337036,0.4793383479118347,0.438093364238739,0.4402657747268677,0.4527089595794678,0.43040746450424194,0.343990683555603,0.32560092210769653,0.3170737624168396,0.3139270544052124,0.30674296617507935,0.30111414194107056,0.33294379711151123,0.3189026117324829,0.320265531539917,0.35082799196243286,0.33277201652526855,0.329143226146698,0.31825220584869385,0.26624584197998047,0.21760356426239014,0.19480574131011963,0.20356523990631104,0.18686985969543457,0.20414036512374878,105,1
0.39784497022628784,22,18,0.75607068836689,0.37132418155670166,0.346515417098999,0.33247995376586914,0.4836881160736084,0.4810631275177002,0.4392779469490051,0.4392644762992859,0.45145130157470703,0.42826467752456665,0.34100341796875,0.32541054487228394,0.31740570068359375,0.314863920211792,0.3113440275192261,0.3047856092453003,0.3368335962295532,0.3199732303619385,0.3190789222717285,0.3504922389984131,0.3287564516067505,0.3246276378631592,0.31504058837890625,0.2614254951477051,0.2144322395324707,0.1953168511390686,0.19944804906845093,0.18324905633926392,0.19686144590377808,105,1
1.6850931644439697,13,11,0.75607068836689,0.36702126264572144,0.34843331575393677,0.33515727519989014,0.4946303963661194,0.4891555905342102,0.44377976655960083,0.43829697370529175,0.49152714014053345,0.45060014724731445,0.37811553478240967,0.38907694816589355,0.37327826023101807,0.36944448947906494,0.3359549045562744,0.34041541814804077,0.33790820837020874,0.342984139919281,0.3402973413467407,0.3652178645133972,0.32639265060424805,0.3129953145980835,0.30330783128738403,0.24855971336364746,0.19809305667877197,0.18331146240234375,0.1854177713394165,0.17283004522323608,0.17706549167633057,105,1
1.2142767906188965,8,6,0.75607068836689,0.36451148986816406,0.3482198119163513,0.33223098516464233,0.5272049009799957,0.5093095302581787,0.4948849678039551,0.493221640586853,0.49156755208969116,0.48643583059310913,0.37112128734588623,0.3748500347137451,0.35645592212677,0.34827905893325806,0.33764106035232544,0.3516702651977539,0.34794890880584717,0.34920310974121094,0.32791876792907715,0.34469693899154663,0.2995140552520752,0.28263604640960693,0.2593592405319214,0.226517915725708,0.18413692712783813,0.14427316188812256,0.13690662384033203,0.1238589882850647,0.09111261367797852,106,0
1.6447504758834839,11,9,0.75607068836689,0.3616058826446533,0.35005176067352295,0.3339800238609314,0.5275534391403198,0.5104832053184509,0.49133503437042236,0.4957059621810913,0.5083911418914795,0.5170559287071228,0.3846787214279175,0.3923153877258301,0.37690269947052,0.37441450357437134,0.3511303663253784,0.36376821994781494,0.3602728843688965,0.363425612449646,0.3448762893676758,0.35916250944137573,0.29257118701934814,0.2693871259689331,0.2503359913825989,0.21291756629943848,0.17261552810668945,0.1339430809020996,0.1286919116973877,0.12342262268066406,0.10021883249282837,106,0
1.588222622871399,10,8,0.75607068836689,0.3650636076927185,0.3462600111961365,0.3303205966949463,0.5217462480068207,0.5005287230014801,0.4811035990715027,0.4764028787612915,0.4805278778076172,0.48844534158706665,0.37313443422317505,0.3612024188041687,0.34590911865234375,0.3295673131942749,0.32169604301452637,0.322674036026001,0.32723939418792725,0.332000195980072,0.3136891722679138,0.29860639572143555,0.2609635591506958,0.2483065128326416,0.22877740859985352,0.20211762189865112,0.16907095909118652,0.13213872909545898,0.1264941692352295,0.11984097957611084,0.08970022201538086,106,0
0.8312236666679382,12,11,0.75607068836689,0.3645089864730835,0.3451070189476013,0.33205705881118774,0.5231329798698425,0.507066935300827,0.48659443855285645,0.49601244926452637,0.5046069025993347,0.5227230787277222,0.369468629360199,0.36717551946640015,0.35353100299835205,0.3346363306045532,0.32044899463653564,0.30637621879577637,0.3017480969429016,0.30344158411026,0.2901678681373596,0.2961084246635437,0.26362675428390503,0.24800050258636475,0.23879164457321167,0.21941059827804565,0.19274699687957764,0.16702646017074585,0.159651517868042,0.15034866333007812,0.10190737247467041,106,1
1.0383286476135254,13,11,0.75607068836689,0.3740007281303406,0.3542937636375427,0.3377639651298523,0.528576672077179,0.50968337059021,0.48585158586502075,0.49155235290527344,0.5075441002845764,0.5189126133918762,0.3684846758842468,0.3630162477493286,0.3516005277633667,0.3294218182563782,0.3186725378036499,0.30970942974090576,0.3165547847747803,0.3174288272857666,0.31374192237854004,0.30850088596343994,0.29714012145996094,0.2855188846588135,0.27875882387161255,0.2579629421234131,0.22592699527740479,0.1858123540878296,0.1757889986038208,0.15729528665542603,0.11211216449737549,106,1
1.0512417554855347,14,12,0.75607068836689,0.3773152828216553,0.35025274753570557,0.3359941244125366,0.531253457069397,0.5128968358039856,0.488336980342865,0.5050322413444519,0.5190094709396362,0.5425113141536713,0.39656102657318115,0.3939637541770935,0.38974493741989136,0.38308364152908325,0.3599092960357666,0.3627438545227051,0.3506702184677124,0.34824317693710327,0.3244919776916504,0.31674230098724365,0.28666210174560547,0.266727089881897,0.2601286768913269,0.23738402128219604,0.20799672603607178,0.17268258333206177,0.1651754379272461,0.14877378940582275,0.09600973129272461,106,1
1.3769786357879639,11,9,0.75607068836689,0.362501859664917,0.34262770414352417,0.326682984828949,0.5154151916503906,0.49897223711013794,0.4806387424468994,0.5159280300140381,0.5673556327819824,0.5835970640182495,0.47167110443115234,0.45890915393829346,0.43400776386260986,0.4263519048690796,0.38288652896881104,0.39063799381256104,0.3783770799636841,0.3642776608467102,0.3376076817512512,0.3185650110244751,0.2856519818305969,0.25668054819107056,0.2382206916809082,0.20839965343475342,0.17360824346542358,0.13796156644821167,0.1284540295600891,0.1155555248260498,0.08555483818054199,106,1
0.5741037130355835,10,8,0.75607068836689,0.3604762554168701,0.35213011503219604,0.34320300817489624,0.5261205434799194,0.507079005241394,0.4869537353515625,0.4877069592475891,0.4829810857772827,0.4936009645462036,0.3869130611419678,0.3592478036880493,0.36288923025131226,0.32453489303588867,0.3087596893310547,0.30360186100006104,0.306984543800354,0.32791197299957275,0.31374436616897583,0.2994954586029053,0.33004260063171387,0.33778274059295654,0.36753058433532715,0.3424510955810547,0.3276943564414978,0.26062601804733276,0.2423991560935974,0.1975342035293579,0.23119020462036133,107,0
0.632696270942688,10,8,0.75607068836689,0.35606586933135986,0.3488827347755432,0.3397924304008484,0.5188141465187073,0.49908769130706787,0.4826231598854065,0.48535865545272827,0.48572027683258057,0.48298847675323486,0.3699910044670105,0.3444938063621521,0.3376326560974121,0.31219983100891113,0.3063863515853882,0.30528658628463745,0.3035544157028198,0.3117504119873047,0.292527973651886,0.3015090227127075,0.3110594153404236,0.30363792181015015,0.3425353765487671,0.3240264654159546,0.31124675273895264,0.24922239780426025,0.23455357551574707,0.19285541772842407,0.25004178285598755,107,1
1.256478190422058,12,9,0.75607068836689,0.3618737459182739,0.349759042263031,0.34940195083618164,0.5348170101642609,0.5117979049682617,0.49476152658462524,0.5039475858211517,0.5021577775478363,0.5003674626350403,0.40410441160202026,0.37715011835098267,0.364787757396698,0.35990822315216064,0.3541354537010193,0.36304908990859985,0.37054896354675293,0.3967903256416321,0.3770796060562134,0.35178303718566895,0.37148118019104004,0.38974279165267944,0.4031243920326233,0.36144953966140747,0.33816587924957275,0.2681441307067871,0.24867045879364014,0.20030510425567627,0.24438196420669556,107,1
1.375907301902771,12,11,0.75607068836689,0.36130231618881226,0.3605015277862549,0.34842348098754883,0.5125196576118469,0.49771827459335327,0.46888935565948486,0.48818421363830566,0.5183936953544617,0.528408408164978,0.39362287521362305,0.37099993228912354,0.36154019832611084,0.3438972234725952,0.32210642099380493,0.3399287462234497,0.35144561529159546,0.35460829734802246,0.3444640636444092,0.339044988155365,0.37861448526382446,0.3890479803085327,0.39385104179382324,0.3680226802825928,0.34033453464508057,0.2901116609573364,0.2881729006767273,0.267808198928833,0.24034225940704346,108,0
1.1702624559402466,17,15,0.75607068836689,0.37081873416900635,0.36271798610687256,0.3532062768936157,0.5170000493526459,0.49657225608825684,0.4617503881454468,0.4887174963951111,0.5265144109725952,0.5411229729652405,0.43355250358581543,0.4075056314468384,0.38265830278396606,0.3668022155761719,0.33402377367019653,0.34006965160369873,0.34181708097457886,0.3547694683074951,0.34561002254486084,0.3413430452346802,0.36967962980270386,0.38379496335983276,0.3815775513648987,0.3440430164337158,0.32023680210113525,0.2646297216415405,0.27441728115081787,0.24640554189682007,0.1918589472770691,108,0
1.073779821395874,15,11,0.75607068836689,0.3727920651435852,0.3645215630531311,0.35556137561798096,0.5388568639755249,0.5167854428291321,0.48177921772003174,0.49367284774780273,0.5243324935436249,0.5516330003738403,0.4277714490890503,0.3925850987434387,0.3805215358734131,0.37715810537338257,0.3596413731575012,0.3811776638031006,0.38395655155181885,0.40177667140960693,0.38478273153305054,0.36051952838897705,0.3674412965774536,0.3854271173477173,0.40478962659835815,0.36534780263900757,0.32939648628234863,0.26693862676620483,0.2693936228752136,0.24051755666732788,0.17265474796295166,108,0
0.9879661202430725,13,11,0.75607068836689,0.36801719665527344,0.3622922897338867,0.34791260957717896,0.5196744203567505,0.496879518032074,0.46398401260375977,0.4815215468406677,0.5142605304718018,0.5313222408294678,0.3992530107498169,0.3577151894569397,0.3404144048690796,0.3233853578567505,0.294155478477478,0.29414665699005127,0.2962375283241272,0.32372117042541504,0.3311944007873535,0.3332754969596863,0.35798728466033936,0.38514524698257446,0.4151887893676758,0.37748944759368896,0.3424079418182373,0.2727402448654175,0.2736237645149231,0.23811811208724976,0.16339921951293945,108,1
1.1455224752426147,16,13,0.75607068836689,0.3718174695968628,0.3661004304885864,0.3564465045928955,0.5284656882286072,0.50297811627388,0.4644618034362793,0.48778635263442993,0.513725996017456,0.5325318574905396,0.3960791826248169,0.3605731129646301,0.34840524196624756,0.332894504070282,0.30886244773864746,0.3093372583389282,0.3141329288482666,0.3445359468460083,0.34772181510925293,0.3340775966644287,0.34415125846862793,0.3725629448890686,0.39296460151672363,0.35123181343078613,0.3156512975692749,0.2538264989852905,0.2600654363632202,0.23086732625961304,0.16533446311950684,108,1
1.2334550619125366,10,5,0.75607068836689,0.3815874457359314,0.36288660764694214,0.35233592987060547,0.5462180972099304,0.5325283706188202,0.5031318664550781,0.5088700354099274,0.546615719795227,0.5620029270648956,0.46167075634002686,0.41248786449432373,0.3674083948135376,0.3415822982788086,0.32072675228118896,0.31401723623275757,0.3122401833534241,0.3167784810066223,0.2934061884880066,0.2663249969482422,0.24375522136688232,0.22934353351593018,0.22336435317993164,0.18679916858673096,0.15691912174224854,0.12876254320144653,0.1318444013595581,0.12802284955978394,0.08897626399993896,109,0
2.0412182807922363,9,4,0.75607068836689,0.389032244682312,0.36712646484375,0.3597261309623718,0.5508530735969543,0.5413560271263123,0.5207020938396454,0.5279374122619629,0.5623793303966522,0.5784866511821747,0.4851517081260681,0.435113787651062,0.3965797424316406,0.3886910080909729,0.36773788928985596,0.34488993883132935,0.33922451734542847,0.348783016204834,0.32243382930755615,0.29950690269470215,0.26467567682266235,0.24741876125335693,0.23633533716201782,0.1958162784576416,0.16300731897354126,0.13223421573638916,0.13354671001434326,0.1282815933227539,0.08363330364227295,109,0
1.6001299619674683,11,6,0.75607068836689,0.38210052251815796,0.3663055896759033,0.3526225686073303,0.5378957390785217,0.5178211033344269,0.4901566505432129,0.5061114430427551,0.5431386232376099,0.5589534044265747,0.453782320022583,0.4082825183868408,0.3647770881652832,0.34085631370544434,0.32098114490509033,0.30507057905197144,0.3090168833732605,0.31260251998901367,0.28922533988952637,0.2762641906738281,0.25293463468551636,0.23815274238586426,0.23242080211639404,0.19474375247955322,0.16726839542388916,0.13984805345535278,0.14594507217407227,0.14329957962036133,0.10080587863922119,109,0
2.219755172729492,8,4,0.75607068836689,0.3822062015533447,0.36087024211883545,0.35116928815841675,0.5426239371299744,0.530509352684021,0.5045357346534729,0.5045533776283264,0.5429836511611938,0.5613148510456085,0.45627814531326294,0.4069449305534363,0.36990559101104736,0.3468620777130127,0.31935203075408936,0.3200516104698181,0.31524884700775146,0.3204997181892395,0.29512089490890503,0.25722062587738037,0.23270535469055176,0.1995527744293213,0.19068682193756104,0.14721477031707764,0.12189972400665283,0.09520483016967773,0.09436982870101929,0.08570659160614014,0.06047278642654419,109,1
1.3749920129776,10,6,0.75607068836689,0.38325226306915283,0.36013394594192505,0.34658217430114746,0.5258717238903046,0.5105730891227722,0.48817765712738037,0.49394506216049194,0.5217790901660919,0.5374816060066223,0.43139421939849854,0.3939073085784912,0.35210084915161133,0.3259629011154175,0.3074650764465332,0.31260478496551514,0.3091534972190857,0.31143128871917725,0.2884957790374756,0.2524588704109192,0.23341166973114014,0.20377826690673828,0.19013506174087524,0.15505820512771606,0.12865638732910156,0.10312706232070923,0.10734742879867554,0.10027486085891724,0.0656512975692749,109,1
2.355483055114746,10,5,0.75607068836689,0.3822300434112549,0.3603406548500061,0.34931135177612305,0.5341529250144958,0.5182698965072632,0.4913926124572754,0.4937918186187744,0.523643970489502,0.5448372662067413,0.43611598014831543,0.39788156747817993,0.364337682723999,0.35066813230514526,0.3237230181694031,0.3355065584182739,0.32486867904663086,0.32133960723876953,0.29362714290618896,0.2668148875236511,0.2587279677391052,0.2311861515045166,0.23051953315734863,0.19312900304794312,0.16416776180267334,0.1353362798690796,0.13409608602523804,0.12732970714569092,0.1021033525466919,109,1
1.3921833038330078,10,8,0.75607068836689,0.36251962184906006,0.35417282581329346,0.34643828868865967,0.5510092675685883,0.5235731303691864,0.4986801743507385,0.5148368179798126,0.5158892571926117,0.5122235417366028,0.3938959240913391,0.37237298488616943,0.3332693576812744,0.3158501982688904,0.2943069338798523,0.2831125855445862,0.3029029369354248,0.309886634349823,0.2942928075790405,0.30430370569229126,0.28389811515808105,0.27009737491607666,0.27570998668670654,0.24753087759017944,0.23372912406921387,0.21764516830444336,0.21023815870285034,0.178014874458313,0.19788581132888794,110,0
1.8859881162643433,8,6,0.75607068836689,0.3577989339828491,0.3487054109573364,0.34061431884765625,0.5426733791828156,0.5281943678855896,0.503950834274292,0.5234232544898987,0.5308774411678314,0.5377517342567444,0.41104912757873535,0.38186025619506836,0.34417009353637695,0.327583909034729,0.3026033639907837,0.3035629987716675,0.3155319094657898,0.32298725843429565,0.30727648735046387,0.31364911794662476,0.2883647084236145,0.2723888158798218,0.25981682538986206,0.23324370384216309,0.21213507652282715,0.1921476125717163,0.1872599720954895,0.1640777587890625,0.16993874311447144,110,0
1.6845201253890991,6,3,0.75607068836689,0.36153101921081543,0.352001428604126,0.345514178276062,0.5574496984481812,0.536983460187912,0.5052046775817871,0.5305274128913879,0.5396141409873962,0.5398089289665222,0.4258434772491455,0.3822880983352661,0.3439022898674011,0.31835973262786865,0.2909421920776367,0.2908378839492798,0.30391407012939453,0.30827152729034424,0.2957594394683838,0.29582130908966064,0.27102869749069214,0.26755303144454956,0.27968841791152954,0.25026512145996094,0.23350292444229126,0.21548831462860107,0.20416098833084106,0.17476940155029297,0.22753119468688965,110,0
3.2021572589874268,5,3,0.75607068836689,0.35686081647872925,0.34004461765289307,0.3394601345062256,0.5426054000854492,0.5259020328521729,0.5004703402519226,0.5108728110790253,0.512302041053772,0.5106651186943054,0.4147273898124695,0.3806341290473938,0.35475921630859375,0.3336161971092224,0.3013644218444824,0.3054628372192383,0.3029667139053345,0.3115256428718567,0.2937244772911072,0.3068333864212036,0.2879066467285156,0.2862151861190796,0.30227130651474,0.27324116230010986,0.2589837312698364,0.2350987195968628,0.22528260946273804,0.197077214717865,0.1816694736480713,110,1
2.249708652496338,8,6,0.75607068836689,0.36574214696884155,0.34717243909835815,0.34449338912963867,0.5487017333507538,0.5260297656059265,0.5012217462062836,0.5181540548801422,0.5232532620429993,0.5318437814712524,0.4176916480064392,0.39301598072052,0.35720300674438477,0.33382511138916016,0.30031275749206543,0.29958575963974,0.30932939052581787,0.3177746534347534,0.29773616790771484,0.30778181552886963,0.282884418964386,0.27042847871780396,0.2858394384384155,0.26299893856048584,0.2622315287590027,0.2375776767730713,0.22627300024032593,0.19232666492462158,0.16886788606643677,110,1
2.725877285003662,6,3,0.75607068836689,0.357876181602478,0.34135764837265015,0.34204167127609253,0.549774706363678,0.5311146378517151,0.507328450679779,0.5163820683956146,0.5155413150787354,0.5055925250053406,0.4188387393951416,0.3781084418296814,0.34887564182281494,0.3252105712890625,0.2912418842315674,0.29827845096588135,0.3020275831222534,0.3122965097427368,0.29485195875167847,0.3065064549446106,0.2857346534729004,0.28384387493133545,0.30374372005462646,0.2738261818885803,0.2671322822570801,0.24151229858398438,0.22766506671905518,0.19636642932891846,0.1728542447090149,110,1
1.4066308736801147,9,8,0.75607068836689,0.3491562008857727,0.3400624394416809,0.3314945697784424,0.5112037062644958,0.49900877475738525,0.46250075101852417,0.4719266891479492,0.47507256269454956,0.48140615224838257,0.3494277000427246,0.3278622627258301,0.3120487928390503,0.31188440322875977,0.28645646572113037,0.2709265947341919,0.29720425605773926,0.3004431128501892,0.3101959824562073,0.33736222982406616,0.3208671808242798,0.32243895530700684,0.31198763847351074,0.28810441493988037,0.24274533987045288,0.20750874280929565,0.20555955171585083,0.17600750923156738,0.1635429859161377,111,0
1.742640733718872,7,6,0.75607068836689,0.34673047065734863,0.3377208709716797,0.3288995027542114,0.5128491818904877,0.5018433928489685,0.46276432275772095,0.4737226963043213,0.47662025690078735,0.48332929611206055,0.3520972728729248,0.32898056507110596,0.3084511160850525,0.3047088384628296,0.2873647212982178,0.27815091609954834,0.29833537340164185,0.30516141653060913,0.3118365406990051,0.3446692228317261,0.3204152584075928,0.3085334897041321,0.2809600830078125,0.2505069971084595,0.20493006706237793,0.17165815830230713,0.16606026887893677,0.13594675064086914,0.12236756086349487,111,0
1.6136469841003418,8,7,0.75607068836689,0.3505304455757141,0.3408486247062683,0.3305586576461792,0.5132187604904175,0.49929970502853394,0.4619009494781494,0.4740064740180969,0.47414278984069824,0.47845393419265747,0.3490457534790039,0.32746535539627075,0.3050009608268738,0.30303120613098145,0.2857164144515991,0.27768391370773315,0.29890990257263184,0.30539774894714355,0.3123278021812439,0.34114396572113037,0.30912458896636963,0.29417651891708374,0.2697606682777405,0.23685544729232788,0.1960180401802063,0.16305309534072876,0.15680575370788574,0.12999916076660156,0.11343657970428467,111,0
1.6356052160263062,7,6,0.75607068836689,0.3475356698036194,0.33963871002197266,0.3302763104438782,0.5135287046432495,0.5031241178512573,0.46370142698287964,0.47433507442474365,0.47413724660873413,0.48008251190185547,0.352400004863739,0.33067023754119873,0.30961883068084717,0.30526047945022583,0.28974926471710205,0.28034114837646484,0.29925090074539185,0.3062826991081238,0.31147319078445435,0.3413509726524353,0.3114691972732544,0.2956804037094116,0.27152037620544434,0.2354326844215393,0.18942523002624512,0.15589475631713867,0.1462906002998352,0.11888754367828369,0.10684460401535034,111,0
1.3474174737930298,11,10,0.75607068836689,0.35088789463043213,0.34249961376190186,0.33409804105758667,0.5156545639038086,0.5022167563438416,0.46251916885375977,0.4694399833679199,0.46764904260635376,0.4772135615348816,0.3524521589279175,0.3318191170692444,0.31749188899993896,0.3164106011390686,0.2912392020225525,0.2768704891204834,0.30364811420440674,0.3022646903991699,0.30875110626220703,0.33431828022003174,0.3053681254386902,0.29136842489242554,0.27986645698547363,0.2554128170013428,0.21858710050582886,0.18541598320007324,0.1830228567123413,0.15374916791915894,0.1428217887878418,111,1
1.368241786956787,9,8,0.75607068836689,0.35643506050109863,0.3442402482032776,0.3343517780303955,0.5182859897613525,0.5061645209789276,0.4655191898345947,0.47557544708251953,0.4759742021560669,0.48331576585769653,0.35166794061660767,0.3299594521522522,0.3094511032104492,0.3037956953048706,0.2835608720779419,0.2766570448875427,0.2974807024002075,0.3027283549308777,0.31061577796936035,0.3552294373512268,0.3296504020690918,0.31782400608062744,0.3001750707626343,0.26862257719039917,0.22698521614074707,0.18976187705993652,0.18598949909210205,0.15646815299987793,0.15645384788513184,111,1
1.7261841297149658,7,6,0.75607068836689,0.34678351879119873,0.33871954679489136,0.32986873388290405,0.5134140849113464,0.5020846128463745,0.4625585079193115,0.4709334969520569,0.47310715913772583,0.4794464707374573,0.3511589765548706,0.3278541564941406,0.3084946870803833,0.30631381273269653,0.28897130489349365,0.27865350246429443,0.299144446849823,0.30498170852661133,0.3093718886375427,0.3394468426704407,0.31090742349624634,0.2861899733543396,0.2595747709274292,0.22922098636627197,0.1879618763923645,0.1555788516998291,0.14816975593566895,0.1174134612083435,0.10789680480957031,111,1
1.9777612686157227,7,6,0.75607068836689,0.34733110666275024,0.33866608142852783,0.329571008682251,0.5123727023601532,0.5021627843379974,0.4634910225868225,0.4727919101715088,0.47637468576431274,0.481935977935791,0.3515140414237976,0.3294900059700012,0.3108658790588379,0.3050902485847473,0.28923094272613525,0.278373122215271,0.2984658479690552,0.30582404136657715,0.3104546070098877,0.3381274938583374,0.3121066689491272,0.2942994236946106,0.26571059226989746,0.23752576112747192,0.19801801443099976,0.16511529684066772,0.16041642427444458,0.1310294270515442,0.0975847840309143,111,1
3.27561354637146,4,3,0.75607068836689,0.3439468741416931,0.33436477184295654,0.32991695404052734,0.5213002562522888,0.5328966975212097,0.4863571524620056,0.497663676738739,0.5083824396133423,0.513206273317337,0.41892629861831665,0.3897806406021118,0.36896735429763794,0.3605356216430664,0.34294503927230835,0.33539265394210815,0.3544541001319885,0.3356914520263672,0.33118486404418945,0.3354748487472534,0.2931457757949829,0.2656175494194031,0.2507721185684204,0.22379755973815918,0.19125258922576904,0.16001147031784058,0.1526166796684265,0.12581342458724976,0.11268281936645508,111,1
3.741136312484741,5,4,0.75607068836689,0.37533038854599,0.3532291054725647,0.33452898263931274,0.5293348431587219,0.5387292206287384,0.49856144189834595,0.4789968729019165,0.5198838114738464,0.5275491774082184,0.4911844730377197,0.4420280456542969,0.4263993501663208,0.43630748987197876,0.4171683192253113,0.4227368235588074,0.40779948234558105,0.41687679290771484,0.3965153694152832,0.43806207180023193,0.37883085012435913,0.3601002097129822,0.36742687225341797,0.3295239806175232,0.27106523513793945,0.23142439126968384,0.22087478637695312,0.20505964756011963,0.2272358536720276,112,0
1.5166758298873901,11,9,0.75607068836689,0.36418473720550537,0.34887808561325073,0.3377264738082886,0.5158756375312805,0.5075937509536743,0.47608131170272827,0.46772146224975586,0.45778387784957886,0.45816880464553833,0.36709100008010864,0.345605731010437,0.33491647243499756,0.33509141206741333,0.32627469301223755,0.31608128547668457,0.3337640166282654,0.3301851749420166,0.3209115266799927,0.3830517530441284,0.381855309009552,0.39417099952697754,0.41599810123443604,0.3822785019874573,0.3342140316963196,0.28065961599349976,0.2660748362541199,0.23641759157180786,0.24058806896209717,112,0
0.6822161078453064,15,13,0.75607068836689,0.37448781728744507,0.3456544876098633,0.3354041576385498,0.5177409052848816,0.49835801124572754,0.46539515256881714,0.46096450090408325,0.4605277180671692,0.4688596725463867,0.353238582611084,0.30965280532836914,0.29890012741088867,0.3041178584098816,0.3048665523529053,0.28743457794189453,0.30567848682403564,0.2965858578681946,0.29463648796081543,0.33914798498153687,0.3221128582954407,0.3333890438079834,0.3597705364227295,0.32250845432281494,0.2699163556098938,0.22867679595947266,0.21709495782852173,0.20381522178649902,0.19763898849487305,112,1
0.6336745023727417,15,13,0.75607068836689,0.3749825358390808,0.34391117095947266,0.3334793448448181,0.5174503922462463,0.4941498041152954,0.4588524103164673,0.45902419090270996,0.4622098207473755,0.4763765335083008,0.3599424958229065,0.32038962841033936,0.3090674877166748,0.3154790997505188,0.3093465566635132,0.2919146418571472,0.30662310123443604,0.2980572581291199,0.293138325214386,0.33845627307891846,0.31316936016082764,0.32507646083831787,0.3584580421447754,0.33267056941986084,0.2802222967147827,0.23676395416259766,0.22599464654922485,0.21301329135894775,0.21370500326156616,112,1
0.9035779237747192,14,12,0.75607068836689,0.3680661916732788,0.3439919948577881,0.3309391140937805,0.5112094879150391,0.49254900217056274,0.46099382638931274,0.46145933866500854,0.4557190537452698,0.4670599102973938,0.3482292890548706,0.3114105463027954,0.2994692325592041,0.30255329608917236,0.29350894689559937,0.2792999744415283,0.2945723533630371,0.2909771203994751,0.2896866798400879,0.3426307439804077,0.303386390209198,0.314749538898468,0.3419008255004883,0.32012641429901123,0.2681844234466553,0.2290024757385254,0.2167394757270813,0.2113209366798401,0.24903571605682373,112,1
0.9570571780204773,14,12,0.75607068836689,0.3698287010192871,0.34665799140930176,0.3347337245941162,0.5178586840629578,0.5013480484485626,0.46802210807800293,0.46392619609832764,0.4584556818008423,0.4674779772758484,0.35613685846328735,0.3095402717590332,0.3005560636520386,0.3054942488670349,0.29975903034210205,0.28651952743530273,0.28918761014938354,0.28693050146102905,0.2884420156478882,0.3293488025665283,0.31025296449661255,0.32043391466140747,0.34693121910095215,0.32265156507492065,0.28235214948654175,0.23640978336334229,0.22296255826950073,0.20930659770965576,0.23002898693084717,112,1
0.7195581793785095,14,12,0.75607068836689,0.36827003955841064,0.34687697887420654,0.3344500660896301,0.5166893005371094,0.4977942109107971,0.4632287621498108,0.4634172320365906,0.4633856415748596,0.47756361961364746,0.35770612955093384,0.3177872896194458,0.30512696504592896,0.31264591217041016,0.3057965636253357,0.29035067558288574,0.3015720844268799,0.29780882596969604,0.2909080982208252,0.33395814895629883,0.2995447516441345,0.31445735692977905,0.34598904848098755,0.3203156590461731,0.2756670117378235,0.2374367117881775,0.22664833068847656,0.21543753147125244,0.22044521570205688,112,1
0.6072178483009338,15,13,0.75607068836689,0.35130298137664795,0.33425575494766235,0.3294966220855713,0.48731374740600586,0.4860578775405884,0.4426723122596741,0.4605473279953003,0.4743008613586426,0.47846609354019165,0.3861684203147888,0.3498117923736572,0.3333404064178467,0.33424246311187744,0.3226807713508606,0.32399410009384155,0.3449939489364624,0.33146268129348755,0.35309159755706787,0.3824525475502014,0.368339478969574,0.369648814201355,0.36019670963287354,0.353771448135376,0.32900726795196533,0.29905688762664795,0.2862304449081421,0.24281316995620728,0.2588557004928589,113,0
2.1927576065063477,4,3,0.75607068836689,0.3342301845550537,0.3331422209739685,0.3321547508239746,0.5082358121871948,0.5090199112892151,0.4703971743583679,0.47969210147857666,0.49339890480041504,0.4668474793434143,0.38503289222717285,0.336472749710083,0.3178454041481018,0.29802173376083374,0.2867209315299988,0.27104973793029785,0.28541725873947144,0.29006242752075195,0.3023896813392639,0.3454238772392273,0.3222876787185669,0.3283071517944336,0.34537243843078613,0.32839709520339966,0.29365575313568115,0.25491583347320557,0.23626643419265747,0.19303321838378906,0.17544203996658325,113,0
2.6410531997680664,8,7,0.75607068836689,0.342538058757782,0.3387901782989502,0.32944393157958984,0.5000457167625427,0.4892878532409668,0.45578253269195557,0.46332627534866333,0.4947625398635864,0.48854929208755493,0.4012683629989624,0.37075120210647583,0.33964431285858154,0.3237874507904053,0.3204834461212158,0.28269678354263306,0.2958752512931824,0.29286038875579834,0.318004846572876,0.32619088888168335,0.30704259872436523,0.30084311962127686,0.2984766960144043,0.2838248014450073,0.25290369987487793,0.2246505618095398,0.2100483775138855,0.17964112758636475,0.16807448863983154,113,0
1.9730232954025269,10,8,0.75607068836689,0.34427201747894287,0.3400787115097046,0.33260029554367065,0.5036510825157166,0.4851264953613281,0.45228898525238037,0.45993733406066895,0.48170924186706543,0.46717369556427,0.3883282542228699,0.36292433738708496,0.3420327305793762,0.3284127116203308,0.3229561448097229,0.2952202558517456,0.29880261421203613,0.29992640018463135,0.3186807632446289,0.3339669704437256,0.30611205101013184,0.3031686544418335,0.31003403663635254,0.2956576347351074,0.2605610489845276,0.22843492031097412,0.21284455060958862,0.18275171518325806,0.17328184843063354,113,0
0.5383322238922119,15,13,0.75607068836689,0.35307031869888306,0.333313524723053,0.3271118402481079,0.48833227157592773,0.486829936504364,0.4438452124595642,0.45991212129592896,0.4721940755844116,0.4761451482772827,0.38466012477874756,0.35035640001296997,0.3351498246192932,0.3346766233444214,0.31969308853149414,0.3195708990097046,0.3418081998825073,0.33184731006622314,0.34759289026260376,0.38272470235824585,0.3698354959487915,0.3648400902748108,0.3608819246292114,0.3522472381591797,0.3266737461090088,0.2923235297203064,0.2799108028411865,0.23437625169754028,0.26322370767593384,113,1
2.711897850036621,4,3,0.75607068836689,0.3333622217178345,0.3307926654815674,0.33175915479660034,0.5081993341445923,0.510389119386673,0.4686652421951294,0.4768714904785156,0.4891830086708069,0.46933209896087646,0.38999152183532715,0.34594374895095825,0.32815492153167725,0.3088301420211792,0.2959977984428406,0.28198689222335815,0.29804831743240356,0.30720698833465576,0.3101821541786194,0.34701013565063477,0.32222801446914673,0.3265746831893921,0.3415724039077759,0.3257426619529724,0.2922501564025879,0.25065088272094727,0.2334643006324768,0.18997740745544434,0.17668437957763672,113,1
2.4828062057495117,8,7,0.75607068836689,0.34670913219451904,0.3414020538330078,0.33309054374694824,0.5035859644412994,0.4916606545448303,0.4588591456413269,0.46724069118499756,0.5040773153305054,0.49606531858444214,0.4062226414680481,0.37423866987228394,0.34954166412353516,0.334434449672699,0.3263159394264221,0.2940579056739807,0.30174267292022705,0.3004445433616638,0.3176341652870178,0.3470332622528076,0.3237735629081726,0.31398600339889526,0.30572372674942017,0.2854163646697998,0.2509866952896118,0.2202032208442688,0.20432841777801514,0.16994810104370117,0.1560724377632141,113,1
2.0068421363830566,10,8,0.75607068836689,0.34709542989730835,0.34227317571640015,0.33271706104278564,0.5039281249046326,0.4850205183029175,0.45045995712280273,0.45753562450408936,0.4834167957305908,0.4655328392982483,0.3888002038002014,0.3658211827278137,0.35013383626937866,0.33642566204071045,0.33060401678085327,0.3014065623283386,0.3013395071029663,0.30235207080841064,0.3162316083908081,0.3444523215293884,0.3188287019729614,0.2965269088745117,0.29292941093444824,0.27470308542251587,0.2373342514038086,0.2082270383834839,0.19645553827285767,0.16621547937393188,0.16400039196014404,113,1
0.869844913482666,13,11,0.75607068836689,0.3496773838996887,0.3340951204299927,0.3266429305076599,0.4877723455429077,0.4806041717529297,0.44152534008026123,0.45984047651290894,0.47163450717926025,0.4818861484527588,0.3866603374481201,0.3481343984603882,0.33267003297805786,0.33094531297683716,0.3207833170890808,0.32010722160339355,0.3414631485939026,0.3282344341278076,0.3482249975204468,0.3874630928039551,0.37351179122924805,0.37912803888320923,0.3741273880004883,0.36812853813171387,0.34073418378829956,0.30746185779571533,0.2962827682495117,0.24841809272766113,0.2594911456108093,113,1
0.6856672167778015,13,11,0.75607068836689,0.35292816162109375,0.336509108543396,0.33083879947662354,0.49315357208251953,0.4833477735519409,0.44350665807724,0.4608558416366577,0.47337430715560913,0.4820830225944519,0.3851938247680664,0.3470795750617981,0.3307362198829651,0.3276849389076233,0.3178548216819763,0.3189172148704529,0.3405287265777588,0.3254678249359131,0.3491501808166504,0.3912736177444458,0.38707494735717773,0.39228296279907227,0.38396185636520386,0.37340790033340454,0.3452940583229065,0.3082759380340576,0.2964010238647461,0.2508584260940552,0.294014573097229,113,1
3.845877170562744,5,4,0.75607068836689,0.37852269411087036,0.36053454875946045,0.3415403962135315,0.5323820114135742,0.534209132194519,0.4901135563850403,0.4851416349411011,0.5172590017318726,0.5214760899543762,0.45209938287734985,0.4214518666267395,0.40195780992507935,0.4002718925476074,0.3996565341949463,0.4009544253349304,0.3988751769065857,0.3944914937019348,0.3787685036659241,0.42156291007995605,0.3552420735359192,0.31733882427215576,0.3151966333389282,0.28817129135131836,0.2562691569328308,0.20663630962371826,0.18943941593170166,0.17504197359085083,0.10122978687286377,114,0
0.9981459975242615,12,11,0.75607068836689,0.37078356742858887,0.35864877700805664,0.34319084882736206,0.5162279605865479,0.49710899591445923,0.4675086736679077,0.47528237104415894,0.48000240325927734,0.5022938847541809,0.39444470405578613,0.39342981576919556,0.3795742988586426,0.348519504070282,0.3303290605545044,0.3377588987350464,0.3408249616622925,0.3305938243865967,0.3012514114379883,0.30029523372650146,0.25853848457336426,0.2456148862838745,0.2402052879333496,0.19796735048294067,0.18385756015777588,0.14387798309326172,0.13966506719589233,0.12672334909439087,0.07539254426956177,114,0
0.5950687527656555,13,12,0.75607068836689,0.3746340870857239,0.3568485975265503,0.3457736372947693,0.5118387341499329,0.49651801586151123,0.4661768674850464,0.4742371439933777,0.47413647174835205,0.49788331985473633,0.3775196671485901,0.363778293132782,0.3382667303085327,0.3148624897003174,0.29376405477523804,0.2815746068954468,0.27821028232574463,0.2777036428451538,0.26218175888061523,0.264051616191864,0.22810471057891846,0.20220094919204712,0.20472562313079834,0.16690146923065186,0.15555226802825928,0.11773908138275146,0.11411231756210327,0.10009312629699707,0.06488931179046631,114,0
0.9815808534622192,9,8,0.75607068836689,0.3879969120025635,0.3617746829986572,0.3437858819961548,0.5167221128940582,0.5162026882171631,0.4741840362548828,0.48136061429977417,0.5071138739585876,0.505095899105072,0.3771328926086426,0.35878700017929077,0.3462907075881958,0.32218343019485474,0.3041872978210449,0.28942322731018066,0.28861409425735474,0.2773546576499939,0.2668919563293457,0.27761805057525635,0.22162151336669922,0.20200079679489136,0.1860443353652954,0.15856313705444336,0.15367764234542847,0.11740469932556152,0.11554622650146484,0.10920411348342896,0.07224386930465698,114,0
0.6776530146598816,11,9,0.75607068836689,0.3605964183807373,0.35196810960769653,0.3414248824119568,0.5080704987049103,0.4988667368888855,0.47171974182128906,0.48273736238479614,0.4899435043334961,0.48759835958480835,0.3711460828781128,0.3422660827636719,0.3223230242729187,0.29368650913238525,0.286266565322876,0.27184009552001953,0.26786190271377563,0.26464229822158813,0.251422643661499,0.2587921619415283,0.21040230989456177,0.18260538578033447,0.18559175729751587,0.14971923828125,0.14129066467285156,0.10592001676559448,0.10466915369033813,0.09186851978302002,0.05866628885269165,114,1
0.8557774424552917,11,9,0.75607068836689,0.36401355266571045,0.35220199823379517,0.34165698289871216,0.5075164437294006,0.4948670268058777,0.4691239595413208,0.47560054063796997,0.4746297001838684,0.48222142457962036,0.375982403755188,0.34650951623916626,0.33630579710006714,0.2982797622680664,0.2960054874420166,0.2806209325790405,0.2729751467704773,0.2684135437011719,0.2592927813529968,0.25021469593048096,0.21967440843582153,0.19723546504974365,0.20187973976135254,0.17060184478759766,0.16028523445129395,0.1179879903793335,0.11471295356750488,0.09946417808532715,0.05975759029388428,114,1
1.319949984550476,8,7,0.75607068836689,0.3554025888442993,0.34769207239151,0.33659636974334717,0.4858399033546448,0.4727720022201538,0.43667352199554443,0.45044708251953125,0.46492916345596313,0.4657902717590332,0.37136363983154297,0.3388766050338745,0.3198428750038147,0.3106546998023987,0.299502432346344,0.2879125475883484,0.314839243888855,0.31088125705718994,0.3250245451927185,0.34648555517196655,0.3256521224975586,0.32810473442077637,0.3327378034591675,0.3030439615249634,0.2575497627258301,0.22438406944274902,0.2174896001815796,0.17971813678741455,0.13244718313217163,115,0
5.007745742797852,2,1,0.75607068836689,0.31723570823669434,0.3185793161392212,0.32264894247055054,0.4847581386566162,0.4782159924507141,0.45092952251434326,0.4661060571670532,0.48050254583358765,0.4771137237548828,0.39045023918151855,0.34126734733581543,0.32528984546661377,0.3194533586502075,0.29560989141464233,0.28459179401397705,0.30409741401672363,0.3014545440673828,0.31157630681991577,0.3518103361129761,0.33338481187820435,0.32507723569869995,0.3455858826637268,0.31796371936798096,0.2726094126701355,0.2302389144897461,0.21202033758163452,0.16728252172470093,0.14600729942321777,115,0
3.1877126693725586,8,7,0.75607068836689,0.3592205047607422,0.34714382886886597,0.3362008333206177,0.4895278215408325,0.47576481103897095,0.4463738203048706,0.46176964044570923,0.4904633164405823,0.49110281467437744,0.40376120805740356,0.3873666524887085,0.3721655011177063,0.37305712699890137,0.354086697101593,0.3537549376487732,0.35489362478256226,0.36196672916412354,0.361541748046875,0.3665049076080322,0.34141480922698975,0.3273143768310547,0.33225303888320923,0.30869048833847046,0.26462090015411377,0.22561132907867432,0.21726983785629272,0.17670857906341553,0.15481966733932495,115,0
0.9491920471191406,10,9,0.75607068836689,0.3575146198272705,0.3487430810928345,0.3374800682067871,0.48847633600234985,0.477821946144104,0.4394652843475342,0.4534270763397217,0.46870630979537964,0.4674552083015442,0.3806759715080261,0.35343241691589355,0.33396822214126587,0.3239179849624634,0.3100162744522095,0.3029286861419678,0.3254818916320801,0.31856054067611694,0.33090710639953613,0.3480736017227173,0.3238474726676941,0.32586944103240967,0.3316243886947632,0.30444538593292236,0.26145970821380615,0.23390382528305054,0.224284827709198,0.19198548793792725,0.13843178749084473,115,1
2.290776491165161,4,3,0.75607068836689,0.34309256076812744,0.33767569065093994,0.3367272615432739,0.4940636157989502,0.4903247356414795,0.4517129063606262,0.46587592363357544,0.481475830078125,0.47040581703186035,0.3813204765319824,0.3355357050895691,0.3181232810020447,0.3129667043685913,0.2920081615447998,0.2813974618911743,0.3009171485900879,0.2990131378173828,0.3088533878326416,0.34193986654281616,0.32236891984939575,0.3148643970489502,0.3364930748939514,0.3110664486885071,0.26724934577941895,0.23090845346450806,0.2102033495903015,0.16762107610702515,0.13747239112854004,115,1
4.566753387451172,8,7,0.75607068836689,0.35825395584106445,0.34673935174942017,0.33899015188217163,0.49455904960632324,0.47960883378982544,0.4489840865135193,0.4637698531150818,0.4936438798904419,0.48559319972991943,0.3961066007614136,0.38666921854019165,0.38957273960113525,0.39063793420791626,0.36558908224105835,0.35040348768234253,0.35629159212112427,0.34941965341567993,0.34416627883911133,0.34623271226882935,0.3204498291015625,0.3082815408706665,0.31431031227111816,0.29368913173675537,0.25275295972824097,0.2157248854637146,0.2031763195991516,0.16181373596191406,0.11805909872055054,115,1
6.180869102478027,2,1,0.75607068836689,0.3241501450538635,0.32605528831481934,0.3265453577041626,0.48981165885925293,0.4825689196586609,0.454925537109375,0.4736131429672241,0.49111121892929077,0.4859192371368408,0.3996541500091553,0.3442023992538452,0.32787078619003296,0.32526254653930664,0.2983591556549072,0.28506964445114136,0.301580548286438,0.29792624711990356,0.31197208166122437,0.3473120331764221,0.33023619651794434,0.31654036045074463,0.3433462381362915,0.314819872379303,0.2699916362762451,0.2294154167175293,0.20877176523208618,0.16433769464492798,0.1351480484008789,115,1
3.586890459060669,4,3,0.75607068836689,0.3432971239089966,0.3390483260154724,0.3357630968093872,0.4933217763900757,0.4903765320777893,0.4539263844490051,0.4697081446647644,0.486461877822876,0.471440851688385,0.3854159116744995,0.3367679715156555,0.3199858069419861,0.31330227851867676,0.29182350635528564,0.28194236755371094,0.297366738319397,0.2917678952217102,0.30464619398117065,0.34193986654281616,0.3256673812866211,0.3166857957839966,0.34488654136657715,0.32257235050201416,0.27746230363845825,0.23948979377746582,0.21885454654693604,0.1742722988128662,0.14065897464752197,115,1
0.9972445964813232,8,7,0.75607068836689,0.3587080240249634,0.3510483503341675,0.33998680114746094,0.5078297257423401,0.4961283802986145,0.4671870470046997,0.4727887511253357,0.5022188425064087,0.49578577280044556,0.3838879466056824,0.3752773404121399,0.35325324535369873,0.3328207731246948,0.3256272077560425,0.3394067883491516,0.342197060585022,0.3460811972618103,0.3396190404891968,0.3377319574356079,0.290152370929718,0.26328104734420776,0.26093196868896484,0.2242070436477661,0.20644992589950562,0.17744970321655273,0.1684296727180481,0.14712738990783691,0.2720414400100708,116,0
1.9830461740493774,11,10,0.75607068836689,0.36903810501098633,0.35744160413742065,0.3495853543281555,0.5185659527778625,0.5092286467552185,0.4827973246574402,0.4827374815940857,0.5108349919319153,0.5072129368782043,0.38237547874450684,0.3768061399459839,0.3664395809173584,0.3519297242164612,0.341145396232605,0.33942216634750366,0.34506744146347046,0.3373149633407593,0.3304550051689148,0.3372892737388611,0.28338706493377686,0.25937288999557495,0.26629209518432617,0.22933107614517212,0.20716166496276855,0.17418509721755981,0.1633319854736328,0.1347031593322754,0.12415450811386108,116,0
2.2912063598632812,11,9,0.75607068836689,0.35763686895370483,0.3522319793701172,0.34315502643585205,0.5190193355083466,0.4992324709892273,0.4728727340698242,0.4741811752319336,0.5054048299789429,0.5102945566177368,0.40743041038513184,0.40893369913101196,0.38638389110565186,0.36637037992477417,0.36088812351226807,0.3771076202392578,0.3840519189834595,0.3814429044723511,0.35421478748321533,0.34842920303344727,0.2846122980117798,0.26498425006866455,0.28447091579437256,0.24998289346694946,0.22732895612716675,0.18796873092651367,0.17403721809387207,0.14234000444412231,0.10949200391769409,116,0
1.7219263315200806,10,7,0.75607068836689,0.3678736090660095,0.35643625259399414,0.35245758295059204,0.5255505442619324,0.5052960515022278,0.4826163649559021,0.4821716547012329,0.5133772790431976,0.5158222019672394,0.41364389657974243,0.41008609533309937,0.38961905241012573,0.37956732511520386,0.3812704086303711,0.3785135746002197,0.3667834997177124,0.3661966323852539,0.3591373562812805,0.34353673458099365,0.29180657863616943,0.26796913146972656,0.26592016220092773,0.22828197479248047,0.20879769325256348,0.17256569862365723,0.15834176540374756,0.13171571493148804,0.10472142696380615,116,1
2.4899814128875732,10,7,0.75607068836689,0.3621565103530884,0.35490918159484863,0.35098326206207275,0.5241864323616028,0.503519594669342,0.48136013746261597,0.48305249214172363,0.5105841755867004,0.5158321857452393,0.418216347694397,0.41432660818099976,0.39418888092041016,0.38598382472991943,0.39096391201019287,0.38540172576904297,0.37394028902053833,0.36908042430877686,0.36415714025497437,0.34975773096084595,0.30002379417419434,0.2771066427230835,0.2784963846206665,0.2418951392173767,0.2192574143409729,0.18101423978805542,0.16575342416763306,0.13719362020492554,0.10682159662246704,116,1
1.9826183319091797,7,6,0.75607068836689,0.36153292655944824,0.3513121008872986,0.3438314199447632,0.5297605395317078,0.5227019786834717,0.4923882484436035,0.4932103157043457,0.5212752223014832,0.5157689452171326,0.40326136350631714,0.38601404428482056,0.3790208101272583,0.3541550636291504,0.3533376455307007,0.36937808990478516,0.36709266901016235,0.37318307161331177,0.36734580993652344,0.3561071753501892,0.2993571162223816,0.27113568782806396,0.2770293951034546,0.2413591742515564,0.21946823596954346,0.18665176630020142,0.17093920707702637,0.14406204223632812,0.13026410341262817,116,1
2.225817918777466,11,9,0.75607068836689,0.36532747745513916,0.3547641634941101,0.34717655181884766,0.5251922011375427,0.5119021534919739,0.48013728857040405,0.4863862991333008,0.5366924107074738,0.528453528881073,0.47000187635421753,0.4572482705116272,0.4370274543762207,0.4150885343551636,0.41574662923812866,0.4210391640663147,0.3991169333457947,0.40352171659469604,0.405606210231781,0.37152618169784546,0.3176524043083191,0.2858637571334839,0.27877962589263916,0.24177658557891846,0.2239256501197815,0.1871892213821411,0.1742539405822754,0.14445215463638306,0.15625065565109253,116,1
1.9758996963500977,8,6,0.75607068836689,0.3630232810974121,0.3575921654701233,0.35014617443084717,0.5278416872024536,0.5106402933597565,0.4856315851211548,0.5005045533180237,0.5389187932014465,0.5434511303901672,0.4714435338973999,0.4696241021156311,0.451948881149292,0.4382474422454834,0.4472649097442627,0.4697466492652893,0.45216333866119385,0.45027464628219604,0.4215126037597656,0.4078795909881592,0.3317439556121826,0.2938191890716553,0.27487504482269287,0.2336961030960083,0.21329176425933838,0.17732298374176025,0.16395241022109985,0.14551520347595215,0.13849133253097534,116,1
1.3085358142852783,8,7,0.75607068836689,0.361161470413208,0.3526396155357361,0.3467075228691101,0.5277017056941986,0.5096649527549744,0.4836670756340027,0.4945865869522095,0.5165902674198151,0.514134407043457,0.39645910263061523,0.38108766078948975,0.36569225788116455,0.3502504825592041,0.3577384948730469,0.36168473958969116,0.3568785786628723,0.35572493076324463,0.34647178649902344,0.35586071014404297,0.3071569800376892,0.2964709997177124,0.31381118297576904,0.2759861350059509,0.2488306760787964,0.21006643772125244,0.1877853274345398,0.15406423807144165,0.10348421335220337,116,1
3.1624724864959717,4,3,0.75607068836689,0.3535022735595703,0.34855973720550537,0.34319543838500977,0.5410879850387573,0.5349685251712799,0.5123549997806549,0.5220917165279388,0.5455957353115082,0.5378051698207855,0.42186349630355835,0.4087185859680176,0.39457792043685913,0.3710406422615051,0.3759912848472595,0.3910127878189087,0.3935198187828064,0.3947100043296814,0.38400572538375854,0.3872513175010681,0.34372639656066895,0.3178848624229431,0.31218278408050537,0.26365190744400024,0.23372268676757812,0.18582946062088013,0.1649935245513916,0.13628500699996948,0.13489389419555664,116,1
1.6679474115371704,18,13,0.9455067068338394,0.45813941955566406,0.40136826038360596,0.39808976650238037,0.561500757932663,0.5372982621192932,0.4728574752807617,0.5037662982940674,0.5240721106529236,0.5432802438735962,0.40718305110931396,0.3927956819534302,0.37235385179519653,0.3595516085624695,0.34731870889663696,0.3039131760597229,0.33224356174468994,0.3083842396736145,0.2930518388748169,0.29295235872268677,0.23765134811401367,0.2209109663963318,0.22082453966140747,0.18218982219696045,0.13667607307434082,0.11311101913452148,0.11613708734512329,0.11597609519958496,0.14374226331710815,117,0
1.569502592086792,14,11,0.9455067068338394,0.4541107416152954,0.4030036926269531,0.40109527111053467,0.5652611553668976,0.541525274515152,0.48095703125,0.512901097536087,0.5298391878604889,0.5498000085353851,0.41772782802581787,0.4076988101005554,0.38145822286605835,0.37475043535232544,0.35947728157043457,0.3210199475288391,0.34858858585357666,0.3211473226547241,0.3050958514213562,0.2838744521141052,0.22496473789215088,0.21007561683654785,0.21472477912902832,0.1756482720375061,0.14241188764572144,0.12242543697357178,0.124819815158844,0.12439632415771484,0.1395675539970398,117,0
1.9971998929977417,11,8,0.75607068836689,0.38147586584091187,0.35438698530197144,0.3428528904914856,0.5025621056556702,0.49377912282943726,0.46393829584121704,0.47187137603759766,0.5055343210697174,0.5296051502227783,0.4034278988838196,0.38992828130722046,0.37192559242248535,0.3597920536994934,0.34009259939193726,0.32071906328201294,0.33719730377197266,0.3220459818840027,0.3036964535713196,0.2817220687866211,0.23592156171798706,0.23602283000946045,0.25162672996520996,0.21558332443237305,0.18222945928573608,0.17638874053955078,0.17850542068481445,0.17340970039367676,0.11480021476745605,117,0
1.8127192258834839,5,3,0.75607068836689,0.36906951665878296,0.35178685188293457,0.34053969383239746,0.5114702582359314,0.5094555616378784,0.48248112201690674,0.48419106006622314,0.5327603220939636,0.547510027885437,0.4279961585998535,0.3999814987182617,0.38151830434799194,0.37447071075439453,0.34941208362579346,0.3192979693412781,0.3381539583206177,0.32535403966903687,0.29987800121307373,0.27939462661743164,0.22088849544525146,0.20541232824325562,0.20629465579986572,0.17880618572235107,0.13680440187454224,0.10481119155883789,0.11377358436584473,0.11798012256622314,0.10701632499694824,117,0
3.4403884410858154,4,3,0.75607068836689,0.3663264513015747,0.3492843508720398,0.33875977993011475,0.5132604539394379,0.5121371746063232,0.4861904978752136,0.4896728992462158,0.5318492650985718,0.5493097007274628,0.42680299282073975,0.40463489294052124,0.38544028997421265,0.3781084418296814,0.3472954034805298,0.3219599723815918,0.33523303270339966,0.32375144958496094,0.3069322109222412,0.2856423854827881,0.22956949472427368,0.21136099100112915,0.21223068237304688,0.19061219692230225,0.14426648616790771,0.1160622239112854,0.12672173976898193,0.12853336334228516,0.09796178340911865,117,0
1.4669280052185059,21,14,0.9455067068338394,0.46090441942214966,0.40509259700775146,0.4017064571380615,0.5632582306861877,0.5368596911430359,0.47205090522766113,0.5010195076465607,0.5194489657878876,0.5378099083900452,0.3987758159637451,0.3833150267601013,0.3581616282463074,0.34281790256500244,0.33265650272369385,0.29324257373809814,0.3297603726387024,0.30877578258514404,0.29306477308273315,0.29658615589141846,0.24709361791610718,0.23144996166229248,0.23261618614196777,0.19669878482818604,0.1646931767463684,0.1480085849761963,0.15079164505004883,0.14774930477142334,0.14436471462249756,117,1
1.8776472806930542,13,11,0.9455067068338394,0.45176607370376587,0.4010232090950012,0.3976636528968811,0.5618623495101929,0.541613757610321,0.47933685779571533,0.5153493583202362,0.5359852612018585,0.5583049356937408,0.4236285090446472,0.41203343868255615,0.3859832286834717,0.3859745264053345,0.3653397560119629,0.3303118944168091,0.3615795373916626,0.33460330963134766,0.3188583254814148,0.2855222225189209,0.22561180591583252,0.2062525749206543,0.19792479276657104,0.16141581535339355,0.12313288450241089,0.1020287275314331,0.10836625099182129,0.10574370622634888,0.11778688430786133,117,1
1.8966084718704224,7,6,0.75607068836689,0.38060498237609863,0.35793352127075195,0.3456522822380066,0.5073904991149902,0.5033151507377625,0.4726026654243469,0.4799644351005554,0.5099587738513947,0.5382573008537292,0.4127887487411499,0.3846316933631897,0.36542314291000366,0.3591318726539612,0.33760714530944824,0.30986249446868896,0.3237154483795166,0.31011033058166504,0.2907829284667969,0.2660875916481018,0.2192065715789795,0.2099153995513916,0.21424829959869385,0.1767023801803589,0.14404523372650146,0.1195783019065857,0.1240164041519165,0.11948651075363159,0.09229576587677002,117,1
1.9132592678070068,7,6,0.75607068836689,0.37300699949264526,0.35289978981018066,0.33925145864486694,0.5038039982318878,0.5000372231006622,0.47478359937667847,0.47896742820739746,0.5336727201938629,0.545559287071228,0.42331230640411377,0.3915631175041199,0.371674120426178,0.35888421535491943,0.33806002140045166,0.2995572090148926,0.33054399490356445,0.31478190422058105,0.2943873405456543,0.2767312526702881,0.21628731489181519,0.20206469297409058,0.2037680745124817,0.16959518194198608,0.13383448123931885,0.10580509901046753,0.11163103580474854,0.1114882230758667,0.09630894660949707,117,1
1.1464112997055054,9,8,0.75607068836689,0.38019025325775146,0.35770314931869507,0.3447551727294922,0.5012665390968323,0.4948664903640747,0.4623711109161377,0.4709136486053467,0.4961544871330261,0.5096601843833923,0.3773864507675171,0.3545292019844055,0.33619940280914307,0.3256937265396118,0.3108508586883545,0.28362101316452026,0.30817699432373047,0.29692864418029785,0.2846972942352295,0.26574885845184326,0.22110384702682495,0.2261672019958496,0.23021137714385986,0.19356024265289307,0.15002739429473877,0.12993592023849487,0.13342958688735962,0.12529611587524414,0.0820886492729187,117,1
5.7370100021362305,3,2,0.75607068836689,0.31734275817871094,0.344327449798584,0.33539772033691406,0.5113930404186249,0.5131238996982574,0.45095497369766235,0.44639265537261963,0.4681193232536316,0.4475606083869934,0.3470122814178467,0.3260965943336487,0.33527034521102905,0.34047985076904297,0.31849026679992676,0.2914351224899292,0.3033596873283386,0.30081331729888916,0.315518856048584,0.38196462392807007,0.37795859575271606,0.3764804005622864,0.36373865604400635,0.3316556215286255,0.30974382162094116,0.34525561332702637,0.41524261236190796,0.32360297441482544,0.29609906673431396,118,0
3.011712074279785,6,5,0.75607068836689,0.32842886447906494,0.3533642292022705,0.3467991352081299,0.5269734859466553,0.5337446928024292,0.4601457715034485,0.4434056282043457,0.47443854808807373,0.44402259588241577,0.34867870807647705,0.33574211597442627,0.3353106379508972,0.33713263273239136,0.313995897769928,0.2918317914009094,0.3134775161743164,0.3090927004814148,0.3309732675552368,0.3943265676498413,0.4019750952720642,0.4127119183540344,0.39525866508483887,0.3588920831680298,0.362670361995697,0.4055103659629822,0.47270315885543823,0.3656077980995178,0.25068390369415283,118,0
1.4698108434677124,4,3,0.75607068836689,0.32007813453674316,0.353104829788208,0.3384634256362915,0.5133665204048157,0.5185524821281433,0.4546624422073364,0.4549252986907959,0.47199559211730957,0.44430243968963623,0.3417775630950928,0.3227301836013794,0.3293418288230896,0.3310399055480957,0.3099099397659302,0.27692049741744995,0.29678118228912354,0.2964777946472168,0.30951154232025146,0.3824530839920044,0.3845929503440857,0.38353002071380615,0.38308411836624146,0.3590322732925415,0.35099273920059204,0.3924102783203125,0.45131218433380127,0.3379579782485962,0.2640622854232788,118,1
2.664651393890381,3,2,0.75607068836689,0.3186948299407959,0.34859633445739746,0.3371983766555786,0.5203863978385925,0.5346274077892303,0.4772953391075134,0.469407320022583,0.49507832527160645,0.4647228717803955,0.3597280979156494,0.34589481353759766,0.35245341062545776,0.3420014977455139,0.3160255551338196,0.28568363189697266,0.3045925498008728,0.3006598949432373,0.3093874454498291,0.37378257513046265,0.351803183555603,0.350893497467041,0.33283162117004395,0.3033609390258789,0.2858933210372925,0.3026261329650879,0.35622477531433105,0.2808467149734497,0.2577834129333496,118,1
1.2621915340423584,19,18,0.75607068836689,0.37298357486724854,0.35741645097732544,0.34039896726608276,0.5024749338626862,0.4907742738723755,0.4546888470649719,0.45757025480270386,0.4858892560005188,0.4844472408294678,0.3790445923805237,0.3770051598548889,0.35764843225479126,0.3452587127685547,0.3224303126335144,0.32377874851226807,0.3507113456726074,0.36623454093933105,0.35444027185440063,0.35952597856521606,0.3298947811126709,0.31231141090393066,0.2877941131591797,0.271645188331604,0.28730452060699463,0.24576807022094727,0.24231970310211182,0.18857824802398682,0.20468008518218994,119,0
1.2373008728027344,6,5,0.75607068836689,0.3384936451911926,0.34031230211257935,0.33041250705718994,0.5007973611354828,0.4989579916000366,0.46283572912216187,0.46972543001174927,0.5006910860538483,0.5174751877784729,0.4518088102340698,0.4485434293746948,0.41582345962524414,0.4053691029548645,0.39250272512435913,0.41552573442459106,0.4280462861061096,0.45199501514434814,0.4269261360168457,0.41884660720825195,0.41106611490249634,0.39033079147338867,0.3765205144882202,0.3487403392791748,0.3722113370895386,0.29283905029296875,0.280856192111969,0.19962728023529053,0.11265206336975098,119,0
4.474599361419678,5,4,0.75607068836689,0.36724764108657837,0.35262882709503174,0.33449697494506836,0.5110825598239899,0.5158917605876923,0.46961110830307007,0.45757943391799927,0.5003218948841095,0.5024244785308838,0.43589508533477783,0.42098820209503174,0.3789438009262085,0.37381792068481445,0.3842160105705261,0.40470612049102783,0.4159621000289917,0.4645102024078369,0.4420110583305359,0.44047367572784424,0.38832539319992065,0.3485053777694702,0.32323819398880005,0.31961727142333984,0.3522866368293762,0.3098374605178833,0.29859793186187744,0.24994242191314697,0.22014516592025757,119,0
1.8528516292572021,12,10,0.75607068836689,0.3567826747894287,0.34718894958496094,0.3337758779525757,0.49290668964385986,0.47844642400741577,0.45060378313064575,0.46847039461135864,0.493130087852478,0.5212934613227844,0.44822484254837036,0.44665205478668213,0.4090951085090637,0.39659738540649414,0.37674885988235474,0.40383875370025635,0.41668879985809326,0.4430053234100342,0.4272000193595886,0.41483235359191895,0.40845412015914917,0.3948982357978821,0.39166224002838135,0.37292224168777466,0.40753161907196045,0.3147544264793396,0.3017469644546509,0.22855836153030396,0.13596045970916748,119,0
0.9066077470779419,9,8,0.75607068836689,0.35858917236328125,0.3517191410064697,0.3370124101638794,0.5069633722305298,0.4936602711677551,0.4576485753059387,0.46139538288116455,0.4742168188095093,0.47233760356903076,0.3766161799430847,0.3583449125289917,0.34004390239715576,0.33039307594299316,0.3265974521636963,0.3072826862335205,0.31865251064300537,0.33570587635040283,0.3220749497413635,0.332905113697052,0.3314661979675293,0.30472493171691895,0.30882978439331055,0.30354684591293335,0.34988826513290405,0.2844696044921875,0.2756761312484741,0.22598809003829956,0.19810926914215088,119,0
0.9255139231681824,11,9,0.75607068836689,0.3533223867416382,0.3521379232406616,0.3364431858062744,0.5006916224956512,0.49351000785827637,0.45464253425598145,0.4619595408439636,0.4798555374145508,0.4788099527359009,0.3729971647262573,0.35392558574676514,0.3388655185699463,0.31111520528793335,0.3009873032569885,0.28891074657440186,0.30232179164886475,0.3230245113372803,0.3079506754875183,0.33708417415618896,0.3238319754600525,0.303952693939209,0.30078089237213135,0.2862861156463623,0.32467103004455566,0.26865923404693604,0.26214587688446045,0.20545083284378052,0.15817123651504517,119,1
1.9093396663665771,11,9,0.75607068836689,0.3543851971626282,0.35477787256240845,0.3387688398361206,0.49905848503112793,0.489418625831604,0.44876039028167725,0.4544260501861572,0.4679863452911377,0.47179222106933594,0.373715341091156,0.3578726649284363,0.3371245265007019,0.3218592405319214,0.307745099067688,0.2987339496612549,0.30883586406707764,0.3361215591430664,0.3243507146835327,0.3292151093482971,0.34631961584091187,0.3288496732711792,0.3412325382232666,0.33104944229125977,0.37140023708343506,0.30304789543151855,0.29572808742523193,0.24154406785964966,0.20221483707427979,119,1
1.6514201164245605,8,7,0.75607068836689,0.35718220472335815,0.35226941108703613,0.33739912509918213,0.5092193782329559,0.49940407276153564,0.4608132839202881,0.4623910188674927,0.4738515615463257,0.46738123893737793,0.36144816875457764,0.3339475393295288,0.3148305416107178,0.30665117502212524,0.3065846562385559,0.29710161685943604,0.3130379915237427,0.32955658435821533,0.3157151937484741,0.3242607116699219,0.3005431890487671,0.27076923847198486,0.2515465021133423,0.24153923988342285,0.27682244777679443,0.22895371913909912,0.222242534160614,0.17512238025665283,0.13818585872650146,119,1
1.9472707509994507,17,14,0.8801468387246132,0.5157769322395325,0.4356817603111267,0.4133511185646057,0.5862439870834351,0.5599895715713501,0.49772483110427856,0.5380759239196777,0.5719660520553589,0.5795270800590515,0.4350813627243042,0.3984103202819824,0.37401384115219116,0.35672974586486816,0.33115488290786743,0.3281915783882141,0.3370705842971802,0.34857916831970215,0.321799099445343,0.3110418915748596,0.26923394203186035,0.24952733516693115,0.2356676459312439,0.18886560201644897,0.15369069576263428,0.11859524250030518,0.11792963743209839,0.122566819190979,0.07557141780853271,120,0
1.826438546180725,13,11,0.75607068836689,0.3772639036178589,0.3573780059814453,0.3469929099082947,0.512178897857666,0.4980590343475342,0.45268601179122925,0.46779942512512207,0.4899477958679199,0.5144660472869873,0.3722655177116394,0.3421212434768677,0.31803011894226074,0.3113715648651123,0.30276012420654297,0.30889445543289185,0.30976831912994385,0.30817824602127075,0.27987051010131836,0.2537371516227722,0.2128022313117981,0.17892873287200928,0.171411395072937,0.13407015800476074,0.11302876472473145,0.08582377433776855,0.08839952945709229,0.091339111328125,0.07904607057571411,120,0
2.019071340560913,17,15,0.75607068836689,0.38530421257019043,0.3576352596282959,0.34340763092041016,0.5104262828826904,0.49643152952194214,0.4422374367713928,0.46070778369903564,0.49385905265808105,0.522146999835968,0.38471120595932007,0.3467050790786743,0.33889585733413696,0.32739943265914917,0.30821555852890015,0.3002411127090454,0.30579668283462524,0.3058260679244995,0.2819403409957886,0.2721180319786072,0.22548353672027588,0.1950531005859375,0.18968069553375244,0.15082162618637085,0.12598979473114014,0.0961374044418335,0.0986819863319397,0.10217249393463135,0.06783193349838257,120,0
1.703182339668274,14,12,0.75607068836689,0.3812333345413208,0.3549782633781433,0.3426705002784729,0.507944643497467,0.49234628677368164,0.4441412687301636,0.4705698490142822,0.4947276711463928,0.5176942050457001,0.3648295998573303,0.33046114444732666,0.3167493939399719,0.3123863935470581,0.3054310083389282,0.31098371744155884,0.3164064884185791,0.3233162760734558,0.2947753071784973,0.26360654830932617,0.22634190320968628,0.18955767154693604,0.17890936136245728,0.14008104801177979,0.11704802513122559,0.09088623523712158,0.09367460012435913,0.09344834089279175,0.07450902462005615,120,0
0.9639427065849304,10,8,0.75607068836689,0.3660283088684082,0.3466916084289551,0.332273006439209,0.4991385340690613,0.49721020460128784,0.4554843306541443,0.466519832611084,0.48579084873199463,0.4998748302459717,0.36452001333236694,0.3264627456665039,0.29706913232803345,0.27864354848861694,0.2592059373855591,0.26462674140930176,0.2711656093597412,0.2650803327560425,0.24668234586715698,0.22776639461517334,0.19039344787597656,0.16251039505004883,0.1596977710723877,0.12574851512908936,0.10787808895111084,0.08216142654418945,0.0881471037864685,0.08998596668243408,0.07561063766479492,120,1
1.2928001880645752,13,10,0.75607068836689,0.3770933151245117,0.3603655695915222,0.34401100873947144,0.5132754445075989,0.5064230561256409,0.4609187841415405,0.4769253134727478,0.5015564858913422,0.5165888965129852,0.3853786587715149,0.3421008586883545,0.31162554025650024,0.2869988679885864,0.2687729001045227,0.2792224884033203,0.2867392301559448,0.28039634227752686,0.2579435706138611,0.2349504828453064,0.19846361875534058,0.168972909450531,0.16771024465560913,0.13263851404190063,0.11330229043960571,0.08549469709396362,0.0907239317893982,0.09469211101531982,0.08291614055633545,120,1
1.5159896612167358,12,10,0.75607068836689,0.3681509494781494,0.3480755090713501,0.3335481882095337,0.509601891040802,0.5058566927909851,0.4546099305152893,0.47227275371551514,0.49676287174224854,0.5125907063484192,0.37322723865509033,0.33574217557907104,0.31152117252349854,0.29482197761535645,0.26466453075408936,0.2665848731994629,0.2749866843223572,0.2674710750579834,0.24889087677001953,0.23366063833236694,0.20068657398223877,0.1727115511894226,0.17008578777313232,0.13056790828704834,0.11104029417037964,0.0844300389289856,0.08842015266418457,0.09109050035476685,0.0790814757347107,120,1
1.6664271354675293,8,6,0.75607068836689,0.3776635527610779,0.35869139432907104,0.33931857347488403,0.5049264430999756,0.5073615610599518,0.47119176387786865,0.4864227771759033,0.5233539044857025,0.5314960777759552,0.3985038995742798,0.35697489976882935,0.3275289535522461,0.30839645862579346,0.2828744649887085,0.29665541648864746,0.2994474172592163,0.2914493680000305,0.2712979316711426,0.2501184344291687,0.20618021488189697,0.17792296409606934,0.17548036575317383,0.13772344589233398,0.11989164352416992,0.09083825349807739,0.0967441201210022,0.10330569744110107,0.07842403650283813,120,1
1.270309329032898,10,8,0.75607068836689,0.377518892288208,0.35166484117507935,0.3413665294647217,0.5188467502593994,0.5095534026622772,0.4798089861869812,0.4793333411216736,0.5165871977806091,0.5127078592777252,0.38366544246673584,0.38657820224761963,0.3623831868171692,0.3423769474029541,0.3125542402267456,0.3135557770729065,0.3054921627044678,0.29241806268692017,0.27472496032714844,0.27483808994293213,0.25994348526000977,0.2508501410484314,0.24584025144577026,0.20829647779464722,0.17576521635055542,0.1366136074066162,0.13742029666900635,0.12787163257598877,0.11775738000869751,121,0
2.026914119720459,6,4,0.75607068836689,0.3639453649520874,0.3491746187210083,0.33947861194610596,0.5163314044475555,0.5058438181877136,0.4801517128944397,0.47460126876831055,0.5293642580509186,0.5324147641658783,0.42510712146759033,0.42760515213012695,0.3917650580406189,0.3656612038612366,0.3307649493217468,0.32071518898010254,0.31400567293167114,0.30153733491897583,0.2821143865585327,0.27801668643951416,0.250262975692749,0.23535054922103882,0.22578072547912598,0.18357515335083008,0.15420949459075928,0.11665087938308716,0.11708098649978638,0.10682141780853271,0.08927929401397705,121,0
1.7002211809158325,11,8,0.75607068836689,0.3718383312225342,0.36001020669937134,0.3597326874732971,0.5380992293357849,0.5099549293518066,0.4756137728691101,0.49192333221435547,0.5239576697349548,0.5160350799560547,0.38367795944213867,0.3701687455177307,0.34341001510620117,0.32437044382095337,0.30706286430358887,0.29014265537261963,0.2963804006576538,0.28247642517089844,0.26766496896743774,0.2752249836921692,0.24472856521606445,0.2218514084815979,0.21151357889175415,0.17237120866775513,0.15825951099395752,0.11709779500961304,0.11737263202667236,0.10261565446853638,0.06720614433288574,121,0
1.49141526222229,8,7,0.75607068836689,0.361966609954834,0.34850412607192993,0.338345468044281,0.5166921615600586,0.5141552984714508,0.4799337387084961,0.4811432361602783,0.5092770159244537,0.511416107416153,0.39506131410598755,0.40190571546554565,0.37268584966659546,0.3455328941345215,0.3127064108848572,0.3125377297401428,0.30372917652130127,0.29197609424591064,0.2759031653404236,0.2743838429450989,0.2444390058517456,0.2404651641845703,0.2395228147506714,0.20367586612701416,0.17507481575012207,0.13489818572998047,0.13488566875457764,0.12616097927093506,0.10691702365875244,121,0
1.2559460401535034,5,4,0.75607068836689,0.3645814061164856,0.3480343818664551,0.3413318395614624,0.5255571603775024,0.5025730729103088,0.4740089774131775,0.4849436283111572,0.4982234835624695,0.5020556449890137,0.3640177249908447,0.3533005714416504,0.32739758491516113,0.29520541429519653,0.27440160512924194,0.2674676775932312,0.25861436128616333,0.2570074200630188,0.2556490898132324,0.2512902021408081,0.22902339696884155,0.22005200386047363,0.22039347887039185,0.18894565105438232,0.17519736289978027,0.13618206977844238,0.1361687183380127,0.11852693557739258,0.07589602470397949,121,1
1.810572862625122,5,4,0.75607068836689,0.35916489362716675,0.34393417835235596,0.33829736709594727,0.5191375613212585,0.4994933605194092,0.47379565238952637,0.48334598541259766,0.49625682830810547,0.4980396628379822,0.3653700351715088,0.35809385776519775,0.3374786376953125,0.3155885338783264,0.2863977551460266,0.294389009475708,0.2840809226036072,0.27735650539398193,0.26979541778564453,0.2721121311187744,0.24271363019943237,0.22050148248672485,0.20832347869873047,0.17015677690505981,0.14986127614974976,0.11124390363693237,0.1113426685333252,0.09597009420394897,0.06663823127746582,121,1
2.392610549926758,5,4,0.75607068836689,0.36625146865844727,0.3523387908935547,0.3456476926803589,0.5331100821495056,0.5117740333080292,0.4818280339241028,0.4954310655593872,0.5137245059013367,0.5129062235355377,0.38414204120635986,0.3738666772842407,0.3488408923149109,0.3197890520095825,0.29829370975494385,0.29988980293273926,0.2919873595237732,0.2894059419631958,0.2905700206756592,0.2852160334587097,0.27312058210372925,0.26103514432907104,0.24574190378189087,0.21051478385925293,0.18859905004501343,0.1416880488395691,0.13650918006896973,0.12233865261077881,0.06878149509429932,121,1
2.6353628635406494,6,5,0.75607068836689,0.3656129837036133,0.35147589445114136,0.3438118100166321,0.5320937037467957,0.5112136602401733,0.47623032331466675,0.4864632487297058,0.5068687796592712,0.5001660287380219,0.37113797664642334,0.36551862955093384,0.3426274061203003,0.30740052461624146,0.2937317490577698,0.297782838344574,0.293565571308136,0.2877720594406128,0.28826725482940674,0.2817584276199341,0.24773025512695312,0.22726750373840332,0.217041015625,0.1831493377685547,0.1604810357093811,0.11836802959442139,0.11379420757293701,0.10076552629470825,0.05853009223937988,121,1
0.8573418855667114,13,11,0.75607068836689,0.3723384141921997,0.36091816425323486,0.3543981909751892,0.5317238569259644,0.49954289197921753,0.46948009729385376,0.481648325920105,0.5088581442832947,0.5331069231033325,0.40153688192367554,0.3705201745033264,0.35226500034332275,0.32446759939193726,0.3202652931213379,0.3388909101486206,0.3364245295524597,0.3359200954437256,0.31881260871887207,0.3033183217048645,0.2710515856742859,0.24563032388687134,0.23836863040924072,0.19512373208999634,0.16988080739974976,0.13392335176467896,0.1342509388923645,0.11365985870361328,0.09123843908309937,122,0
1.224523663520813,11,9,0.75607068836689,0.3740009069442749,0.35458749532699585,0.34289246797561646,0.5148762464523315,0.49519115686416626,0.4692620635032654,0.4758729934692383,0.5059093832969666,0.5125901997089386,0.3880407214164734,0.3588640093803406,0.3387235403060913,0.3336009979248047,0.30431437492370605,0.28574931621551514,0.2891532778739929,0.3126542568206787,0.2876780033111572,0.26085710525512695,0.22453290224075317,0.19827234745025635,0.1919870376586914,0.1605290174484253,0.13648951053619385,0.10439932346343994,0.10453170537948608,0.10073453187942505,0.10962599515914917,122,0
1.4268640279769897,12,8,0.75607068836689,0.37083864212036133,0.35833466053009033,0.3520103096961975,0.5261686146259308,0.4992617964744568,0.4755803346633911,0.4902675151824951,0.5211244821548462,0.5526860356330872,0.41566526889801025,0.3788747787475586,0.3570002317428589,0.33259284496307373,0.31432420015335083,0.3385133743286133,0.34473979473114014,0.35831356048583984,0.34173494577407837,0.3207967281341553,0.31165164709091187,0.2876676321029663,0.2768635153770447,0.21661442518234253,0.18224799633026123,0.13229137659072876,0.1249687671661377,0.10624384880065918,0.09128719568252563,122,0
0.9899858236312866,12,9,0.75607068836689,0.3693515658378601,0.3552110195159912,0.34927529096603394,0.5246808528900146,0.5084452629089355,0.4833616018295288,0.4923749566078186,0.522807240486145,0.5495534539222717,0.4207955002784729,0.3843446373939514,0.37475675344467163,0.3522316813468933,0.338325560092926,0.3252279758453369,0.32699716091156006,0.3404925465583801,0.3236798644065857,0.30746543407440186,0.27540791034698486,0.257004976272583,0.2543085217475891,0.21349835395812988,0.18123477697372437,0.13895463943481445,0.14070028066635132,0.13251996040344238,0.1057593822479248,122,0
1.3990520238876343,13,10,0.75607068836689,0.3762943744659424,0.36292678117752075,0.3561636209487915,0.5333055853843689,0.5063574314117432,0.47202134132385254,0.4819234013557434,0.5050302147865295,0.526600569486618,0.40406227111816406,0.3583282232284546,0.34104490280151367,0.31927812099456787,0.3036905527114868,0.3045380115509033,0.30222266912460327,0.3115074038505554,0.29416531324386597,0.2768624424934387,0.2568758726119995,0.2438734769821167,0.2459723949432373,0.2073008418083191,0.18011552095413208,0.13507813215255737,0.1327664852142334,0.1167062520980835,0.08640676736831665,122,0
1.2552039623260498,11,8,0.75607068836689,0.37061357498168945,0.3477601408958435,0.3418124318122864,0.5136380791664124,0.49677127599716187,0.46909481287002563,0.4774831533432007,0.5082660019397736,0.5175278186798096,0.3858659267425537,0.3541727066040039,0.3412057161331177,0.33107197284698486,0.30947935581207275,0.299260675907135,0.3018820881843567,0.32574713230133057,0.3053910732269287,0.28489816188812256,0.24610257148742676,0.2221590280532837,0.21648180484771729,0.18484437465667725,0.16147398948669434,0.13436198234558105,0.13645565509796143,0.1313132643699646,0.10914027690887451,122,0
1.5478432178497314,16,14,0.75607068836689,0.371601939201355,0.3622093200683594,0.354391872882843,0.5237364172935486,0.5007920265197754,0.4688833951950073,0.4839877486228943,0.5126901268959045,0.5350589156150818,0.39787256717681885,0.37026160955429077,0.3519771099090576,0.3298598527908325,0.3214784264564514,0.30109232664108276,0.2975432872772217,0.31373655796051025,0.298331618309021,0.3028026223182678,0.30447399616241455,0.29238998889923096,0.3063344359397888,0.2644258737564087,0.22913038730621338,0.18217533826828003,0.17502260208129883,0.1397525668144226,0.10223078727722168,122,1
1.7987712621688843,10,8,0.75607068836689,0.377330482006073,0.35660552978515625,0.3517264127731323,0.5257734656333923,0.49720847606658936,0.47482603788375854,0.49147897958755493,0.5173515975475311,0.5412343740463257,0.41019052267074585,0.37432897090911865,0.35944294929504395,0.33446478843688965,0.31798452138900757,0.3496623635292053,0.34998565912246704,0.372977077960968,0.3578779101371765,0.3311220407485962,0.29727113246917725,0.2599412202835083,0.23282921314239502,0.18721044063568115,0.161810040473938,0.11974221467971802,0.11677694320678711,0.10928285121917725,0.10014522075653076,122,1
1.7987005710601807,12,10,0.75607068836689,0.3723416328430176,0.35784101486206055,0.3478938341140747,0.5160439610481262,0.4877033829689026,0.46070611476898193,0.47500836849212646,0.49911439418792725,0.5187362730503082,0.39757001399993896,0.3579651713371277,0.3395068645477295,0.308560311794281,0.2957814931869507,0.28077614307403564,0.2801086902618408,0.2956266403198242,0.2782822847366333,0.2714819312095642,0.26024895906448364,0.23698711395263672,0.2416781187057495,0.20167338848114014,0.17511433362960815,0.13134562969207764,0.12968748807907104,0.10601979494094849,0.10632342100143433,122,1
1.5232021808624268,12,10,0.75607068836689,0.3731898069381714,0.35786914825439453,0.3531016707420349,0.5279660224914551,0.5101960301399231,0.48019134998321533,0.49708569049835205,0.5322123467922211,0.557320237159729,0.4409945607185364,0.41019123792648315,0.3834647536277771,0.36171817779541016,0.34793370962142944,0.32111120223999023,0.31091469526290894,0.3260817527770996,0.299608051776886,0.2840750813484192,0.2662732005119324,0.2535915970802307,0.2589656710624695,0.21959161758422852,0.18981564044952393,0.1442968249320984,0.1396491527557373,0.1135665774345398,0.08827406167984009,122,1
1.8764163255691528,9,7,0.75607068836689,0.37564748525619507,0.35524284839630127,0.3457714319229126,0.5280702114105225,0.5007806122303009,0.4764673113822937,0.48428332805633545,0.5073793828487396,0.5254135727882385,0.3894973397254944,0.3525731563568115,0.3370975852012634,0.31611377000808716,0.29193180799484253,0.2957063913345337,0.28799402713775635,0.31264299154281616,0.2996448874473572,0.3117018938064575,0.3163056969642639,0.30576300621032715,0.32186150550842285,0.2831880450248718,0.2441617250442505,0.19506335258483887,0.18860042095184326,0.1537458896636963,0.09553730487823486,122,1
1.2197232246398926,11,9,0.75607068836689,0.36184048652648926,0.3588029146194458,0.34089452028274536,0.5056703686714172,0.4982202649116516,0.4672397971153259,0.47482889890670776,0.4969870448112488,0.5038810968399048,0.3899627923965454,0.35657811164855957,0.330899715423584,0.3228520154953003,0.31687653064727783,0.31137871742248535,0.31904691457748413,0.3066290616989136,0.2934178113937378,0.2929419279098511,0.28811347484588623,0.29828882217407227,0.2958201766014099,0.2742537260055542,0.2371898889541626,0.2085813283920288,0.21185696125030518,0.18746650218963623,0.1648120880126953,123,0
2.09057354927063,12,9,0.75607068836689,0.3672332167625427,0.35897350311279297,0.34289461374282837,0.5138190984725952,0.5047125220298767,0.4786331057548523,0.4968845844268799,0.5483914911746979,0.560122013092041,0.4464057683944702,0.4040905833244324,0.37887442111968994,0.37640345096588135,0.36399781703948975,0.3479885458946228,0.35145652294158936,0.3302408456802368,0.3150397539138794,0.31391632556915283,0.28248482942581177,0.29173964262008667,0.31147849559783936,0.27590250968933105,0.2700159549713135,0.21920549869537354,0.2191300392150879,0.18258404731750488,0.10985714197158813,123,0
3.798922061920166,10,9,0.75607068836689,0.3805326223373413,0.37351876497268677,0.3537217378616333,0.5244645774364471,0.4999983310699463,0.4714024066925049,0.48640215396881104,0.5165724158287048,0.5476102232933044,0.42406487464904785,0.39148563146591187,0.37391161918640137,0.3777042627334595,0.367948055267334,0.36003565788269043,0.3660966157913208,0.3423187732696533,0.32332611083984375,0.33404338359832764,0.30739015340805054,0.3173835873603821,0.3160232901573181,0.2864103317260742,0.23388272523880005,0.20903337001800537,0.22604906558990479,0.19728970527648926,0.1400325894355774,123,0
0.7941131591796875,13,9,0.75607068836689,0.37792009115219116,0.3667454719543457,0.35086119174957275,0.532242476940155,0.5052700042724609,0.47612202167510986,0.48899954557418823,0.5070785880088806,0.5307830572128296,0.40356969833374023,0.364459753036499,0.3379913568496704,0.32675474882125854,0.317014217376709,0.3061785101890564,0.30629950761795044,0.30855244398117065,0.3026844263076782,0.30424243211746216,0.3156620264053345,0.32969170808792114,0.36042582988739014,0.33936047554016113,0.3371073007583618,0.28062325716018677,0.2779476046562195,0.22287917137145996,0.1366826891899109,123,1
1.1841715574264526,15,11,0.75607068836689,0.37329769134521484,0.3671720027923584,0.3507930040359497,0.5280411839485168,0.4918830394744873,0.4616076946258545,0.48013919591903687,0.5063896179199219,0.5205941796302795,0.40026503801345825,0.3628275990486145,0.33143049478530884,0.3235933780670166,0.3224787712097168,0.3089233636856079,0.3200266361236572,0.3251470923423767,0.31793177127838135,0.3208814859390259,0.3290226459503174,0.3511819839477539,0.39364373683929443,0.37971973419189453,0.38852590322494507,0.32360512018203735,0.3153141140937805,0.25044554471969604,0.14201891422271729,123,1
1.7900099754333496,22,19,0.75607068836689,0.3884003162384033,0.3673446774482727,0.3607748746871948,0.533402293920517,0.5078031718730927,0.47617971897125244,0.4973717927932739,0.5339677631855011,0.5508551895618439,0.4344714879989624,0.4021323323249817,0.38080501556396484,0.37145310640335083,0.3551158308982849,0.353451669216156,0.37048012018203735,0.35934776067733765,0.3258819580078125,0.29562699794769287,0.25330406427383423,0.23277872800827026,0.21742671728134155,0.16885948181152344,0.14748597145080566,0.11399596929550171,0.11551988124847412,0.11815142631530762,0.12119638919830322,124,0
1.8142160177230835,16,12,0.75607068836689,0.3781241178512573,0.35944920778274536,0.35043418407440186,0.5024749338626862,0.4900240898132324,0.46995317935943604,0.48057931661605835,0.509196549654007,0.5340535044670105,0.40648341178894043,0.3800463080406189,0.35985618829727173,0.3606569766998291,0.35080844163894653,0.3449445962905884,0.3552771210670471,0.3405359387397766,0.33044981956481934,0.3259613513946533,0.30476754903793335,0.2913280725479126,0.2714698314666748,0.22631895542144775,0.195298969745636,0.15262818336486816,0.1580367088317871,0.16178274154663086,0.16124111413955688,124,0
2.3574326038360596,9,6,0.75607068836689,0.371271014213562,0.3696666359901428,0.3576415777206421,0.541464626789093,0.5230645537376404,0.4943738579750061,0.521479606628418,0.5491829216480255,0.565307229757309,0.45530712604522705,0.41239798069000244,0.3893090486526489,0.3686073422431946,0.3550248146057129,0.37235957384109497,0.384067177772522,0.38663721084594727,0.3409702777862549,0.30612409114837646,0.26617538928985596,0.24700582027435303,0.24008893966674805,0.18905413150787354,0.16264522075653076,0.1237555742263794,0.1241726279258728,0.1224827766418457,0.10132598876953125,124,0
0.7417904138565063,14,11,0.75607068836689,0.376173198223114,0.36070144176483154,0.3472881317138672,0.5145145058631897,0.4943578839302063,0.46891140937805176,0.480105996131897,0.508560061454773,0.5302805304527283,0.40677422285079956,0.3653643727302551,0.3582339882850647,0.358551561832428,0.32649093866348267,0.30457574129104614,0.3150430917739868,0.3230739235877991,0.2982679605484009,0.27502524852752686,0.23840481042861938,0.21601223945617676,0.20447039604187012,0.15992283821105957,0.13663643598556519,0.10717415809631348,0.1065218448638916,0.10294228792190552,0.08191561698913574,124,1
0.7581682205200195,15,12,0.75607068836689,0.37133634090423584,0.3565250635147095,0.34382206201553345,0.5175537467002869,0.4962204694747925,0.468389093875885,0.479109525680542,0.5047916769981384,0.5228712260723114,0.3995487093925476,0.36079174280166626,0.3505536913871765,0.34277236461639404,0.32500219345092773,0.30010300874710083,0.311872661113739,0.3134791851043701,0.2942360043525696,0.277754545211792,0.24847644567489624,0.22870945930480957,0.21797233819961548,0.1687527298927307,0.14454185962677002,0.11073040962219238,0.10831868648529053,0.10182338953018188,0.057647109031677246,124,1
1.2152353525161743,17,14,0.75607068836689,0.3777381181716919,0.36461013555526733,0.3483140468597412,0.5117781162261963,0.49442797899246216,0.46847814321517944,0.4875125288963318,0.5156872868537903,0.5403119921684265,0.4221574664115906,0.3809802532196045,0.3707907199859619,0.35930877923965454,0.3417399525642395,0.3226824998855591,0.3263559937477112,0.3270130157470703,0.3140604496002197,0.28747910261154175,0.23667454719543457,0.21411633491516113,0.2030172348022461,0.15273118019104004,0.12946075201034546,0.0989311933517456,0.09983998537063599,0.09819960594177246,0.06323623657226562,124,1
1.2980209589004517,14,11,0.75607068836689,0.3740888237953186,0.3607972264289856,0.34888607263565063,0.5178399085998535,0.494373619556427,0.4700509309768677,0.4856945872306824,0.5182082056999207,0.5457266867160797,0.42405402660369873,0.3765994906425476,0.3693697452545166,0.3709111213684082,0.33284515142440796,0.3207783102989197,0.3234471082687378,0.3353170156478882,0.31363582611083984,0.2851763963699341,0.24281036853790283,0.22454774379730225,0.21236932277679443,0.17237329483032227,0.15044176578521729,0.12007361650466919,0.12010157108306885,0.1262381672859192,0.14979839324951172,124,1
0.4938167333602905,11,5,0.75607068836689,0.3708193302154541,0.3615373373031616,0.3412264585494995,0.5176319777965546,0.5153139233589172,0.4726804494857788,0.4882253408432007,0.5093384385108948,0.5360147953033447,0.44451868534088135,0.43207448720932007,0.4127116799354553,0.3983486294746399,0.37587881088256836,0.3762533664703369,0.3718695640563965,0.3748810291290283,0.3729250431060791,0.39071983098983765,0.3493536710739136,0.34745413064956665,0.32214218378067017,0.2782481908798218,0.23093581199645996,0.18889528512954712,0.18467122316360474,0.16173171997070312,0.4443551301956177,125,0
0.9411889910697937,11,7,0.75607068836689,0.34804338216781616,0.35385316610336304,0.3328808546066284,0.4989436864852905,0.4987926483154297,0.4557056427001953,0.45795297622680664,0.46568483114242554,0.4734932780265808,0.38476836681365967,0.36256545782089233,0.36129432916641235,0.3431187868118286,0.3191261291503906,0.3253554105758667,0.33824682235717773,0.33551281690597534,0.349141001701355,0.370502233505249,0.34717392921447754,0.3549034595489502,0.34515565633773804,0.31109774112701416,0.2610955238342285,0.21155983209609985,0.20299851894378662,0.16340184211730957,0.34625810384750366,125,0
4.818418979644775,5,4,0.75607068836689,0.36418378353118896,0.3573499917984009,0.33397984504699707,0.5165991187095642,0.5203962922096252,0.4739576578140259,0.46622276306152344,0.5102120637893677,0.5065839886665344,0.42729806900024414,0.42062878608703613,0.39981186389923096,0.40657079219818115,0.40265315771102905,0.4300362467765808,0.4194266200065613,0.4329306483268738,0.4462248682975769,0.47855669260025024,0.4247702956199646,0.4347500801086426,0.40768951177597046,0.37660831212997437,0.3215405344963074,0.2639733552932739,0.25005191564559937,0.2173980474472046,0.4177417755126953,125,0
1.188592791557312,9,6,0.75607068836689,0.3459628224372864,0.35281240940093994,0.3338703513145447,0.494690477848053,0.4969749450683594,0.454697847366333,0.4544674754142761,0.4665660858154297,0.47711604833602905,0.3771706819534302,0.3487468361854553,0.3488905429840088,0.33406054973602295,0.3096413016319275,0.30232441425323486,0.3124825954437256,0.3077918291091919,0.32588034868240356,0.34928977489471436,0.33145761489868164,0.3541593551635742,0.35098665952682495,0.3141249418258667,0.260537326335907,0.2043434977531433,0.19366705417633057,0.15959835052490234,0.4369293451309204,125,1
1.0472806692123413,12,8,0.75607068836689,0.3506282567977905,0.35475677251815796,0.33477509021759033,0.49871981143951416,0.4991907477378845,0.4561549425125122,0.4568485617637634,0.46245819330215454,0.4628598093986511,0.3614327907562256,0.34879398345947266,0.35768038034439087,0.33839213848114014,0.3124893307685852,0.3135533928871155,0.3175239562988281,0.3218899965286255,0.33018696308135986,0.34150636196136475,0.31048113107681274,0.3306649923324585,0.32965898513793945,0.295322060585022,0.24561500549316406,0.19301635026931763,0.18429642915725708,0.15474140644073486,0.4613056778907776,125,1
1.3798128366470337,9,6,0.75607068836689,0.345902681350708,0.3531724214553833,0.3336275815963745,0.49590790271759033,0.4966861605644226,0.4524630904197693,0.4522377848625183,0.46212995052337646,0.46881479024887085,0.3728218078613281,0.3466482162475586,0.34329843521118164,0.32747507095336914,0.30682528018951416,0.29926490783691406,0.3115875720977783,0.3074604272842407,0.32444387674331665,0.35213810205459595,0.32074451446533203,0.3458946943283081,0.3442472219467163,0.31164395809173584,0.26083511114120483,0.2043231725692749,0.19348198175430298,0.16069966554641724,0.45029497146606445,125,1
1.264085292816162,9,6,0.75607068836689,0.3467588424682617,0.35367536544799805,0.33415770530700684,0.49600088596343994,0.49675703048706055,0.45357799530029297,0.453943133354187,0.46457672119140625,0.4749884605407715,0.37589776515960693,0.34846246242523193,0.34672677516937256,0.3327277898788452,0.3092131018638611,0.30059754848480225,0.31202232837677,0.30719876289367676,0.3252756595611572,0.34971970319747925,0.32329511642456055,0.34717702865600586,0.34586089849472046,0.3117991089820862,0.26027560234069824,0.2030908465385437,0.192646324634552,0.15990304946899414,0.4574272632598877,125,1
1.3587288856506348,13,12,0.75607068836689,0.3600170612335205,0.3441731929779053,0.3328174948692322,0.49481844902038574,0.4939221143722534,0.4548400044441223,0.46977323293685913,0.49905097484588623,0.5100627541542053,0.3681725859642029,0.3433789014816284,0.33013463020324707,0.3209114074707031,0.2911815047264099,0.2958141565322876,0.3115018606185913,0.32617509365081787,0.312064528465271,0.3286978006362915,0.3859567642211914,0.36192071437835693,0.3907960057258606,0.3434067964553833,0.3188454508781433,0.2579953670501709,0.27645283937454224,0.2642822265625,0.26233935356140137,126,0
0.8078972697257996,15,13,0.75607068836689,0.3674283027648926,0.3553581237792969,0.34463346004486084,0.5214758515357971,0.4954959750175476,0.4554072618484497,0.4788910150527954,0.49609649181365967,0.5292375981807709,0.4011441469192505,0.36667096614837646,0.3460332155227661,0.3394131064414978,0.2941790819168091,0.31198203563690186,0.3241809010505676,0.33473140001296997,0.3193798065185547,0.3453117609024048,0.3694133758544922,0.35752934217453003,0.37993502616882324,0.3334944248199463,0.31414395570755005,0.25260162353515625,0.2623969316482544,0.24421918392181396,0.21083003282546997,126,0
1.294079065322876,18,16,0.75607068836689,0.36772477626800537,0.3513246774673462,0.34980106353759766,0.5150502324104309,0.49833422899246216,0.4490412473678589,0.4724639058113098,0.5088634192943573,0.5397417545318604,0.40754371881484985,0.3727719783782959,0.3578692674636841,0.3660845160484314,0.3448859453201294,0.34454697370529175,0.3473494052886963,0.3704800605773926,0.3633840084075928,0.35811156034469604,0.3742241859436035,0.3615555167198181,0.3804771304130554,0.3279116153717041,0.3061639666557312,0.24516510963439941,0.24163818359375,0.22569680213928223,0.16092145442962646,126,1
1.7386553287506104,18,16,0.75607068836689,0.36636751890182495,0.34921133518218994,0.341904878616333,0.5106385350227356,0.4882439374923706,0.4435136318206787,0.4736712574958801,0.5135878920555115,0.5428019165992737,0.41819870471954346,0.38459718227386475,0.37696951627731323,0.37992823123931885,0.347136914730072,0.35586023330688477,0.35252392292022705,0.37524348497390747,0.36022984981536865,0.3550798296928406,0.3559304475784302,0.3460986614227295,0.3675578236579895,0.3154296875,0.29802292585372925,0.23724853992462158,0.24161356687545776,0.2303178906440735,0.1761142611503601,126,1
1.0562567710876465,15,13,0.75607068836689,0.36883294582366943,0.34626877307891846,0.33374345302581787,0.5012973248958588,0.4908190965652466,0.4481510519981384,0.4594970941543579,0.4797913432121277,0.4993959665298462,0.3723195791244507,0.3421977758407593,0.3351149559020996,0.3312649130821228,0.29532134532928467,0.30424976348876953,0.30526840686798096,0.3381993770599365,0.32921987771987915,0.3400108814239502,0.3557831048965454,0.34371745586395264,0.3742823600769043,0.3268078565597534,0.31068360805511475,0.2488194704055786,0.2532995343208313,0.2357625961303711,0.18696975708007812,126,1
0.924701988697052,14,12,0.75607068836689,0.36800020933151245,0.35705673694610596,0.3448261022567749,0.5304357409477234,0.5027599930763245,0.4509773850440979,0.4648822546005249,0.48711085319519043,0.5147428512573242,0.3833717107772827,0.3493020534515381,0.3371462821960449,0.3260195851325989,0.2744220495223999,0.2705221176147461,0.2696300148963928,0.2931712865829468,0.3028486967086792,0.31684553623199463,0.36369019746780396,0.3710043430328369,0.4154675006866455,0.364760160446167,0.33922815322875977,0.2546200752258301,0.2521914839744568,0.22011733055114746,0.12214303016662598,126,1
4.23064661026001,5,4,0.75607068836689,0.38976508378982544,0.3664739727973938,0.3435208797454834,0.5275481343269348,0.5324443578720093,0.5013414025306702,0.4944848418235779,0.5581955313682556,0.5645317435264587,0.4856586456298828,0.4522983431816101,0.4212520122528076,0.4269595742225647,0.42844271659851074,0.4439447522163391,0.4458685517311096,0.4683377146720886,0.440615177154541,0.44086629152297974,0.3964107632637024,0.37247008085250854,0.38519585132598877,0.3591808080673218,0.29355067014694214,0.2520418167114258,0.24264800548553467,0.23409318923950195,0.22282660007476807,127,0
2.579608678817749,5,4,0.75607068836689,0.37730491161346436,0.36120086908340454,0.3479645252227783,0.5335365533828735,0.5246400535106659,0.4930659532546997,0.5011146068572998,0.5325643420219421,0.5451280474662781,0.43866783380508423,0.4208046793937683,0.38127851486206055,0.38133299350738525,0.3705219626426697,0.36180543899536133,0.3761535882949829,0.3948698043823242,0.3643326759338379,0.37597906589508057,0.35110390186309814,0.33342039585113525,0.33407002687454224,0.30648934841156006,0.2509850263595581,0.20311087369918823,0.2019558548927307,0.19069409370422363,0.20530742406845093,127,0
2.723433256149292,6,5,0.75607068836689,0.3829902410507202,0.363727331161499,0.3448997735977173,0.5183022618293762,0.5275469124317169,0.5076475739479065,0.4824081063270569,0.5402328073978424,0.5355310440063477,0.421514093875885,0.4115017056465149,0.381804883480072,0.3643221855163574,0.3573406934738159,0.36823779344558716,0.3847915530204773,0.39542901515960693,0.3773661255836487,0.40834230184555054,0.400145947933197,0.39430171251296997,0.37661033868789673,0.3524045944213867,0.2833343744277954,0.23222732543945312,0.2302694320678711,0.2150561809539795,0.24845731258392334,127,0
0.9879930019378662,14,12,0.75607068836689,0.3892664909362793,0.36237823963165283,0.344851016998291,0.5087408423423767,0.49302029609680176,0.47080135345458984,0.4790958762168884,0.5208030045032501,0.5413240492343903,0.4226306676864624,0.3998938202857971,0.36487603187561035,0.364764928817749,0.34986841678619385,0.35311049222946167,0.38560736179351807,0.39679741859436035,0.387457013130188,0.4230489730834961,0.4083622694015503,0.4074859023094177,0.40550661087036133,0.39906007051467896,0.34457629919052124,0.303463339805603,0.29319727420806885,0.27826112508773804,0.31864893436431885,127,1
1.3205909729003906,13,11,0.75607068836689,0.394467830657959,0.37283480167388916,0.35193222761154175,0.5190502405166626,0.4986031651496887,0.47469210624694824,0.4864872694015503,0.5175504684448242,0.5291357338428497,0.4031892418861389,0.377041757106781,0.34089356660842896,0.34282803535461426,0.34163224697113037,0.3279738426208496,0.36243075132369995,0.38646453619003296,0.370588481426239,0.412273645401001,0.404657781124115,0.4079313278198242,0.4097011089324951,0.40691399574279785,0.3610178232192993,0.3267024755477905,0.32221949100494385,0.3227982521057129,0.36441493034362793,127,1
1.1397578716278076,17,13,0.75607068836689,0.38871467113494873,0.36069750785827637,0.3444393277168274,0.5144646167755127,0.48987865447998047,0.4650169014930725,0.4806062579154968,0.5224153399467468,0.5347816348075867,0.41949784755706787,0.3956466317176819,0.35301530361175537,0.3541257977485657,0.3381865620613098,0.33968687057495117,0.37487614154815674,0.39623725414276123,0.3859425187110901,0.42059820890426636,0.3916993737220764,0.3996967077255249,0.4050542116165161,0.39706653356552124,0.3417896628379822,0.3017050623893738,0.28914690017700195,0.27187246084213257,0.31670814752578735,127,1
1.956217885017395,14,12,0.75607068836689,0.3887937068939209,0.367493212223053,0.3495464324951172,0.5190277695655823,0.5034529566764832,0.47987037897109985,0.49537134170532227,0.5368726849555969,0.558142900466919,0.44238054752349854,0.41845595836639404,0.38186389207839966,0.37746554613113403,0.3610115051269531,0.3369758725166321,0.36457425355911255,0.38252145051956177,0.3555852174758911,0.3797391653060913,0.3337266445159912,0.32827597856521606,0.3411015272140503,0.3359488248825073,0.3024217486381531,0.27349430322647095,0.27107495069503784,0.2730672359466553,0.29017800092697144,127,1
1.9077199697494507,10,9,0.75607068836689,0.36608922481536865,0.3542889952659607,0.32779890298843384,0.5186043977737427,0.5361436903476715,0.4916301965713501,0.4916608929634094,0.5079864859580994,0.519056499004364,0.40615206956863403,0.4130847454071045,0.36771899461746216,0.35781562328338623,0.3590974807739258,0.3283489942550659,0.32013750076293945,0.30776405334472656,0.29836463928222656,0.3769681453704834,0.33851367235183716,0.3155268430709839,0.32607465982437134,0.29436230659484863,0.25645697116851807,0.22981584072113037,0.23676186800003052,0.20479369163513184,0.13833099603652954,128,0
2.9576635360717773,14,12,0.75607068836689,0.3688551187515259,0.36042118072509766,0.3370664119720459,0.5181109309196472,0.520304799079895,0.4799710512161255,0.5009229779243469,0.5167557597160339,0.5337590277194977,0.41736501455307007,0.4082176685333252,0.36902713775634766,0.3571218252182007,0.3636218309402466,0.3483281135559082,0.3317403793334961,0.33135199546813965,0.32765185832977295,0.35642534494400024,0.36500978469848633,0.36302196979522705,0.4090994596481323,0.399516224861145,0.37999963760375977,0.3653024435043335,0.36958789825439453,0.3166605234146118,0.207383930683136,128,0
0.5810219645500183,20,17,0.8801468387246132,0.49834877252578735,0.43612027168273926,0.4160337448120117,0.6098293960094452,0.5855910181999207,0.5218569338321686,0.5574221312999725,0.557618111371994,0.5558767914772034,0.45375967025756836,0.43769633769989014,0.4167880415916443,0.3947907090187073,0.4034520387649536,0.33742910623550415,0.3472609519958496,0.3460291624069214,0.34080421924591064,0.3821903467178345,0.3431612253189087,0.3298577666282654,0.36910849809646606,0.36200910806655884,0.3280155062675476,0.2957223057746887,0.3069397211074829,0.24368822574615479,0.16037124395370483,128,1
1.0509580373764038,21,17,0.8801468387246132,0.4989011883735657,0.4360666871070862,0.4125005602836609,0.6083249449729919,0.5825337767601013,0.5198866128921509,0.5535812973976135,0.5521580874919891,0.5505627989768982,0.4510471820831299,0.4345262050628662,0.40960192680358887,0.38769006729125977,0.39796555042266846,0.3299512267112732,0.3391954302787781,0.341411292552948,0.3334064483642578,0.3690817356109619,0.3326259255409241,0.3155488967895508,0.34045910835266113,0.3256921172142029,0.293265700340271,0.2665458917617798,0.2744237184524536,0.2288852334022522,0.26027417182922363,128,1
1.3913214206695557,21,17,0.8801468387246132,0.5008735656738281,0.4395560622215271,0.41977792978286743,0.6170355677604675,0.5964940786361694,0.5286062657833099,0.5659207105636597,0.5672869682312012,0.5638672113418579,0.4595685601234436,0.4451984167098999,0.4128880500793457,0.3966420888900757,0.4056490659713745,0.33706599473953247,0.3480703830718994,0.3464745283126831,0.3413686752319336,0.38679689168930054,0.353564977645874,0.33454465866088867,0.3491833209991455,0.33836281299591064,0.30803579092025757,0.2838031053543091,0.2945057153701782,0.24071812629699707,0.2332271933555603,128,1
1.4778029918670654,21,17,0.8801468387246132,0.49962788820266724,0.43777012825012207,0.4174720048904419,0.6153155565261841,0.5945866107940674,0.5290083289146423,0.5660935044288635,0.5736411213874817,0.5682388544082642,0.464130163192749,0.452026903629303,0.4177324175834656,0.4041100740432739,0.41329169273376465,0.34426718950271606,0.35604530572891235,0.34977155923843384,0.3465459942817688,0.39316117763519287,0.36111295223236084,0.34497493505477905,0.3563762307167053,0.34230470657348633,0.31050312519073486,0.2846411466598511,0.3007594347000122,0.24611824750900269,0.3155292868614197,128,1
1.5268418788909912,19,15,0.75607068836689,0.35301560163497925,0.33762162923812866,0.3292679786682129,0.518698513507843,0.4979611039161682,0.45966535806655884,0.45257389545440674,0.4730994701385498,0.4583534598350525,0.37343013286590576,0.35021764039993286,0.312610924243927,0.3062198758125305,0.2917511463165283,0.28842079639434814,0.3041180968284607,0.29128533601760864,0.29276347160339355,0.3322754502296448,0.3382154703140259,0.3396851420402527,0.39976686239242554,0.38571667671203613,0.36341923475265503,0.3669268488883972,0.3971099853515625,0.34620189666748047,0.2287886142730713,129,0
0.7773938179016113,22,16,0.75607068836689,0.35416507720947266,0.33423495292663574,0.3268437385559082,0.5176979601383209,0.4978513717651367,0.45994240045547485,0.4537311792373657,0.47617900371551514,0.4579876661300659,0.37767040729522705,0.3544735908508301,0.3151642680168152,0.3101586103439331,0.2980426549911499,0.2971974015235901,0.3175070881843567,0.3065662384033203,0.30848658084869385,0.3476186990737915,0.3641444444656372,0.35610681772232056,0.40367358922958374,0.37796902656555176,0.3429368734359741,0.3413369059562683,0.3718339204788208,0.3239821791648865,0.22223687171936035,129,0
0.9853348731994629,20,16,0.75607068836689,0.3563200831413269,0.339211642742157,0.3310903310775757,0.521656334400177,0.5008278489112854,0.460480272769928,0.45429736375808716,0.47594958543777466,0.45943909883499146,0.3769201636314392,0.353580117225647,0.3151403069496155,0.3084598183631897,0.29706400632858276,0.29583847522735596,0.315340518951416,0.30306291580200195,0.3059782385826111,0.34283971786499023,0.3529769778251648,0.3460809588432312,0.39682215452194214,0.3721970319747925,0.34179604053497314,0.3419737219810486,0.37312281131744385,0.3256574273109436,0.22419965267181396,129,0
2.8966269493103027,11,4,0.75607068836689,0.34950417280197144,0.34230005741119385,0.35004448890686035,0.5360705852508545,0.535821259021759,0.5099640488624573,0.5085982084274292,0.5740033388137817,0.5435460805892944,0.43562161922454834,0.3859133720397949,0.34109824895858765,0.32650232315063477,0.3011445999145508,0.2982330322265625,0.3218693137168884,0.3120788335800171,0.2998756766319275,0.33698469400405884,0.31007611751556396,0.3027076721191406,0.35192161798477173,0.3357410430908203,0.30343401432037354,0.3089110255241394,0.345478355884552,0.31013309955596924,0.17182600498199463,129,0
1.2924566268920898,18,15,0.75607068836689,0.3539624810218811,0.33682024478912354,0.3285726308822632,0.516902506351471,0.49815285205841064,0.4604529142379761,0.45258235931396484,0.4743458032608032,0.46045804023742676,0.3736327886581421,0.352569043636322,0.31594598293304443,0.30869340896606445,0.29557108879089355,0.29507166147232056,0.3121016025543213,0.3012838363647461,0.3039202094078064,0.3414041996002197,0.34468960762023926,0.34058666229248047,0.39577895402908325,0.38075119256973267,0.3542742133140564,0.3578135371208191,0.3888438940048218,0.33409643173217773,0.17732751369476318,129,1
0.9228782653808594,21,16,0.75607068836689,0.3551065921783447,0.3365556597709656,0.3292427062988281,0.5201640725135803,0.4989939332008362,0.4607453942298889,0.4534091353416443,0.4743472933769226,0.46057242155075073,0.37957727909088135,0.35735219717025757,0.319006085395813,0.31165647506713867,0.30103445053100586,0.3007500171661377,0.3203932046890259,0.3088468313217163,0.3101617693901062,0.3463122844696045,0.3622478246688843,0.3594776391983032,0.41310983896255493,0.39682310819625854,0.36872249841690063,0.3689870834350586,0.39960187673568726,0.346327543258667,0.23015117645263672,129,1
1.1971685886383057,18,15,0.75607068836689,0.3519532084465027,0.334943950176239,0.32776230573654175,0.5189298391342163,0.49900227785110474,0.459277868270874,0.4511283040046692,0.4727567434310913,0.4586682915687561,0.37403786182403564,0.3508448600769043,0.3118565082550049,0.3048003911972046,0.28958064317703247,0.2851628065109253,0.30210554599761963,0.2887042164802551,0.29001641273498535,0.3420145511627197,0.3423956036567688,0.33712875843048096,0.39368170499801636,0.3840482831001282,0.35996365547180176,0.357183575630188,0.39213359355926514,0.33983075618743896,0.18024206161499023,129,1
3.1633145809173584,8,4,0.75607068836689,0.35182833671569824,0.3513374924659729,0.3519083261489868,0.5360504388809204,0.5353383421897888,0.502602219581604,0.5007891654968262,0.556268572807312,0.5372441411018372,0.42769432067871094,0.37906020879745483,0.33222025632858276,0.3210122585296631,0.298000693321228,0.2893240451812744,0.31177324056625366,0.30345088243484497,0.29796260595321655,0.3366243839263916,0.314627468585968,0.30472999811172485,0.35845208168029785,0.34286391735076904,0.31059718132019043,0.3086979389190674,0.34295207262039185,0.3076382875442505,0.1841769814491272,129,1
1.4914182424545288,14,10,0.75607068836689,0.3751932382583618,0.34709733724594116,0.33669430017471313,0.5097672641277313,0.4961029887199402,0.4679518938064575,0.4895818829536438,0.5241287052631378,0.5640451908111572,0.4451596736907959,0.4055222272872925,0.3878229260444641,0.3827561140060425,0.3732558488845825,0.3690252900123596,0.39955782890319824,0.39778125286102295,0.38343119621276855,0.4431719183921814,0.4102599620819092,0.4305298924446106,0.4380713105201721,0.3816363215446472,0.3345795273780823,0.2770070433616638,0.26209723949432373,0.21884334087371826,0.20008784532546997,130,0
2.846543073654175,6,3,0.75607068836689,0.35953593254089355,0.3485677242279053,0.33775532245635986,0.5327472686767578,0.5363906919956207,0.5084356069564819,0.5367355942726135,0.5469822287559509,0.5921335816383362,0.49261319637298584,0.45088398456573486,0.42564278841018677,0.425264835357666,0.39693683385849,0.39880967140197754,0.40392953157424927,0.3974500298500061,0.3831295967102051,0.4297018051147461,0.37940967082977295,0.37765705585479736,0.3660544157028198,0.30408942699432373,0.26669764518737793,0.217537522315979,0.21491265296936035,0.18780702352523804,0.1312059760093689,130,0
1.3353952169418335,12,11,0.75607068836689,0.3657759428024292,0.3506598472595215,0.3385692238807678,0.5107390284538269,0.497322678565979,0.47754937410354614,0.4868929982185364,0.5117427706718445,0.5315265655517578,0.4044477939605713,0.38371169567108154,0.37721920013427734,0.36300718784332275,0.3552600145339966,0.3462592363357544,0.3505621552467346,0.3429781198501587,0.34020769596099854,0.37125468254089355,0.32959234714508057,0.33707815408706665,0.33061885833740234,0.297324538230896,0.2493504285812378,0.20808672904968262,0.20250707864761353,0.1722499132156372,0.1288447380065918,130,0
0.8736613988876343,9,8,0.75607068836689,0.35919588804244995,0.34339380264282227,0.32936573028564453,0.5062807500362396,0.48544222116470337,0.46696335077285767,0.4829205870628357,0.4912545680999756,0.5130661725997925,0.3846402168273926,0.342896044254303,0.33924007415771484,0.32259899377822876,0.32279717922210693,0.3086986541748047,0.33058714866638184,0.33989423513412476,0.328995943069458,0.34951794147491455,0.3034663200378418,0.3220723271369934,0.3141748309135437,0.26008033752441406,0.21584558486938477,0.17763513326644897,0.1713026762008667,0.14580374956130981,0.12609142065048218,130,1
1.6798356771469116,10,9,0.75607068836689,0.35780537128448486,0.3447631597518921,0.3319399952888489,0.5074950158596039,0.4862287640571594,0.46821165084838867,0.48451805114746094,0.4964527487754822,0.5119655132293701,0.3814750909805298,0.3441419005393982,0.34162646532058716,0.33176910877227783,0.32603830099105835,0.3144336938858032,0.323617160320282,0.33118486404418945,0.3239253759384155,0.3456493616104126,0.30153024196624756,0.32190239429473877,0.32161909341812134,0.2646455764770508,0.22887611389160156,0.18816262483596802,0.18297719955444336,0.15598422288894653,0.11858844757080078,130,1
1.0154470205307007,11,10,0.75607068836689,0.362138032913208,0.3471773862838745,0.3358272910118103,0.510222852230072,0.49395906925201416,0.47497445344924927,0.4911057949066162,0.5059521496295929,0.5333414673805237,0.4086030125617981,0.3768296241760254,0.3701290488243103,0.3621441125869751,0.35120946168899536,0.3252564072608948,0.3464021682739258,0.3557795286178589,0.34354615211486816,0.37501060962677,0.3403249979019165,0.36164402961730957,0.3608242869377136,0.29965275526046753,0.26126158237457275,0.21561378240585327,0.20897185802459717,0.18161648511886597,0.12878835201263428,130,1
1.5411262512207031,10,9,0.75607068836689,0.3586221933364868,0.34551823139190674,0.3341825008392334,0.5042934417724609,0.4878857135772705,0.4533008933067322,0.4705803394317627,0.4952141046524048,0.49487751722335815,0.38330328464508057,0.34393930435180664,0.314375102519989,0.29726165533065796,0.29206228256225586,0.27670222520828247,0.2882707118988037,0.2829267978668213,0.2764403223991394,0.2975376844406128,0.264686644077301,0.24081850051879883,0.2639954686164856,0.23547369241714478,0.209913969039917,0.16468369960784912,0.16007184982299805,0.14265495538711548,0.1636037826538086,131,0
3.9809062480926514,3,2,0.75607068836689,0.35175883769989014,0.3447526693344116,0.3381184935569763,0.527741014957428,0.5184065699577332,0.4824538826942444,0.4876617193222046,0.5439921319484711,0.5415824353694916,0.4312741160392761,0.38239455223083496,0.33810245990753174,0.33129405975341797,0.31446385383605957,0.3071725368499756,0.298730731010437,0.2809619903564453,0.27716249227523804,0.29565030336380005,0.2615692615509033,0.24674838781356812,0.26429295539855957,0.23875057697296143,0.21050435304641724,0.1645023226737976,0.15973961353302002,0.14432519674301147,0.1925588846206665,131,0
1.435545563697815,14,12,0.75607068836689,0.3673816919326782,0.3494141697883606,0.33710259199142456,0.5125000178813934,0.4946070909500122,0.4569509029388428,0.47755712270736694,0.5113585591316223,0.513533890247345,0.3969862461090088,0.3632315993309021,0.33643776178359985,0.31170594692230225,0.28579163551330566,0.28436797857284546,0.279244601726532,0.2884342670440674,0.2750370502471924,0.2583986520767212,0.22562968730926514,0.2116985321044922,0.22312664985656738,0.20484352111816406,0.19566482305526733,0.1585291624069214,0.16053378582000732,0.14794719219207764,0.2043662667274475,131,1
1.9598838090896606,14,12,0.75607068836689,0.37515830993652344,0.34704160690307617,0.3336980938911438,0.5021635293960571,0.4913575053215027,0.44993895292282104,0.46518266201019287,0.4869652986526489,0.49164748191833496,0.3647117018699646,0.3230690360069275,0.30460429191589355,0.29340726137161255,0.28240787982940674,0.2904457449913025,0.2846717834472656,0.2981281876564026,0.28690046072006226,0.3067481517791748,0.3096054196357727,0.3143298029899597,0.3661823868751526,0.3390185832977295,0.3024140000343323,0.23264163732528687,0.21974056959152222,0.18634778261184692,0.2140887975692749,131,1
1.586304783821106,15,12,0.75607068836689,0.36669111251831055,0.34886884689331055,0.34028923511505127,0.5126438140869141,0.4926564693450928,0.46047961711883545,0.4802282452583313,0.5246811509132385,0.5316236019134521,0.4098823070526123,0.36827993392944336,0.3434910774230957,0.3316040635108948,0.2990531921386719,0.27919697761535645,0.27652084827423096,0.281466543674469,0.2666747570037842,0.26478111743927,0.22851407527923584,0.20927214622497559,0.21041184663772583,0.18388915061950684,0.1637585163116455,0.12956690788269043,0.12958943843841553,0.12103080749511719,0.16902220249176025,131,1
3.2446866035461426,5,4,0.75607068836689,0.3718014359474182,0.3610246181488037,0.34026193618774414,0.5565565824508667,0.556570291519165,0.511593371629715,0.4988945722579956,0.5180692970752716,0.4904933571815491,0.4851207137107849,0.42224109172821045,0.402101993560791,0.41308069229125977,0.37723833322525024,0.39332902431488037,0.39798158407211304,0.3914864659309387,0.35456013679504395,0.34588897228240967,0.30911171436309814,0.2894331216812134,0.28618866205215454,0.2419356107711792,0.22581619024276733,0.18547576665878296,0.17338240146636963,0.15099060535430908,0.10745519399642944,132,0
0.9491350650787354,14,9,0.75607068836689,0.37772613763809204,0.3742592930793762,0.3615654706954956,0.5590818226337433,0.5557499825954437,0.5122911334037781,0.5100511014461517,0.5090745389461517,0.4890177845954895,0.41196876764297485,0.372231662273407,0.35130614042282104,0.35084378719329834,0.34546273946762085,0.3476001024246216,0.3778688907623291,0.3560747504234314,0.34720951318740845,0.3597775101661682,0.3102031946182251,0.28626638650894165,0.27600711584091187,0.22941648960113525,0.23006689548492432,0.18061840534210205,0.17380690574645996,0.16122937202453613,0.11904358863830566,132,0
1.650472640991211,12,7,0.8801468387246132,0.4907151460647583,0.4193132519721985,0.40106964111328125,0.6282998323440552,0.5914799869060516,0.5558348298072815,0.5835057497024536,0.5901121497154236,0.537091851234436,0.49353909492492676,0.43021655082702637,0.3971620798110962,0.39776337146759033,0.3818122148513794,0.37176287174224854,0.38817501068115234,0.3840146064758301,0.3707895874977112,0.3367602229118347,0.30561476945877075,0.29421746730804443,0.2735273241996765,0.22749978303909302,0.1999199390411377,0.1602613925933838,0.14926046133041382,0.1332901120185852,0.12612736225128174,132,1
1.5067999362945557,9,6,0.75607068836689,0.36906367540359497,0.35891711711883545,0.3496536612510681,0.5696365237236023,0.5440576076507568,0.5141529440879822,0.5259521901607513,0.5327410697937012,0.47960734367370605,0.42176496982574463,0.3703829050064087,0.3650314211845398,0.3644567131996155,0.3392430543899536,0.3245117664337158,0.32746249437332153,0.32196688652038574,0.30936193466186523,0.30074894428253174,0.2602149248123169,0.24455398321151733,0.23895949125289917,0.20057058334350586,0.18031227588653564,0.1486436128616333,0.14232969284057617,0.13175374269485474,0.09344702959060669,132,1
1.7428679466247559,12,7,0.8801468387246132,0.48642241954803467,0.4128293991088867,0.39255863428115845,0.6223396360874176,0.587745726108551,0.5566167831420898,0.5719470381736755,0.5736797451972961,0.5163967311382294,0.4667767286300659,0.4073173999786377,0.3836131691932678,0.3826185464859009,0.36604928970336914,0.35872429609298706,0.3838210701942444,0.37112969160079956,0.365081250667572,0.33746999502182007,0.2932857871055603,0.2812463045120239,0.2611076831817627,0.21606528759002686,0.19678544998168945,0.16046911478042603,0.14859741926193237,0.13187891244888306,0.1193343997001648,132,1
1.9177693128585815,10,6,0.8801468387246132,0.4909837245941162,0.4231281876564026,0.40160202980041504,0.6311343312263489,0.588334321975708,0.5633478462696075,0.5820971727371216,0.5912337601184845,0.5383511185646057,0.49819183349609375,0.4348567724227905,0.40661317110061646,0.4021211862564087,0.38082778453826904,0.3785015344619751,0.38930588960647583,0.39138495922088623,0.38156628608703613,0.34043216705322266,0.31064021587371826,0.3023330569267273,0.2779214382171631,0.23110949993133545,0.20147323608398438,0.16027092933654785,0.14868879318237305,0.13392037153244019,0.1264716386795044,132,1
1.7784671783447266,11,8,0.75607068836689,0.3683607578277588,0.3586360216140747,0.35537511110305786,0.5481264591217041,0.524631917476654,0.49777358770370483,0.5051829218864441,0.5074740946292877,0.5120016038417816,0.379361093044281,0.352480947971344,0.3311794400215149,0.2973942756652832,0.2659395933151245,0.2606053352355957,0.2569064497947693,0.2530355453491211,0.24080824851989746,0.2308446764945984,0.23118281364440918,0.22779464721679688,0.22769826650619507,0.21920716762542725,0.1933998465538025,0.17216980457305908,0.17929291725158691,0.15656650066375732,0.06783699989318848,133,0
1.5266320705413818,4,3,0.75607068836689,0.3653494119644165,0.3517575263977051,0.34738194942474365,0.545445054769516,0.5315728187561035,0.504673421382904,0.5211270749568939,0.5551510453224182,0.5484592914581299,0.42160165309906006,0.38936692476272583,0.3743216395378113,0.3446956276893616,0.30008983612060547,0.28179657459259033,0.27536511421203613,0.2729189991950989,0.25562340021133423,0.24349939823150635,0.21243345737457275,0.20324552059173584,0.20255029201507568,0.1927492618560791,0.1772453784942627,0.1527576446533203,0.1534959077835083,0.13541245460510254,0.06692397594451904,133,1
3.3461685180664062,6,5,0.75607068836689,0.3585084080696106,0.3493683934211731,0.3447309732437134,0.5393172204494476,0.516450047492981,0.49128037691116333,0.4996223449707031,0.514753520488739,0.527047872543335,0.38716983795166016,0.35175371170043945,0.33518528938293457,0.2977186441421509,0.27061212062835693,0.2700704336166382,0.27411937713623047,0.2848300337791443,0.2844667434692383,0.2866709232330322,0.29095888137817383,0.27617645263671875,0.28074580430984497,0.262692928314209,0.22995662689208984,0.19842851161956787,0.1960514783859253,0.1741718053817749,0.07393258810043335,133,1
1.7647250890731812,9,5,0.75607068836689,0.3585140109062195,0.348393976688385,0.346510648727417,0.5385839641094208,0.5179261863231659,0.4954284429550171,0.49850690364837646,0.5119378566741943,0.5234227776527405,0.39093559980392456,0.3528270721435547,0.3382073640823364,0.2979908585548401,0.2673444151878357,0.261539101600647,0.2575514316558838,0.2563971281051636,0.25139379501342773,0.2523755431175232,0.2550337314605713,0.23824524879455566,0.24574881792068481,0.23012769222259521,0.20146095752716064,0.17348670959472656,0.17258363962173462,0.15190505981445312,0.06746363639831543,133,1
1.1850779056549072,6,3,0.75607068836689,0.369975209236145,0.3576720356941223,0.35395675897598267,0.5510039329528809,0.5246902406215668,0.4997444152832031,0.5087554454803467,0.5317589342594147,0.5399340689182281,0.39886873960494995,0.37516629695892334,0.35463660955429077,0.3208428621292114,0.269184947013855,0.26197683811187744,0.26121950149536133,0.26073509454727173,0.2437933087348938,0.23341357707977295,0.22588950395584106,0.22215008735656738,0.2325587272644043,0.22501182556152344,0.20061910152435303,0.1799449920654297,0.18299460411071777,0.16312271356582642,0.0819711685180664,133,1
0.3567599058151245,8,6,0.75607068836689,0.3769128918647766,0.3694877028465271,0.3562276363372803,0.505980372428894,0.4982260465621948,0.4811441898345947,0.4881032705307007,0.49266141653060913,0.5150434970855713,0.46031832695007324,0.43774062395095825,0.41911381483078003,0.41352856159210205,0.3760400414466858,0.3608989119529724,0.35832107067108154,0.33479487895965576,0.30773305892944336,0.3165016174316406,0.27940070629119873,0.26697051525115967,0.2749403119087219,0.23923265933990479,0.22714966535568237,0.19186604022979736,0.19391298294067383,0.16547644138336182,0.11789840459823608,134,0
1.1642866134643555,8,6,0.75607068836689,0.3775586485862732,0.36741816997528076,0.35373085737228394,0.4997912049293518,0.49183738231658936,0.4716598391532898,0.48221462965011597,0.49987727403640747,0.5153777599334717,0.44081002473831177,0.4107593297958374,0.41158026456832886,0.4109365940093994,0.3772318363189697,0.36385464668273926,0.37272393703460693,0.34790217876434326,0.33086735010147095,0.3393346071243286,0.2996430993080139,0.28168922662734985,0.29048824310302734,0.24090862274169922,0.2237234115600586,0.18774956464767456,0.18901002407073975,0.16445761919021606,0.10362905263900757,134,0
1.6111506223678589,8,6,0.75607068836689,0.37915462255477905,0.36973947286605835,0.35679036378860474,0.5108421146869659,0.4988747835159302,0.4756535291671753,0.4876994490623474,0.5169772505760193,0.5444540977478027,0.4373469352722168,0.4271206259727478,0.4147833585739136,0.4370729327201843,0.4026816487312317,0.4008699655532837,0.40165168046951294,0.37429338693618774,0.3510536551475525,0.3566467761993408,0.32105523347854614,0.2965763211250305,0.2929619550704956,0.24135971069335938,0.2217983603477478,0.18328654766082764,0.18639075756072998,0.16840600967407227,0.09025108814239502,134,0
1.9629764556884766,7,5,0.75607068836689,0.38516896963119507,0.37312746047973633,0.35815632343292236,0.5058829486370087,0.5146201252937317,0.47615426778793335,0.4746714234352112,0.5158919095993042,0.5062105059623718,0.42096519470214844,0.423145592212677,0.4096970558166504,0.4364733099937439,0.38164210319519043,0.3704402446746826,0.37552130222320557,0.3518490195274353,0.33262306451797485,0.36562323570251465,0.317152738571167,0.28499215841293335,0.2852051258087158,0.2441672682762146,0.22228586673736572,0.17793774604797363,0.1685340404510498,0.1408349871635437,0.07078957557678223,134,0
0.4790109097957611,9,7,0.75607068836689,0.3789018392562866,0.37247490882873535,0.35948389768600464,0.5068951845169067,0.5062433481216431,0.4923688769340515,0.48629045486450195,0.49722158908843994,0.5168653130531311,0.47018760442733765,0.4597654938697815,0.44189536571502686,0.43792009353637695,0.3801029324531555,0.3813290596008301,0.3709573745727539,0.33840394020080566,0.3192695379257202,0.3499051332473755,0.30046021938323975,0.2779131531715393,0.28018468618392944,0.2476533055305481,0.22099745273590088,0.1793256402015686,0.16747498512268066,0.12904006242752075,0.12408363819122314,134,1
1.8501346111297607,6,4,0.75607068836689,0.3796337842941284,0.3708021640777588,0.3578672409057617,0.49963998794555664,0.48360276222229004,0.4587680697441101,0.46914780139923096,0.4900333881378174,0.506101131439209,0.4286450743675232,0.41519302129745483,0.42391514778137207,0.4199346899986267,0.36846470832824707,0.37205398082733154,0.3712915778160095,0.3349079489707947,0.31555819511413574,0.3373847007751465,0.29491883516311646,0.2722401022911072,0.2692563533782959,0.22531890869140625,0.20914477109909058,0.1683531403541565,0.16014820337295532,0.13178014755249023,0.07273209095001221,134,1
2.7349040508270264,6,4,0.75607068836689,0.38023680448532104,0.36865025758743286,0.361627995967865,0.5068474411964417,0.4876710772514343,0.4699254035949707,0.49501168727874756,0.5289866924285889,0.5463022291660309,0.4334326982498169,0.4171029329299927,0.40548908710479736,0.4162279963493347,0.35728639364242554,0.36457115411758423,0.370691180229187,0.34720563888549805,0.32352161407470703,0.3358752727508545,0.2959296703338623,0.2680962085723877,0.26962578296661377,0.22274357080459595,0.20195001363754272,0.16261810064315796,0.15914630889892578,0.1375119686126709,0.07580685615539551,134,1
2.5026628971099854,6,4,0.75607068836689,0.3872520923614502,0.3730558753013611,0.3588562607765198,0.5013251602649689,0.4978069067001343,0.4748328924179077,0.4947509765625,0.5234031081199646,0.5374922156333923,0.4386528730392456,0.43705320358276367,0.43172740936279297,0.4355229139328003,0.3765714168548584,0.3844565153121948,0.3924381136894226,0.38286519050598145,0.3561171293258667,0.3645671010017395,0.3223170042037964,0.294514000415802,0.28802675008773804,0.23253458738327026,0.206079363822937,0.16572415828704834,0.16208577156066895,0.14475077390670776,0.08146548271179199,134,1
2.202655076980591,8,6,0.75607068836689,0.3734625577926636,0.36732470989227295,0.3578169345855713,0.5047525763511658,0.5002267956733704,0.4776405096054077,0.49079275131225586,0.5224035382270813,0.5367803275585175,0.44032931327819824,0.4462985396385193,0.4270734190940857,0.43482500314712524,0.3712564706802368,0.3693445920944214,0.37587815523147583,0.35756444931030273,0.3328840732574463,0.37027519941329956,0.31576281785964966,0.28255605697631836,0.28331542015075684,0.23853600025177002,0.21345698833465576,0.16959905624389648,0.16189312934875488,0.1261519193649292,0.06648164987564087,134,1
4.0524001121521,5,4,0.75607068836689,0.37404710054397583,0.3625980019569397,0.34029054641723633,0.5263741612434387,0.5267354249954224,0.48412269353866577,0.4708670377731323,0.5290365815162659,0.5394755601882935,0.45495086908340454,0.42678260803222656,0.384502649307251,0.3898465037345886,0.396350622177124,0.4141416549682617,0.4213484525680542,0.45134609937667847,0.4368799328804016,0.45656174421310425,0.4261850118637085,0.3848971128463745,0.37074971199035645,0.3082844614982605,0.25032538175582886,0.21449494361877441,0.20442545413970947,0.19859635829925537,0.2503887414932251,135,0
2.20428204536438,6,5,0.75607068836689,0.36606156826019287,0.3593183755874634,0.34082555770874023,0.5158100724220276,0.5186430811882019,0.4895796775817871,0.45601892471313477,0.5021074116230011,0.5014643669128418,0.38612163066864014,0.3776148557662964,0.3411557078361511,0.3250446915626526,0.3276783227920532,0.32991015911102295,0.34782207012176514,0.36452585458755493,0.3622725009918213,0.4058351516723633,0.4110678434371948,0.38216614723205566,0.35144853591918945,0.30649930238723755,0.251659631729126,0.209453284740448,0.2033136487007141,0.18993842601776123,0.20337152481079102,135,0
1.6367888450622559,11,10,0.75607068836689,0.37057363986968994,0.36601561307907104,0.3475448489189148,0.5289060175418854,0.5108077526092529,0.4654746651649475,0.4832124710083008,0.5313768088817596,0.5508373379707336,0.4159497022628784,0.38390713930130005,0.3412954807281494,0.3557915687561035,0.3554408550262451,0.32145529985427856,0.34455281496047974,0.35855549573898315,0.345559298992157,0.38017624616622925,0.32983577251434326,0.3169704079627991,0.2996107339859009,0.25040286779403687,0.21519333124160767,0.18494153022766113,0.17310833930969238,0.15991735458374023,0.2759523391723633,135,1
1.994174599647522,9,8,0.75607068836689,0.369671106338501,0.35980653762817383,0.3425889015197754,0.5125451683998108,0.4945131540298462,0.46214812994003296,0.46561121940612793,0.5095837414264679,0.5332875847816467,0.4052693843841553,0.38710445165634155,0.33502066135406494,0.33678966760635376,0.33734130859375,0.31116247177124023,0.34779757261276245,0.3631395697593689,0.35826998949050903,0.38736486434936523,0.3600761890411377,0.3506096601486206,0.3272080421447754,0.2774702310562134,0.23940789699554443,0.2058011293411255,0.20036661624908447,0.18818587064743042,0.25409555435180664,135,1
3.5108017921447754,9,8,0.75607068836689,0.3694922924041748,0.36216986179351807,0.34810370206832886,0.526734858751297,0.5148307681083679,0.4823579788208008,0.4836965799331665,0.5214047431945801,0.5480144023895264,0.43784189224243164,0.4047505855560303,0.3595195412635803,0.3568602204322815,0.35821449756622314,0.3271295428276062,0.34607046842575073,0.366502046585083,0.3508729934692383,0.36394548416137695,0.3155990242958069,0.3025345802307129,0.28534573316574097,0.24315804243087769,0.21635335683822632,0.1895073652267456,0.17917698621749878,0.17169702053070068,0.2182009220123291,135,1
1.705381989479065,9,8,0.75607068836689,0.3708242177963257,0.36061155796051025,0.345072865486145,0.5119394063949585,0.49576902389526367,0.4654271602630615,0.4671351909637451,0.507662832736969,0.5283532440662384,0.39785343408584595,0.3776346445083618,0.32116490602493286,0.31626826524734497,0.3148418664932251,0.28511112928390503,0.3179363012313843,0.3273105025291443,0.3208090662956238,0.3558332920074463,0.3557857871055603,0.3590584397315979,0.34086906909942627,0.29613494873046875,0.253396213054657,0.21376639604568481,0.20965874195098877,0.191358745098114,0.19522416591644287,135,1
1.6747198104858398,11,10,0.75607068836689,0.3667083978652954,0.36044037342071533,0.3441755175590515,0.5142210721969604,0.49839138984680176,0.4661308526992798,0.4708794355392456,0.5109957754611969,0.5354655086994171,0.4061419367790222,0.3863224387168884,0.3313789367675781,0.3287550210952759,0.3263484239578247,0.2984117269515991,0.32713061571121216,0.33623337745666504,0.33347851037979126,0.3685557246208191,0.37481820583343506,0.37834835052490234,0.35747623443603516,0.3122163414955139,0.2772170305252075,0.23155343532562256,0.23073452711105347,0.20709335803985596,0.19436204433441162,135,1
1.2059658765792847,15,14,0.75607068836689,0.3697674870491028,0.3455698490142822,0.3275691270828247,0.4794044494628906,0.47779422998428345,0.43566417694091797,0.4596155881881714,0.4695977568626404,0.46449869871139526,0.3691216707229614,0.32702505588531494,0.3436828851699829,0.3176423907279968,0.3062072992324829,0.28751301765441895,0.308200478553772,0.3274052143096924,0.3201584815979004,0.3489026427268982,0.3218904733657837,0.3334263563156128,0.3272244930267334,0.27108263969421387,0.2186565399169922,0.18703341484069824,0.1885467767715454,0.17235827445983887,0.19492900371551514,136,0
1.5720926523208618,18,16,0.75607068836689,0.3782082796096802,0.3581700325012207,0.3476791977882385,0.5074466168880463,0.4846121072769165,0.4321630597114563,0.4519796371459961,0.4859517216682434,0.5066129267215729,0.41811060905456543,0.36654114723205566,0.3652270436286926,0.3433762788772583,0.3249645233154297,0.3129575252532959,0.33087217807769775,0.33575963973999023,0.32593417167663574,0.3644343614578247,0.3818565607070923,0.38936251401901245,0.3833386301994324,0.33504217863082886,0.2966933846473694,0.2592233419418335,0.2790888547897339,0.2605081796646118,0.29070425033569336,136,0
0.6994449496269226,18,16,0.75607068836689,0.37581855058670044,0.35101616382598877,0.3337858319282532,0.4886739253997803,0.4739319086074829,0.4309370517730713,0.4417095184326172,0.4882633090019226,0.49558305740356445,0.3974114656448364,0.34929221868515015,0.3562944531440735,0.33553290367126465,0.32604002952575684,0.30259954929351807,0.32052791118621826,0.33588385581970215,0.326532781124115,0.35600578784942627,0.3186141848564148,0.32951974868774414,0.33021247386932373,0.2876031994819641,0.23082703351974487,0.20636403560638428,0.20721739530563354,0.1876896619796753,0.23672479391098022,136,1
0.7123716473579407,21,19,0.75607068836689,0.363118052482605,0.3459230661392212,0.32955771684646606,0.49435096979141235,0.4725733995437622,0.4278414249420166,0.44931674003601074,0.4832724928855896,0.5090126395225525,0.42167848348617554,0.3675561547279358,0.36534589529037476,0.35954272747039795,0.3488004803657532,0.3074002265930176,0.32701367139816284,0.3509277105331421,0.3417753577232361,0.3720529079437256,0.32877814769744873,0.35737305879592896,0.3544231653213501,0.31961941719055176,0.26777732372283936,0.23236602544784546,0.23231709003448486,0.21474075317382812,0.2564660310745239,136,1
1.1747932434082031,19,16,0.75607068836689,0.3759114146232605,0.3496996760368347,0.33205747604370117,0.4918466806411743,0.47768813371658325,0.42913687229156494,0.44667762517929077,0.4887644648551941,0.5088469982147217,0.414859414100647,0.37280333042144775,0.37280112504959106,0.37144625186920166,0.34654706716537476,0.31277793645858765,0.3215075731277466,0.34426331520080566,0.3355780839920044,0.360781192779541,0.3120201826095581,0.33249467611312866,0.3327898383140564,0.2856449484825134,0.22747355699539185,0.19861900806427002,0.19602984189987183,0.17925512790679932,0.22304654121398926,136,1
1.1197220087051392,7,4,0.75607068836689,0.37529122829437256,0.3542531728744507,0.3461843729019165,0.5232029259204865,0.5156905353069305,0.48886382579803467,0.49321800470352173,0.4933750629425049,0.493449866771698,0.3824160099029541,0.36314207315444946,0.3696991205215454,0.3332926034927368,0.3296126127243042,0.31118106842041016,0.31429874897003174,0.32915031909942627,0.3539574146270752,0.3634318709373474,0.3305644392967224,0.34380805492401123,0.33631354570388794,0.32258158922195435,0.30519819259643555,0.2846517562866211,0.2724156379699707,0.22947072982788086,0.16253483295440674,137,0
0.97083580493927,9,6,0.75607068836689,0.3885927200317383,0.361818790435791,0.34922081232070923,0.5258233547210693,0.52186319231987,0.49212563037872314,0.49434638023376465,0.502316951751709,0.49289172887802124,0.386616051197052,0.37075090408325195,0.37263941764831543,0.33616840839385986,0.3373553156852722,0.32233983278274536,0.3246259093284607,0.34049803018569946,0.3660392165184021,0.37569671869277954,0.3543432354927063,0.36069220304489136,0.36304789781570435,0.3773539066314697,0.35337698459625244,0.3465383052825928,0.34444212913513184,0.2859715223312378,0.2352381944656372,137,0
1.9178977012634277,19,15,0.75607068836689,0.3889296054840088,0.36452287435531616,0.3547583222389221,0.5205704569816589,0.5101387202739716,0.47306251525878906,0.5009808838367462,0.5151374340057373,0.5217579007148743,0.4073585271835327,0.38549524545669556,0.37944674491882324,0.366832971572876,0.365268349647522,0.35557734966278076,0.36265552043914795,0.3784683346748352,0.3999364972114563,0.3805857300758362,0.3402089476585388,0.33986079692840576,0.32148730754852295,0.2960810661315918,0.26848965883255005,0.25654637813568115,0.25225770473480225,0.21856927871704102,0.20855414867401123,137,0
1.845192313194275,21,17,0.75607068836689,0.3909144401550293,0.3639867901802063,0.3555293679237366,0.5204565525054932,0.5103158056735992,0.4730522036552429,0.5018298029899597,0.5174573957920074,0.5233444273471832,0.40722572803497314,0.3856896162033081,0.3820357322692871,0.3670780062675476,0.36747658252716064,0.3562968373298645,0.36505913734436035,0.3792007565498352,0.40192097425460815,0.3864591717720032,0.34973210096359253,0.35068005323410034,0.3350330591201782,0.32896560430526733,0.3071165084838867,0.304407000541687,0.3082576394081116,0.2644011378288269,0.24597209692001343,137,0
1.4486072063446045,7,4,0.75607068836689,0.3733255863189697,0.3532198667526245,0.3445338010787964,0.5210293531417847,0.5163969099521637,0.49045443534851074,0.49397361278533936,0.4964819550514221,0.49437761306762695,0.38425296545028687,0.36399418115615845,0.3714379668235779,0.3357200026512146,0.33236074447631836,0.31558263301849365,0.31962770223617554,0.3360971212387085,0.36093008518218994,0.3703259229660034,0.3383781909942627,0.3474065661430359,0.3475802540779114,0.3429258465766907,0.31883835792541504,0.3144763708114624,0.30867552757263184,0.2555825710296631,0.22334939241409302,137,1
1.9735424518585205,14,8,0.75607068836689,0.38970834016799927,0.38293296098709106,0.3859778642654419,0.5758739411830902,0.5827983021736145,0.525545746088028,0.5327088236808777,0.5346570014953613,0.531895786523819,0.4157921075820923,0.4058699607849121,0.40175068378448486,0.36688387393951416,0.3687141537666321,0.35171711444854736,0.35018837451934814,0.369376003742218,0.38863396644592285,0.3818063735961914,0.33094674348831177,0.33480632305145264,0.3232836127281189,0.328328013420105,0.3051077127456665,0.3041098117828369,0.3104156255722046,0.26252830028533936,0.2275829315185547,137,1
1.9190154075622559,14,8,0.75607068836689,0.3896322250366211,0.38301295042037964,0.38222038745880127,0.5697596073150635,0.5744454264640808,0.5181500911712646,0.5350213646888733,0.5392570495605469,0.5361661314964294,0.4224218726158142,0.4135385751724243,0.40426433086395264,0.3679503798484802,0.37020349502563477,0.35352230072021484,0.3509734869003296,0.36699753999710083,0.3863053321838379,0.37615036964416504,0.32471346855163574,0.33343762159347534,0.3171764612197876,0.30795514583587646,0.2804903984069824,0.2738668918609619,0.2744520306587219,0.23462605476379395,0.18347418308258057,137,1
2.233048439025879,16,12,0.75607068836689,0.38580602407455444,0.3595428466796875,0.3489226698875427,0.5134572684764862,0.5076113939285278,0.47481203079223633,0.4906836748123169,0.5092308521270752,0.5093945860862732,0.3902983069419861,0.3681005835533142,0.37013381719589233,0.3501971364021301,0.36134111881256104,0.3386721611022949,0.34816110134124756,0.36402398347854614,0.38513123989105225,0.3672019839286804,0.338890016078949,0.3410641551017761,0.3214552402496338,0.3073849678039551,0.2863331437110901,0.2808469533920288,0.28393828868865967,0.24668651819229126,0.2339721918106079,137,1
2.609466552734375,9,8,0.75607068836689,0.38579970598220825,0.36715465784072876,0.35087770223617554,0.5095188021659851,0.5105032324790955,0.47228169441223145,0.48493528366088867,0.546716570854187,0.5298705399036407,0.4507068395614624,0.41847550868988037,0.41378676891326904,0.43046170473098755,0.40864992141723633,0.42130792140960693,0.40281128883361816,0.4054362177848816,0.4132511019706726,0.3904585838317871,0.37395477294921875,0.3615306615829468,0.34015631675720215,0.3114752173423767,0.27574747800827026,0.22241973876953125,0.22607362270355225,0.20268666744232178,0.14720988273620605,138,0
4.823824405670166,5,4,0.75607068836689,0.3764575123786926,0.3653818964958191,0.34881317615509033,0.5367427468299866,0.5380976796150208,0.49766242504119873,0.5006635189056396,0.5457654297351837,0.547971785068512,0.4870988130569458,0.45105791091918945,0.43362802267074585,0.45491015911102295,0.436370313167572,0.4481261968612671,0.43183791637420654,0.4575936198234558,0.4501902461051941,0.4599151015281677,0.42789000272750854,0.40932852029800415,0.41013050079345703,0.3788025379180908,0.3244345188140869,0.27767491340637207,0.2689249515533447,0.2378140687942505,0.2653886675834656,138,0
1.4529906511306763,11,7,0.75607068836689,0.3626415729522705,0.36018383502960205,0.34557044506073,0.4998705983161926,0.5012698769569397,0.4657052755355835,0.4799056053161621,0.5102899372577667,0.5285971462726593,0.4035193920135498,0.3628736138343811,0.38490355014801025,0.36987364292144775,0.36126744747161865,0.344326913356781,0.3614391088485718,0.36717045307159424,0.37516456842422485,0.36774349212646484,0.3416711091995239,0.3339502215385437,0.3445850610733032,0.3214474320411682,0.2802516222000122,0.2347114086151123,0.23474282026290894,0.21322810649871826,0.22224962711334229,138,0
1.6680753231048584,11,7,0.75607068836689,0.3632960319519043,0.3591955900192261,0.3449132442474365,0.500190258026123,0.5001896023750305,0.46410584449768066,0.4792388677597046,0.5127209722995758,0.5347722172737122,0.41142088174819946,0.37006038427352905,0.39242392778396606,0.38029229640960693,0.3725363612174988,0.3533061742782593,0.3710300326347351,0.3758585453033447,0.3812692165374756,0.3756999373435974,0.34853726625442505,0.33395546674728394,0.34017860889434814,0.3134065270423889,0.27428334951400757,0.2306768298149109,0.23042750358581543,0.20674949884414673,0.19731628894805908,138,0
1.4357842206954956,14,8,0.75607068836689,0.3773244619369507,0.3669283390045166,0.35123002529144287,0.5126990079879761,0.5099833309650421,0.4718497395515442,0.4873849153518677,0.5186979174613953,0.5213996767997742,0.40986567735671997,0.37116533517837524,0.38290417194366455,0.37739014625549316,0.3733994960784912,0.3711985945701599,0.3751382827758789,0.3765033483505249,0.38414865732192993,0.36509937047958374,0.33425867557525635,0.31494736671447754,0.31765979528427124,0.2869863510131836,0.2515992522239685,0.21205824613571167,0.21449494361877441,0.19601809978485107,0.18206089735031128,138,0
1.6305160522460938,12,9,0.75607068836689,0.37088990211486816,0.3602568507194519,0.3463418483734131,0.5065702795982361,0.5062370002269745,0.4660242795944214,0.4824199676513672,0.5129915177822113,0.5244981050491333,0.4099046587944031,0.36880868673324585,0.39149874448776245,0.3823593854904175,0.3735232353210449,0.34986793994903564,0.3614625930786133,0.3657689690589905,0.37191277742385864,0.35320889949798584,0.31344079971313477,0.29582875967025757,0.2980923056602478,0.27064287662506104,0.23791825771331787,0.2018110752105713,0.20800912380218506,0.1885310411453247,0.19717180728912354,138,0
1.1706926822662354,12,8,0.75607068836689,0.36423444747924805,0.3610718250274658,0.34511613845825195,0.4999569058418274,0.5006245374679565,0.4629198908805847,0.4772375226020813,0.5117903053760529,0.5252320170402527,0.4067237377166748,0.35912948846817017,0.3814350962638855,0.36090320348739624,0.3535478115081787,0.3325481414794922,0.34866851568222046,0.35426533222198486,0.37679940462112427,0.3951020836830139,0.3785702586174011,0.40183913707733154,0.4439292550086975,0.45495450496673584,0.4235565662384033,0.37438762187957764,0.35291731357574463,0.31367093324661255,0.26608937978744507,138,1
1.2759575843811035,12,8,0.75607068836689,0.36871033906936646,0.35869312286376953,0.344385027885437,0.504585474729538,0.5066755414009094,0.4665995240211487,0.4798981547355652,0.5136222541332245,0.5145989656448364,0.39836132526397705,0.3520544171333313,0.372741162776947,0.35282087326049805,0.3458632230758667,0.3244295120239258,0.3384700417518616,0.3438259959220886,0.36673545837402344,0.38072681427001953,0.36427217721939087,0.3864589333534241,0.42888110876083374,0.4366603493690491,0.40586358308792114,0.3581850528717041,0.3395249843597412,0.3008321523666382,0.25060582160949707,138,1
1.3502082824707031,11,8,0.75607068836689,0.3643054962158203,0.35736310482025146,0.34320491552352905,0.5035065412521362,0.5070215463638306,0.46408921480178833,0.4753643274307251,0.5105264186859131,0.513099193572998,0.3970242142677307,0.3521212339401245,0.37554436922073364,0.3563650846481323,0.34825634956359863,0.3306840658187866,0.336883008480072,0.34340304136276245,0.3638644218444824,0.37007462978363037,0.34133243560791016,0.3555667996406555,0.3932536244392395,0.3897686004638672,0.3569338321685791,0.3111570477485657,0.29555392265319824,0.257635235786438,0.2227851152420044,138,1
1.679875373840332,10,9,0.75607068836689,0.36871337890625,0.35025978088378906,0.3398657441139221,0.5288732945919037,0.5224277973175049,0.4952545166015625,0.4775201678276062,0.4981546401977539,0.5103998184204102,0.40272057056427,0.3920813202857971,0.3799706697463989,0.3850488066673279,0.3529472351074219,0.37440329790115356,0.38427960872650146,0.38726335763931274,0.38296937942504883,0.4305917024612427,0.42900902032852173,0.4111092686653137,0.40803682804107666,0.3718806505203247,0.34773576259613037,0.3309045433998108,0.3435456156730652,0.33631575107574463,0.277005672454834,139,0
2.257988691329956,13,10,0.75607068836689,0.3686447739601135,0.354112446308136,0.3428131341934204,0.5265911519527435,0.5102147459983826,0.4915059804916382,0.48321282863616943,0.5065351724624634,0.5296548902988434,0.43858563899993896,0.4303995370864868,0.40025919675827026,0.3994280695915222,0.35886120796203613,0.37169158458709717,0.3724074363708496,0.3751738667488098,0.35295385122299194,0.3605431914329529,0.3275200128555298,0.31149768829345703,0.2997434735298157,0.25570565462112427,0.24685388803482056,0.24797117710113525,0.268227219581604,0.2706342339515686,0.19541597366333008,139,0
2.229069232940674,14,11,0.75607068836689,0.3839935064315796,0.36114680767059326,0.35252845287323,0.5378194451332092,0.5203784704208374,0.4932488203048706,0.48424673080444336,0.5132321715354919,0.5419216156005859,0.4384502172470093,0.4300858974456787,0.40708714723587036,0.40255188941955566,0.3641132116317749,0.37829267978668213,0.3775354027748108,0.3830476403236389,0.37098127603530884,0.39596009254455566,0.36083823442459106,0.339804470539093,0.33048170804977417,0.2985161542892456,0.28659963607788086,0.2764394283294678,0.296609103679657,0.29566478729248047,0.21570640802383423,139,0
4.0373759269714355,6,5,0.75607068836689,0.3620563745498657,0.3443892002105713,0.34327811002731323,0.5457095205783844,0.5256262421607971,0.5176019966602325,0.5191306471824646,0.538957804441452,0.5746501088142395,0.48420828580856323,0.47368448972702026,0.44562649726867676,0.43597614765167236,0.39575809240341187,0.40488201379776,0.4222336411476135,0.4100564122200012,0.39013373851776123,0.411043643951416,0.35615742206573486,0.31943845748901367,0.30613720417022705,0.26327836513519287,0.2407483458518982,0.2168881893157959,0.23137986660003662,0.23075556755065918,0.15338647365570068,139,0
2.074493885040283,11,9,0.75607068836689,0.36966872215270996,0.35166221857070923,0.3426985740661621,0.5322242975234985,0.5094867944717407,0.4889289140701294,0.47890734672546387,0.4889540672302246,0.50508251786232,0.38784879446029663,0.3560978174209595,0.3470908999443054,0.346645712852478,0.32549118995666504,0.32533401250839233,0.3527587056159973,0.3550484776496887,0.34611445665359497,0.3716508150100708,0.31665945053100586,0.29736363887786865,0.30672121047973633,0.30312579870224,0.28898489475250244,0.28381192684173584,0.3077874183654785,0.2954753041267395,0.28722864389419556,139,1
2.4940543174743652,11,9,0.75607068836689,0.36947715282440186,0.3517789840698242,0.3416293263435364,0.5325331687927246,0.5105641484260559,0.48986274003982544,0.4791892170906067,0.49110132455825806,0.5090881288051605,0.3934975862503052,0.3560420870780945,0.34614992141723633,0.3473058342933655,0.3237226605415344,0.3127068877220154,0.3347049355506897,0.33427542448043823,0.32473868131637573,0.34690314531326294,0.29772472381591797,0.2917872667312622,0.30322396755218506,0.3131401538848877,0.3100011348724365,0.3052551746368408,0.31827592849731445,0.3013366460800171,0.2066497802734375,139,1
2.2293691635131836,12,9,0.75607068836689,0.3721517324447632,0.3521857261657715,0.3427838087081909,0.5323930978775024,0.509092777967453,0.4872909188270569,0.4780334234237671,0.4875330924987793,0.5065906047821045,0.39445555210113525,0.3588930368423462,0.34911996126174927,0.34817421436309814,0.32404571771621704,0.3164926767349243,0.3441082239151001,0.3420908451080322,0.3344830274581909,0.36100488901138306,0.309786319732666,0.29790180921554565,0.3102940320968628,0.3109086751937866,0.30110836029052734,0.31077080965042114,0.33277106285095215,0.3151642680168152,0.27175748348236084,139,1
2.373366355895996,11,10,0.75607068836689,0.37013816833496094,0.353130042552948,0.34464311599731445,0.5347263813018799,0.5106162130832672,0.488148033618927,0.4788346290588379,0.4884384870529175,0.5073793828487396,0.3921765685081482,0.3552589416503906,0.3459510803222656,0.3477650284767151,0.3276689052581787,0.32280492782592773,0.34950685501098633,0.3434686064720154,0.3359026312828064,0.3678513765335083,0.32090646028518677,0.3121074438095093,0.3226551413536072,0.3198052644729614,0.307661771774292,0.30405551195144653,0.33075881004333496,0.3164949417114258,0.281263530254364,139,1
2.685565948486328,13,10,0.75607068836689,0.37539803981781006,0.3544453978538513,0.3444324731826782,0.534060925245285,0.5113051533699036,0.48987215757369995,0.47860926389694214,0.48648983240127563,0.5047368109226227,0.3918455243110657,0.3591241240501404,0.3476167917251587,0.34749090671539307,0.32331109046936035,0.3173285126686096,0.34332627058029175,0.34124207496643066,0.333362340927124,0.3635602593421936,0.31060588359832764,0.29840368032455444,0.307680606842041,0.30127912759780884,0.29256194829940796,0.2940259575843811,0.3204030990600586,0.3079602122306824,0.26923108100891113,139,1
4.179656982421875,4,2,0.75607068836689,0.3561321496963501,0.33796167373657227,0.34462928771972656,0.5400464534759521,0.529578447341919,0.5130637884140015,0.5157851874828339,0.5384555757045746,0.5513955056667328,0.408652126789093,0.3609171509742737,0.35670334100723267,0.3547147512435913,0.32496070861816406,0.3072618246078491,0.32288527488708496,0.3266276717185974,0.31351804733276367,0.3496158719062805,0.31839799880981445,0.3121158480644226,0.3597458004951477,0.38390398025512695,0.3521244525909424,0.35162192583084106,0.36261165142059326,0.3294883966445923,0.2631610631942749,139,1
2.5923659801483154,17,13,0.75607068836689,0.37710070610046387,0.3584100008010864,0.3432532548904419,0.5222694277763367,0.5120690762996674,0.48944365978240967,0.4907497763633728,0.5105173885822296,0.5372980237007141,0.42397475242614746,0.41180700063705444,0.38874363899230957,0.3924623727798462,0.35678136348724365,0.35280442237854004,0.36419677734375,0.369016170501709,0.3511497378349304,0.3493765592575073,0.28061699867248535,0.254677414894104,0.24243474006652832,0.22789263725280762,0.22317904233932495,0.21244502067565918,0.24022656679153442,0.24218225479125977,0.1568858027458191,139,1
0.4430706202983856,10,9,0.75607068836689,0.36708199977874756,0.35337644815444946,0.3410385251045227,0.5146321058273315,0.4825378656387329,0.45096540451049805,0.47144103050231934,0.4849048852920532,0.48847758769989014,0.3866080045700073,0.34304696321487427,0.30827969312667847,0.28814828395843506,0.28941893577575684,0.2884559631347656,0.30658090114593506,0.30141377449035645,0.2935178279876709,0.3244004249572754,0.2800009846687317,0.285223126411438,0.30809998512268066,0.30151933431625366,0.27647411823272705,0.2614262104034424,0.29332607984542847,0.25035059452056885,0.1645522117614746,140,0
0.9450874328613281,11,10,0.75607068836689,0.36876511573791504,0.354644238948822,0.34642457962036133,0.518295168876648,0.4862695336341858,0.45465755462646484,0.4749909043312073,0.48776769638061523,0.4867105484008789,0.3871549367904663,0.34477919340133667,0.31091779470443726,0.2895132899284363,0.2876710891723633,0.2971664071083069,0.30441343784332275,0.29985547065734863,0.2953014373779297,0.33832716941833496,0.3033781051635742,0.29684126377105713,0.3410238027572632,0.3453857898712158,0.34573501348495483,0.3496693968772888,0.3850836753845215,0.32805728912353516,0.21110951900482178,140,1
0.8450217247009277,11,9,0.75607068836689,0.36829280853271484,0.3542301654815674,0.3446689248085022,0.5185285210609436,0.486535906791687,0.4543207883834839,0.47478187084198,0.4897921085357666,0.4948703646659851,0.3912079334259033,0.34580767154693604,0.3120056390762329,0.291572630405426,0.2927181124687195,0.287450909614563,0.3067852258682251,0.2969766855239868,0.28962504863739014,0.3367002606391907,0.29673177003860474,0.3068671226501465,0.3541812300682068,0.3582587242126465,0.33235466480255127,0.3261321783065796,0.36397624015808105,0.308099627494812,0.2302485704421997,140,1
1.063075065612793,12,11,0.75607068836689,0.37222957611083984,0.3565617799758911,0.34612810611724854,0.5163736045360565,0.48518049716949463,0.45378029346466064,0.47766923904418945,0.49157845973968506,0.4937664270401001,0.391093373298645,0.35114604234695435,0.31371158361434937,0.2922176718711853,0.29164910316467285,0.29042941331863403,0.3056870102882385,0.2964472770690918,0.2908145785331726,0.33736252784729004,0.3037787675857544,0.30799782276153564,0.3604615330696106,0.36727190017700195,0.35174983739852905,0.34631121158599854,0.38049936294555664,0.32350850105285645,0.23802244663238525,140,1
0.7538649439811707,10,9,0.75607068836689,0.356716513633728,0.35692834854125977,0.344788134098053,0.514684647321701,0.5180534422397614,0.48966312408447266,0.4830382466316223,0.487865686416626,0.5123133063316345,0.3987644910812378,0.3635854721069336,0.35764962434768677,0.3404989242553711,0.29324936866760254,0.29728245735168457,0.3119039535522461,0.31549298763275146,0.3053770065307617,0.29731833934783936,0.32451462745666504,0.36323827505111694,0.388136088848114,0.34789109230041504,0.303161084651947,0.2380744218826294,0.24335622787475586,0.21504247188568115,0.25318264961242676,141,0
1.7239961624145508,13,11,0.75607068836689,0.3615405559539795,0.3573411703109741,0.3442206382751465,0.5119492411613464,0.4974409341812134,0.47815024852752686,0.4698777198791504,0.4686891436576843,0.4887956976890564,0.3788059949874878,0.35378265380859375,0.3431435227394104,0.3312970995903015,0.2894749045372009,0.298556923866272,0.3169190287590027,0.3177085518836975,0.30703413486480713,0.3060706853866577,0.3255581855773926,0.36319220066070557,0.36644697189331055,0.35269951820373535,0.312824547290802,0.2494884729385376,0.24473631381988525,0.20652085542678833,0.28702884912490845,141,0
1.0846985578536987,10,9,0.75607068836689,0.3573516607284546,0.3559960722923279,0.34379976987838745,0.5127921402454376,0.5190824568271637,0.4910306930541992,0.48368388414382935,0.489676833152771,0.5143384337425232,0.3990631103515625,0.3627305030822754,0.35542213916778564,0.3368770480155945,0.29373371601104736,0.30289173126220703,0.320115327835083,0.3244420289993286,0.3143714666366577,0.3066873550415039,0.32044684886932373,0.3454209566116333,0.37372076511383057,0.3345905542373657,0.297879159450531,0.23166674375534058,0.23360759019851685,0.19887018203735352,0.20817649364471436,141,1
2.0867950916290283,13,11,0.75607068836689,0.36150628328323364,0.35777896642684937,0.34575188159942627,0.5121373236179352,0.4948893189430237,0.4765937328338623,0.46869319677352905,0.4705738425254822,0.48726463317871094,0.3749206066131592,0.3487546443939209,0.3381175398826599,0.3293839693069458,0.2918202877044678,0.30250728130340576,0.32063740491867065,0.3255705237388611,0.31210803985595703,0.3112680912017822,0.3116186261177063,0.3385860323905945,0.3504161238670349,0.3221762180328369,0.289589524269104,0.2286444902420044,0.23212069272994995,0.2026970386505127,0.28010499477386475,141,1
1.3534733057022095,18,11,0.75607068836689,0.37293630838394165,0.36587417125701904,0.3569219708442688,0.5554014146327972,0.5307278633117676,0.5105488300323486,0.5190140008926392,0.5211061537265778,0.5120582580566406,0.4273926019668579,0.3907041549682617,0.3789765238761902,0.33818668127059937,0.32871824502944946,0.3099247217178345,0.32342344522476196,0.3220399022102356,0.30724871158599854,0.33658862113952637,0.2924737334251404,0.28775423765182495,0.31563103199005127,0.2725043296813965,0.23527967929840088,0.2380257248878479,0.2536616325378418,0.2188701629638672,0.16318082809448242,142,0
2.072604179382324,10,9,0.75607068836689,0.36195284128189087,0.3639254570007324,0.3502042293548584,0.5490055680274963,0.5333508551120758,0.5115105509757996,0.5180573761463165,0.5248604714870453,0.5142408013343811,0.4279753565788269,0.3947063088417053,0.3765108585357666,0.3341682553291321,0.31251978874206543,0.29410505294799805,0.29755890369415283,0.2970919609069824,0.28282833099365234,0.30283123254776,0.26450228691101074,0.24463695287704468,0.2279718518257141,0.1930951476097107,0.1491706371307373,0.13343769311904907,0.13026142120361328,0.12589073181152344,0.16227298974990845,142,0
1.698664665222168,15,12,0.75607068836689,0.36900967359542847,0.3711886405944824,0.35617488622665405,0.5493481159210205,0.5320004522800446,0.5076512396335602,0.5176204741001129,0.5104243159294128,0.5031585991382599,0.42146915197372437,0.38812458515167236,0.36982691287994385,0.3349490165710449,0.3230435252189636,0.3130950927734375,0.31771159172058105,0.31887125968933105,0.3009077310562134,0.31653136014938354,0.27557373046875,0.27154022455215454,0.29905974864959717,0.2588413953781128,0.21213161945343018,0.19380414485931396,0.19613075256347656,0.17709559202194214,0.14930987358093262,142,0
0.8648155927658081,7,6,0.75607068836689,0.36528074741363525,0.3640094995498657,0.3500479459762573,0.5496699810028076,0.5324005484580994,0.5104312300682068,0.5153919756412506,0.510610431432724,0.5088586807250977,0.4241436719894409,0.3831310272216797,0.36289161443710327,0.31751853227615356,0.30264759063720703,0.2801954746246338,0.2902318835258484,0.2936787009239197,0.28337669372558594,0.3153209090232849,0.29480552673339844,0.3086503744125366,0.35769224166870117,0.3180132508277893,0.29611456394195557,0.3031831383705139,0.32247042655944824,0.27396029233932495,0.175686776638031,142,1
1.8438243865966797,9,8,0.75607068836689,0.36522144079208374,0.350932776927948,0.3295706510543823,0.5041828751564026,0.5007033944129944,0.4473994970321655,0.44440579414367676,0.5268394947052002,0.5475882887840271,0.441528856754303,0.41026997566223145,0.4015238285064697,0.3956012725830078,0.3481713533401489,0.33803826570510864,0.36367857456207275,0.35962235927581787,0.34719371795654297,0.3803917169570923,0.35024702548980713,0.3379939794540405,0.3038136959075928,0.2566521167755127,0.22826218605041504,0.1797376275062561,0.18307387828826904,0.15110188722610474,0.17764270305633545,143,0
1.2211579084396362,15,13,0.75607068836689,0.3802318572998047,0.35984551906585693,0.3306500315666199,0.5013870000839233,0.5139829814434052,0.4549652338027954,0.4366915225982666,0.48728758096694946,0.5030896663665771,0.420373797416687,0.40404212474823,0.38214004039764404,0.3871878981590271,0.3637745976448059,0.3608548045158386,0.38430869579315186,0.37800610065460205,0.3835110664367676,0.4337869882583618,0.44767463207244873,0.4490489363670349,0.4338753819465637,0.3781663179397583,0.3341139554977417,0.2678079605102539,0.2635641098022461,0.22376090288162231,0.23058152198791504,143,0
2.8007845878601074,13,11,0.75607068836689,0.37683677673339844,0.3643568754196167,0.3413218855857849,0.5099002718925476,0.5091091394424438,0.4543367624282837,0.44271421432495117,0.5094116032123566,0.5363372564315796,0.43145692348480225,0.3984721899032593,0.37607914209365845,0.38568854331970215,0.3631107211112976,0.3595532178878784,0.36382967233657837,0.3576875925064087,0.3508995771408081,0.38068217039108276,0.3598368167877197,0.3575335741043091,0.3269008994102478,0.2794080376625061,0.2487020492553711,0.19594639539718628,0.19765466451644897,0.16473817825317383,0.18116164207458496,143,0
3.348764657974243,4,3,0.75607068836689,0.3622211217880249,0.3460043668746948,0.32572120428085327,0.5160792469978333,0.5560929477214813,0.4923768639564514,0.45811331272125244,0.5182885825634003,0.5186115205287933,0.43013864755630493,0.3926961421966553,0.37896931171417236,0.3825991749763489,0.3630525469779968,0.3650716543197632,0.3779940605163574,0.36479997634887695,0.3656727075576782,0.3774600028991699,0.3599124550819397,0.3458098769187927,0.31779104471206665,0.26682305335998535,0.24414873123168945,0.19307363033294678,0.19431573152542114,0.16248029470443726,0.2427927851676941,143,0
1.8093842267990112,9,8,0.75607068836689,0.36785823106765747,0.3535257577896118,0.3297892212867737,0.5087159872055054,0.5028045177459717,0.45071810483932495,0.45695996284484863,0.5409628450870514,0.5556155145168304,0.46841859817504883,0.445148229598999,0.4244402050971985,0.42658519744873047,0.3799424171447754,0.37392252683639526,0.3863339424133301,0.3764265775680542,0.378384530544281,0.4068942070007324,0.3746306896209717,0.3661380410194397,0.3288360834121704,0.28393125534057617,0.24924129247665405,0.19859951734542847,0.19910508394241333,0.16769039630889893,0.20558035373687744,143,0
1.2375043630599976,18,16,0.75607068836689,0.37945640087127686,0.3518882989883423,0.3297727108001709,0.49448060989379883,0.4947153329849243,0.4406282305717468,0.4376082420349121,0.49142205715179443,0.5082879066467285,0.43247002363204956,0.39793747663497925,0.366443395614624,0.34967875480651855,0.31470733880996704,0.2985909581184387,0.3162843585014343,0.304737389087677,0.29115980863571167,0.346214234828949,0.3140715956687927,0.31374824047088623,0.2991495132446289,0.24876052141189575,0.22909057140350342,0.17678546905517578,0.17667216062545776,0.135303795337677,0.11906427145004272,143,1
1.0374457836151123,21,19,0.75607068836689,0.36888277530670166,0.3491954803466797,0.3261147737503052,0.49104034900665283,0.4932520389556885,0.4379088282585144,0.4386742115020752,0.4861181378364563,0.49202966690063477,0.3864651918411255,0.3537853956222534,0.32688701152801514,0.31933706998825073,0.28359293937683105,0.2742960453033447,0.29902422428131104,0.29640376567840576,0.29628509283065796,0.3484126329421997,0.33593326807022095,0.32514655590057373,0.31307482719421387,0.2738789916038513,0.2521378993988037,0.1911810040473938,0.18929052352905273,0.14326387643814087,0.129957914352417,143,1
2.9246318340301514,5,4,0.75607068836689,0.3618898391723633,0.347015380859375,0.32921385765075684,0.5145240724086761,0.5186479091644287,0.47730547189712524,0.4685141444206238,0.5312589406967163,0.5537444949150085,0.483604371547699,0.43882590532302856,0.40949392318725586,0.4064931869506836,0.36370307207107544,0.34681856632232666,0.35825109481811523,0.3428003191947937,0.31609785556793213,0.3654308319091797,0.3189631700515747,0.31091177463531494,0.2950073480606079,0.24378281831741333,0.22342467308044434,0.1750648021697998,0.16756319999694824,0.1293400526046753,0.08763247728347778,143,1
2.5764102935791016,5,4,0.75607068836689,0.35433685779571533,0.3433223366737366,0.32911765575408936,0.5178187191486359,0.5119994282722473,0.4684430956840515,0.46718430519104004,0.5241066217422485,0.547600269317627,0.4473901391029358,0.4046480059623718,0.386799693107605,0.37418025732040405,0.33472687005996704,0.3163701295852661,0.3202669620513916,0.32018762826919556,0.3197031021118164,0.3664901852607727,0.3373342752456665,0.3464210033416748,0.37196606397628784,0.36608368158340454,0.3790252208709717,0.33081692457199097,0.31312161684036255,0.2452559471130371,0.12051522731781006,143,1
2.73872971534729,7,6,0.75607068836689,0.36012881994247437,0.34738922119140625,0.32084375619888306,0.5006498694419861,0.5073130428791046,0.46210139989852905,0.45747309923171997,0.5215321779251099,0.5530395805835724,0.44460105895996094,0.39370816946029663,0.3699057102203369,0.35840684175491333,0.3141385316848755,0.3037925958633423,0.31481170654296875,0.3180011510848999,0.31106501817703247,0.3562113642692566,0.32822346687316895,0.3345531225204468,0.3666735887527466,0.37262845039367676,0.3986656069755554,0.351291298866272,0.3274495005607605,0.2440955638885498,0.12854719161987305,143,1
4.571231842041016,2,1,0.75607068836689,0.335610568523407,0.3464542627334595,0.33735179901123047,0.5767672955989838,0.5656653940677643,0.49831104278564453,0.48535478115081787,0.5433575510978699,0.5392884612083435,0.48438048362731934,0.44653451442718506,0.4172321557998657,0.42422348260879517,0.3993985056877136,0.420288622379303,0.4124911427497864,0.39496952295303345,0.39535701274871826,0.4083027243614197,0.40289008617401123,0.40440118312835693,0.36337488889694214,0.3104511499404907,0.2718079686164856,0.21745842695236206,0.2147132158279419,0.18412160873413086,0.2865743041038513,143,1
3.1581263542175293,6,5,0.75607068836689,0.3582611083984375,0.35399991273880005,0.3322790265083313,0.5200976133346558,0.5169978141784668,0.4654672145843506,0.47355127334594727,0.5382179319858551,0.5609342455863953,0.4699254631996155,0.4475887417793274,0.44148874282836914,0.4594597816467285,0.4413318634033203,0.422011137008667,0.42922431230545044,0.415274977684021,0.40051138401031494,0.4059184193611145,0.39277493953704834,0.38078802824020386,0.3414421081542969,0.2918663024902344,0.2581518292427063,0.2031702995300293,0.202164888381958,0.16638803482055664,0.23630297183990479,143,1
2.8400392532348633,8,7,0.75607068836689,0.3627779483795166,0.35145461559295654,0.32350730895996094,0.5002670586109161,0.4953874349594116,0.4521486163139343,0.4501153826713562,0.5402717292308807,0.549429178237915,0.4616352319717407,0.4227102994918823,0.40099984407424927,0.40311580896377563,0.3776586651802063,0.37706702947616577,0.3818016052246094,0.3855963945388794,0.37035638093948364,0.3959980010986328,0.3435875177383423,0.3305474519729614,0.2977907657623291,0.2603644132614136,0.24665701389312744,0.1908818483352661,0.18825602531433105,0.1441599726676941,0.14821219444274902,143,1
0.8648356795310974,11,9,0.75607068836689,0.34392958879470825,0.33495211601257324,0.3254620432853699,0.5043465197086334,0.4939195513725281,0.4596041440963745,0.451846182346344,0.4737779498100281,0.45531827211380005,0.3508220314979553,0.3505760431289673,0.3545367121696472,0.3139745593070984,0.30579620599746704,0.29984068870544434,0.30521154403686523,0.3154764175415039,0.30318987369537354,0.30206185579299927,0.29849761724472046,0.2846015691757202,0.32216060161590576,0.3235176205635071,0.3708157539367676,0.32565099000930786,0.33035552501678467,0.2500738501548767,0.20073741674423218,144,0
4.292117595672607,2,1,0.75607068836689,0.337955117225647,0.3227258324623108,0.32161951065063477,0.5454404354095459,0.5471986532211304,0.5024615824222565,0.4898220896720886,0.516960084438324,0.5027784109115601,0.4165079593658447,0.40931349992752075,0.38706105947494507,0.3764469623565674,0.3667048215866089,0.37297719717025757,0.38092851638793945,0.39435434341430664,0.3706241846084595,0.33147042989730835,0.3399125933647156,0.32532578706741333,0.35991913080215454,0.37259340286254883,0.4101983308792114,0.35741865634918213,0.34479594230651855,0.26662296056747437,0.2151128053665161,144,0
1.8070775270462036,16,14,0.75607068836689,0.35841095447540283,0.33924776315689087,0.33420151472091675,0.5055463910102844,0.5018619298934937,0.4717435836791992,0.45883655548095703,0.4818460941314697,0.4800671339035034,0.3979853391647339,0.3964751362800598,0.3942255973815918,0.3671201467514038,0.3477022647857666,0.349484920501709,0.3546202778816223,0.37337011098861694,0.3688380718231201,0.36225426197052,0.3749645948410034,0.37322402000427246,0.4219352602958679,0.43113183975219727,0.4698382616043091,0.41169220209121704,0.4111810326576233,0.3215849995613098,0.2429112195968628,144,0
2.5644102096557617,11,9,0.75607068836689,0.3459196090698242,0.3346841335296631,0.3275863528251648,0.5049911141395569,0.49168825149536133,0.4648476243019104,0.45543813705444336,0.47150546312332153,0.4723203182220459,0.3745731711387634,0.37391024827957153,0.3727445602416992,0.35931867361068726,0.34455233812332153,0.332339882850647,0.33895230293273926,0.3497875928878784,0.3329235315322876,0.3150531053543091,0.3303682804107666,0.33439040184020996,0.4002574682235718,0.4096224308013916,0.44860827922821045,0.39812397956848145,0.4010700583457947,0.32114607095718384,0.2755686044692993,144,0
2.038702964782715,9,7,0.75607068836689,0.3506218194961548,0.3369218111038208,0.329143226146698,0.5129508376121521,0.49279654026031494,0.4620409607887268,0.45539194345474243,0.4718637466430664,0.46116065979003906,0.3829631805419922,0.3913472890853882,0.39058637619018555,0.3620600700378418,0.3391917943954468,0.3381319046020508,0.3435559868812561,0.3536871671676636,0.3395256996154785,0.34740060567855835,0.38362884521484375,0.40836262702941895,0.4803593158721924,0.4928944706916809,0.5187388360500336,0.48082393407821655,0.4890575408935547,0.3908175826072693,0.31454718112945557,144,1
4.150177478790283,2,1,0.75607068836689,0.390458345413208,0.3527912497520447,0.35817408561706543,0.5824103355407715,0.5770567059516907,0.533938854932785,0.507025420665741,0.5267398655414581,0.5036202669143677,0.42150670289993286,0.41763925552368164,0.40082502365112305,0.3877977728843689,0.3844577670097351,0.39506995677948,0.4046717882156372,0.41577017307281494,0.39855992794036865,0.38501250743865967,0.4073634743690491,0.414394736289978,0.46673136949539185,0.47584521770477295,0.4958270192146301,0.47262001037597656,0.4747923016548157,0.3900737762451172,0.28281331062316895,144,1
2.284316062927246,14,12,0.75607068836689,0.35936295986175537,0.34158599376678467,0.33260977268218994,0.5057917833328247,0.4872465133666992,0.4573369026184082,0.4579418897628784,0.4746626615524292,0.4726816415786743,0.38534557819366455,0.4030783772468567,0.3905773162841797,0.37036824226379395,0.3433045744895935,0.3494647741317749,0.35871028900146484,0.36402666568756104,0.35322946310043335,0.35231196880340576,0.3629472851753235,0.364760160446167,0.40594661235809326,0.43225908279418945,0.478202760219574,0.4449779987335205,0.4669346809387207,0.37490540742874146,0.2922348976135254,144,1
2.582803964614868,9,6,0.75607068836689,0.3701019883155823,0.3465949296951294,0.33713817596435547,0.5287804901599884,0.5000733137130737,0.4734940528869629,0.4761858582496643,0.4999893307685852,0.500225156545639,0.39828354120254517,0.4108926057815552,0.39790117740631104,0.37654370069503784,0.35411643981933594,0.35313713550567627,0.3732832670211792,0.36796295642852783,0.36019283533096313,0.33879518508911133,0.3575935363769531,0.3665967583656311,0.4089246988296509,0.42060303688049316,0.4682992100715637,0.43301278352737427,0.4394262433052063,0.3590494394302368,0.24757683277130127,144,1
4.702430248260498,7,4,0.75607068836689,0.3566824197769165,0.34715914726257324,0.3520714044570923,0.5258916616439819,0.5272081196308136,0.48736947774887085,0.4806722402572632,0.5321047604084015,0.5221492946147919,0.4651416540145874,0.43741291761398315,0.4108659625053406,0.4075857400894165,0.38491278886795044,0.44525766372680664,0.4472876191139221,0.4476894736289978,0.4397321343421936,0.40142977237701416,0.4253498315811157,0.4004667401313782,0.40024733543395996,0.4135902523994446,0.44900423288345337,0.4009653329849243,0.3866029381752014,0.30465203523635864,0.21424877643585205,144,1
3.074605703353882,7,5,0.75607068836689,0.3561682105064392,0.3476889133453369,0.34462326765060425,0.5348974466323853,0.5150959491729736,0.4856983423233032,0.5108743011951447,0.5115393102169037,0.5083387494087219,0.4219794273376465,0.4245154857635498,0.41391152143478394,0.39456862211227417,0.3698657155036926,0.38160890340805054,0.3909507393836975,0.3979060649871826,0.38076961040496826,0.3774855136871338,0.39537274837493896,0.40404826402664185,0.47787922620773315,0.4835323095321655,0.5174732208251953,0.5008480846881866,0.5283883512020111,0.46893996000289917,0.31091809272766113,144,1
1.7011817693710327,10,9,0.75607068836689,0.37889552116394043,0.35430681705474854,0.34235161542892456,0.5046755075454712,0.48657315969467163,0.4489016532897949,0.45871108770370483,0.48707103729248047,0.5033087134361267,0.3922942280769348,0.34530818462371826,0.3340771794319153,0.3240537643432617,0.3026336431503296,0.32337093353271484,0.3504093885421753,0.3459993600845337,0.3337595462799072,0.32015037536621094,0.2844125032424927,0.268826961517334,0.26135122776031494,0.2026301622390747,0.17340552806854248,0.130454421043396,0.13176089525222778,0.11782526969909668,0.11412113904953003,145,0
2.077730894088745,7,6,0.75607068836689,0.37720751762390137,0.3590368628501892,0.35040515661239624,0.5217953026294708,0.5008132457733154,0.4777827858924866,0.5060878098011017,0.5443575084209442,0.5682268440723419,0.4495581388473511,0.3993338346481323,0.36905437707901,0.361749529838562,0.3220531940460205,0.3184892535209656,0.33480334281921387,0.31777381896972656,0.3139585256576538,0.2939959764480591,0.2487708330154419,0.2364966869354248,0.2287718653678894,0.17668461799621582,0.15457183122634888,0.12125396728515625,0.1264612078666687,0.11794042587280273,0.12231487035751343,145,0
2.389378070831299,15,14,0.75607068836689,0.39248836040496826,0.35650086402893066,0.3464447259902954,0.5034218430519104,0.48101234436035156,0.4504934549331665,0.4753495454788208,0.5217978954315186,0.5470849573612213,0.4639655351638794,0.4272213578224182,0.3927311897277832,0.4100911617279053,0.36154478788375854,0.3491968512535095,0.3709995150566101,0.34002357721328735,0.33947694301605225,0.3176282048225403,0.2780075669288635,0.2623293995857239,0.2580563426017761,0.2113858461380005,0.18612605333328247,0.14557379484176636,0.15318620204925537,0.1408480405807495,0.1426175832748413,145,0
2.7645163536071777,6,5,0.75607068836689,0.3690192699432373,0.35054612159729004,0.3398498296737671,0.5153965651988983,0.5015756785869598,0.4775303602218628,0.4934409260749817,0.5322728753089905,0.5523909032344818,0.46063345670700073,0.41628748178482056,0.4022279381752014,0.3943324685096741,0.349490761756897,0.34331798553466797,0.35438334941864014,0.33594512939453125,0.32313984632492065,0.3202727437019348,0.29417693614959717,0.2899683713912964,0.29263657331466675,0.23968201875686646,0.20119094848632812,0.15503770112991333,0.1531081199645996,0.13670778274536133,0.10833775997161865,145,0
1.804011583328247,10,9,0.75607068836689,0.3783665895462036,0.35361969470977783,0.3409689664840698,0.5026886463165283,0.4854452610015869,0.4478382468223572,0.45677655935287476,0.4853287935256958,0.5015183985233307,0.3937913179397583,0.3427848219871521,0.3286912441253662,0.31400448083877563,0.2925328016281128,0.30026376247406006,0.31897425651550293,0.31109046936035156,0.3040006756782532,0.2911527752876282,0.25657373666763306,0.2426239252090454,0.22991257905960083,0.17427915334701538,0.14924579858779907,0.11132210493087769,0.11499106884002686,0.1038048267364502,0.10754883289337158,145,1
2.6706464290618896,7,6,0.75607068836689,0.376198947429657,0.3582833409309387,0.34949028491973877,0.5208175480365753,0.5065551102161407,0.4805185794830322,0.5007452070713043,0.5453862845897675,0.5689612030982971,0.4501819610595703,0.39126676321029663,0.36395251750946045,0.3529599905014038,0.31698453426361084,0.3129572868347168,0.32784605026245117,0.3087385892868042,0.30831146240234375,0.2957611680030823,0.2532743811607361,0.2523916959762573,0.258426308631897,0.20531803369522095,0.1806674599647522,0.14109987020492554,0.14375048875808716,0.12713229656219482,0.11272096633911133,145,1
2.3271312713623047,15,14,0.75607068836689,0.3921433687210083,0.3565424084663391,0.3458471894264221,0.5026227831840515,0.4795241951942444,0.4492177963256836,0.4739799499511719,0.5209253132343292,0.5444576144218445,0.4591512084007263,0.4199361801147461,0.3847050070762634,0.39518260955810547,0.35052603483200073,0.3414073586463928,0.35765737295150757,0.3264235258102417,0.32594579458236694,0.29972678422927856,0.26319801807403564,0.25078827142715454,0.24246108531951904,0.2006790041923523,0.1799488663673401,0.14122378826141357,0.15041112899780273,0.13957440853118896,0.14552521705627441,145,1
2.6449334621429443,6,5,0.75607068836689,0.37144696712493896,0.35148364305496216,0.34199875593185425,0.5192296206951141,0.5054766535758972,0.4787226915359497,0.4926387071609497,0.5352128148078918,0.5583900213241577,0.4553472399711609,0.4008561372756958,0.37787961959838867,0.36243265867233276,0.3284114599227905,0.3257928490638733,0.33152705430984497,0.31272774934768677,0.31091243028640747,0.30410873889923096,0.27003806829452515,0.2603793144226074,0.2543950080871582,0.20040398836135864,0.17186766862869263,0.1303437352180481,0.1313510537147522,0.11729103326797485,0.11547601222991943,145,1
1.6974705457687378,14,11,0.75607068836689,0.35980284214019775,0.3428523540496826,0.3243940472602844,0.5226165652275085,0.5324891805648804,0.49718236923217773,0.4825507402420044,0.49829357862472534,0.5275709927082062,0.4333565831184387,0.38691890239715576,0.3602137565612793,0.3588862419128418,0.3536837100982666,0.3661804795265198,0.37286001443862915,0.3822132349014282,0.39240169525146484,0.41296249628067017,0.39363205432891846,0.3962191343307495,0.41156333684921265,0.3541717529296875,0.29989922046661377,0.2662329077720642,0.2730981111526489,0.24099290370941162,0.3232244849205017,146,0
1.883272409439087,14,11,0.75607068836689,0.3589726686477661,0.33884871006011963,0.3207494616508484,0.5165141224861145,0.5164132714271545,0.48437756299972534,0.4761618375778198,0.5028691291809082,0.5378542542457581,0.45644253492355347,0.42041516304016113,0.3963431715965271,0.3951532244682312,0.38844823837280273,0.4073839783668518,0.4080997705459595,0.41957151889801025,0.41764014959335327,0.4154413342475891,0.3803200125694275,0.36734044551849365,0.3677785396575928,0.3130265474319458,0.26486706733703613,0.23416370153427124,0.24137592315673828,0.22215014696121216,0.31200242042541504,146,0
1.9899650812149048,20,15,0.75607068836689,0.3668750524520874,0.34201276302337646,0.3286358714103699,0.5281260013580322,0.5131345093250275,0.47854435443878174,0.4827585220336914,0.5049541890621185,0.5344636142253876,0.4550211429595947,0.4080084562301636,0.3882182240486145,0.3975071907043457,0.3776237964630127,0.3749765157699585,0.39448875188827515,0.39143967628479004,0.3882797360420227,0.39028698205947876,0.33092254400253296,0.32034212350845337,0.30914485454559326,0.2574900984764099,0.21959006786346436,0.19109195470809937,0.2022465467453003,0.18847930431365967,0.2929260730743408,146,0
1.8404650688171387,12,9,0.75607068836689,0.35464709997177124,0.33603477478027344,0.3218545913696289,0.5323401987552643,0.5206267237663269,0.4910992980003357,0.490783154964447,0.5063627362251282,0.534199059009552,0.4529151916503906,0.4079294204711914,0.3813350200653076,0.3953196406364441,0.3876640200614929,0.38124537467956543,0.3889051079750061,0.394072949886322,0.3932647109031677,0.3788233995437622,0.3279639482498169,0.3238394856452942,0.32315969467163086,0.2676154375076294,0.22727453708648682,0.19516795873641968,0.1987752914428711,0.18316912651062012,0.25208795070648193,146,1
2.0148963928222656,15,11,0.75607068836689,0.36026543378829956,0.337573766708374,0.3267185091972351,0.5337784886360168,0.5180525183677673,0.48146671056747437,0.48373281955718994,0.5003473460674286,0.5238184928894043,0.42707163095474243,0.39052122831344604,0.3629506826400757,0.3608974814414978,0.34657686948776245,0.3190419673919678,0.3316762447357178,0.333451509475708,0.344552218914032,0.3440074920654297,0.3054988384246826,0.3051828145980835,0.3101452589035034,0.2606174945831299,0.22342908382415771,0.1918635368347168,0.19452673196792603,0.17871487140655518,0.25543951988220215,146,1
1.6796987056732178,13,7,0.75607068836689,0.36296164989471436,0.34120845794677734,0.32560575008392334,0.5423839390277863,0.5377133786678314,0.49331992864608765,0.49432241916656494,0.5133201479911804,0.5356549620628357,0.4474363923072815,0.4022873640060425,0.3783356547355652,0.3848072290420532,0.3607504963874817,0.36277949810028076,0.37494444847106934,0.38853925466537476,0.3848719000816345,0.3696479797363281,0.33038073778152466,0.31943994760513306,0.3191649913787842,0.27436625957489014,0.23522484302520752,0.2104196548461914,0.22266173362731934,0.20874875783920288,0.2684441804885864,146,1
0.885394275188446,10,7,0.75607068836689,0.33928143978118896,0.35094326734542847,0.3461064100265503,0.54655921459198,0.5283891558647156,0.5022185742855072,0.49917638301849365,0.5093525946140289,0.5233857929706573,0.39690452814102173,0.36459535360336304,0.34165239334106445,0.3093385696411133,0.2884972095489502,0.2753641605377197,0.307686448097229,0.30376744270324707,0.29336315393447876,0.2824384570121765,0.23764079809188843,0.22254443168640137,0.1943311095237732,0.15454506874084473,0.12603908777236938,0.09229016304016113,0.08531129360198975,0.08415341377258301,0.08917981386184692,147,0
1.0265346765518188,13,9,0.75607068836689,0.3472604751586914,0.3496561646461487,0.3508957028388977,0.5478365421295166,0.5239854753017426,0.5029159188270569,0.5041655004024506,0.5135891139507294,0.5183196663856506,0.39585280418395996,0.3591495752334595,0.3248450756072998,0.30093103647232056,0.2871830463409424,0.27176564931869507,0.30010849237442017,0.29165470600128174,0.27948278188705444,0.27963900566101074,0.2298603057861328,0.21349412202835083,0.2027309536933899,0.1644742488861084,0.13709616661071777,0.10342639684677124,0.09622633457183838,0.08776795864105225,0.07007181644439697,147,0
2.0023770332336426,11,8,0.75607068836689,0.3383086323738098,0.3467426300048828,0.34681767225265503,0.5512853264808655,0.5360054075717926,0.5074267387390137,0.5016612410545349,0.5135791003704071,0.5424153208732605,0.41084420680999756,0.3944552540779114,0.38029634952545166,0.3551703691482544,0.3286941647529602,0.3154458999633789,0.33311593532562256,0.33130383491516113,0.3152788281440735,0.2906971573829651,0.22751545906066895,0.2065577507019043,0.19698339700698853,0.15713882446289062,0.13268238306045532,0.09365618228912354,0.09386825561523438,0.09165853261947632,0.06495565176010132,147,0
1.9883314371109009,11,8,0.75607068836689,0.33842557668685913,0.348984956741333,0.3484869599342346,0.5542771816253662,0.5358513295650482,0.5061890482902527,0.5012933909893036,0.515487551689148,0.5409067869186401,0.41025155782699585,0.3901519179344177,0.3710877299308777,0.347495436668396,0.32416832447052,0.313506543636322,0.334054172039032,0.3263753652572632,0.3129148483276367,0.2854134440422058,0.21725726127624512,0.19505399465560913,0.18342196941375732,0.14046239852905273,0.1216280460357666,0.08623433113098145,0.08581113815307617,0.08299112319946289,0.05108952522277832,147,0
2.080472946166992,16,12,0.75607068836689,0.3534427881240845,0.36277061700820923,0.3626216650009155,0.5586584806442261,0.5390918552875519,0.5020272731781006,0.49965357780456543,0.5028241276741028,0.5290119647979736,0.39964723587036133,0.3762549161911011,0.3516721725463867,0.3523365259170532,0.33945655822753906,0.34189409017562866,0.34625154733657837,0.35112887620925903,0.33485227823257446,0.30750572681427,0.24853229522705078,0.22898852825164795,0.21274662017822266,0.1780877709388733,0.15878140926361084,0.12283670902252197,0.12171590328216553,0.11222785711288452,0.08107829093933105,147,0
1.6194069385528564,9,6,0.75607068836689,0.34908753633499146,0.35419321060180664,0.35073602199554443,0.5450516939163208,0.5246307551860809,0.5039352774620056,0.5070785880088806,0.5130777955055237,0.5235511362552643,0.39523470401763916,0.36333489418029785,0.35244882106781006,0.34233802556991577,0.33111143112182617,0.32718855142593384,0.3237994909286499,0.32790684700012207,0.304789662361145,0.31252652406692505,0.27640247344970703,0.2648511528968811,0.25135719776153564,0.21156907081604004,0.18593335151672363,0.1454424262046814,0.13662505149841309,0.12583541870117188,0.08462178707122803,147,1
1.3237215280532837,9,6,0.75607068836689,0.3493231534957886,0.3529190421104431,0.34926486015319824,0.5427551865577698,0.520787388086319,0.4996531009674072,0.5073212683200836,0.5158369839191437,0.5268601775169373,0.4148057699203491,0.37943583726882935,0.3417420983314514,0.33210819959640503,0.3094719648361206,0.30492210388183594,0.30154162645339966,0.3017779588699341,0.2913057208061218,0.30557477474212646,0.2687799334526062,0.26812708377838135,0.25592511892318726,0.21954083442687988,0.19316834211349487,0.15377503633499146,0.1467050313949585,0.13353174924850464,0.08743047714233398,147,1
1.6567720174789429,9,6,0.75607068836689,0.3511090874671936,0.35508543252944946,0.35216212272644043,0.5431587100028992,0.5227489471435547,0.5012155771255493,0.5094369947910309,0.5132542848587036,0.5262685716152191,0.39904677867889404,0.3656691312789917,0.34522414207458496,0.3275030851364136,0.3042663335800171,0.3036462664604187,0.3064424395561218,0.3144177198410034,0.30217236280441284,0.3108553886413574,0.29448312520980835,0.298087477684021,0.30233049392700195,0.27688068151474,0.25237834453582764,0.20050036907196045,0.18398165702819824,0.16214537620544434,0.08482378721237183,147,1
2.1265904903411865,12,9,0.75607068836689,0.35699349641799927,0.3616350293159485,0.3526386618614197,0.5557272136211395,0.5293389856815338,0.4957537055015564,0.5104748606681824,0.5442872941493988,0.550886869430542,0.4425555467605591,0.4179835319519043,0.3963924050331116,0.3685993552207947,0.3639659285545349,0.3490491509437561,0.34820014238357544,0.3418375253677368,0.34756314754486084,0.3443569540977478,0.3096137046813965,0.3111382722854614,0.3075467348098755,0.2721271514892578,0.24030452966690063,0.237071692943573,0.24585354328155518,0.2164628505706787,0.21954810619354248,148,0
1.2635265588760376,10,8,0.75607068836689,0.36453282833099365,0.3625746965408325,0.350488543510437,0.5502084791660309,0.5321516692638397,0.5043656527996063,0.5239068865776062,0.5407705307006836,0.5421276092529297,0.4197913408279419,0.39344650506973267,0.377766489982605,0.34039437770843506,0.32191652059555054,0.3074733018875122,0.3140232563018799,0.30892372131347656,0.3087759017944336,0.3198450803756714,0.2825055718421936,0.278917133808136,0.2637048363685608,0.23503541946411133,0.19609856605529785,0.1823253631591797,0.18497049808502197,0.150496244430542,0.1898813247680664,148,0
1.1724416017532349,11,9,0.75607068836689,0.35138022899627686,0.3530386686325073,0.3453671336174011,0.5476883053779602,0.5245139598846436,0.49596458673477173,0.5060613453388214,0.5273328423500061,0.5277977883815765,0.41383618116378784,0.38944023847579956,0.372015118598938,0.350394070148468,0.3433602452278137,0.3213691711425781,0.3206462860107422,0.3211081624031067,0.32022416591644287,0.3275303244590759,0.29113590717315674,0.3052476644515991,0.3093850612640381,0.2896915674209595,0.2747277021408081,0.26436060667037964,0.26836568117141724,0.21358764171600342,0.21474790573120117,148,1
2.037374496459961,10,8,0.75607068836689,0.3594914674758911,0.3569445013999939,0.3479803204536438,0.5515868067741394,0.5255163609981537,0.5000566840171814,0.5103382468223572,0.5245944261550903,0.5184210538864136,0.41472774744033813,0.3853352665901184,0.35957878828048706,0.34398651123046875,0.32977527379989624,0.3237464427947998,0.31731873750686646,0.3253610134124756,0.332974910736084,0.35053133964538574,0.3373270034790039,0.37633228302001953,0.3982846140861511,0.4012492299079895,0.4040183424949646,0.39483392238616943,0.4001145362854004,0.3227733373641968,0.2527560591697693,148,1
2.257286310195923,16,13,0.75607068836689,0.36610788106918335,0.3600008487701416,0.3570880889892578,0.550870418548584,0.5242459774017334,0.4919065833091736,0.5077072978019714,0.5461007356643677,0.5429175496101379,0.43089741468429565,0.40881550312042236,0.38743138313293457,0.36981910467147827,0.36513352394104004,0.34948885440826416,0.3393564224243164,0.33826327323913574,0.3433607816696167,0.34565091133117676,0.31521540880203247,0.33276796340942383,0.3361855745315552,0.3141573667526245,0.2947181463241577,0.2832043766975403,0.28843963146209717,0.2315366268157959,0.23575520515441895,148,1
0.9146100878715515,10,8,0.75607068836689,0.3640716075897217,0.3516804575920105,0.33551526069641113,0.5191439986228943,0.4950064420700073,0.48218828439712524,0.4839180111885071,0.48583555221557617,0.49359458684921265,0.36044931411743164,0.33766722679138184,0.30117517709732056,0.2904171943664551,0.2779759168624878,0.2760486602783203,0.28769761323928833,0.30313795804977417,0.29341405630111694,0.28527510166168213,0.23832964897155762,0.20693480968475342,0.21111643314361572,0.17436623573303223,0.150934100151062,0.10952162742614746,0.1099708080291748,0.1030646562576294,0.08543789386749268,149,0
1.3169615268707275,13,11,0.75607068836689,0.375410795211792,0.3517950773239136,0.33672451972961426,0.5221421718597412,0.494176983833313,0.4806782603263855,0.4858211278915405,0.49139654636383057,0.501500815153122,0.3643193244934082,0.3415408134460449,0.30759185552597046,0.2963736057281494,0.28443533182144165,0.28419065475463867,0.2958463430404663,0.3121080994606018,0.29291391372680664,0.2919107675552368,0.24954438209533691,0.22415179014205933,0.23244315385818481,0.18847477436065674,0.163141131401062,0.12003558874130249,0.12159532308578491,0.11545014381408691,0.0881725549697876,149,0
1.4064793586730957,13,11,0.75607068836689,0.36741888523101807,0.35264748334884644,0.33454662561416626,0.5147300958633423,0.493785560131073,0.480171263217926,0.4826226234436035,0.4876266121864319,0.49658000469207764,0.3564017415046692,0.33571964502334595,0.3008610010147095,0.2946237325668335,0.29002922773361206,0.28832709789276123,0.3000423312187195,0.32173269987106323,0.3114711046218872,0.3008466958999634,0.2613537311553955,0.22676301002502441,0.22783243656158447,0.1860409379005432,0.16036593914031982,0.1203000545501709,0.12024927139282227,0.11446404457092285,0.09405207633972168,149,1
1.7577623128890991,15,13,0.75607068836689,0.3710651397705078,0.3525795340538025,0.3359529972076416,0.5131930708885193,0.4963896870613098,0.48150449991226196,0.4856301546096802,0.5004076957702637,0.5117347240447998,0.3773139715194702,0.3573709726333618,0.31872880458831787,0.3080615997314453,0.3040420413017273,0.30398350954055786,0.31300586462020874,0.33946675062179565,0.33608412742614746,0.3384662866592407,0.30208659172058105,0.25497186183929443,0.25195640325546265,0.2113347053527832,0.1788642406463623,0.12952309846878052,0.12932884693145752,0.12070858478546143,0.09261929988861084,149,1
1.6405338048934937,11,9,0.75607068836689,0.3634997606277466,0.3515898585319519,0.33867454528808594,0.5147246718406677,0.4920600652694702,0.48341572284698486,0.4842767119407654,0.496116578578949,0.5035011172294617,0.3746635913848877,0.3490064740180969,0.31296586990356445,0.299106240272522,0.2874292731285095,0.28992199897766113,0.30198901891708374,0.3205520510673523,0.3062780499458313,0.31629467010498047,0.2696675658226013,0.22727429866790771,0.2371388077735901,0.20231592655181885,0.17356812953948975,0.12879961729049683,0.13077044486999512,0.12358766794204712,0.08798855543136597,149,1
1.5905876159667969,20,17,0.75607068836689,0.3776053786277771,0.3513023257255554,0.33908915519714355,0.50951087474823,0.48821038007736206,0.4753284454345703,0.4914456605911255,0.5116004943847656,0.5163275897502899,0.37679147720336914,0.3555845022201538,0.3174259662628174,0.3035554885864258,0.30284178256988525,0.3007412552833557,0.31880396604537964,0.33383822441101074,0.3274632692337036,0.3294900059700012,0.30885493755340576,0.2749042510986328,0.28041040897369385,0.2304813265800476,0.19746577739715576,0.1431294083595276,0.14029085636138916,0.12605369091033936,0.08263289928436279,149,1
4.031816005706787,5,4,0.75607068836689,0.3740508556365967,0.3590635061264038,0.33728575706481934,0.5215839743614197,0.527469128370285,0.4710719585418701,0.4598362445831299,0.5185113549232483,0.5198257863521576,0.45908790826797485,0.4193298816680908,0.4118732213973999,0.402042031288147,0.41103655099868774,0.4328892230987549,0.42205214500427246,0.433494508266449,0.42472970485687256,0.43271762132644653,0.3484867811203003,0.3156753182411194,0.2949885129928589,0.268132746219635,0.2515796422958374,0.20083272457122803,0.18860679864883423,0.16303664445877075,0.13761276006698608,150,0
1.6678918600082397,9,8,0.75607068836689,0.3626534342765808,0.35445743799209595,0.33339178562164307,0.5101536214351654,0.5157502293586731,0.4685361385345459,0.4687749743461609,0.5152367353439331,0.5130736231803894,0.4079088568687439,0.3920873999595642,0.4019033908843994,0.3887494206428528,0.3571178913116455,0.35664939880371094,0.34373390674591064,0.3445289731025696,0.3421570062637329,0.36531174182891846,0.31988513469696045,0.2957990765571594,0.29438120126724243,0.2575322985649109,0.24411189556121826,0.1925971508026123,0.19206488132476807,0.16458934545516968,0.16313618421554565,150,0
1.9708740711212158,8,5,0.75607068836689,0.37336528301239014,0.3623780608177185,0.3423770070075989,0.5158450305461884,0.506010890007019,0.4635223150253296,0.46098417043685913,0.5189024209976196,0.5132769048213959,0.40311992168426514,0.3763328790664673,0.38846927881240845,0.3788430094718933,0.344515323638916,0.3392654061317444,0.3328660726547241,0.3371853232383728,0.33318448066711426,0.34818994998931885,0.31052738428115845,0.29734349250793457,0.2737717032432556,0.23627305030822754,0.23115980625152588,0.18504047393798828,0.1793861985206604,0.15592676401138306,0.16447967290878296,150,0
1.8898910284042358,7,5,0.75607068836689,0.37027716636657715,0.36117732524871826,0.34300583600997925,0.5214855670928955,0.5153692066669464,0.4727388620376587,0.4653652310371399,0.5151374638080597,0.5120255351066589,0.4033874273300171,0.3743647336959839,0.3850700259208679,0.37224507331848145,0.33975714445114136,0.3346410393714905,0.3301137685775757,0.3356495499610901,0.32992053031921387,0.33918213844299316,0.3002758026123047,0.2825491428375244,0.273614764213562,0.24343514442443848,0.24310779571533203,0.19211304187774658,0.18790721893310547,0.16596627235412598,0.180466890335083,150,0
2.862895965576172,4,3,0.75607068836689,0.36294758319854736,0.35709691047668457,0.3400397300720215,0.5276690423488617,0.5156640410423279,0.46384352445602417,0.4707271456718445,0.5131439566612244,0.4984622597694397,0.40556782484054565,0.3635704517364502,0.3577038049697876,0.34934020042419434,0.3313719630241394,0.3225446343421936,0.3176420331001282,0.3398434519767761,0.3280906677246094,0.3314051628112793,0.293013334274292,0.26856666803359985,0.2645084261894226,0.2343311309814453,0.23065721988677979,0.17585068941116333,0.16411203145980835,0.1404726505279541,0.1666286587715149,150,1
1.672187328338623,8,6,0.75607068836689,0.3702278137207031,0.3547680377960205,0.3340432643890381,0.49980628490448,0.48240721225738525,0.44003820419311523,0.44894343614578247,0.5061255395412445,0.4946143627166748,0.3945074677467346,0.3617883324623108,0.357974648475647,0.3353685140609741,0.33129000663757324,0.32665956020355225,0.3291809558868408,0.3619123697280884,0.35334163904190063,0.3702833652496338,0.32663267850875854,0.2982633113861084,0.28305625915527344,0.25320756435394287,0.23716837167739868,0.18022572994232178,0.17312860488891602,0.14781975746154785,0.1577855944633484,150,1
2.7744300365448,7,6,0.75607068836689,0.3657456040382385,0.359144926071167,0.33735597133636475,0.5152921378612518,0.49664318561553955,0.44958949089050293,0.4600258469581604,0.5133496820926666,0.5080168843269348,0.4071378707885742,0.3788696527481079,0.3828766345977783,0.38747459650039673,0.3765822649002075,0.3723233938217163,0.35809749364852905,0.38211047649383545,0.3687368631362915,0.36109238862991333,0.33504271507263184,0.3091731071472168,0.30074775218963623,0.2648938298225403,0.2579214572906494,0.19665974378585815,0.19062864780426025,0.1656990647315979,0.15441453456878662,150,1
2.4893219470977783,6,5,0.75607068836689,0.3661068081855774,0.35747766494750977,0.3490421772003174,0.5495403707027435,0.5371942520141602,0.5118113160133362,0.5281957685947418,0.5268861055374146,0.5331577062606812,0.4094045162200928,0.38187670707702637,0.36378079652786255,0.35133790969848633,0.3247554302215576,0.3094671964645386,0.3081669807434082,0.31284821033477783,0.30317896604537964,0.32849425077438354,0.32532668113708496,0.31927061080932617,0.32512080669403076,0.30535733699798584,0.2718808650970459,0.21795469522476196,0.21499574184417725,0.19973546266555786,0.1850530505180359,151,0
3.8523008823394775,7,6,0.75607068836689,0.36779022216796875,0.36184436082839966,0.3518597483634949,0.5534921884536743,0.5376407504081726,0.5059338808059692,0.519934356212616,0.5419302582740784,0.5481840670108795,0.4326243996620178,0.3967284560203552,0.3850914239883423,0.37659764289855957,0.3498857617378235,0.3387022614479065,0.3231450319290161,0.32601261138916016,0.31664884090423584,0.33243370056152344,0.3230343461036682,0.3113974928855896,0.3144611716270447,0.2920635938644409,0.27529585361480713,0.22762221097946167,0.223577618598938,0.21185284852981567,0.16903036832809448,151,0
4.505834579467773,6,5,0.75607068836689,0.3789610266685486,0.37217485904693604,0.36294323205947876,0.5616379380226135,0.5506003499031067,0.5206709206104279,0.532558411359787,0.5435493290424347,0.5505899488925934,0.43235480785369873,0.3974725008010864,0.3790860176086426,0.37054842710494995,0.33788514137268066,0.34062421321868896,0.3261038064956665,0.3305358290672302,0.31453824043273926,0.3301171660423279,0.3346513509750366,0.3216780424118042,0.3377808928489685,0.32222509384155273,0.3051132559776306,0.26169532537460327,0.25390511751174927,0.24013686180114746,0.19398647546768188,151,0
2.2469050884246826,6,5,0.75607068836689,0.3631114363670349,0.3553718328475952,0.3459382653236389,0.5501530170440674,0.5376039445400238,0.5127927958965302,0.5290868878364563,0.5396292209625244,0.5494815409183502,0.4234214425086975,0.3902505040168762,0.36975669860839844,0.35762596130371094,0.32543933391571045,0.31799423694610596,0.3174799680709839,0.31827837228775024,0.30775266885757446,0.33441925048828125,0.3231576085090637,0.3101591467857361,0.3335636854171753,0.3164016008377075,0.29034197330474854,0.23170197010040283,0.22181302309036255,0.2052440643310547,0.20772838592529297,151,0
2.841113567352295,9,6,0.75607068836689,0.3850001096725464,0.3625379204750061,0.3520355224609375,0.5417300164699554,0.5320972800254822,0.506354957818985,0.5227091610431671,0.5414682626724243,0.5525546073913574,0.4282604455947876,0.3985302448272705,0.38675403594970703,0.3576264977455139,0.3344944715499878,0.32689833641052246,0.33172380924224854,0.33286142349243164,0.3264933228492737,0.3631575107574463,0.3747575283050537,0.35994261503219604,0.3415183424949646,0.3058960437774658,0.273256778717041,0.21420365571975708,0.21276915073394775,0.20626139640808105,0.21350866556167603,151,0
1.5827922821044922,6,5,0.75607068836689,0.36493998765945435,0.3573521375656128,0.3501366972923279,0.548489511013031,0.5294454097747803,0.5063920021057129,0.5212330222129822,0.5282302498817444,0.5361394286155701,0.4227331280708313,0.39104485511779785,0.37478387355804443,0.3615460991859436,0.3481038808822632,0.3384168744087219,0.32918041944503784,0.338731586933136,0.3425602316856384,0.37107670307159424,0.3393620252609253,0.32771533727645874,0.3327784538269043,0.31182390451431274,0.291373610496521,0.2399539351463318,0.22813087701797485,0.20746642351150513,0.20149850845336914,151,1
1.6617532968521118,7,6,0.75607068836689,0.3837459683418274,0.376972496509552,0.3611562252044678,0.5370779931545258,0.5189489126205444,0.4899304509162903,0.5103252828121185,0.5548356473445892,0.5787019729614258,0.4536184072494507,0.4208472967147827,0.3947387933731079,0.3851969838142395,0.3696568012237549,0.35177022218704224,0.34130263328552246,0.3280450105667114,0.3172178268432617,0.3332328796386719,0.2910950183868408,0.2692413330078125,0.28182220458984375,0.2343478798866272,0.20660459995269775,0.17231082916259766,0.18448853492736816,0.17250138521194458,0.12803399562835693,152,0
4.27443265914917,6,5,0.75607068836689,0.38207554817199707,0.3750559091567993,0.3692900538444519,0.5564585328102112,0.532082736492157,0.5147404074668884,0.5297578275203705,0.5814725160598755,0.6135083436965942,0.5028074979782104,0.4623301029205322,0.43211257457733154,0.42939239740371704,0.42825961112976074,0.4309898018836975,0.4467005133628845,0.44563162326812744,0.4225502610206604,0.39414602518081665,0.37520742416381836,0.35488051176071167,0.37511003017425537,0.3132619261741638,0.2755311131477356,0.24474960565567017,0.249822735786438,0.2532117962837219,0.18772447109222412,152,0
4.224236965179443,6,5,0.75607068836689,0.3847789764404297,0.37494736909866333,0.3702053427696228,0.5600510239601135,0.5401865243911743,0.5166240930557251,0.5359830856323242,0.5804010331630707,0.6091688275337219,0.5153226554393768,0.48166966438293457,0.44950252771377563,0.4506537914276123,0.4442245364189148,0.4412875175476074,0.44301241636276245,0.43084269762039185,0.406686007976532,0.3969907760620117,0.3714481592178345,0.3618890643119812,0.3807485103607178,0.32136309146881104,0.2824741005897522,0.25635552406311035,0.2594231367111206,0.25824689865112305,0.1944044828414917,152,0
2.9875290393829346,5,4,0.75607068836689,0.3772846460342407,0.36633455753326416,0.36204349994659424,0.5601108372211456,0.5438847243785858,0.5240011215209961,0.5396996736526489,0.5834173560142517,0.6149581074714661,0.4926786422729492,0.45233362913131714,0.4376314878463745,0.43058156967163086,0.42042630910873413,0.41283249855041504,0.4112843871116638,0.39933276176452637,0.3783015012741089,0.355751633644104,0.3425082564353943,0.32112759351730347,0.3421527147293091,0.2814575433731079,0.2505662441253662,0.2201358675956726,0.22157621383666992,0.21499836444854736,0.1363062858581543,152,0
3.3680503368377686,5,4,0.75607068836689,0.3920145034790039,0.3709580898284912,0.35501497983932495,0.5414461195468903,0.5424026846885681,0.5085230767726898,0.5113355815410614,0.553560346364975,0.5732230842113495,0.48139864206314087,0.4365895986557007,0.4298456311225891,0.4425411820411682,0.42219775915145874,0.4262532591819763,0.40254366397857666,0.3849639296531677,0.37584948539733887,0.3675498962402344,0.3478822708129883,0.3143843412399292,0.32788825035095215,0.28073346614837646,0.24346452951431274,0.208696186542511,0.2136191725730896,0.20426136255264282,0.1508387327194214,152,0
2.248741388320923,5,4,0.75607068836689,0.375512957572937,0.36997920274734497,0.3620253801345825,0.5436564683914185,0.5223127007484436,0.509220540523529,0.5263294875621796,0.5621727108955383,0.5965500473976135,0.46851032972335815,0.419406533241272,0.39286327362060547,0.371724009513855,0.3631729483604431,0.3480284810066223,0.3349801301956177,0.33682966232299805,0.33585309982299805,0.343733549118042,0.3176755905151367,0.31772053241729736,0.3417336940765381,0.29895710945129395,0.26784682273864746,0.23540115356445312,0.23093193769454956,0.2147045135498047,0.19281220436096191,152,1
1.6112806797027588,7,6,0.75607068836689,0.38460129499435425,0.3778412342071533,0.3656938672065735,0.5481232106685638,0.5238197445869446,0.5062118768692017,0.5314855873584747,0.5664273500442505,0.5997540950775146,0.4751209616661072,0.41795241832733154,0.3861851692199707,0.3693585991859436,0.35514503717422485,0.3316974639892578,0.33188527822494507,0.3271979093551636,0.3257101774215698,0.32958245277404785,0.2987448573112488,0.29196780920028687,0.3223261833190918,0.2852773070335388,0.25858283042907715,0.2254476547241211,0.2260758876800537,0.20914721488952637,0.19652950763702393,152,1
1.8314409255981445,6,5,0.75607068836689,0.38214111328125,0.36754870414733887,0.35483068227767944,0.5339190661907196,0.5157425701618195,0.5011486113071442,0.534807950258255,0.5847761332988739,0.6163398027420044,0.48694777488708496,0.43175196647644043,0.40201336145401,0.38520270586013794,0.3655277490615845,0.35738658905029297,0.34020906686782837,0.33859044313430786,0.33591270446777344,0.34382396936416626,0.31921684741973877,0.31352323293685913,0.33904898166656494,0.3004307746887207,0.26985204219818115,0.23572486639022827,0.23756980895996094,0.21962159872055054,0.19804418087005615,152,1
1.5882128477096558,6,5,0.75607068836689,0.3737890124320984,0.367429256439209,0.3572272062301636,0.547237753868103,0.5408935546875,0.528378963470459,0.5507121682167053,0.588983416557312,0.6269161999225616,0.5015786290168762,0.44974666833877563,0.4041309356689453,0.3917464017868042,0.3588940501213074,0.3440592288970947,0.34003859758377075,0.34384775161743164,0.3395380973815918,0.3463125228881836,0.326213002204895,0.32066190242767334,0.3522191047668457,0.31578391790390015,0.28010302782058716,0.2509218454360962,0.24776458740234375,0.23077988624572754,0.20477598905563354,152,1
0.648472785949707,14,9,0.75607068836689,0.37422508001327515,0.36212360858917236,0.3570293188095093,0.5699843168258667,0.551330029964447,0.5258316397666931,0.5290181934833527,0.5214737057685852,0.5200073421001434,0.41578757762908936,0.38530391454696655,0.3735229969024658,0.36006104946136475,0.326307475566864,0.3312852382659912,0.36193031072616577,0.3476627469062805,0.3566051125526428,0.39731645584106445,0.41573458909988403,0.4035182595252991,0.4250999689102173,0.416912317276001,0.42048096656799316,0.5044662654399872,0.5662301778793335,0.43752920627593994,0.20524710416793823,153,0
0.818299412727356,10,5,0.75607068836689,0.3588102459907532,0.35589271783828735,0.3603687882423401,0.5587928593158722,0.550925999879837,0.5180359184741974,0.5296177268028259,0.530985414981842,0.5195323824882507,0.4220222234725952,0.39058345556259155,0.36656105518341064,0.3594398498535156,0.3281615972518921,0.33430588245391846,0.32725340127944946,0.31883251667022705,0.31723886728286743,0.3644976019859314,0.34277063608169556,0.3457059860229492,0.35515451431274414,0.3585420846939087,0.34853482246398926,0.4427582621574402,0.5082451701164246,0.3943307399749756,0.2095302939414978,153,0
2.3931615352630615,8,3,0.75607068836689,0.35893285274505615,0.35419005155563354,0.3530017137527466,0.5579303503036499,0.5568981170654297,0.5340194702148438,0.5396827161312103,0.5483688712120056,0.5371219515800476,0.4382762908935547,0.3875119686126709,0.3647220730781555,0.3557957410812378,0.32835084199905396,0.3338558077812195,0.32961225509643555,0.3185676336288452,0.31832724809646606,0.38546866178512573,0.3769448399543762,0.3967605233192444,0.4302327632904053,0.45879268646240234,0.47856342792510986,0.5633379817008972,0.6212422847747803,0.47420448064804077,0.22979390621185303,153,0
0.8886809945106506,17,11,0.75607068836689,0.38039129972457886,0.36158472299575806,0.35958313941955566,0.5678133368492126,0.5482974052429199,0.5199129581451416,0.523444414138794,0.5180884003639221,0.5159754753112793,0.4114561676979065,0.3835800886154175,0.37905848026275635,0.3587965965270996,0.32907629013061523,0.3246511220932007,0.3454475402832031,0.33513545989990234,0.33686816692352295,0.37620270252227783,0.35765814781188965,0.3435472846031189,0.35832226276397705,0.33946728706359863,0.3096359968185425,0.39607691764831543,0.46018916368484497,0.3646177053451538,0.20342278480529785,153,1
1.4768935441970825,7,6,0.75607068836689,0.3659098148345947,0.3574727773666382,0.3528727889060974,0.569667249917984,0.5494415760040283,0.5188647210597992,0.5206873118877411,0.5140820741653442,0.5098631978034973,0.4264979362487793,0.39242810010910034,0.3734560012817383,0.3573904037475586,0.3233293294906616,0.3341885209083557,0.3547093868255615,0.3414822816848755,0.34951674938201904,0.39149272441864014,0.4184461832046509,0.4133225083351135,0.4351382255554199,0.42677366733551025,0.42825496196746826,0.5185874104499817,0.5833739042282104,0.44195520877838135,0.21764534711837769,153,1
3.009781837463379,3,2,0.75607068836689,0.344596266746521,0.3399582505226135,0.341933012008667,0.5573688745498657,0.5395100116729736,0.5066653192043304,0.5239556431770325,0.5121883749961853,0.5059430003166199,0.41398656368255615,0.37080246210098267,0.35603415966033936,0.33777374029159546,0.3067275285720825,0.31140077114105225,0.3040187358856201,0.29432016611099243,0.3023133873939514,0.3353595733642578,0.3249826431274414,0.32729125022888184,0.3430553674697876,0.3422884941101074,0.325786828994751,0.42267048358917236,0.48187583684921265,0.36621785163879395,0.17731845378875732,153,1
2.398268699645996,5,4,0.75607068836689,0.3567383289337158,0.345317542552948,0.3439905047416687,0.5638733804225922,0.5389206111431122,0.5199486613273621,0.532291054725647,0.5344147682189941,0.526597410440445,0.4399082064628601,0.3965606093406677,0.3786708116531372,0.35618650913238525,0.3252300024032593,0.3164839744567871,0.31914544105529785,0.3192631006240845,0.32030749320983887,0.33576440811157227,0.3330181837081909,0.3402941823005676,0.35149431228637695,0.354519248008728,0.3234996795654297,0.4172512888908386,0.4748852849006653,0.37290680408477783,0.18267148733139038,153,1
0.9721119999885559,7,4,0.75607068836689,0.3780914545059204,0.36043405532836914,0.34748977422714233,0.5382384657859802,0.5255462527275085,0.4804060459136963,0.48297983407974243,0.5361652970314026,0.5481361150741577,0.43138551712036133,0.4010220766067505,0.39789438247680664,0.37562525272369385,0.32880735397338867,0.3252210021018982,0.314298152923584,0.3034096360206604,0.2914579510688782,0.28810518980026245,0.26074814796447754,0.2391985058784485,0.21473091840744019,0.17109739780426025,0.13989585638046265,0.1039804220199585,0.10151255130767822,0.09219491481781006,0.07031291723251343,154,0
1.2996406555175781,14,9,0.75607068836689,0.3819754123687744,0.35568761825561523,0.3400440216064453,0.5176241397857666,0.5066424012184143,0.4561658501625061,0.4577684998512268,0.4890853762626648,0.4989863634109497,0.39183950424194336,0.35267484188079834,0.3426748514175415,0.32992297410964966,0.30663108825683594,0.30662858486175537,0.3094860315322876,0.3056982755661011,0.2908502221107483,0.30515217781066895,0.26089388132095337,0.2541291117668152,0.2229628562927246,0.17811185121536255,0.14680612087249756,0.10970884561538696,0.10535097122192383,0.10002946853637695,0.10674482583999634,154,0
1.2018388509750366,7,4,0.75607068836689,0.3878801465034485,0.36965179443359375,0.35492777824401855,0.5463177561759949,0.5297434628009796,0.48081791400909424,0.4857369661331177,0.5023800134658813,0.5005505084991455,0.38908982276916504,0.34947168827056885,0.3469451069831848,0.3198750615119934,0.3022003173828125,0.2918092608451843,0.2841861844062805,0.28646349906921387,0.2662767767906189,0.26135945320129395,0.2257404327392578,0.20597010850906372,0.18965071439743042,0.1530628204345703,0.12478190660476685,0.09510540962219238,0.0890803337097168,0.07978582382202148,0.05768352746963501,154,1
2.147592306137085,10,9,0.75607068836689,0.3724478483200073,0.35691070556640625,0.33826005458831787,0.5008459091186523,0.4973800778388977,0.44537079334259033,0.4543592929840088,0.5035653412342072,0.4999379515647888,0.392997682094574,0.3685845136642456,0.37102651596069336,0.3509705066680908,0.32414746284484863,0.3187798261642456,0.32916349172592163,0.3329451084136963,0.3625009059906006,0.36746251583099365,0.3302062749862671,0.3059147000312805,0.2970924377441406,0.27394866943359375,0.2351883053779602,0.21380555629730225,0.2146390676498413,0.19138824939727783,0.18578821420669556,155,0
2.3305435180664062,21,16,0.75607068836689,0.40499603748321533,0.3685985803604126,0.36199432611465454,0.51031094789505,0.5066309869289398,0.4551050662994385,0.48361772298812866,0.5266155004501343,0.5448499023914337,0.4413027763366699,0.4241499900817871,0.43094897270202637,0.4250655770301819,0.39601045846939087,0.40551525354385376,0.4225161075592041,0.43191999197006226,0.44716715812683105,0.4306877851486206,0.34018874168395996,0.3252224922180176,0.32792454957962036,0.31414633989334106,0.2846781015396118,0.2779088020324707,0.30329883098602295,0.2756013870239258,0.22479593753814697,155,0
1.003574013710022,17,9,0.75607068836689,0.3671896457672119,0.34867942333221436,0.33585989475250244,0.49814772605895996,0.49123358726501465,0.44788217544555664,0.4546849727630615,0.49716782569885254,0.49141228199005127,0.39413368701934814,0.3572266101837158,0.3561473488807678,0.33823156356811523,0.3194180727005005,0.30621200799942017,0.3171505331993103,0.3227108120918274,0.3512405753135681,0.35267454385757446,0.3156312108039856,0.3072601556777954,0.31389838457107544,0.2789260149002075,0.24020099639892578,0.21268349885940552,0.21409720182418823,0.18797045946121216,0.1809864640235901,155,1
1.3354755640029907,13,8,0.75607068836689,0.38341593742370605,0.3565185070037842,0.34481364488601685,0.5069775581359863,0.5043694972991943,0.4565778374671936,0.471055269241333,0.5359691977500916,0.5247897207736969,0.41123515367507935,0.3751034736633301,0.37921810150146484,0.3594992160797119,0.33231914043426514,0.32262319326400757,0.338628888130188,0.3476608991622925,0.378709077835083,0.3886306881904602,0.377677321434021,0.3827800154685974,0.4114916920661926,0.3789289593696594,0.32530534267425537,0.2918187379837036,0.2973353862762451,0.25101423263549805,0.2268139123916626,155,1
1.118481993675232,13,12,0.75607068836689,0.3747711181640625,0.3576837182044983,0.34945034980773926,0.5281045734882355,0.5103458762168884,0.48360002040863037,0.5117299854755402,0.5393514037132263,0.5665363371372223,0.4757794141769409,0.435890793800354,0.41551125049591064,0.3890654444694519,0.37199920415878296,0.36565566062927246,0.3726290464401245,0.3712300658226013,0.34583210945129395,0.3215743899345398,0.2831653952598572,0.2514455318450928,0.23258423805236816,0.18104994297027588,0.15301263332366943,0.10967981815338135,0.10651439428329468,0.10358190536499023,0.07823240756988525,156,0
2.7398874759674072,14,13,0.75607068836689,0.3838929533958435,0.36276668310165405,0.3628174662590027,0.5351284742355347,0.5128240287303925,0.4797360897064209,0.5057377815246582,0.5358235836029053,0.5522747933864594,0.4498457908630371,0.4290570020675659,0.411812424659729,0.3929089903831482,0.363949179649353,0.35919463634490967,0.36139774322509766,0.3645697832107544,0.3337763547897339,0.31634920835494995,0.27861863374710083,0.251315712928772,0.24864745140075684,0.20619171857833862,0.1798011064529419,0.135239839553833,0.13196015357971191,0.12437248229980469,0.08224868774414062,156,0
1.8561015129089355,8,7,0.75607068836689,0.3723057508468628,0.3564019203186035,0.3441045880317688,0.5210515558719635,0.5001161694526672,0.4815526604652405,0.5053721368312836,0.5514826476573944,0.5571219325065613,0.44907718896865845,0.40057373046875,0.3717629909515381,0.338833749294281,0.30221933126449585,0.30808794498443604,0.30524349212646484,0.31448107957839966,0.2992817163467407,0.2888910174369812,0.2637309432029724,0.24028348922729492,0.24091148376464844,0.20551550388336182,0.18981295824050903,0.1413813829421997,0.13448566198349,0.12021785974502563,0.06672060489654541,156,0
2.02648663520813,8,7,0.75607068836689,0.3742489814758301,0.3550074100494385,0.34651970863342285,0.5405229926109314,0.52294060587883,0.4912402629852295,0.5118303596973419,0.5346375107765198,0.5573344528675079,0.43822795152664185,0.39838707447052,0.3888142704963684,0.35343682765960693,0.3187714219093323,0.31714093685150146,0.32168853282928467,0.3332737684249878,0.3155660629272461,0.2899435758590698,0.25877565145492554,0.22838765382766724,0.2330411672592163,0.2030848264694214,0.18817216157913208,0.14779573678970337,0.14242827892303467,0.13765335083007812,0.10115373134613037,156,0
2.7518320083618164,7,6,0.75607068836689,0.3758307695388794,0.3632558584213257,0.3550887703895569,0.5448881983757019,0.5245285928249359,0.49323469400405884,0.513056218624115,0.5455837249755859,0.5779636800289154,0.4798228144645691,0.4467322826385498,0.4354317784309387,0.39350301027297974,0.3622525930404663,0.36973434686660767,0.3734551668167114,0.389900267124176,0.3614610433578491,0.31774741411209106,0.29178476333618164,0.260433554649353,0.2524127960205078,0.21133118867874146,0.1908808946609497,0.15268611907958984,0.1445995569229126,0.14017391204833984,0.09376108646392822,156,0
1.634997844696045,9,8,0.75607068836689,0.38489973545074463,0.36480599641799927,0.35768717527389526,0.5412479639053345,0.5157989263534546,0.4820244312286377,0.4980165362358093,0.521446019411087,0.5395973324775696,0.45761144161224365,0.41618120670318604,0.3968903422355652,0.35834598541259766,0.33277106285095215,0.32665014266967773,0.31807321310043335,0.31960582733154297,0.2993733882904053,0.28065717220306396,0.27036935091018677,0.24331402778625488,0.23578375577926636,0.20680654048919678,0.18749964237213135,0.14985573291778564,0.14703738689422607,0.14632225036621094,0.10782796144485474,156,1
1.1351253986358643,17,14,0.75607068836689,0.38958680629730225,0.3690330982208252,0.3618934750556946,0.5481067895889282,0.5144901871681213,0.4749397039413452,0.5057307183742523,0.5312075316905975,0.5605515837669373,0.4577164649963379,0.42920994758605957,0.39817482233047485,0.36583948135375977,0.3400765657424927,0.33060646057128906,0.326310932636261,0.3319176435470581,0.31355684995651245,0.2935279607772827,0.2854137420654297,0.2571110129356384,0.2560213804244995,0.22598612308502197,0.2022109031677246,0.16449058055877686,0.1644851565361023,0.1649378538131714,0.11977458000183105,156,1
8.466385841369629,2,1,0.75607068836689,0.32731854915618896,0.3269417881965637,0.3382527232170105,0.5118662118911743,0.521516352891922,0.46569329500198364,0.47938698530197144,0.5040141642093658,0.49056434631347656,0.3946833610534668,0.3649837374687195,0.3641265034675598,0.34263861179351807,0.3048219084739685,0.27207595109939575,0.295072078704834,0.2906804084777832,0.28653717041015625,0.3971652388572693,0.3885345458984375,0.4015102982521057,0.3832552433013916,0.3751765489578247,0.34517937898635864,0.37012654542922974,0.37418800592422485,0.31141364574432373,0.19978207349777222,157,0
5.7991132736206055,3,2,0.75607068836689,0.34552186727523804,0.34054136276245117,0.353222131729126,0.5175571441650391,0.5227737426757812,0.45933324098587036,0.4737120270729065,0.4933091402053833,0.4737944006919861,0.3607513904571533,0.32975172996520996,0.33075833320617676,0.3278324007987976,0.3043917417526245,0.28501445055007935,0.30861639976501465,0.31801390647888184,0.3194800615310669,0.44106048345565796,0.43888407945632935,0.44021594524383545,0.43125802278518677,0.4353240728378296,0.5012529790401459,0.5386829972267151,0.5156723856925964,0.40675973892211914,0.23215317726135254,157,0
3.3911967277526855,6,5,0.75607068836689,0.3610202670097351,0.3514540195465088,0.35756367444992065,0.5288654565811157,0.5360422730445862,0.4574744701385498,0.47070038318634033,0.5100620985031128,0.48254382610321045,0.38715672492980957,0.37032580375671387,0.35410362482070923,0.35457926988601685,0.32903170585632324,0.30455470085144043,0.34533876180648804,0.3523330092430115,0.35479724407196045,0.4706956148147583,0.460519015789032,0.46737462282180786,0.4579319357872009,0.44934558868408203,0.5062023103237152,0.5451748371124268,0.5351638197898865,0.42286837100982666,0.27267009019851685,157,0
2.0109782218933105,3,1,0.75607068836689,0.339319109916687,0.32758820056915283,0.3388550877571106,0.5094214677810669,0.5144188404083252,0.46071815490722656,0.4694298505783081,0.49185711145401,0.4726299047470093,0.3658685088157654,0.3380287289619446,0.34104979038238525,0.324856162071228,0.2930803894996643,0.2694339156150818,0.29614758491516113,0.297630250453949,0.29759031534194946,0.4071752429008484,0.40988779067993164,0.42061007022857666,0.405539870262146,0.40305912494659424,0.4164630174636841,0.45548015832901,0.4415767788887024,0.35162168741226196,0.20306652784347534,157,1
2.930938720703125,4,2,0.75607068836689,0.34627610445022583,0.3330875039100647,0.34684330224990845,0.5112489759922028,0.514901727437973,0.45105278491973877,0.45899641513824463,0.4799085259437561,0.4607076644897461,0.34602677822113037,0.31609421968460083,0.3187345266342163,0.3106268644332886,0.28773272037506104,0.27222710847854614,0.29705101251602173,0.31313061714172363,0.3174508810043335,0.4286172389984131,0.424893319606781,0.42646604776382446,0.41710859537124634,0.4195745587348938,0.47059357166290283,0.5114264190196991,0.4907025694847107,0.38614940643310547,0.22717738151550293,157,1
2.1133885383605957,7,5,0.75607068836689,0.3624129891395569,0.3487652540206909,0.35366326570510864,0.5223244428634644,0.522655725479126,0.4472559690475464,0.4538921117782593,0.49580204486846924,0.4706312417984009,0.3713102340698242,0.3561091423034668,0.3455691337585449,0.33973270654678345,0.31288719177246094,0.3003609776496887,0.335953950881958,0.3479743003845215,0.3512766361236572,0.4645591378211975,0.45535069704055786,0.4648243188858032,0.4523148536682129,0.448719322681427,0.49206942319869995,0.5325533151626587,0.521118700504303,0.40806126594543457,0.27132147550582886,157,1
2.07344651222229,10,9,0.75607068836689,0.37970805168151855,0.3751833438873291,0.36075377464294434,0.5381885170936584,0.505889892578125,0.48299044370651245,0.5003370046615601,0.5221483707427979,0.5135737955570221,0.40805983543395996,0.3807656764984131,0.37128138542175293,0.3469012975692749,0.32728517055511475,0.3294997215270996,0.3535412549972534,0.34210067987442017,0.32178354263305664,0.3364989161491394,0.31806695461273193,0.30506253242492676,0.31743502616882324,0.29626786708831787,0.2549598217010498,0.24995440244674683,0.2640734910964966,0.24201959371566772,0.16783517599105835,158,0
2.2818126678466797,6,5,0.75607068836689,0.36701905727386475,0.3544763922691345,0.34995031356811523,0.5446937680244446,0.5211566686630249,0.5103327929973602,0.5198045372962952,0.5522484183311462,0.5609922111034393,0.45635396242141724,0.43278735876083374,0.4147859811782837,0.39421308040618896,0.35754984617233276,0.37873023748397827,0.37560367584228516,0.36519306898117065,0.3394624590873718,0.3341173529624939,0.301105797290802,0.2926841974258423,0.297751784324646,0.2755431532859802,0.2417159080505371,0.2416025996208191,0.2526049017906189,0.2414391040802002,0.17009657621383667,158,0
2.381810426712036,5,4,0.75607068836689,0.373540997505188,0.3572561740875244,0.34982097148895264,0.5280417203903198,0.5437676906585693,0.5138838291168213,0.5145353674888611,0.5351675152778625,0.514815628528595,0.43846428394317627,0.41157233715057373,0.38718181848526,0.3752555251121521,0.36066561937332153,0.36282336711883545,0.3702189326286316,0.36418116092681885,0.3520106077194214,0.358332097530365,0.3150360584259033,0.29679328203201294,0.31704747676849365,0.28429633378982544,0.2532220482826233,0.22718268632888794,0.2237032651901245,0.194629967212677,0.15542680025100708,158,0
1.9463391304016113,9,6,0.75607068836689,0.37615489959716797,0.3571541905403137,0.3560640811920166,0.5256422162055969,0.5075451731681824,0.49593138694763184,0.5073840618133545,0.5225555598735809,0.5018966794013977,0.374298095703125,0.3478752374649048,0.34078049659729004,0.31601548194885254,0.29321932792663574,0.2894461154937744,0.3077138662338257,0.2892371416091919,0.28360849618911743,0.2789737582206726,0.2691956162452698,0.26205527782440186,0.2880926728248596,0.27002620697021484,0.2340572476387024,0.2173498272895813,0.22526371479034424,0.21561968326568604,0.1575843095779419,158,0
1.159471869468689,7,6,0.75607068836689,0.36226844787597656,0.3492047190666199,0.3498196601867676,0.5194154977798462,0.5052206516265869,0.485312819480896,0.5002648830413818,0.513841986656189,0.4968615174293518,0.38495302200317383,0.3545416593551636,0.33805328607559204,0.3075449466705322,0.2951233386993408,0.28669118881225586,0.2942509055137634,0.29233211278915405,0.2725061774253845,0.27496790885925293,0.26219725608825684,0.27758002281188965,0.29337799549102783,0.280947744846344,0.25247490406036377,0.2177167534828186,0.23053234815597534,0.22610169649124146,0.12606453895568848,158,1
1.807558298110962,8,7,0.75607068836689,0.37085241079330444,0.3542320728302002,0.3477334976196289,0.5165319442749023,0.49879491329193115,0.4854985475540161,0.4999208450317383,0.5262437462806702,0.5011912882328033,0.39569908380508423,0.3775940537452698,0.36033064126968384,0.3371209502220154,0.3250018358230591,0.31305545568466187,0.32061851024627686,0.3139677047729492,0.2974276542663574,0.2995339035987854,0.2827184200286865,0.28920894861221313,0.2917386293411255,0.27622973918914795,0.23559129238128662,0.19881045818328857,0.20409119129180908,0.20397406816482544,0.14621859788894653,158,1
2.999873399734497,5,4,0.75607068836689,0.35767728090286255,0.34909117221832275,0.34802114963531494,0.525022566318512,0.5045563876628876,0.4904659390449524,0.5032494068145752,0.5245180130004883,0.5127667486667633,0.41086483001708984,0.3996415138244629,0.3726236820220947,0.34363120794296265,0.3223692774772644,0.3229557275772095,0.3207148313522339,0.3147963881492615,0.30457109212875366,0.29717886447906494,0.30900514125823975,0.3079398274421692,0.33536970615386963,0.3200933337211609,0.28297102451324463,0.2503509521484375,0.2566263675689697,0.24999785423278809,0.15418148040771484,158,1
1.7117215394973755,15,13,0.75607068836689,0.3681302070617676,0.34880393743515015,0.3310655355453491,0.4857019782066345,0.47401994466781616,0.4364987015724182,0.45332515239715576,0.4744265079498291,0.47689735889434814,0.3506878614425659,0.33333927392959595,0.30105316638946533,0.304068386554718,0.2932423949241638,0.28195416927337646,0.301250696182251,0.3083455562591553,0.3300989866256714,0.36931347846984863,0.33913207054138184,0.34060418605804443,0.32286036014556885,0.30740630626678467,0.2566174864768982,0.22323089838027954,0.21303045749664307,0.18720567226409912,0.19297438859939575,159,0
2.9025707244873047,8,7,0.75607068836689,0.3602074384689331,0.34688323736190796,0.3332210183143616,0.4986797571182251,0.4854423999786377,0.4518877863883972,0.4646257162094116,0.5054588913917542,0.5034873187541962,0.3796271085739136,0.34818434715270996,0.3167150616645813,0.312466561794281,0.294055700302124,0.2823362350463867,0.30048924684524536,0.30755650997161865,0.3281066417694092,0.3668919801712036,0.3476860523223877,0.3556162118911743,0.34707897901535034,0.3303421139717102,0.27764058113098145,0.24116474390029907,0.22840553522109985,0.20073223114013672,0.16526925563812256,159,0
4.737514019012451,4,3,0.75607068836689,0.3543589115142822,0.346527099609375,0.3363441228866577,0.5033210217952728,0.5030589699745178,0.46579301357269287,0.47425979375839233,0.4953411817550659,0.4918553829193115,0.38007962703704834,0.3483710289001465,0.3092443346977234,0.2974739074707031,0.29092925786972046,0.2781883478164673,0.3029909133911133,0.30235302448272705,0.3231211304664612,0.37001705169677734,0.33356529474258423,0.3371430039405823,0.33225560188293457,0.3080306053161621,0.25137603282928467,0.2143160104751587,0.2080586552619934,0.18074411153793335,0.1558111310005188,159,0
2.142601251602173,8,7,0.75607068836689,0.35545486211776733,0.3454080820083618,0.3254395127296448,0.49072396755218506,0.4839075803756714,0.45098578929901123,0.46141624450683594,0.49359405040740967,0.4908808469772339,0.3691367506980896,0.34769946336746216,0.3063209652900696,0.3033013343811035,0.28728699684143066,0.271419882774353,0.2846670150756836,0.2951115369796753,0.31019484996795654,0.35825908184051514,0.35925668478012085,0.3780079483985901,0.36294353008270264,0.3434631824493408,0.2943693995475769,0.24809622764587402,0.24759441614151,0.2171373963356018,0.1931430697441101,159,0
0.8941606879234314,13,12,0.75607068836689,0.36560672521591187,0.3465116024017334,0.32625389099121094,0.4897332191467285,0.48409581184387207,0.44786661863327026,0.4502672553062439,0.47658979892730713,0.48825740814208984,0.35863882303237915,0.3444129228591919,0.3107560873031616,0.30596494674682617,0.2911228537559509,0.2868947386741638,0.3005959987640381,0.3108179569244385,0.3331703543663025,0.3755009174346924,0.36143922805786133,0.3729572296142578,0.3589533567428589,0.3425629138946533,0.29816657304763794,0.25384432077407837,0.2421259880065918,0.21499550342559814,0.25058215856552124,159,1
1.7236038446426392,10,9,0.75607068836689,0.36099040508270264,0.34711819887161255,0.32908713817596436,0.49534302949905396,0.48388248682022095,0.4461483359336853,0.45256006717681885,0.48188984394073486,0.4912700057029724,0.36468762159347534,0.3473682403564453,0.3111400008201599,0.30356061458587646,0.2887396812438965,0.2837657332420349,0.2959449291229248,0.305824875831604,0.3240194320678711,0.36978286504745483,0.36122602224349976,0.36330145597457886,0.3311828374862671,0.322706937789917,0.27967333793640137,0.2409597635269165,0.23630541563034058,0.20932060480117798,0.20874255895614624,159,1
4.059704303741455,3,2,0.75607068836689,0.3395535945892334,0.33057206869125366,0.3257525563240051,0.5043332278728485,0.5047917366027832,0.4691277742385864,0.47481149435043335,0.4896872043609619,0.48919808864593506,0.3812862038612366,0.33692747354507446,0.3076208829879761,0.2934170365333557,0.2687535285949707,0.25848865509033203,0.28002774715423584,0.2869492769241333,0.3085763454437256,0.3842407464981079,0.3825790286064148,0.3837416172027588,0.37920063734054565,0.35293906927108765,0.2849450707435608,0.2393810749053955,0.22825384140014648,0.19568675756454468,0.17777419090270996,159,1
1.1977365016937256,12,11,0.75607068836689,0.3618239164352417,0.34368813037872314,0.3239569664001465,0.48601704835891724,0.4799618124961853,0.4453444480895996,0.44914376735687256,0.4759659171104431,0.48103535175323486,0.35281574726104736,0.33573198318481445,0.3001452684402466,0.29629337787628174,0.28174519538879395,0.2762441635131836,0.29048067331314087,0.3006528615951538,0.3221691846847534,0.367520272731781,0.3601759076118469,0.3747204542160034,0.36897170543670654,0.3554677963256836,0.30258792638778687,0.25427907705307007,0.2425088882446289,0.21452391147613525,0.25613027811050415,159,1
1.3479440212249756,11,10,0.75607068836689,0.3596985340118408,0.344645619392395,0.3234180212020874,0.4863075613975525,0.47855144739151,0.442959725856781,0.4490816593170166,0.4771915674209595,0.48372793197631836,0.3541882038116455,0.33786481618881226,0.3007378578186035,0.29599320888519287,0.28421473503112793,0.2760200500488281,0.2904326319694519,0.30306029319763184,0.3218429684638977,0.36337727308273315,0.35581713914871216,0.37003421783447266,0.35342419147491455,0.3382915258407593,0.29218554496765137,0.24864566326141357,0.24097180366516113,0.21231448650360107,0.25039929151535034,159,1
0.838407576084137,15,14,0.75607068836689,0.3835403323173523,0.35658395290374756,0.3374776244163513,0.4898580312728882,0.4858359098434448,0.44587552547454834,0.4571745991706848,0.46837788820266724,0.4457134008407593,0.3501901626586914,0.329406201839447,0.30840468406677246,0.316944420337677,0.3083823323249817,0.29498422145843506,0.3201481103897095,0.3183659315109253,0.3278983235359192,0.3749971389770508,0.3405301570892334,0.34058481454849243,0.34547126293182373,0.2925640344619751,0.2671356201171875,0.22807025909423828,0.236153244972229,0.20037764310836792,0.14029783010482788,160,0
1.5001555681228638,19,18,0.75607068836689,0.3905014991760254,0.3614497184753418,0.34100341796875,0.49377501010894775,0.48151731491088867,0.4391399621963501,0.45111799240112305,0.47031986713409424,0.4519825577735901,0.3555741310119629,0.34292858839035034,0.32234394550323486,0.3380337953567505,0.33876585960388184,0.3106116056442261,0.32829880714416504,0.3161325454711914,0.3148183226585388,0.34138625860214233,0.309177041053772,0.3062511682510376,0.31437093019485474,0.2628988027572632,0.2330416440963745,0.19834637641906738,0.20395433902740479,0.18110859394073486,0.1492486596107483,160,0
1.429499626159668,19,18,0.75607068836689,0.39033043384552,0.36118364334106445,0.34120601415634155,0.4945108890533447,0.48219287395477295,0.4388536214828491,0.4510396122932434,0.4690948724746704,0.4519243836402893,0.3567032217979431,0.34321630001068115,0.3235664367675781,0.3384920358657837,0.33809131383895874,0.3077518343925476,0.324283242225647,0.3121577501296997,0.3100733757019043,0.33220577239990234,0.29695093631744385,0.29596930742263794,0.2992626428604126,0.25320935249328613,0.22605228424072266,0.1898108720779419,0.1964513063430786,0.17404866218566895,0.14103925228118896,160,0
0.7705528736114502,15,14,0.75607068836689,0.3859846591949463,0.35720938444137573,0.33558738231658936,0.4837667942047119,0.47483205795288086,0.43608081340789795,0.4512755274772644,0.46510058641433716,0.462526798248291,0.3613237142562866,0.3298569321632385,0.31828778982162476,0.3356815576553345,0.317487895488739,0.3177911043167114,0.34445977210998535,0.3371526002883911,0.347869873046875,0.39643150568008423,0.3541349172592163,0.35999131202697754,0.36352068185806274,0.3242529630661011,0.31835293769836426,0.27441805601119995,0.2863815426826477,0.25110387802124023,0.1962287425994873,160,1
0.6278245449066162,15,14,0.75607068836689,0.3901653289794922,0.36281174421310425,0.34163951873779297,0.49122464656829834,0.4793131947517395,0.439589262008667,0.4561425447463989,0.4727100133895874,0.4700304865837097,0.37114381790161133,0.33736246824264526,0.3230244517326355,0.3392649292945862,0.3213045597076416,0.3199012279510498,0.34376537799835205,0.33891183137893677,0.3472021818161011,0.39436399936676025,0.35503053665161133,0.3556804060935974,0.3602800965309143,0.31672847270965576,0.3111443519592285,0.26411187648773193,0.27783727645874023,0.2447507381439209,0.18505418300628662,160,1
0.5640051364898682,15,14,0.75607068836689,0.38690686225891113,0.36058998107910156,0.3399922847747803,0.48800110816955566,0.47917139530181885,0.44036418199539185,0.4550169110298157,0.4748368263244629,0.4726712107658386,0.37118327617645264,0.3381473422050476,0.323189914226532,0.3418012857437134,0.3200213313102722,0.3198676109313965,0.34401798248291016,0.3379178047180176,0.346977174282074,0.3913792371749878,0.3559489846229553,0.3605438470840454,0.3655705451965332,0.32211530208587646,0.31236082315444946,0.2682955265045166,0.28819531202316284,0.2519429326057434,0.20358026027679443,160,1
0.8635019063949585,16,15,0.75607068836689,0.40291017293930054,0.3694831132888794,0.34909433126449585,0.498826801776886,0.48954063653945923,0.44378674030303955,0.4574984908103943,0.4775260090827942,0.47109436988830566,0.3662804961204529,0.33245182037353516,0.316831111907959,0.33414554595947266,0.3201802372932434,0.31939733028411865,0.34406423568725586,0.3352164626121521,0.3427746295928955,0.3894383907318115,0.3507157564163208,0.36665838956832886,0.38677287101745605,0.3571242690086365,0.35426563024520874,0.30517053604125977,0.316795289516449,0.2854897975921631,0.19648605585098267,160,1
1.2063193321228027,16,14,0.75607068836689,0.39678865671157837,0.36589503288269043,0.3455049991607666,0.5024256706237793,0.4866790175437927,0.4406035542488098,0.45370763540267944,0.47109150886535645,0.4605923295021057,0.36515283584594727,0.33097290992736816,0.3140544295310974,0.3179628849029541,0.3082636594772339,0.3012768626213074,0.3349687457084656,0.32543647289276123,0.33576691150665283,0.39120543003082275,0.35535383224487305,0.36115992069244385,0.38028401136398315,0.3311234712600708,0.3292180895805359,0.28413480520248413,0.2905423045158386,0.26584625244140625,0.2027977705001831,160,1
0.5384998321533203,7,5,0.75607068836689,0.3637792468070984,0.3513670563697815,0.3496132493019104,0.5221814811229706,0.5022711753845215,0.4874598979949951,0.49580466747283936,0.4851337671279907,0.49278128147125244,0.3767542839050293,0.3689573407173157,0.35975146293640137,0.34393298625946045,0.3217496871948242,0.32066380977630615,0.32885605096817017,0.3462008237838745,0.3376588821411133,0.3480486273765564,0.3318595886230469,0.308330237865448,0.30978941917419434,0.31079262495040894,0.300930380821228,0.2588871717453003,0.25668662786483765,0.219790518283844,0.3276565670967102,161,0
2.0002291202545166,9,7,0.75607068836689,0.3649042844772339,0.3558274507522583,0.3512662649154663,0.522815465927124,0.5012263357639313,0.49121618270874023,0.4950924515724182,0.4903852343559265,0.5058486461639404,0.37912875413894653,0.3721866011619568,0.37975871562957764,0.3913949728012085,0.3515716791152954,0.33360540866851807,0.34064406156539917,0.3597868084907532,0.34853702783584595,0.3462755084037781,0.32520008087158203,0.2936687469482422,0.28213417530059814,0.26371335983276367,0.253856360912323,0.21046555042266846,0.2028554081916809,0.176766037940979,0.1463739275932312,161,0
1.1263244152069092,14,9,0.75607068836689,0.3688196539878845,0.3569510579109192,0.35450035333633423,0.5230380892753601,0.4999605417251587,0.48547494411468506,0.49151039123535156,0.49006515741348267,0.49472880363464355,0.3701377511024475,0.36758244037628174,0.34217435121536255,0.33733904361724854,0.3333115577697754,0.3253365755081177,0.3384358882904053,0.3552646040916443,0.33792197704315186,0.34233611822128296,0.3110405206680298,0.28427016735076904,0.28127557039260864,0.26742124557495117,0.25648391246795654,0.21323376893997192,0.20670723915100098,0.17515236139297485,0.1339489221572876,161,0
0.8926754593849182,8,6,0.75607068836689,0.3674592971801758,0.35563868284225464,0.35122430324554443,0.5227494239807129,0.5035383403301239,0.4868718981742859,0.487765371799469,0.47996002435684204,0.4865536689758301,0.37709712982177734,0.3828510642051697,0.3759404420852661,0.34778398275375366,0.3283833861351013,0.32544541358947754,0.343117892742157,0.3593485951423645,0.3498387336730957,0.36071252822875977,0.3510424494743347,0.34065675735473633,0.3360708951950073,0.3311241865158081,0.3161271810531616,0.26705223321914673,0.2610393166542053,0.22219419479370117,0.238447904586792,161,1
2.4539175033569336,7,5,0.75607068836689,0.3692713975906372,0.35464102029800415,0.3529902696609497,0.5222716927528381,0.49683189392089844,0.48187750577926636,0.4936690330505371,0.48533958196640015,0.4973874092102051,0.3912845253944397,0.38309359550476074,0.37651729583740234,0.3657315969467163,0.3341748118400574,0.317168653011322,0.32968175411224365,0.3498607277870178,0.32663971185684204,0.355898916721344,0.33138537406921387,0.3667721748352051,0.36288607120513916,0.36003750562667847,0.3342921733856201,0.27771449089050293,0.27502167224884033,0.24849331378936768,0.21906346082687378,161,1
7.077901840209961,2,1,0.75607068836689,0.3174400329589844,0.3182772397994995,0.3345358371734619,0.5426980257034302,0.5454002618789673,0.4987066388130188,0.4891171455383301,0.524493545293808,0.49739742279052734,0.3991166353225708,0.3698805570602417,0.38658004999160767,0.3722187280654907,0.31840425729751587,0.296786904335022,0.31474727392196655,0.30141717195510864,0.29549360275268555,0.40288734436035156,0.3910865783691406,0.3756672143936157,0.35620760917663574,0.33150798082351685,0.3074926733970642,0.2738882303237915,0.3015798330307007,0.23880040645599365,0.1795748472213745,162,0
6.3859663009643555,3,2,0.75607068836689,0.3336331248283386,0.332664430141449,0.34058547019958496,0.517335444688797,0.5169761180877686,0.473255455493927,0.4639626741409302,0.5015235841274261,0.4772945046424866,0.3730267882347107,0.3463890552520752,0.35827064514160156,0.34439706802368164,0.3081626296043396,0.28753578662872314,0.30771809816360474,0.3159487843513489,0.32008612155914307,0.432680606842041,0.421850323677063,0.4116584062576294,0.41364651918411255,0.39893364906311035,0.3963768482208252,0.3687199354171753,0.42481064796447754,0.3375903367996216,0.24583297967910767,162,0
4.2865800857543945,6,5,0.75607068836689,0.345827579498291,0.344570517539978,0.3470458984375,0.5219247341156006,0.5225239992141724,0.4573568105697632,0.44914186000823975,0.5050934851169586,0.46449315547943115,0.3723607063293457,0.3577437996864319,0.36038583517074585,0.3542135953903198,0.31815260648727417,0.28803443908691406,0.3251037001609802,0.3378979563713074,0.3426930904388428,0.45747077465057373,0.46204090118408203,0.4710805416107178,0.47876328229904175,0.4683750867843628,0.4739433526992798,0.4454585313796997,0.5079209208488464,0.39602506160736084,0.2471100091934204,162,0
3.2706527709960938,2,1,0.75607068836689,0.31959807872772217,0.31761634349823,0.3326857089996338,0.5213885009288788,0.5190286338329315,0.46690934896469116,0.4671083092689514,0.4970210790634155,0.4815448522567749,0.3749222755432129,0.35144680738449097,0.3605191707611084,0.34484052658081055,0.304709255695343,0.2749485969543457,0.2987481355667114,0.30192357301712036,0.29612404108047485,0.39198505878448486,0.3833422064781189,0.38295936584472656,0.3861533999443054,0.3721545934677124,0.36365807056427,0.33060652017593384,0.3706560730934143,0.3008764982223511,0.18737709522247314,162,1
2.965040922164917,3,2,0.75607068836689,0.33483225107192993,0.33203941583633423,0.34331345558166504,0.5178994238376617,0.514403373003006,0.4588862657546997,0.45643454790115356,0.48246121406555176,0.46256715059280396,0.35920262336730957,0.3337465524673462,0.3434162139892578,0.3259676694869995,0.2915968894958496,0.2749956250190735,0.29728978872299194,0.3093622326850891,0.3092120885848999,0.41423922777175903,0.41807013750076294,0.4203885793685913,0.43382394313812256,0.4274396300315857,0.4466157555580139,0.4216207265853882,0.4865099787712097,0.3815521001815796,0.2197190523147583,162,1
2.4382410049438477,6,5,0.75607068836689,0.3480982184410095,0.3453701138496399,0.3491804599761963,0.5267041027545929,0.518596887588501,0.4465758204460144,0.4425065517425537,0.48995792865753174,0.45721226930618286,0.36073464155197144,0.34546273946762085,0.3486504554748535,0.3372536897659302,0.3026406764984131,0.2800036668777466,0.31556636095046997,0.33263176679611206,0.33720725774765015,0.4393978714942932,0.4441371560096741,0.45120978355407715,0.4634968042373657,0.44944775104522705,0.4545441269874573,0.42754727602005005,0.488298237323761,0.38366037607192993,0.23584598302841187,162,1
3.2658591270446777,3,1,0.75607068836689,0.35544806718826294,0.3520440459251404,0.3577965497970581,0.5384259223937988,0.534584641456604,0.48526686429977417,0.4743008017539978,0.5029690265655518,0.48112380504608154,0.3775026798248291,0.35237401723861694,0.3685462474822998,0.3540773391723633,0.3077892065048218,0.2953146696090698,0.31803035736083984,0.3147035837173462,0.3059883117675781,0.4023560881614685,0.4041178226470947,0.39700835943222046,0.39218032360076904,0.3709391951560974,0.36761486530303955,0.3337736129760742,0.37572240829467773,0.29565000534057617,0.19809216260910034,162,1
3.025583505630493,4,2,0.75607068836689,0.361835777759552,0.3555786609649658,0.35842883586883545,0.5263383984565735,0.5164636969566345,0.4740656018257141,0.4627138376235962,0.48766028881073,0.45903974771499634,0.3506418466567993,0.3271756172180176,0.3379366993904114,0.32762056589126587,0.296844482421875,0.2858666777610779,0.30565345287323,0.3170621395111084,0.31494253873825073,0.4281423091888428,0.4269965887069702,0.4220461845397949,0.43269771337509155,0.4238491654396057,0.4404110312461853,0.40698230266571045,0.4687959551811218,0.3713182806968689,0.22453784942626953,162,1
2.563260793685913,7,5,0.75607068836689,0.3692869544029236,0.36405056715011597,0.3649035692214966,0.5364666283130646,0.5224913060665131,0.454323947429657,0.4438626170158386,0.4941997528076172,0.45473653078079224,0.35370689630508423,0.3405449390411377,0.3445006012916565,0.33683228492736816,0.3052637577056885,0.28262627124786377,0.31937283277511597,0.33954107761383057,0.34755563735961914,0.45231008529663086,0.4496392607688904,0.45147067308425903,0.4611693024635315,0.4524933695793152,0.45736968517303467,0.4220355749130249,0.4817512035369873,0.37712961435317993,0.22022610902786255,162,1
2.678201913833618,7,5,0.75607068836689,0.3488590717315674,0.34873801469802856,0.35317468643188477,0.5330429077148438,0.5249511003494263,0.4550098180770874,0.45224738121032715,0.4997994303703308,0.4693577289581299,0.36967945098876953,0.35703009366989136,0.3506852388381958,0.3445790410041809,0.31028854846954346,0.2854773998260498,0.32567065954208374,0.33954954147338867,0.34798896312713623,0.4521762728691101,0.45700782537460327,0.4627555012702942,0.4685983657836914,0.4506918787956238,0.45458245277404785,0.42592012882232666,0.49211907386779785,0.3839917778968811,0.22288668155670166,162,1
3.1568996906280518,7,5,0.75607068836689,0.36570847034454346,0.35602015256881714,0.34918951988220215,0.5353821814060211,0.5254630446434021,0.5016197562217712,0.5027789175510406,0.5799333155155182,0.5771724283695221,0.46380800008773804,0.41581714153289795,0.4073774218559265,0.4095519781112671,0.36460697650909424,0.34454381465911865,0.3253747820854187,0.34190165996551514,0.32556962966918945,0.3368285894393921,0.34380537271499634,0.3396543264389038,0.3544858694076538,0.3115469217300415,0.28239738941192627,0.2295055389404297,0.2227855920791626,0.19848084449768066,0.12593907117843628,163,0
1.2371574640274048,15,12,0.75607068836689,0.36732834577560425,0.3526105284690857,0.3433572053909302,0.5147527456283569,0.5162620544433594,0.47524791955947876,0.4726637005805969,0.49082398414611816,0.48866504430770874,0.37090766429901123,0.3434745669364929,0.3273930549621582,0.3148808479309082,0.3022398352622986,0.3001723289489746,0.3065791130065918,0.3144018054008484,0.3149886131286621,0.33798789978027344,0.3327246904373169,0.32104116678237915,0.31859827041625977,0.2786175608634949,0.2371612787246704,0.1980760097503662,0.2009420394897461,0.1949579119682312,0.2032233476638794,163,0
2.5863091945648193,13,10,0.75607068836689,0.37124204635620117,0.36731064319610596,0.35349196195602417,0.5275309383869171,0.5014172494411469,0.46655434370040894,0.47245877981185913,0.51167893409729,0.5279369652271271,0.40592652559280396,0.3658633232116699,0.3567690849304199,0.36277294158935547,0.33269792795181274,0.30892568826675415,0.31045472621917725,0.3191484212875366,0.316278338432312,0.3332033157348633,0.3339865207672119,0.33563530445098877,0.35203874111175537,0.3094369173049927,0.27768927812576294,0.23146075010299683,0.2269628643989563,0.2062792181968689,0.14425700902938843,163,0
0.885564923286438,15,12,0.75607068836689,0.36468076705932617,0.3512182831764221,0.3435055613517761,0.5155631303787231,0.5058684349060059,0.4674142599105835,0.4681907892227173,0.47940462827682495,0.47091472148895264,0.3631593585014343,0.32439208030700684,0.3134349584579468,0.31261754035949707,0.3042423725128174,0.2936785817146301,0.2934733033180237,0.3174722194671631,0.31285130977630615,0.3096402883529663,0.29684537649154663,0.28578847646713257,0.2859177589416504,0.2478368878364563,0.20660722255706787,0.1710364818572998,0.16779053211212158,0.15478962659835815,0.13124895095825195,163,1
0.9922902584075928,14,11,0.75607068836689,0.3654301166534424,0.3535667061805725,0.3443455696105957,0.5195842981338501,0.5052251517772675,0.47188901901245117,0.4737308621406555,0.4831036329269409,0.47568225860595703,0.3651096224784851,0.32731425762176514,0.3165668845176697,0.31255924701690674,0.3096034526824951,0.30455684661865234,0.3062504529953003,0.33051788806915283,0.33000051975250244,0.32835519313812256,0.3148247003555298,0.3031081557273865,0.2950596809387207,0.25989484786987305,0.21620851755142212,0.17842453718185425,0.17663097381591797,0.16559600830078125,0.12741392850875854,163,1
1.7196632623672485,18,15,0.75607068836689,0.37118828296661377,0.3560810685157776,0.3456624746322632,0.5200176239013672,0.5078580677509308,0.4698200225830078,0.47207820415496826,0.4894457459449768,0.4862738847732544,0.36999619007110596,0.3271239399909973,0.31466490030288696,0.31347107887268066,0.3094891309738159,0.29976385831832886,0.29939520359039307,0.3209555149078369,0.3281056880950928,0.3285667896270752,0.3406338691711426,0.3318966031074524,0.3252947926521301,0.28204357624053955,0.24250638484954834,0.19978582859039307,0.1926606297492981,0.1752992868423462,0.12132161855697632,163,1
3.6899893283843994,9,7,0.75607068836689,0.3650437593460083,0.34033554792404175,0.3312032222747803,0.5257407426834106,0.5190900564193726,0.498294472694397,0.487776517868042,0.5244103074073792,0.5449836850166321,0.4377681016921997,0.3835148215293884,0.3668633699417114,0.37345361709594727,0.35273486375808716,0.321072518825531,0.33781522512435913,0.3349893093109131,0.3302995562553406,0.30436426401138306,0.23003894090652466,0.21669328212738037,0.2222406268119812,0.20032650232315063,0.179984450340271,0.17246270179748535,0.20753836631774902,0.19741392135620117,0.1143035888671875,164,0
3.8449411392211914,9,8,0.75607068836689,0.3658580780029297,0.3410000801086426,0.33352750539779663,0.5283434987068176,0.5208876132965088,0.49592119455337524,0.4880191683769226,0.5247346460819244,0.5437252819538116,0.4390219449996948,0.38694411516189575,0.3683180809020996,0.3712952136993408,0.3565278649330139,0.3208322525024414,0.3412599563598633,0.3339284062385559,0.3288118243217468,0.298282265663147,0.22746455669403076,0.21634399890899658,0.21937930583953857,0.2026127576828003,0.18870258331298828,0.1823481321334839,0.22548580169677734,0.2159104347229004,0.10795652866363525,164,0
2.0300827026367188,12,9,0.75607068836689,0.37135934829711914,0.34247058629989624,0.331573486328125,0.5256142020225525,0.5168817043304443,0.49648499488830566,0.4847254157066345,0.5179538130760193,0.527771919965744,0.4238053560256958,0.3727807402610779,0.3563433289527893,0.3619725704193115,0.351026713848114,0.3146896958351135,0.33739209175109863,0.3314540982246399,0.3288077116012573,0.31119418144226074,0.23318350315093994,0.21621042490005493,0.2165212631225586,0.19889044761657715,0.17866694927215576,0.16733932495117188,0.1922200322151184,0.1851385235786438,0.12547922134399414,164,1
1.8313767910003662,11,9,0.75607068836689,0.36620378494262695,0.341621458530426,0.3335576057434082,0.5253486633300781,0.5161261856555939,0.4934732913970947,0.48211973905563354,0.5158875584602356,0.5292385518550873,0.4235292673110962,0.3726610541343689,0.3545105457305908,0.3579084277153015,0.34324193000793457,0.30762267112731934,0.33052462339401245,0.3263370394706726,0.3244122266769409,0.30469417572021484,0.22666716575622559,0.20928561687469482,0.206518292427063,0.18397390842437744,0.149885892868042,0.12887561321258545,0.1408315896987915,0.14304393529891968,0.13325375318527222,164,1
1.9957330226898193,11,8,0.75607068836689,0.36678576469421387,0.3407561182975769,0.33297330141067505,0.5248757898807526,0.5186347663402557,0.4962722063064575,0.48638254404067993,0.5203161239624023,0.5302177369594574,0.4260115623474121,0.37620115280151367,0.35830157995224,0.3623198866844177,0.34905165433883667,0.31792008876800537,0.33818280696868896,0.3365335464477539,0.33563756942749023,0.3151436448097229,0.23374229669570923,0.21442222595214844,0.21041357517242432,0.18921053409576416,0.16315937042236328,0.14612120389938354,0.16549420356750488,0.16272509098052979,0.12366586923599243,164,1
2.4966840744018555,15,9,0.75607068836689,0.3830314874649048,0.35214024782180786,0.3491475582122803,0.553432285785675,0.5565239489078522,0.5275911390781403,0.5247550904750824,0.5944698452949524,0.6057435870170593,0.5281161367893219,0.45643115043640137,0.44910603761672974,0.4350011944770813,0.42390382289886475,0.40775877237319946,0.4249180555343628,0.44506049156188965,0.4155760407447815,0.4007566571235657,0.31599360704421997,0.29098016023635864,0.2734999656677246,0.22650259733200073,0.19346648454666138,0.16464197635650635,0.1789158582687378,0.16804009675979614,0.07262325286865234,164,1
3.087423801422119,8,7,0.75607068836689,0.36196672916412354,0.33954477310180664,0.3282965421676636,0.5256438255310059,0.5193434357643127,0.5026289224624634,0.48835378885269165,0.526443213224411,0.5507521033287048,0.4438934326171875,0.3850669860839844,0.3733750581741333,0.37898510694503784,0.36028486490249634,0.32998722791671753,0.34732866287231445,0.33949869871139526,0.32432615756988525,0.29802989959716797,0.22402220964431763,0.20503675937652588,0.2192162275314331,0.2007131576538086,0.18924939632415771,0.17910635471343994,0.2074640989303589,0.19586181640625,0.09547245502471924,164,1
3.16066837310791,4,2,0.75607068836689,0.35673415660858154,0.3419985771179199,0.34306466579437256,0.5588858723640442,0.5552389621734619,0.539461612701416,0.5222068130970001,0.5594984292984009,0.5755959749221802,0.4908396601676941,0.41661274433135986,0.39250731468200684,0.3877745270729065,0.37427908182144165,0.3748214840888977,0.3814900517463684,0.3644596338272095,0.3575698733329773,0.3233104944229126,0.24756741523742676,0.21794724464416504,0.2067035436630249,0.1791706085205078,0.1589946746826172,0.13900625705718994,0.1632828712463379,0.1658412218093872,0.08437097072601318,164,1
3.567392587661743,8,5,0.75607068836689,0.3622973561286926,0.33871757984161377,0.3276602029800415,0.5245198607444763,0.5202773809432983,0.5032313764095306,0.49186092615127563,0.5288982391357422,0.5498148500919342,0.44479501247406006,0.39115750789642334,0.3752829432487488,0.37776052951812744,0.3607213497161865,0.33287477493286133,0.353675901889801,0.3442910313606262,0.32772916555404663,0.30004143714904785,0.2305077314376831,0.21290862560272217,0.2145007848739624,0.20607101917266846,0.18101954460144043,0.16669875383377075,0.19110816717147827,0.18375670909881592,0.10859960317611694,164,1
1.500449299812317,13,12,0.75607068836689,0.3756028413772583,0.3521139621734619,0.3534897565841675,0.5106623768806458,0.5007881224155426,0.46455955505371094,0.46332526206970215,0.46511876583099365,0.48633474111557007,0.36956220865249634,0.3547530174255371,0.32412219047546387,0.31880682706832886,0.30470502376556396,0.2979061007499695,0.3086835741996765,0.3147916793823242,0.29673057794570923,0.32881641387939453,0.34711503982543945,0.34380626678466797,0.35156548023223877,0.3340969681739807,0.31774431467056274,0.2394958734512329,0.23629248142242432,0.19435763359069824,0.19631069898605347,165,0
4.468936443328857,4,3,0.75607068836689,0.3604457378387451,0.3483632802963257,0.3542354106903076,0.5506870448589325,0.548943281173706,0.5090521574020386,0.5304248929023743,0.5876883566379547,0.5859794020652771,0.5072273015975952,0.49216151237487793,0.4580504298210144,0.45804929733276367,0.42462217807769775,0.4309351444244385,0.42653053998947144,0.43782293796539307,0.412619411945343,0.3891506791114807,0.3969697952270508,0.37425100803375244,0.3621421456336975,0.32210659980773926,0.30907511711120605,0.2347792387008667,0.229217529296875,0.2022390365600586,0.2557138204574585,165,0
1.8004610538482666,15,14,0.75607068836689,0.3781725764274597,0.3494566082954407,0.3488730192184448,0.505857527256012,0.4882504940032959,0.45943164825439453,0.47081458568573,0.5047360956668854,0.5265447199344635,0.41753870248794556,0.40585362911224365,0.3815040588378906,0.4077984690666199,0.3782597780227661,0.37558913230895996,0.37236618995666504,0.37935614585876465,0.35594671964645386,0.3667720556259155,0.3557584881782532,0.34596431255340576,0.34525978565216064,0.31694960594177246,0.3035668134689331,0.2247859239578247,0.22709298133850098,0.19785016775131226,0.23814994096755981,165,0
3.8774921894073486,5,3,0.75607068836689,0.36330652236938477,0.34892737865448,0.3558471202850342,0.527586042881012,0.5168397426605225,0.4772531986236572,0.4618733525276184,0.5144309103488922,0.5261340737342834,0.43069249391555786,0.42062413692474365,0.40915894508361816,0.4225659966468811,0.40561074018478394,0.44322681427001953,0.45209699869155884,0.4843793511390686,0.452147901058197,0.42367762327194214,0.4240580201148987,0.39958977699279785,0.3937463164329529,0.3557059168815613,0.3352864980697632,0.252529501914978,0.24460887908935547,0.21843421459197998,0.29701876640319824,165,0
1.393760085105896,10,9,0.75607068836689,0.3715537190437317,0.35269874334335327,0.3528033494949341,0.5140393376350403,0.4992856979370117,0.46433448791503906,0.46582281589508057,0.4644763469696045,0.4847535490989685,0.3569020628929138,0.337257981300354,0.3110235333442688,0.29843974113464355,0.27534615993499756,0.26238733530044556,0.25811469554901123,0.25810182094573975,0.247783362865448,0.2551136016845703,0.287389874458313,0.28901195526123047,0.30255943536758423,0.277133584022522,0.26034170389175415,0.1980188488960266,0.1931852102279663,0.1609952449798584,0.16235816478729248,165,1
1.3749321699142456,10,9,0.75607068836689,0.37915968894958496,0.35747814178466797,0.3563188314437866,0.5183468163013458,0.5023320615291595,0.4650688171386719,0.46728968620300293,0.4644467234611511,0.4879547953605652,0.3626258969306946,0.3444315791130066,0.3155733346939087,0.3041342496871948,0.2776685953140259,0.26551878452301025,0.2625530958175659,0.2642067074775696,0.2556139826774597,0.2630399465560913,0.2967236638069153,0.2970043420791626,0.3083685636520386,0.2816735506057739,0.2660815119743347,0.19388240575790405,0.18823742866516113,0.16382676362991333,0.17917758226394653,165,1
3.2019736766815186,3,1,0.75607068836689,0.3502964973449707,0.34084784984588623,0.3482343554496765,0.5379586517810822,0.5248013436794281,0.48897236585617065,0.5020081400871277,0.5364898443222046,0.5593413710594177,0.46471428871154785,0.429274320602417,0.4238952398300171,0.4231489300727844,0.3917648196220398,0.3923088312149048,0.3971945643424988,0.3929896354675293,0.3649643659591675,0.3390160799026489,0.35795557498931885,0.3578774929046631,0.3616291284561157,0.32728850841522217,0.3161565661430359,0.24711978435516357,0.2368043065071106,0.18851476907730103,0.16767418384552002,165,1
5.480782985687256,2,1,0.75607068836689,0.34239792823791504,0.3374632000923157,0.349187970161438,0.5436208248138428,0.5411341786384583,0.5086947083473206,0.5252146422863007,0.565024733543396,0.5907702744007111,0.5146127343177795,0.46537768840789795,0.45679861307144165,0.4525596499443054,0.4164729714393616,0.410009503364563,0.41190141439437866,0.4087035059928894,0.3796105980873108,0.35364603996276855,0.36788368225097656,0.35529273748397827,0.33843713998794556,0.29731863737106323,0.285943865776062,0.20677834749221802,0.2008497714996338,0.16684401035308838,0.16614508628845215,165,1
2.686084270477295,12,11,0.75607068836689,0.3694496154785156,0.34866732358932495,0.34907662868499756,0.5167454779148102,0.4966413974761963,0.47071754932403564,0.4941260814666748,0.531204104423523,0.5342593789100647,0.42831987142562866,0.4143056273460388,0.3994218111038208,0.40016013383865356,0.3581596612930298,0.3619292974472046,0.37349581718444824,0.38109278678894043,0.35517507791519165,0.33423566818237305,0.33969801664352417,0.33155083656311035,0.34065741300582886,0.30803972482681274,0.3035748600959778,0.22008734941482544,0.21465188264846802,0.17754685878753662,0.17916738986968994,165,1
1.304972529411316,17,13,0.75607068836689,0.401045560836792,0.3683854341506958,0.35364437103271484,0.5139101445674896,0.48875224590301514,0.4617818593978882,0.4797248840332031,0.5090603530406952,0.5279251933097839,0.39746618270874023,0.36504065990448,0.36571282148361206,0.33983922004699707,0.3377092480659485,0.3175603151321411,0.34218597412109375,0.36166316270828247,0.33688217401504517,0.3647688627243042,0.342393696308136,0.3712271451950073,0.3694133758544922,0.3121161460876465,0.27686047554016113,0.22935104370117188,0.22722387313842773,0.20023858547210693,0.22919607162475586,166,0
1.318563461303711,14,12,0.75607068836689,0.3968234062194824,0.37055933475494385,0.35108160972595215,0.5119731724262238,0.4839009642601013,0.4604577422142029,0.47447800636291504,0.5110884308815002,0.5275078117847443,0.40152591466903687,0.36518394947052,0.3697558641433716,0.3347710371017456,0.3174266219139099,0.3067299723625183,0.3227928876876831,0.34330540895462036,0.32344764471054077,0.34739822149276733,0.34363508224487305,0.3712441325187683,0.39183372259140015,0.33335673809051514,0.29962825775146484,0.24049097299575806,0.22704386711120605,0.18908178806304932,0.19558918476104736,166,0
1.3110029697418213,15,12,0.75607068836689,0.3972947597503662,0.3702104091644287,0.350536048412323,0.510937511920929,0.48050999641418457,0.45585525035858154,0.47401052713394165,0.513713151216507,0.5277655720710754,0.4014744758605957,0.3647289276123047,0.3648803234100342,0.34111642837524414,0.324201762676239,0.31283384561538696,0.3256814479827881,0.3429744243621826,0.32692211866378784,0.3504418134689331,0.3436802625656128,0.3765599727630615,0.3856818675994873,0.33343327045440674,0.2992589473724365,0.247314453125,0.24303096532821655,0.20293128490447998,0.2168729305267334,166,0
0.9947274923324585,14,12,0.75607068836689,0.397350013256073,0.37055492401123047,0.3528949022293091,0.5144892930984497,0.4838077425956726,0.459004282951355,0.4734247326850891,0.5125027894973755,0.5299854278564453,0.4002598524093628,0.3626061677932739,0.3602740168571472,0.3295532464981079,0.31040823459625244,0.30333828926086426,0.31404435634613037,0.3365618586540222,0.325111448764801,0.3373175859451294,0.34015607833862305,0.3547729253768921,0.3608280420303345,0.3078668713569641,0.2767353653907776,0.22266262769699097,0.21952128410339355,0.18785548210144043,0.199194073677063,166,0
1.26934814453125,14,12,0.75607068836689,0.3978028893470764,0.37056589126586914,0.35071349143981934,0.515291690826416,0.48692578077316284,0.459094762802124,0.473483681678772,0.5091201663017273,0.5237801671028137,0.3877395987510681,0.35166293382644653,0.3544621467590332,0.32468920946121216,0.3075421452522278,0.2970379590988159,0.30792123079299927,0.3280872106552124,0.32157695293426514,0.33995139598846436,0.3490484356880188,0.36916619539260864,0.3886749744415283,0.3366326093673706,0.30317115783691406,0.2369036078453064,0.22760236263275146,0.18577784299850464,0.1962375044822693,166,1
0.9254075288772583,16,14,0.75607068836689,0.39985066652297974,0.36742985248565674,0.3514750003814697,0.5065292716026306,0.4806104898452759,0.45615917444229126,0.47793614864349365,0.5138713121414185,0.531989723443985,0.3926706910133362,0.35833775997161865,0.3549540638923645,0.32649940252304077,0.3090422749519348,0.29426300525665283,0.3136409521102905,0.3354785442352295,0.3277391195297241,0.3392830491065979,0.3381357192993164,0.352231502532959,0.3438917398452759,0.29629695415496826,0.27232325077056885,0.23065805435180664,0.23756229877471924,0.21439242362976074,0.24338090419769287,166,1
0.9655333161354065,17,12,0.75607068836689,0.40112578868865967,0.3670653700828552,0.3476805090904236,0.5027846992015839,0.4774758815765381,0.45389068126678467,0.4721772074699402,0.5025825500488281,0.5203664600849152,0.38556814193725586,0.3514224886894226,0.3480069637298584,0.315790057182312,0.3062387704849243,0.2951921224594116,0.3098362684249878,0.32741546630859375,0.3199723958969116,0.3390387296676636,0.3422242999076843,0.3675552010536194,0.37519943714141846,0.31579065322875977,0.28494971990585327,0.24014627933502197,0.23379790782928467,0.1971226930618286,0.21336901187896729,166,1
1.4568489789962769,15,12,0.75607068836689,0.40081220865249634,0.3789116144180298,0.36305296421051025,0.5273749232292175,0.49438440799713135,0.4651290774345398,0.47881752252578735,0.5135825872421265,0.5365241765975952,0.399283766746521,0.3703104853630066,0.3635331392288208,0.336431622505188,0.3230551481246948,0.31035780906677246,0.32609593868255615,0.3513437509536743,0.33701902627944946,0.34659743309020996,0.3534977436065674,0.36860811710357666,0.368535578250885,0.32318639755249023,0.29941701889038086,0.2530389428138733,0.25517964363098145,0.2324221134185791,0.21545159816741943,166,1
1.2668406963348389,16,12,0.75607068836689,0.40060919523239136,0.3669368028640747,0.3464789390563965,0.5013577938079834,0.4790233373641968,0.45300137996673584,0.4718174934387207,0.5083246827125549,0.5288589596748352,0.395766019821167,0.3576393723487854,0.35720348358154297,0.3294462561607361,0.3167950510978699,0.3015318512916565,0.3124065399169922,0.3313032388687134,0.3211941123008728,0.3356887102127075,0.3504595160484314,0.3768630623817444,0.3937678337097168,0.3381361961364746,0.2993388772010803,0.23397183418273926,0.22532212734222412,0.17913949489593506,0.1993771195411682,166,1
1.2404026985168457,18,12,0.75607068836689,0.3825226426124573,0.36299383640289307,0.34969890117645264,0.5161400437355042,0.5102028250694275,0.4682919979095459,0.47464436292648315,0.5100932121276855,0.5336925387382507,0.4163014888763428,0.38091808557510376,0.36197298765182495,0.34202754497528076,0.32410281896591187,0.3154246211051941,0.31954097747802734,0.3037344217300415,0.32205164432525635,0.33986133337020874,0.32248884439468384,0.30156922340393066,0.2967817783355713,0.2632080912590027,0.23438698053359985,0.18785929679870605,0.1824026107788086,0.1637161374092102,0.13322871923446655,167,0
1.602124810218811,13,7,0.75607068836689,0.3815157413482666,0.36295223236083984,0.347228467464447,0.5229848027229309,0.5157385170459747,0.47005170583724976,0.4790193438529968,0.5292237997055054,0.5631818473339081,0.4799780249595642,0.45312196016311646,0.4288591742515564,0.41759318113327026,0.37613797187805176,0.37928497791290283,0.3683244585990906,0.3610057830810547,0.3649485111236572,0.3465780019760132,0.2860513925552368,0.2437725067138672,0.2351055145263672,0.19110167026519775,0.1620720624923706,0.12331438064575195,0.1224207878112793,0.11266124248504639,0.06083488464355469,167,0
1.1676205396652222,22,16,0.75607068836689,0.3846278190612793,0.35908663272857666,0.3436874747276306,0.511986494064331,0.517577052116394,0.46745532751083374,0.46735817193984985,0.4867008924484253,0.5256339907646179,0.4185134768486023,0.40027177333831787,0.3786137104034424,0.3721519112586975,0.3370635509490967,0.35749322175979614,0.36306726932525635,0.3508185148239136,0.34808349609375,0.3551459312438965,0.31531834602355957,0.2869374752044678,0.28172826766967773,0.24832773208618164,0.21669769287109375,0.17427021265029907,0.1715640425682068,0.1595105528831482,0.15001028776168823,167,0
4.061751842498779,5,4,0.75607068836689,0.3773724436759949,0.35926032066345215,0.34432530403137207,0.5266691446304321,0.5344802737236023,0.4740108847618103,0.47024327516555786,0.5240478813648224,0.5465599894523621,0.49462223052978516,0.44245898723602295,0.4294602870941162,0.41203272342681885,0.38372790813446045,0.39424216747283936,0.39863836765289307,0.3979374170303345,0.390352725982666,0.40637868642807007,0.34925544261932373,0.3280365467071533,0.31176888942718506,0.26612138748168945,0.22678208351135254,0.17145639657974243,0.164928138256073,0.1456785798072815,0.08665084838867188,167,0
1.4851081371307373,17,11,0.75607068836689,0.37646496295928955,0.3552623391151428,0.3450976610183716,0.5146023035049438,0.5033445954322815,0.4545375108718872,0.47412818670272827,0.5045662522315979,0.5320753157138824,0.4141702651977539,0.3858766555786133,0.3691822290420532,0.36758702993392944,0.33193665742874146,0.32038092613220215,0.3244737982749939,0.3196503520011902,0.31563621759414673,0.3189467787742615,0.273692786693573,0.26307857036590576,0.2466776967048645,0.20400488376617432,0.18305212259292603,0.15115118026733398,0.15599608421325684,0.14588046073913574,0.1331692934036255,167,1
1.6538617610931396,17,11,0.75607068836689,0.38277626037597656,0.35098862648010254,0.3552870750427246,0.5180244445800781,0.5018532276153564,0.4559510350227356,0.48033833503723145,0.510127454996109,0.5451870858669281,0.4267539381980896,0.39474058151245117,0.3726239800453186,0.3724486231803894,0.3365488052368164,0.329392671585083,0.3300049901008606,0.3255409002304077,0.32290738821029663,0.3213004469871521,0.2796732783317566,0.27010589838027954,0.25854647159576416,0.21911507844924927,0.20153075456619263,0.17051410675048828,0.1751573085784912,0.16107332706451416,0.15496712923049927,167,1
2.090425729751587,17,11,0.75607068836689,0.38150936365127563,0.3567124605178833,0.34656399488449097,0.5180624723434448,0.5154746770858765,0.46472954750061035,0.5134706199169159,0.5965759754180908,0.6358965635299683,0.5430084764957428,0.4924283027648926,0.4653588533401489,0.4797372817993164,0.4295009970664978,0.4349890947341919,0.42429304122924805,0.4055035710334778,0.40471184253692627,0.3852804899215698,0.3272067904472351,0.29618775844573975,0.274120569229126,0.21307224035263062,0.18075287342071533,0.1476513147354126,0.15016531944274902,0.1449970006942749,0.13171201944351196,167,1
1.9744725227355957,18,11,0.75607068836689,0.3804135322570801,0.35722267627716064,0.3488956093788147,0.5215891003608704,0.5036930739879608,0.45738840103149414,0.49418359994888306,0.5468086898326874,0.5902846157550812,0.5028444528579712,0.46447646617889404,0.4297037124633789,0.4239320755004883,0.3767111897468567,0.36288583278656006,0.3618137836456299,0.3509838581085205,0.3424822688102722,0.33530932664871216,0.2938028573989868,0.28388214111328125,0.2761092782020569,0.23672157526016235,0.24350565671920776,0.20761501789093018,0.22635877132415771,0.21136176586151123,0.1460898518562317,167,1
1.6479394435882568,19,13,0.75607068836689,0.38333386182785034,0.35795772075653076,0.35565418004989624,0.525942862033844,0.5140886306762695,0.46789658069610596,0.5077938437461853,0.5474730134010315,0.5909538567066193,0.4812238812446594,0.43908947706222534,0.40986764430999756,0.4164801836013794,0.3835415244102478,0.3740968704223633,0.39271050691604614,0.3924080729484558,0.40208595991134644,0.3802763819694519,0.3389701247215271,0.3249295949935913,0.2896662950515747,0.24965035915374756,0.2261536717414856,0.17672359943389893,0.16823828220367432,0.15740299224853516,0.07906985282897949,167,1
1.6856956481933594,9,8,0.75607068836689,0.3726668357849121,0.3627893924713135,0.3474489450454712,0.5232378542423248,0.5333818793296814,0.49729907512664795,0.4882701635360718,0.5224661827087402,0.5562708377838135,0.42572569847106934,0.3867071866989136,0.35149890184402466,0.35402023792266846,0.32162266969680786,0.31571733951568604,0.3119822144508362,0.2951973080635071,0.280517578125,0.2720625400543213,0.24858683347702026,0.2293609380722046,0.23971927165985107,0.19349366426467896,0.1549290418624878,0.11771929264068604,0.11949414014816284,0.11348593235015869,0.09081834554672241,168,0
1.5704830884933472,7,5,0.75607068836689,0.37332093715667725,0.36281365156173706,0.3526456952095032,0.5384970307350159,0.5337294340133667,0.5023425221443176,0.5302455127239227,0.5463594794273376,0.5871585011482239,0.4675278067588806,0.4300847053527832,0.38913214206695557,0.39351165294647217,0.38769710063934326,0.36216360330581665,0.3579590916633606,0.3468722105026245,0.3177117109298706,0.3007969260215759,0.2549421787261963,0.22561097145080566,0.2118983268737793,0.17378532886505127,0.1557031273841858,0.12616658210754395,0.13368535041809082,0.13930606842041016,0.09401363134384155,168,0
1.8485151529312134,10,8,0.75607068836689,0.37449121475219727,0.36337727308273315,0.35024750232696533,0.5201736986637115,0.5080796182155609,0.478706419467926,0.49739474058151245,0.5157003402709961,0.5491549968719482,0.42815446853637695,0.38385719060897827,0.34641021490097046,0.34546059370040894,0.33446526527404785,0.31009286642074585,0.31529390811920166,0.31308895349502563,0.281205952167511,0.2620983123779297,0.22233808040618896,0.20925092697143555,0.20497369766235352,0.16993331909179688,0.15493130683898926,0.12947189807891846,0.14135867357254028,0.15047597885131836,0.11600625514984131,168,0
1.7873495817184448,11,10,0.75607068836689,0.370547890663147,0.36369508504867554,0.3523457646369934,0.5339713990688324,0.5104946494102478,0.4755662679672241,0.4936479926109314,0.5191855132579803,0.5689095258712769,0.4917464256286621,0.42626363039016724,0.38718557357788086,0.3879438638687134,0.37768328189849854,0.34106820821762085,0.3309696316719055,0.33092188835144043,0.29698997735977173,0.27754783630371094,0.24147886037826538,0.22079890966415405,0.20332646369934082,0.15960156917572021,0.13594567775726318,0.1087343692779541,0.11164736747741699,0.10995298624038696,0.07852286100387573,168,1
2.1049020290374756,14,13,0.75607068836689,0.38104456663131714,0.36722058057785034,0.3562392592430115,0.5215318500995636,0.5090702772140503,0.4799095392227173,0.5059258043766022,0.5537769794464111,0.6082873642444611,0.5180916488170624,0.46257591247558594,0.416475772857666,0.41797125339508057,0.41098207235336304,0.3834304213523865,0.3588823080062866,0.34918463230133057,0.3225172758102417,0.3056175112724304,0.2955027222633362,0.2893517017364502,0.2757667303085327,0.24474120140075684,0.2145465612411499,0.1635955572128296,0.16432535648345947,0.16386860609054565,0.12319469451904297,168,1
3.5736804008483887,11,10,0.75607068836689,0.3757703900337219,0.36823010444641113,0.3618178367614746,0.5457645356655121,0.5175333023071289,0.4889238476753235,0.5062000155448914,0.5335531234741211,0.5753591358661652,0.451371967792511,0.4075013995170593,0.37451809644699097,0.38028281927108765,0.3863492012023926,0.36658501625061035,0.3522756099700928,0.3478385806083679,0.3218722343444824,0.30593252182006836,0.28841233253479004,0.27029645442962646,0.25375795364379883,0.21600520610809326,0.19064277410507202,0.1460326910018921,0.15087729692459106,0.1506251096725464,0.09349942207336426,168,1
1.774854063987732,11,10,0.75607068836689,0.3738044500350952,0.36471474170684814,0.35859060287475586,0.539174884557724,0.5161072015762329,0.4891505241394043,0.5032021701335907,0.5128842294216156,0.5552778244018555,0.46919476985931396,0.43338334560394287,0.3955644369125366,0.3851649761199951,0.3668944239616394,0.34486234188079834,0.33371269702911377,0.3321990370750427,0.3043276071548462,0.27682191133499146,0.2512187361717224,0.2230408787727356,0.20498597621917725,0.16816484928131104,0.14594495296478271,0.11942517757415771,0.12740707397460938,0.12961804866790771,0.08550405502319336,168,1
1.5308319330215454,11,10,0.75607068836689,0.3713471293449402,0.3642255663871765,0.3591294288635254,0.5343988239765167,0.516516387462616,0.4861629605293274,0.5036575794219971,0.5239679217338562,0.5658209025859833,0.48984986543655396,0.4266931414604187,0.3797362446784973,0.3703823685646057,0.3605395555496216,0.3324047923088074,0.3328559398651123,0.3349030613899231,0.30617308616638184,0.27880364656448364,0.2276461124420166,0.20890504121780396,0.19087040424346924,0.1524420976638794,0.13039273023605347,0.10549992322921753,0.10617655515670776,0.1061164140701294,0.09059339761734009,168,1
4.955460548400879,5,4,0.75607068836689,0.3754788041114807,0.3622732162475586,0.3389471173286438,0.5331168174743652,0.5442569255828857,0.501295417547226,0.48913925886154175,0.5417160987854004,0.5305696129798889,0.4885774850845337,0.45474183559417725,0.4243384599685669,0.44130611419677734,0.423406183719635,0.4320420026779175,0.41798973083496094,0.4327254891395569,0.4257873296737671,0.4508369565010071,0.4003888964653015,0.3760848641395569,0.38643163442611694,0.3600243926048279,0.31891411542892456,0.3160085678100586,0.28734290599823,0.23777204751968384,0.3240727186203003,169,0
2.69934344291687,7,5,0.75607068836689,0.36827772855758667,0.36025261878967285,0.3386456370353699,0.5234824120998383,0.5248304307460785,0.48507875204086304,0.4852466583251953,0.5501394271850586,0.5137238800525665,0.4254325032234192,0.40864479541778564,0.38535642623901367,0.38154351711273193,0.382754921913147,0.40172380208969116,0.4005025625228882,0.412073016166687,0.42442530393600464,0.47127020359039307,0.47285008430480957,0.4715704917907715,0.47383666038513184,0.4423447847366333,0.39697885513305664,0.35277259349823,0.3279007077217102,0.265288770198822,0.19573372602462769,169,0
1.5900131464004517,10,5,0.75607068836689,0.36391299962997437,0.3488255739212036,0.3284236788749695,0.5166230797767639,0.5163064897060394,0.4765526056289673,0.48164623975753784,0.5340557396411896,0.5161130428314209,0.42473965883255005,0.39571326971054077,0.36961740255355835,0.3647712469100952,0.3480924963951111,0.365185022354126,0.36029964685440063,0.3704620599746704,0.36635732650756836,0.40144866704940796,0.398751437664032,0.39040762186050415,0.3896993398666382,0.36331403255462646,0.33056169748306274,0.31089287996292114,0.30274003744125366,0.2588179111480713,0.20039498805999756,169,0
3.5380351543426514,6,5,0.75607068836689,0.3658357262611389,0.36017942428588867,0.3431912064552307,0.5411343574523926,0.5407740771770477,0.49587470293045044,0.5044054985046387,0.5888883471488953,0.5569586157798767,0.4803534746170044,0.44524717330932617,0.42793411016464233,0.4209975600242615,0.40284037590026855,0.43062400817871094,0.4073493480682373,0.4339272975921631,0.42344576120376587,0.45901036262512207,0.4536203145980835,0.4433004856109619,0.44586366415023804,0.4323151111602783,0.40215492248535156,0.3848716616630554,0.36186903715133667,0.30555588006973267,0.2171345353126526,169,0
3.119774580001831,7,5,0.75607068836689,0.3700929880142212,0.35984116792678833,0.34116536378860474,0.5324784517288208,0.5192140936851501,0.4813634157180786,0.47829532623291016,0.5245527625083923,0.494779109954834,0.4035996198654175,0.3890851140022278,0.37190771102905273,0.35179847478866577,0.34367191791534424,0.3580600619316101,0.3523324728012085,0.3709716200828552,0.3670384883880615,0.41012775897979736,0.4205973148345947,0.41465651988983154,0.41437166929244995,0.3984531760215759,0.3509123921394348,0.3238621950149536,0.31164228916168213,0.26548290252685547,0.21817350387573242,169,0
0.554562509059906,15,8,0.75607068836689,0.38258999586105347,0.36039888858795166,0.33865076303482056,0.5269187986850739,0.5011067986488342,0.4673558473587036,0.4691725969314575,0.4864516854286194,0.47677111625671387,0.3772880434989929,0.3459147810935974,0.32814735174179077,0.3369198441505432,0.3241828680038452,0.3342387080192566,0.3624787926673889,0.3581811189651489,0.34881776571273804,0.3816685080528259,0.34935253858566284,0.32829827070236206,0.35547465085983276,0.3160858154296875,0.2648634910583496,0.2486971616744995,0.22780847549438477,0.18589240312576294,0.2694849967956543,169,1
0.8188204765319824,15,8,0.75607068836689,0.3832817077636719,0.36027705669403076,0.33820974826812744,0.5257260203361511,0.49834972620010376,0.46661442518234253,0.4699299931526184,0.483600378036499,0.4719125032424927,0.3747240900993347,0.3460848927497864,0.3313397169113159,0.3356499671936035,0.3244274854660034,0.33367764949798584,0.3650350570678711,0.356839656829834,0.34694236516952515,0.37514638900756836,0.3418790102005005,0.32345330715179443,0.3527531623840332,0.3198174238204956,0.26727694272994995,0.2559828758239746,0.23336708545684814,0.19382810592651367,0.2568855285644531,169,1
1.2165522575378418,12,7,0.75607068836689,0.3705342411994934,0.3570702075958252,0.33356738090515137,0.5243453681468964,0.5025662481784821,0.467678427696228,0.4723585844039917,0.48896706104278564,0.47566497325897217,0.3766343593597412,0.34630417823791504,0.3252807855606079,0.3234550356864929,0.31402963399887085,0.3171740174293518,0.3483920097351074,0.34407079219818115,0.3376142978668213,0.36106544733047485,0.31540143489837646,0.2930889129638672,0.3080340623855591,0.27403873205184937,0.22820830345153809,0.21408581733703613,0.19965791702270508,0.1685531735420227,0.2585139274597168,169,1
1.0268970727920532,12,7,0.75607068836689,0.37058961391448975,0.3569352626800537,0.3345092535018921,0.5219631195068359,0.49818259477615356,0.4645158052444458,0.471232533454895,0.49033719301223755,0.4745880365371704,0.37344110012054443,0.3447228670120239,0.32519733905792236,0.3224899172782898,0.3094823956489563,0.312330424785614,0.34616386890411377,0.3438658118247986,0.33970820903778076,0.3626411557197571,0.3227609395980835,0.29880625009536743,0.3153499364852905,0.2723838686943054,0.22312724590301514,0.20515024662017822,0.18593508005142212,0.1612151861190796,0.2652251720428467,169,1
1.271622896194458,12,7,0.75607068836689,0.3709073066711426,0.357238233089447,0.33493512868881226,0.5209717154502869,0.5007703304290771,0.4667591452598572,0.4699544906616211,0.48774635791778564,0.47539615631103516,0.37699025869369507,0.3456665277481079,0.32410329580307007,0.3226867914199829,0.3128480315208435,0.31909215450286865,0.3508223295211792,0.344642698764801,0.3368053436279297,0.36499130725860596,0.322425901889801,0.29761022329330444,0.31229811906814575,0.2773117423057556,0.22926729917526245,0.21651804447174072,0.20072180032730103,0.16897034645080566,0.21728098392486572,169,1
1.1236650943756104,12,7,0.75607068836689,0.3692477345466614,0.35714685916900635,0.334240198135376,0.5219373404979706,0.5004553198814392,0.46553105115890503,0.4707704782485962,0.48984718322753906,0.47961270809173584,0.37873566150665283,0.3464997410774231,0.3272075653076172,0.32605409622192383,0.3164461851119995,0.3215982913970947,0.35148054361343384,0.34767699241638184,0.34255826473236084,0.374692440032959,0.3331177234649658,0.31049466133117676,0.32810819149017334,0.29107391834259033,0.24128836393356323,0.22148239612579346,0.2043665051460266,0.1695188283920288,0.27849602699279785,169,1
1.1277633905410767,16,9,0.75607068836689,0.3774963617324829,0.361222505569458,0.3350985050201416,0.5228884816169739,0.5005276203155518,0.46882176399230957,0.472309947013855,0.4888659715652466,0.47920310497283936,0.3796210289001465,0.3497946858406067,0.3304513692855835,0.332688570022583,0.317743718624115,0.320690393447876,0.35445070266723633,0.34947144985198975,0.34433513879776,0.3666861057281494,0.3215407729148865,0.29729795455932617,0.31300342082977295,0.2755429148674011,0.22700738906860352,0.21598541736602783,0.1992560625076294,0.16951215267181396,0.30465376377105713,169,1
1.1719224452972412,11,10,0.75607068836689,0.35682588815689087,0.34685784578323364,0.33883070945739746,0.5094192624092102,0.4990353584289551,0.47512882947921753,0.4871339201927185,0.5114067792892456,0.5049633979797363,0.38654661178588867,0.38078171014785767,0.3621116876602173,0.34167563915252686,0.3291062116622925,0.32327568531036377,0.3247632384300232,0.34262728691101074,0.3512786030769348,0.410605788230896,0.4866161346435547,0.5158764719963074,0.4975254535675049,0.46858638525009155,0.418292760848999,0.4042069911956787,0.4084557294845581,0.38457685708999634,0.365394651889801,170,0
3.826261281967163,3,1,0.75607068836689,0.35996121168136597,0.3458874821662903,0.35052919387817383,0.5967517197132111,0.5503397881984711,0.5065855979919434,0.5103247165679932,0.5331056714057922,0.5213152766227722,0.4209737777709961,0.40036678314208984,0.38176631927490234,0.3889508843421936,0.3619152307510376,0.3798007369041443,0.3780214786529541,0.3816949725151062,0.3795331120491028,0.4121609330177307,0.434200644493103,0.449979305267334,0.41513359546661377,0.3947703242301941,0.34816378355026245,0.3397365212440491,0.3386983275413513,0.3181372880935669,0.33057594299316406,170,0
2.020195484161377,10,8,0.75607068836689,0.37987399101257324,0.3559201955795288,0.3428603410720825,0.5228934586048126,0.49894261360168457,0.4751269221305847,0.49132055044174194,0.5104807913303375,0.5230581760406494,0.4053680896759033,0.4046822786331177,0.39076095819473267,0.37479090690612793,0.3630982041358948,0.36652427911758423,0.3590395450592041,0.3675638437271118,0.36698782444000244,0.4096440076828003,0.44755983352661133,0.4650666117668152,0.4410231113433838,0.41302812099456787,0.3752285838127136,0.3639591932296753,0.3683280944824219,0.3544190526008606,0.32850146293640137,170,0
2.9369618892669678,9,6,0.75607068836689,0.3658631443977356,0.3499206304550171,0.34546154737472534,0.5286706686019897,0.5138269364833832,0.491641640663147,0.5099457502365112,0.5185919404029846,0.5489084124565125,0.42837321758270264,0.4096180200576782,0.38658952713012695,0.3716450333595276,0.3468542695045471,0.3148077130317688,0.320465087890625,0.3292507529258728,0.32993996143341064,0.37016189098358154,0.38861382007598877,0.41621828079223633,0.41953152418136597,0.38777095079421997,0.36067265272140503,0.3151628375053406,0.30705106258392334,0.2878718972206116,0.2195262908935547,170,0
3.022336721420288,7,6,0.75607068836689,0.3539784550666809,0.34060418605804443,0.3345663547515869,0.5129770636558533,0.4990116357803345,0.477761447429657,0.4889415502548218,0.5055632591247559,0.5336673855781555,0.41526901721954346,0.399250864982605,0.383017361164093,0.36987894773483276,0.35600948333740234,0.3281751275062561,0.32337409257888794,0.32338762283325195,0.32230377197265625,0.3524794578552246,0.3691394329071045,0.4144245386123657,0.44678783416748047,0.4218311309814453,0.40111011266708374,0.38218337297439575,0.36607879400253296,0.33373892307281494,0.29012584686279297,170,1
2.980727195739746,7,6,0.75607068836689,0.35579508543014526,0.3424440026283264,0.33581799268722534,0.5144988894462585,0.5042603611946106,0.481059730052948,0.4909287691116333,0.5110125839710236,0.5368925034999847,0.4182906150817871,0.4006524085998535,0.37828385829925537,0.3698551058769226,0.35984307527542114,0.34055691957473755,0.33813226222991943,0.33355623483657837,0.3318188786506653,0.3654571771621704,0.3751866817474365,0.4191293716430664,0.45198380947113037,0.4315906763076782,0.41152387857437134,0.38905423879623413,0.37237292528152466,0.33382970094680786,0.31512415409088135,170,1
1.98983895778656,9,6,0.75607068836689,0.36491066217422485,0.34839218854904175,0.34344279766082764,0.5275202989578247,0.5120841562747955,0.4805808663368225,0.49922531843185425,0.5178017318248749,0.5381088852882385,0.4110773801803589,0.38786131143569946,0.37396669387817383,0.3604609966278076,0.34067386388778687,0.31315475702285767,0.3213111162185669,0.33494114875793457,0.3353545665740967,0.3603785037994385,0.3797205686569214,0.40227705240249634,0.3949739336967468,0.36898738145828247,0.3476831912994385,0.31047314405441284,0.3064383864402771,0.2868284583091736,0.25024116039276123,170,1
2.4563546180725098,8,7,0.75607068836689,0.3590580224990845,0.34258413314819336,0.3371032476425171,0.5140624046325684,0.501922070980072,0.4767618179321289,0.4867948293685913,0.5129900574684143,0.5364140868186951,0.4181499481201172,0.4028075933456421,0.3808766007423401,0.3796432614326477,0.36288589239120483,0.34062373638153076,0.3381596803665161,0.3360469341278076,0.333961546421051,0.37228214740753174,0.37867629528045654,0.421782910823822,0.44894975423812866,0.4276297688484192,0.4010096788406372,0.3834652900695801,0.3708036541938782,0.3334343433380127,0.3372126817703247,170,1
2.238840103149414,8,7,0.75607068836689,0.35848456621170044,0.34254467487335205,0.33730387687683105,0.5181469321250916,0.5007921755313873,0.4764670729637146,0.4892246723175049,0.5153961777687073,0.5421437323093414,0.42636609077453613,0.40916407108306885,0.38531434535980225,0.3873055577278137,0.37391823530197144,0.3657259941101074,0.3670620918273926,0.36369800567626953,0.366768479347229,0.3887695074081421,0.3891540765762329,0.4250887632369995,0.42846786975860596,0.4059181809425354,0.3811020851135254,0.3746868371963501,0.3618248701095581,0.33393919467926025,0.36514580249786377,170,1
3.311492681503296,7,6,0.75607068836689,0.3658105134963989,0.34583568572998047,0.3418327569961548,0.5186929106712341,0.5072095394134521,0.48055362701416016,0.49089235067367554,0.5099430084228516,0.538072019815445,0.4199184775352478,0.40041184425354004,0.38003820180892944,0.3718886971473694,0.3611215353012085,0.355591356754303,0.3565000891685486,0.35939180850982666,0.37074828147888184,0.39256399869918823,0.40445786714553833,0.4432506561279297,0.46209001541137695,0.4462049603462219,0.4265834093093872,0.4147334098815918,0.39768707752227783,0.36584019660949707,0.3845226764678955,170,1
3.320175886154175,7,6,0.75607068836689,0.35666894912719727,0.34289801120758057,0.33737778663635254,0.5171827971935272,0.500534176826477,0.47646743059158325,0.48995256423950195,0.5058894455432892,0.5350513458251953,0.4176506996154785,0.4053903818130493,0.38592880964279175,0.3737848997116089,0.36024510860443115,0.33758050203323364,0.3300709128379822,0.3280191421508789,0.329250693321228,0.35823148488998413,0.37159764766693115,0.4127761721611023,0.43500620126724243,0.4169849157333374,0.404183566570282,0.39209747314453125,0.3850410580635071,0.35035914182662964,0.3239520788192749,170,1
1.0219379663467407,11,10,0.75607068836689,0.343975305557251,0.33595919609069824,0.3290468454360962,0.5059142708778381,0.4968879222869873,0.45919859409332275,0.46241647005081177,0.4617428779602051,0.45101267099380493,0.3461796045303345,0.3314615488052368,0.31023192405700684,0.3082836866378784,0.3055270314216614,0.28982114791870117,0.29508042335510254,0.2869156002998352,0.29615068435668945,0.3118066191673279,0.26482099294662476,0.2527005672454834,0.2192840576171875,0.18242359161376953,0.14798271656036377,0.12614881992340088,0.13403970003128052,0.12188160419464111,0.16204893589019775,171,0
1.3437590599060059,9,8,0.75607068836689,0.33971744775772095,0.33414793014526367,0.3270221948623657,0.5038637220859528,0.4945526123046875,0.4568139314651489,0.46047908067703247,0.46045470237731934,0.4465975761413574,0.33920711278915405,0.32161271572113037,0.29913926124572754,0.30237388610839844,0.2999386787414551,0.2878819704055786,0.29340308904647827,0.28756386041641235,0.2969834804534912,0.3146721124649048,0.2703247666358948,0.2524203658103943,0.21454215049743652,0.18736308813095093,0.15131151676177979,0.12646985054016113,0.13212090730667114,0.11222672462463379,0.13218438625335693,171,0
1.5804505348205566,9,8,0.75607068836689,0.3402676582336426,0.334269642829895,0.3269718885421753,0.5036329030990601,0.494076669216156,0.45667630434036255,0.46070224046707153,0.4591009020805359,0.44481831789016724,0.3356034755706787,0.31985825300216675,0.29544365406036377,0.2985038757324219,0.29637789726257324,0.2834016680717468,0.28968435525894165,0.284105122089386,0.2908599376678467,0.303943395614624,0.2580195665359497,0.23686766624450684,0.197759747505188,0.16052746772766113,0.12556219100952148,0.10135841369628906,0.10303062200546265,0.08618748188018799,0.09068918228149414,171,0
1.0509506464004517,11,10,0.75607068836689,0.34454280138015747,0.3360830545425415,0.32838577032089233,0.5050311088562012,0.49720776081085205,0.4592229127883911,0.4612596035003662,0.4598209261894226,0.4473564028739929,0.34463751316070557,0.3303435444831848,0.3089216947555542,0.3065650463104248,0.2994447350502014,0.28679358959198,0.29617345333099365,0.28501540422439575,0.2922248840332031,0.3095357418060303,0.26047074794769287,0.24897140264511108,0.22083640098571777,0.18515849113464355,0.15165245532989502,0.12823879718780518,0.1354532241821289,0.12034785747528076,0.1560109257698059,171,1
1.077194094657898,9,8,0.75607068836689,0.3405556082725525,0.33465641736984253,0.3270719647407532,0.5030215978622437,0.4948562979698181,0.4574483633041382,0.4600379467010498,0.46142470836639404,0.4476713538169861,0.3411555290222168,0.32389116287231445,0.30005383491516113,0.302986741065979,0.2995784282684326,0.2858087420463562,0.28956925868988037,0.28325825929641724,0.29201656579971313,0.3073647618293762,0.26176542043685913,0.24045586585998535,0.20354944467544556,0.17192769050598145,0.14166682958602905,0.1180490255355835,0.1249537467956543,0.10788750648498535,0.1368478536605835,171,1
2.728637218475342,4,3,0.75607068836689,0.3401482105255127,0.33227527141571045,0.32930898666381836,0.5186891555786133,0.5228354930877686,0.47630900144577026,0.4811686873435974,0.49129217863082886,0.4792226552963257,0.40898072719573975,0.38169825077056885,0.3561111092567444,0.3491848111152649,0.338096022605896,0.32575827836990356,0.335705041885376,0.31237953901290894,0.29922980070114136,0.3007017970085144,0.25132811069488525,0.2324157953262329,0.21091878414154053,0.1707690954208374,0.1324552297592163,0.10774993896484375,0.11184173822402954,0.09528017044067383,0.09610921144485474,171,1
4.285630702972412,3,2,0.75607068836689,0.34037721157073975,0.33705854415893555,0.34149932861328125,0.5506913661956787,0.5480731129646301,0.5237940549850464,0.5276932716369629,0.5503238439559937,0.5339814126491547,0.4679850935935974,0.42932653427124023,0.39579230546951294,0.3976689577102661,0.3834649324417114,0.37437325716018677,0.3809540271759033,0.3561716675758362,0.3510745167732239,0.33844369649887085,0.28183090686798096,0.2678786516189575,0.24029725790023804,0.20141470432281494,0.15912878513336182,0.1322554349899292,0.1351184844970703,0.11371582746505737,0.10873407125473022,171,1
7.003378868103027,2,1,0.75607068836689,0.30492496490478516,0.3090294599533081,0.3117237091064453,0.5078585147857666,0.5097117722034454,0.4762691855430603,0.4802151322364807,0.4924638271331787,0.48570114374160767,0.4237731099128723,0.39386653900146484,0.36911720037460327,0.3629229664802551,0.35132884979248047,0.34379929304122925,0.3437321186065674,0.32290124893188477,0.31171268224716187,0.3102026581764221,0.2631431818008423,0.25063955783843994,0.2310734987258911,0.2016010284423828,0.16605985164642334,0.13559246063232422,0.13932901620864868,0.11966943740844727,0.12231320142745972,171,1
0.6305698156356812,21,17,0.75607068836689,0.37594956159591675,0.3398911952972412,0.3211613893508911,0.47593677043914795,0.48799562454223633,0.43729573488235474,0.44149184226989746,0.4783538579940796,0.4764786958694458,0.40096545219421387,0.37957340478897095,0.375916063785553,0.3641324043273926,0.3434537649154663,0.34235554933547974,0.3583563566207886,0.37084758281707764,0.3653690218925476,0.3651546239852905,0.3422389626502991,0.3092672824859619,0.32252609729766846,0.29275214672088623,0.2836596965789795,0.22926467657089233,0.22226810455322266,0.18841493129730225,0.13018357753753662,172,0
2.188957452774048,2,1,0.75607068836689,0.34823906421661377,0.3316592574119568,0.31993257999420166,0.5040515959262848,0.5085960626602173,0.46007442474365234,0.47679632902145386,0.5143315494060516,0.5197213292121887,0.4501044750213623,0.44668149948120117,0.4387896656990051,0.45352721214294434,0.3996826410293579,0.41466236114501953,0.4142338037490845,0.4283623695373535,0.43007487058639526,0.37276530265808105,0.35742199420928955,0.33649110794067383,0.3561696410179138,0.3439517617225647,0.32531142234802246,0.2643784284591675,0.25418931245803833,0.23628878593444824,0.24452722072601318,172,0
1.3519225120544434,27,22,0.75607068836689,0.37734276056289673,0.34081053733825684,0.3237500786781311,0.4830108880996704,0.48944735527038574,0.44902336597442627,0.45195263624191284,0.48905301094055176,0.46449166536331177,0.3551087975502014,0.3293321132659912,0.3210837244987488,0.3152986168861389,0.30824583768844604,0.2872176170349121,0.30779188871383667,0.3229471445083618,0.3099931478500366,0.32108795642852783,0.31456947326660156,0.3059230446815491,0.33450233936309814,0.3184064030647278,0.3076517581939697,0.2478412389755249,0.24293482303619385,0.21541857719421387,0.24165695905685425,172,0
0.8890206217765808,19,17,0.75607068836689,0.37946420907974243,0.3412884473800659,0.3242577314376831,0.48020094633102417,0.4887735843658447,0.4409804940223694,0.44660890102386475,0.4865471124649048,0.4844074249267578,0.42049628496170044,0.40626752376556396,0.3886498212814331,0.3801701068878174,0.35103940963745117,0.35986876487731934,0.3793845772743225,0.3876476287841797,0.3850640058517456,0.3756370544433594,0.3787904977798462,0.35271596908569336,0.36715245246887207,0.34930098056793213,0.3436119556427002,0.2683495283126831,0.2632829546928406,0.21976804733276367,0.22071921825408936,172,1
2.5018153190612793,2,1,0.75607068836689,0.40559303760528564,0.36440837383270264,0.3599226474761963,0.5448912382125854,0.5455231070518494,0.4928797483444214,0.49212712049484253,0.5215218365192413,0.5120563209056854,0.448743999004364,0.4557154178619385,0.44459956884384155,0.4396842122077942,0.3874776363372803,0.3848486542701721,0.3890177011489868,0.39768069982528687,0.4030753970146179,0.3515951633453369,0.33159029483795166,0.3047454357147217,0.3278791904449463,0.32014042139053345,0.3077155351638794,0.2444515824317932,0.23395657539367676,0.21159660816192627,0.22846317291259766,172,1
2.9432592391967773,6,4,0.75607068836689,0.36082035303115845,0.34797829389572144,0.33359241485595703,0.49736565351486206,0.5022534132003784,0.45219558477401733,0.48663192987442017,0.5310713648796082,0.5287837088108063,0.47152626514434814,0.4689220190048218,0.4507678151130676,0.4679148197174072,0.41352206468582153,0.4212213158607483,0.43165123462677,0.4419633746147156,0.43531596660614014,0.38408076763153076,0.37570953369140625,0.34786736965179443,0.35370755195617676,0.3276125192642212,0.309487521648407,0.24630296230316162,0.23468470573425293,0.2108040452003479,0.2371382713317871,172,1
1.0491220951080322,23,20,0.75607068836689,0.376697301864624,0.33663082122802734,0.3220309615135193,0.47328126430511475,0.493152379989624,0.44286972284317017,0.44613873958587646,0.4794403910636902,0.4688239097595215,0.3857309818267822,0.3747819662094116,0.36416375637054443,0.36085593700408936,0.33927321434020996,0.34185516834259033,0.3606235384941101,0.37742072343826294,0.36989283561706543,0.3698088526725769,0.3656230568885803,0.3304380178451538,0.35400891304016113,0.3391159176826477,0.32763010263442993,0.2578575611114502,0.2478514313697815,0.2156585454940796,0.26112836599349976,172,1
1.2877496480941772,11,10,0.75607068836689,0.36353814601898193,0.34150850772857666,0.3276031017303467,0.4848169684410095,0.47522830963134766,0.43569135665893555,0.44145798683166504,0.4373582601547241,0.442726194858551,0.3367997407913208,0.3115101456642151,0.2935044765472412,0.29312998056411743,0.2875845432281494,0.2699790596961975,0.2970855236053467,0.30444276332855225,0.31435930728912354,0.34640276432037354,0.30217087268829346,0.2868921160697937,0.28258216381073,0.2384854555130005,0.21783709526062012,0.19279468059539795,0.19580769538879395,0.17877066135406494,0.1496831178665161,173,0
5.631996154785156,2,1,0.75607068836689,0.3264469504356384,0.31331121921539307,0.3111875057220459,0.487610399723053,0.4915165901184082,0.450467586517334,0.461544394493103,0.4679691791534424,0.46853530406951904,0.3728671669960022,0.331801176071167,0.3144393563270569,0.29632478952407837,0.28994429111480713,0.2744360566139221,0.3002779483795166,0.3022702932357788,0.3125176429748535,0.3516847491264343,0.32614433765411377,0.31409645080566406,0.30134159326553345,0.26828527450561523,0.23770344257354736,0.20731377601623535,0.1985343098640442,0.17500412464141846,0.18565905094146729,173,0
2.6442136764526367,9,8,0.75607068836689,0.3682447671890259,0.33999764919281006,0.3267613649368286,0.484017550945282,0.4718351364135742,0.43492043018341064,0.4443761706352234,0.454978346824646,0.4591829776763916,0.3611930012702942,0.3411460518836975,0.3189985156059265,0.319970965385437,0.321252703666687,0.28930389881134033,0.3068195581436157,0.3020074963569641,0.3185504674911499,0.3417311906814575,0.31501108407974243,0.30635708570480347,0.3048080801963806,0.27466392517089844,0.24774396419525146,0.21955829858779907,0.2179652452468872,0.19602245092391968,0.17822587490081787,173,0
2.768828868865967,4,3,0.75607068836689,0.3584655523300171,0.33505380153656006,0.3301042914390564,0.5036649405956268,0.5162320733070374,0.465603232383728,0.4670277237892151,0.47113722562789917,0.467933714389801,0.37268030643463135,0.33788979053497314,0.322023868560791,0.30177342891693115,0.2790297865867615,0.2730448246002197,0.29884493350982666,0.30550289154052734,0.312564492225647,0.3606407642364502,0.3336906433105469,0.32364481687545776,0.31788182258605957,0.2803305387496948,0.2404855489730835,0.20747697353363037,0.19681566953659058,0.1724798083305359,0.19345593452453613,173,1
4.447933673858643,3,2,0.75607068836689,0.3603453040122986,0.34263020753860474,0.35053807497024536,0.5514726340770721,0.5568158626556396,0.5331787168979645,0.5377154350280762,0.5515310764312744,0.534694254398346,0.4411735534667969,0.38785815238952637,0.3617096543312073,0.3395184278488159,0.3150675296783447,0.3119633197784424,0.3322868347167969,0.3244653344154358,0.32551097869873047,0.33959388732910156,0.3078708052635193,0.30527132749557495,0.2839350700378418,0.2485370635986328,0.21923232078552246,0.1962941288948059,0.19222688674926758,0.17344629764556885,0.17091596126556396,173,1
1.9159339666366577,11,10,0.75607068836689,0.36696839332580566,0.34395015239715576,0.32967913150787354,0.490498423576355,0.4773966670036316,0.43863552808761597,0.4429534673690796,0.44036638736724854,0.4375196099281311,0.34063130617141724,0.3158290386199951,0.3024085760116577,0.29946714639663696,0.28868281841278076,0.283977210521698,0.3071495294570923,0.3155174255371094,0.3318738341331482,0.3486896753311157,0.32524603605270386,0.30277836322784424,0.2793613076210022,0.24535202980041504,0.21401309967041016,0.184861958026886,0.1820465326309204,0.16615605354309082,0.135881245136261,173,1
6.655184268951416,2,1,0.75607068836689,0.32252514362335205,0.31087207794189453,0.307706356048584,0.48209720849990845,0.4936058521270752,0.4569883346557617,0.4639418125152588,0.4675303101539612,0.46786773204803467,0.3706996440887451,0.32745617628097534,0.31111812591552734,0.29621535539627075,0.278467059135437,0.2629873752593994,0.2842752933502197,0.289168119430542,0.3035340905189514,0.35141104459762573,0.3303346037864685,0.31715548038482666,0.3056851029396057,0.26711505651474,0.2288467288017273,0.19776833057403564,0.19441866874694824,0.16789674758911133,0.16746795177459717,173,1
5.690544605255127,2,1,0.75607068836689,0.3270641565322876,0.3142859935760498,0.3097858428955078,0.4898455739021301,0.4928838014602661,0.45280569791793823,0.46450501680374146,0.4688146114349365,0.4681403636932373,0.37239301204681396,0.3262815475463867,0.3076362609863281,0.2942512631416321,0.2812345027923584,0.26423585414886475,0.28866153955459595,0.2920061945915222,0.30445146560668945,0.3514999747276306,0.3315899968147278,0.3178555965423584,0.3032160997390747,0.2634255886077881,0.23356568813323975,0.20144051313400269,0.19512206315994263,0.17305481433868408,0.16895848512649536,173,1
6.316500186920166,2,1,0.75607068836689,0.33371782302856445,0.3180330991744995,0.3124692440032959,0.494263231754303,0.4952530860900879,0.4543648958206177,0.46364229917526245,0.46988022327423096,0.47010624408721924,0.3688000440597534,0.32463932037353516,0.306000292301178,0.29296475648880005,0.2783787250518799,0.2599968910217285,0.2839862108230591,0.28840845823287964,0.3034045696258545,0.353801429271698,0.3342509865760803,0.31958556175231934,0.31346988677978516,0.27748334407806396,0.24271917343139648,0.2094065546989441,0.20363956689834595,0.17904186248779297,0.17839229106903076,173,1
7.364106178283691,2,1,0.75607068836689,0.3239774703979492,0.3124244809150696,0.30940937995910645,0.48518508672714233,0.49135321378707886,0.4533933401107788,0.46296626329421997,0.46663743257522583,0.4645349979400635,0.36635249853134155,0.322218120098114,0.3033263087272644,0.2886083126068115,0.27155017852783203,0.2590106725692749,0.2794676423072815,0.2863568067550659,0.3032810091972351,0.3512766361236572,0.3368593454360962,0.32489103078842163,0.319027841091156,0.28391921520233154,0.2436145544052124,0.2170323133468628,0.2072523832321167,0.18079328536987305,0.1891545057296753,173,1
2.4653427600860596,16,11,0.75607068836689,0.38906240463256836,0.364168643951416,0.34788864850997925,0.5171208083629608,0.5037451088428497,0.46644651889801025,0.4750306010246277,0.5030789971351624,0.5422459542751312,0.3969631791114807,0.365808367729187,0.33705246448516846,0.3116351366043091,0.2762148976325989,0.26646631956100464,0.2796991467475891,0.2723052501678467,0.25463390350341797,0.25969529151916504,0.24189013242721558,0.2224578857421875,0.20735514163970947,0.1860034465789795,0.16516584157943726,0.14497590065002441,0.14516812562942505,0.1405084729194641,0.07413375377655029,174,0
2.7828173637390137,13,10,0.75607068836689,0.382896363735199,0.3601571321487427,0.34395527839660645,0.516968309879303,0.5075317025184631,0.4767912030220032,0.4840860366821289,0.5113784968852997,0.5543991029262543,0.4057072401046753,0.37229597568511963,0.3489032983779907,0.33064520359039307,0.28907281160354614,0.2759363651275635,0.2905963659286499,0.2810397148132324,0.26141417026519775,0.270222544670105,0.24586355686187744,0.2245802879333496,0.20923233032226562,0.1803354024887085,0.16132807731628418,0.13033246994018555,0.1340188980102539,0.13049370050430298,0.07566869258880615,174,0
2.5212666988372803,7,6,0.75607068836689,0.383733332157135,0.36626124382019043,0.34786921739578247,0.5372167527675629,0.528070867061615,0.5019953548908234,0.514652281999588,0.55307537317276,0.5940629541873932,0.4664219617843628,0.4367803931236267,0.3892055153846741,0.35165518522262573,0.30079877376556396,0.30773240327835083,0.3027634024620056,0.3044129014015198,0.2763853073120117,0.2568369507789612,0.262273907661438,0.2605990767478943,0.24870729446411133,0.2329757809638977,0.23094284534454346,0.20833271741867065,0.2339586615562439,0.2206883430480957,0.09744822978973389,174,0
1.67806077003479,12,9,0.75607068836689,0.36887454986572266,0.34999823570251465,0.33528411388397217,0.5116327404975891,0.49506592750549316,0.4634703993797302,0.47605884075164795,0.5045193433761597,0.5518739521503448,0.4242088794708252,0.40672892332077026,0.37804853916168213,0.3581739664077759,0.32705849409103394,0.34215736389160156,0.34061968326568604,0.3442876935005188,0.3172021508216858,0.30290454626083374,0.28732335567474365,0.2637787461280823,0.2533409595489502,0.20939737558364868,0.19240808486938477,0.17018413543701172,0.17857688665390015,0.17606747150421143,0.07477039098739624,174,1
1.680560827255249,11,9,0.75607068836689,0.36298203468322754,0.3479991555213928,0.3359895944595337,0.516936719417572,0.49816375970840454,0.46457016468048096,0.47390681505203247,0.4941936135292053,0.5393165349960327,0.41815418004989624,0.4005352854728699,0.37043797969818115,0.3527388572692871,0.3250337839126587,0.345949649810791,0.3534163236618042,0.384532630443573,0.3576183319091797,0.33147501945495605,0.3063536286354065,0.27999502420425415,0.2553611993789673,0.20479387044906616,0.19002795219421387,0.15362000465393066,0.15603244304656982,0.1520647406578064,0.07379376888275146,174,1
2.0362398624420166,10,8,0.75607068836689,0.3643043041229248,0.3512076735496521,0.3384896516799927,0.5167703628540039,0.4957149624824524,0.4625682830810547,0.47933435440063477,0.4962961673736572,0.5456916093826294,0.42537254095077515,0.41583889722824097,0.3888452649116516,0.36601924896240234,0.32761871814727783,0.34490203857421875,0.336692214012146,0.33356648683547974,0.3005545139312744,0.27406996488571167,0.2616305351257324,0.2499014139175415,0.2406843900680542,0.2061282992362976,0.19946908950805664,0.1838773488998413,0.184212327003479,0.1856689453125,0.09588360786437988,174,1
2.406405210494995,10,8,0.75607068836689,0.37125539779663086,0.3584846258163452,0.34256500005722046,0.5487452447414398,0.5415787100791931,0.5210615694522858,0.5097343623638153,0.5414837002754211,0.5653969645500183,0.4559062719345093,0.44613951444625854,0.4245491027832031,0.41849416494369507,0.3896961212158203,0.4169200658798218,0.3971163034439087,0.3984760046005249,0.371476411819458,0.353790819644928,0.33101320266723633,0.32898056507110596,0.3302866220474243,0.2944302558898926,0.25025099515914917,0.20263081789016724,0.211838960647583,0.19983208179473877,0.2205275297164917,175,0
2.119347333908081,10,8,0.75607068836689,0.3767479658126831,0.36101216077804565,0.3494729995727539,0.5521584153175354,0.5324903726577759,0.5206544697284698,0.5208990275859833,0.5449959933757782,0.5683698058128357,0.45563995838165283,0.4304962158203125,0.39413249492645264,0.38329780101776123,0.34731000661849976,0.3680509924888611,0.36784613132476807,0.3671402931213379,0.3379526138305664,0.30885636806488037,0.2897503972053528,0.29688602685928345,0.305946946144104,0.2781333923339844,0.24800586700439453,0.21236497163772583,0.22178047895431519,0.21057629585266113,0.22985363006591797,175,0
2.2388997077941895,10,8,0.75607068836689,0.3588336110115051,0.3520294427871704,0.34055763483047485,0.5509109497070312,0.5346460044384003,0.518384724855423,0.5231097340583801,0.5451724529266357,0.5635802447795868,0.44738686084747314,0.42072319984436035,0.3870800733566284,0.38006532192230225,0.3462907075881958,0.35282158851623535,0.3515244722366333,0.3487594723701477,0.33127057552337646,0.31734228134155273,0.2972496747970581,0.3034631013870239,0.3186314105987549,0.2907215356826782,0.24802649021148682,0.21398723125457764,0.22017508745193481,0.20761054754257202,0.2447190284729004,175,0
2.28694486618042,9,7,0.75607068836689,0.37295132875442505,0.36066770553588867,0.34713274240493774,0.5499446988105774,0.5365908741950989,0.5179224610328674,0.5200915634632111,0.5324908196926117,0.5432204902172089,0.42070716619491577,0.39215171337127686,0.36697155237197876,0.3521782159805298,0.3146204352378845,0.32690131664276123,0.3359794616699219,0.3345925807952881,0.3217424154281616,0.3074811100959778,0.2849002480506897,0.2875220775604248,0.29356586933135986,0.267785906791687,0.22940754890441895,0.19544267654418945,0.20107430219650269,0.1932293176651001,0.20901185274124146,175,0
1.5433751344680786,10,8,0.75607068836689,0.3837844133377075,0.36168038845062256,0.3490559458732605,0.5496046245098114,0.5275653302669525,0.5102867782115936,0.5081229209899902,0.5235364735126495,0.5349403023719788,0.4178123474121094,0.3881356120109558,0.36056697368621826,0.3442394733428955,0.3214346766471863,0.3138965964317322,0.318297803401947,0.326743483543396,0.3150421380996704,0.3187195062637329,0.29287075996398926,0.30049657821655273,0.28678059577941895,0.25570809841156006,0.21124809980392456,0.17322611808776855,0.17964911460876465,0.17621660232543945,0.20842719078063965,175,1
1.357964038848877,15,13,0.75607068836689,0.3836243152618408,0.365326464176178,0.35655319690704346,0.5415104031562805,0.5271404683589935,0.5073419213294983,0.5071130990982056,0.5319264531135559,0.5449220240116119,0.4300171732902527,0.406701922416687,0.3758388161659241,0.36565953493118286,0.3383898138999939,0.3337266445159912,0.34314823150634766,0.35059165954589844,0.3333284258842468,0.3304668664932251,0.29556357860565186,0.2961614727973938,0.274200439453125,0.24517220258712769,0.20412921905517578,0.1702786684036255,0.18047434091567993,0.1792784333229065,0.2207072377204895,175,1
2.3619723320007324,12,10,0.75607068836689,0.3738420009613037,0.36115187406539917,0.34898513555526733,0.5517439246177673,0.5297451019287109,0.5125983953475952,0.5109938681125641,0.5306684672832489,0.5441608726978302,0.40955275297164917,0.39098846912384033,0.3646284341812134,0.35084569454193115,0.32806235551834106,0.32747530937194824,0.3376786708831787,0.34782588481903076,0.3266998529434204,0.3179696202278137,0.2824479937553406,0.28145062923431396,0.275726854801178,0.24462324380874634,0.19961309432983398,0.16699928045272827,0.17277896404266357,0.1685197353363037,0.17158877849578857,175,1
1.8958755731582642,10,8,0.75607068836689,0.3803623914718628,0.3586657643318176,0.3478734493255615,0.5471761524677277,0.5300798118114471,0.5138515830039978,0.5107032954692841,0.522868275642395,0.5343935787677765,0.41774982213974,0.392991304397583,0.370178759098053,0.35977494716644287,0.3411949872970581,0.3373965620994568,0.33279675245285034,0.343204140663147,0.3354591131210327,0.33885622024536133,0.318922221660614,0.3266026973724365,0.3108503222465515,0.2798005938529968,0.23282283544540405,0.19006890058517456,0.19894170761108398,0.19425415992736816,0.229653000831604,175,1
1.4361917972564697,17,13,0.75607068836689,0.36183643341064453,0.34415096044540405,0.3368338942527771,0.48127472400665283,0.4732130765914917,0.4406704902648926,0.4489114284515381,0.4653308391571045,0.4647625684738159,0.3579435348510742,0.33963263034820557,0.3250373601913452,0.3277825117111206,0.30639779567718506,0.29552745819091797,0.3144761323928833,0.30592262744903564,0.31646180152893066,0.33579570055007935,0.29631346464157104,0.2969159483909607,0.2795987129211426,0.2609366774559021,0.23326963186264038,0.19222348928451538,0.19702088832855225,0.16382360458374023,0.17096304893493652,176,0
2.382514715194702,10,6,0.75607068836689,0.35045450925827026,0.3430054187774658,0.34350281953811646,0.484735369682312,0.49104946851730347,0.4526366591453552,0.4654542803764343,0.4959147572517395,0.4860568046569824,0.3822161555290222,0.34853267669677734,0.32363176345825195,0.3258932828903198,0.30166733264923096,0.2893081307411194,0.3122515082359314,0.301494300365448,0.30887269973754883,0.3643067479133606,0.32570838928222656,0.32578450441360474,0.3322305679321289,0.31383776664733887,0.26850420236587524,0.2226313352584839,0.22391164302825928,0.18180030584335327,0.1752411127090454,176,0
2.3115034103393555,8,5,0.75607068836689,0.3522663116455078,0.3459802269935608,0.3459896445274353,0.48960405588150024,0.5004777312278748,0.4611457586288452,0.47581958770751953,0.49638456106185913,0.48626893758773804,0.3943227529525757,0.3618030548095703,0.33731669187545776,0.3346453905105591,0.315354585647583,0.30355238914489746,0.32754844427108765,0.3148963451385498,0.31900954246520996,0.36594057083129883,0.320634663105011,0.32676219940185547,0.3327426314353943,0.3150230050086975,0.2750311493873596,0.23032605648040771,0.22746628522872925,0.1863248348236084,0.21259629726409912,176,0
1.80010187625885,10,9,0.75607068836689,0.33963578939437866,0.329473614692688,0.3249095678329468,0.4655851721763611,0.46208715438842773,0.4319722056388855,0.4460029602050781,0.45837175846099854,0.46333348751068115,0.3531876802444458,0.3353601098060608,0.31194281578063965,0.3085257411003113,0.2850801944732666,0.2755866050720215,0.28069376945495605,0.2793039083480835,0.29212772846221924,0.3018696904182434,0.25936806201934814,0.25434768199920654,0.2230769395828247,0.19739800691604614,0.1689700484275818,0.13436031341552734,0.13961493968963623,0.11430710554122925,0.08620631694793701,176,0
3.497169017791748,6,5,0.75607068836689,0.3423723578453064,0.3408113718032837,0.33590883016586304,0.49223756790161133,0.4941401481628418,0.4525337219238281,0.4685910940170288,0.5000243484973907,0.5084693431854248,0.43159133195877075,0.3970833420753479,0.377937376499176,0.3795170783996582,0.3665815591812134,0.3443983793258667,0.3517060875892639,0.3346543312072754,0.33772748708724976,0.3746834993362427,0.3260324001312256,0.31914448738098145,0.3248521089553833,0.30949151515960693,0.2702014446258545,0.22351765632629395,0.21672362089157104,0.17203164100646973,0.1764116883277893,176,0
1.5660277605056763,11,10,0.75607068836689,0.3439571261405945,0.33237725496292114,0.3249775767326355,0.4706106185913086,0.4610949754714966,0.431068480014801,0.44504112005233765,0.4652973413467407,0.4719223976135254,0.37254011631011963,0.3567451238632202,0.3373567461967468,0.332852840423584,0.3062604069709778,0.2879902124404907,0.2994005084037781,0.29018843173980713,0.3018978238105774,0.3119632601737976,0.27309346199035645,0.2831859588623047,0.2687220573425293,0.2516341209411621,0.2232493758201599,0.18486887216567993,0.18318986892700195,0.1545501947402954,0.14938753843307495,176,0
2.290459156036377,8,7,0.75607068836689,0.33856308460235596,0.3317680358886719,0.3276255130767822,0.47138071060180664,0.46351122856140137,0.43666982650756836,0.4542357325553894,0.479165256023407,0.4848039150238037,0.3852574825286865,0.37376099824905396,0.34700894355773926,0.33865880966186523,0.313704252243042,0.3089767098426819,0.3094059228897095,0.30174797773361206,0.31618553400039673,0.3147342801094055,0.2711973190307617,0.2607005834579468,0.22812020778656006,0.19960033893585205,0.1694730520248413,0.13658499717712402,0.13985377550125122,0.11587190628051758,0.10532516241073608,176,0
2.3723652362823486,11,10,0.75607068836689,0.350879967212677,0.3408504128456116,0.330946147441864,0.4801725745201111,0.4714350700378418,0.44100749492645264,0.4475899934768677,0.46227335929870605,0.45762550830841064,0.3399273157119751,0.3231735825538635,0.3069568872451782,0.30693912506103516,0.287140429019928,0.27109628915786743,0.281210720539093,0.27310776710510254,0.28398042917251587,0.30660659074783325,0.28298431634902954,0.2891451120376587,0.267572820186615,0.24766337871551514,0.22388386726379395,0.18207740783691406,0.19130921363830566,0.15657460689544678,0.13680660724639893,176,1
8.18606185913086,2,1,0.75607068836689,0.315213680267334,0.31617146730422974,0.3145802617073059,0.4829261302947998,0.4793567657470703,0.4509362578392029,0.4719538688659668,0.49567073583602905,0.4972769021987915,0.4215553402900696,0.3724403977394104,0.349334180355072,0.3470165729522705,0.32358336448669434,0.3160976767539978,0.32689982652664185,0.3166307806968689,0.3131362199783325,0.3273811340332031,0.29608815908432007,0.27202439308166504,0.24116331338882446,0.20721161365509033,0.17324763536453247,0.1389562487602234,0.14915090799331665,0.1154584288597107,0.09361517429351807,176,1
5.603063583374023,4,3,0.75607068836689,0.3398643732070923,0.3346734046936035,0.3314822316169739,0.48430681228637695,0.48224306106567383,0.44629430770874023,0.46437281370162964,0.48769235610961914,0.48502886295318604,0.387698233127594,0.3539634943008423,0.3306463360786438,0.3290170431137085,0.30826085805892944,0.2925395369529724,0.31005626916885376,0.29920756816864014,0.31119704246520996,0.3468018174171448,0.3160055875778198,0.3181653618812561,0.3235769271850586,0.30205583572387695,0.2640523910522461,0.21808505058288574,0.2272881269454956,0.18062937259674072,0.17137283086776733,176,1
2.610431671142578,10,9,0.75607068836689,0.33764922618865967,0.3330855369567871,0.3225785493850708,0.4711307883262634,0.46266525983810425,0.4314723014831543,0.44779127836227417,0.46818381547927856,0.46718430519104004,0.3557666540145874,0.3375319242477417,0.31337130069732666,0.3171256184577942,0.29051774740219116,0.27837681770324707,0.2829786539077759,0.28328651189804077,0.30010002851486206,0.31251442432403564,0.2830467224121094,0.2922484278678894,0.26907575130462646,0.24987190961837769,0.23116827011108398,0.19002914428710938,0.2069758176803589,0.16598659753799438,0.130851149559021,176,1
3.1136648654937744,5,4,0.75607068836689,0.3710811138153076,0.3631235361099243,0.3470597267150879,0.5645213723182678,0.567335695028305,0.5319733619689941,0.5194689333438873,0.5211921334266663,0.48791325092315674,0.4869914650917053,0.4203776717185974,0.40755248069763184,0.4222733974456787,0.38162654638290405,0.4058404564857483,0.404141902923584,0.38969796895980835,0.3596429228782654,0.35870361328125,0.3064086437225342,0.2951643466949463,0.2971805930137634,0.24834877252578735,0.22085773944854736,0.18717169761657715,0.1762533187866211,0.15458929538726807,0.0972057580947876,177,0
1.4986019134521484,12,9,0.75607068836689,0.37141573429107666,0.3685765266418457,0.3658245801925659,0.5712345242500305,0.5700716972351074,0.5377894043922424,0.5344768762588501,0.5075396001338959,0.48407626152038574,0.4134852886199951,0.3684142231941223,0.3512839674949646,0.3597479462623596,0.34729963541030884,0.3461768627166748,0.3685950040817261,0.3484944701194763,0.33374810218811035,0.34887629747390747,0.31283706426620483,0.30231034755706787,0.30268049240112305,0.24970459938049316,0.23750686645507812,0.19331961870193481,0.1853400468826294,0.17512476444244385,0.119426429271698,177,0
2.6265933513641357,10,7,0.8801468387246132,0.49034780263900757,0.423203706741333,0.4113793969154358,0.6386813521385193,0.6056614518165588,0.5841150283813477,0.6011925041675568,0.5767735838890076,0.5094198286533356,0.47675609588623047,0.40882444381713867,0.38284796476364136,0.3858051300048828,0.3631000518798828,0.3639090657234192,0.3836515545845032,0.3783835172653198,0.3731014132499695,0.3378482460975647,0.28376269340515137,0.2737640142440796,0.26526468992233276,0.21401584148406982,0.18213814496994019,0.14908432960510254,0.14034825563430786,0.12554210424423218,0.13625770807266235,177,1
2.132138967514038,10,8,0.8801468387246132,0.4933878183364868,0.42011189460754395,0.4071629047393799,0.6294195055961609,0.6000001132488251,0.5817908346652985,0.6023292541503906,0.5895312428474426,0.523271232843399,0.4952963590621948,0.42594796419143677,0.4086434841156006,0.41151243448257446,0.38794511556625366,0.3834686279296875,0.394035279750824,0.38793081045150757,0.382132887840271,0.3461925983428955,0.2959597110748291,0.2841750979423523,0.26899421215057373,0.21656185388565063,0.18302220106124878,0.14840388298034668,0.1420099139213562,0.1267419457435608,0.12571638822555542,177,1
1.415149450302124,14,9,0.8801468387246132,0.4892932176589966,0.4269946813583374,0.4182465672492981,0.6569666564464569,0.6185284852981567,0.5915544033050537,0.6098894774913788,0.5904780030250549,0.5275444984436035,0.48805809020996094,0.42505091428756714,0.40164268016815186,0.40580540895462036,0.3765143156051636,0.38514673709869385,0.4017692804336548,0.3958515524864197,0.3882831335067749,0.36117690801620483,0.2976607084274292,0.28830814361572266,0.2740997076034546,0.22166574001312256,0.1915164589881897,0.1538172960281372,0.14510291814804077,0.12888890504837036,0.14025229215621948,177,1
1.248444676399231,11,9,0.75607068836689,0.36608290672302246,0.35667914152145386,0.3467656373977661,0.5238614976406097,0.506540834903717,0.4775872230529785,0.48701417446136475,0.5128426253795624,0.5303910374641418,0.40413010120391846,0.3782280683517456,0.36059248447418213,0.3323906660079956,0.333163857460022,0.32762420177459717,0.3238624334335327,0.3136709928512573,0.29783952236175537,0.2912057638168335,0.27609682083129883,0.25640177726745605,0.24606966972351074,0.21055936813354492,0.1887487769126892,0.14072006940841675,0.13876962661743164,0.13228833675384521,0.14140832424163818,178,0
1.3409452438354492,10,8,0.75607068836689,0.37245696783065796,0.35609734058380127,0.3429912328720093,0.5156537592411041,0.5080126225948334,0.4815800189971924,0.4886033535003662,0.5205759406089783,0.5327056646347046,0.3992844223976135,0.3765805959701538,0.36632239818573,0.3562878966331482,0.3527408242225647,0.34525978565216064,0.3418905735015869,0.3420752286911011,0.31339436769485474,0.32092756032943726,0.29080474376678467,0.27441591024398804,0.2746737003326416,0.2336794137954712,0.21477258205413818,0.16473078727722168,0.16332471370697021,0.16152667999267578,0.1789887547492981,178,0
1.310291051864624,14,10,0.75607068836689,0.3857318162918091,0.3651641607284546,0.36173611879348755,0.5299472808837891,0.5084062218666077,0.4820319414138794,0.5004658699035645,0.523961067199707,0.5579100847244263,0.43209660053253174,0.39232462644577026,0.377239465713501,0.3467654585838318,0.3393087387084961,0.3385547995567322,0.3366113305091858,0.3274587392807007,0.321372389793396,0.3450835943222046,0.3629683256149292,0.3643398880958557,0.39915627241134644,0.3327394127845764,0.2969974875450134,0.21242976188659668,0.19931602478027344,0.1687682867050171,0.09576302766799927,178,0
1.2821078300476074,15,12,0.75607068836689,0.3718206286430359,0.3539315462112427,0.3420078754425049,0.5144941806793213,0.4962765574455261,0.4679432511329651,0.4776594638824463,0.517968088388443,0.5405706167221069,0.4156671166419983,0.38878941535949707,0.38239824771881104,0.3668842911720276,0.35946106910705566,0.3678430914878845,0.3695145845413208,0.3651737570762634,0.3464661240577698,0.33764874935150146,0.30598723888397217,0.28316807746887207,0.27547013759613037,0.23866140842437744,0.21925485134124756,0.1639997959136963,0.16250044107437134,0.15372908115386963,0.15245425701141357,178,0
1.1930382251739502,15,12,0.75607068836689,0.382895827293396,0.3594518303871155,0.3478888273239136,0.521565169095993,0.5019416809082031,0.4698132276535034,0.4796968698501587,0.5174365639686584,0.5373343527317047,0.40755361318588257,0.3864929676055908,0.3728862404823303,0.3616873621940613,0.35838717222213745,0.37646132707595825,0.3858538269996643,0.385514497756958,0.3607182502746582,0.34015345573425293,0.31647002696990967,0.29237496852874756,0.29395735263824463,0.25258827209472656,0.23149460554122925,0.1731451153755188,0.1693049669265747,0.1591011881828308,0.15766173601150513,178,0
2.2516846656799316,13,10,0.75607068836689,0.3832603693008423,0.36935579776763916,0.3569396138191223,0.529893159866333,0.5058676600456238,0.4651162028312683,0.48238110542297363,0.5187849402427673,0.5435463190078735,0.4128378629684448,0.3733643889427185,0.3724069595336914,0.3569521903991699,0.3605130910873413,0.35958361625671387,0.36519086360931396,0.36317718029022217,0.3317604064941406,0.319624125957489,0.30009448528289795,0.2846754789352417,0.2833113670349121,0.24432259798049927,0.22193020582199097,0.16454732418060303,0.16105079650878906,0.14591819047927856,0.13214564323425293,178,0
1.789229154586792,15,10,0.75607068836689,0.3859907388687134,0.3630237579345703,0.3519679307937622,0.5107599496841431,0.4947114586830139,0.46520060300827026,0.4752545952796936,0.5142663717269897,0.5396308898925781,0.40847253799438477,0.37676072120666504,0.3630308508872986,0.349465012550354,0.35327231884002686,0.3440512418746948,0.35876762866973877,0.35661613941192627,0.3408467769622803,0.3329002857208252,0.3191579580307007,0.3073257803916931,0.2876673936843872,0.25625699758529663,0.2379133701324463,0.18673741817474365,0.18674421310424805,0.1678662896156311,0.16362279653549194,178,0
1.1235653162002563,9,7,0.75607068836689,0.3724348545074463,0.3565743565559387,0.3456003665924072,0.5158841907978058,0.5053815841674805,0.4811094403266907,0.486278235912323,0.5093382894992828,0.5335815250873566,0.40821027755737305,0.3792901039123535,0.3600159287452698,0.3381361961364746,0.34022700786590576,0.3411763906478882,0.3340429663658142,0.3392491340637207,0.308893084526062,0.29018092155456543,0.2561655044555664,0.24561208486557007,0.2402130365371704,0.20921814441680908,0.19296574592590332,0.15032601356506348,0.15075933933258057,0.1480576992034912,0.17706561088562012,178,1
1.6215145587921143,14,11,0.75607068836689,0.37088900804519653,0.35345911979675293,0.3421289920806885,0.516191840171814,0.4915580749511719,0.4639344811439514,0.4786566495895386,0.504101425409317,0.5327218174934387,0.4018958806991577,0.3577731251716614,0.34336644411087036,0.32437002658843994,0.3338518738746643,0.3375353217124939,0.3399891257286072,0.3603494167327881,0.3506643772125244,0.3539382219314575,0.35612761974334717,0.3494529724121094,0.3733070492744446,0.3169500231742859,0.28260356187820435,0.20029610395431519,0.18441778421401978,0.15405428409576416,0.09858828783035278,178,1
1.373482584953308,14,11,0.75607068836689,0.3816462755203247,0.3586503863334656,0.3472473621368408,0.522820234298706,0.49566149711608887,0.46599626541137695,0.4800620675086975,0.5038324594497681,0.5281693041324615,0.3934635519981384,0.35246872901916504,0.33468079566955566,0.3101234436035156,0.314993679523468,0.3163304924964905,0.3179258704185486,0.336112380027771,0.32292044162750244,0.32641059160232544,0.3175969123840332,0.3043411374092102,0.32202672958374023,0.2688446044921875,0.2422022819519043,0.17211931943893433,0.16198670864105225,0.1387234926223755,0.09552335739135742,178,1
2.2881131172180176,13,10,0.75607068836689,0.37980222702026367,0.3591831922531128,0.3478466272354126,0.5136780440807343,0.4930455684661865,0.46600890159606934,0.4812256693840027,0.5069377422332764,0.5367077589035034,0.41725796461105347,0.37488895654678345,0.3611336946487427,0.3255879878997803,0.33861762285232544,0.3396831750869751,0.33501964807510376,0.34520769119262695,0.332685649394989,0.3367105722427368,0.3488297462463379,0.33386939764022827,0.35890716314315796,0.3020780086517334,0.273668110370636,0.1966087818145752,0.18512380123138428,0.1542426347732544,0.11774927377700806,178,1
0.9539065361022949,8,6,0.75607068836689,0.356173038482666,0.3490161895751953,0.33957159519195557,0.5307211875915527,0.5263487100601196,0.4969187378883362,0.5022262334823608,0.5258447527885437,0.5271544456481934,0.41140300035476685,0.39517664909362793,0.35714519023895264,0.3521159291267395,0.32739269733428955,0.3479539752006531,0.33720695972442627,0.35248279571533203,0.33919811248779297,0.34535813331604004,0.3668111562728882,0.37215036153793335,0.38307350873947144,0.342637300491333,0.28444790840148926,0.238459050655365,0.22751319408416748,0.21714168787002563,0.1357971429824829,179,0
3.6417434215545654,5,4,0.75607068836689,0.38110506534576416,0.35743391513824463,0.3444579839706421,0.540001779794693,0.5424709320068359,0.49642616510391235,0.5013845264911652,0.5358649790287018,0.534532904624939,0.4680059552192688,0.42247557640075684,0.3865753412246704,0.3951683044433594,0.37194156646728516,0.3995211720466614,0.3724592328071594,0.3748890161514282,0.3589794635772705,0.37169426679611206,0.3462173342704773,0.32598698139190674,0.32999134063720703,0.2965496778488159,0.2570033073425293,0.23292934894561768,0.22220271825790405,0.21116632223129272,0.13246583938598633,179,0
1.526238203048706,8,4,0.75607068836689,0.3747480511665344,0.3576081395149231,0.3571913242340088,0.5495448708534241,0.5181370079517365,0.4865354299545288,0.5075129270553589,0.5212187767028809,0.5131824910640717,0.38752204179763794,0.35558241605758667,0.3171011209487915,0.3060946464538574,0.2907913327217102,0.28949832916259766,0.2898038625717163,0.30307888984680176,0.2808433771133423,0.29878348112106323,0.28007566928863525,0.2667890787124634,0.2694375514984131,0.23708927631378174,0.20706486701965332,0.16367864608764648,0.15304607152938843,0.14708614349365234,0.10847467184066772,179,1
2.030644416809082,7,5,0.75607068836689,0.3712318539619446,0.35628318786621094,0.35345757007598877,0.547018438577652,0.5131106674671173,0.48513734340667725,0.5062630474567413,0.5062536597251892,0.5055475831031799,0.374542236328125,0.3443272113800049,0.31251227855682373,0.3015344738960266,0.28026241064071655,0.2842293381690979,0.28942567110061646,0.30021148920059204,0.2840198278427124,0.2976299524307251,0.2812160849571228,0.2641846537590027,0.26611006259918213,0.2291615605354309,0.19597160816192627,0.15038639307022095,0.13641893863677979,0.13171148300170898,0.09610778093338013,179,1
2.2793686389923096,9,6,0.75607068836689,0.3703029155731201,0.35731256008148193,0.35296881198883057,0.5425760746002197,0.5139862895011902,0.47852623462677,0.5049790740013123,0.5155592560768127,0.5163523554801941,0.39024853706359863,0.358151912689209,0.3298031687736511,0.3252527117729187,0.29418128728866577,0.29759490489959717,0.29537802934646606,0.30508482456207275,0.28617173433303833,0.3018723726272583,0.28922343254089355,0.267633855342865,0.26784271001815796,0.2298882007598877,0.19880253076553345,0.160535991191864,0.15012216567993164,0.14531415700912476,0.12219357490539551,179,1
2.565671920776367,6,4,0.75607068836689,0.37968432903289795,0.363767147064209,0.3597986102104187,0.5562892556190491,0.5266152918338776,0.497761070728302,0.5660020411014557,0.5280824899673462,0.5260010361671448,0.3972294330596924,0.3635746240615845,0.33173543214797974,0.3249759078025818,0.3010275959968567,0.29751670360565186,0.3059270977973938,0.3157387375831604,0.29803037643432617,0.29560530185699463,0.2761729955673218,0.2599524259567261,0.2540081739425659,0.21625244617462158,0.18950098752975464,0.15195977687835693,0.1404578685760498,0.13467168807983398,0.07881039381027222,179,1
2.8185040950775146,8,5,0.75607068836689,0.37795591354370117,0.358676016330719,0.3537108898162842,0.5505756139755249,0.5147879123687744,0.484036386013031,0.5078558325767517,0.5046138763427734,0.5032562911510468,0.37716740369796753,0.34632885456085205,0.3119997978210449,0.29803401231765747,0.2780413031578064,0.29129689931869507,0.2999895215034485,0.3094319701194763,0.29189783334732056,0.3081786036491394,0.292270302772522,0.27420127391815186,0.27652573585510254,0.2366160750389099,0.20375394821166992,0.15651363134384155,0.1431843638420105,0.1390889286994934,0.08649176359176636,179,1
0.41337651014328003,16,14,0.75607068836689,0.3624309301376343,0.3339160084724426,0.3306121826171875,0.4928863048553467,0.4883856177330017,0.447454035282135,0.4428134560585022,0.4590606093406677,0.47168028354644775,0.3773377537727356,0.3430812358856201,0.3314768671989441,0.33147913217544556,0.3191174268722534,0.31482672691345215,0.3425266742706299,0.34102964401245117,0.3536021113395691,0.4281395673751831,0.46688973903656006,0.4815770387649536,0.47505438327789307,0.4453859329223633,0.41406065225601196,0.37374061346054077,0.3622252941131592,0.3104804754257202,0.37543773651123047,180,0
0.6967417001724243,13,11,0.75607068836689,0.36199235916137695,0.3419927954673767,0.33864712715148926,0.511975109577179,0.49507737159729004,0.4566870331764221,0.45420777797698975,0.47600412368774414,0.4660590887069702,0.3785063624382019,0.3595828413963318,0.339102566242218,0.33077573776245117,0.3311343193054199,0.3127123713493347,0.3399885296821594,0.33231520652770996,0.33669912815093994,0.376065731048584,0.38657188415527344,0.3948708772659302,0.4035422205924988,0.3845938444137573,0.35815638303756714,0.3265681266784668,0.3235093355178833,0.26672834157943726,0.25152599811553955,180,0
2.4947681427001953,4,3,0.75607068836689,0.34194421768188477,0.3325892686843872,0.3383907079696655,0.5166754722595215,0.5189605057239532,0.47723889350891113,0.47184187173843384,0.4834197163581848,0.4509410858154297,0.3699454665184021,0.32011985778808594,0.3114328384399414,0.3040899634361267,0.29365015029907227,0.27980613708496094,0.29641276597976685,0.3069576025009155,0.31814390420913696,0.3741544485092163,0.37935781478881836,0.3913075923919678,0.4172481298446655,0.37792205810546875,0.3575981855392456,0.32022422552108765,0.31017792224884033,0.25392401218414307,0.22895443439483643,180,0
0.5315591096878052,16,14,0.75607068836689,0.35975658893585205,0.33483433723449707,0.3331928253173828,0.49118274450302124,0.48906588554382324,0.44652891159057617,0.4418330192565918,0.4591940641403198,0.4702133536338806,0.37499040365219116,0.34110206365585327,0.3300982117652893,0.33342868089675903,0.3232041597366333,0.3199436664581299,0.3446474075317383,0.3409688472747803,0.35808712244033813,0.4256557822227478,0.4560953378677368,0.468217134475708,0.4646117687225342,0.43802911043167114,0.4090757966041565,0.3686598539352417,0.35473936796188354,0.3004077672958374,0.36174070835113525,180,1
0.85379958152771,13,11,0.75607068836689,0.3620978593826294,0.34226781129837036,0.33909469842910767,0.5111356377601624,0.49333465099334717,0.4544934034347534,0.453413188457489,0.474506139755249,0.4653969407081604,0.3766339421272278,0.35696643590927124,0.33599740266799927,0.33036482334136963,0.33046144247055054,0.31385916471481323,0.3427075147628784,0.33397310972213745,0.341752290725708,0.385867178440094,0.4056868553161621,0.4193762540817261,0.4283532500267029,0.4040554165840149,0.37428349256515503,0.34085458517074585,0.3287108540534973,0.27100926637649536,0.2675970196723938,180,1
3.12481689453125,4,3,0.75607068836689,0.3426274061203003,0.33586692810058594,0.3395336866378784,0.5162305235862732,0.5171197354793549,0.47763705253601074,0.47489243745803833,0.4877380132675171,0.4504495859146118,0.36985886096954346,0.32075780630111694,0.3117661476135254,0.30546069145202637,0.299572229385376,0.28631728887557983,0.3010362386703491,0.30638831853866577,0.32152557373046875,0.3795022964477539,0.38501816987991333,0.3944663405418396,0.4227718710899353,0.3874315023422241,0.3677804470062256,0.32954758405685425,0.31690818071365356,0.25695252418518066,0.22662222385406494,180,1
0.7896305322647095,14,12,0.75607068836689,0.35862940549850464,0.3325920104980469,0.32934659719467163,0.4900738000869751,0.4790914058685303,0.438742458820343,0.44014596939086914,0.45561277866363525,0.4688795804977417,0.3704727292060852,0.3344017267227173,0.32279908657073975,0.3253546953201294,0.3153221011161804,0.3112115263938904,0.3373492360115051,0.3353988528251648,0.35006433725357056,0.4202091693878174,0.4536502957344055,0.4692577123641968,0.46940386295318604,0.4442632794380188,0.4121534824371338,0.37113362550735474,0.3603426218032837,0.3012573719024658,0.34473133087158203,180,1
1.3091983795166016,11,9,0.75607068836689,0.35447609424591064,0.3389875292778015,0.33650481700897217,0.5093379616737366,0.49071210622787476,0.4508085250854492,0.4501975178718567,0.47152966260910034,0.4647812843322754,0.36798763275146484,0.3460080027580261,0.32677483558654785,0.3219214081764221,0.32255232334136963,0.300506591796875,0.32784223556518555,0.3245847225189209,0.3315679430961609,0.36595606803894043,0.3700615167617798,0.3800457715988159,0.3944441080093384,0.3691291809082031,0.33978426456451416,0.31082427501678467,0.3095766305923462,0.25810492038726807,0.24177801609039307,180,1
5.607321739196777,2,1,0.75607068836689,0.3186161518096924,0.32746046781539917,0.3325626850128174,0.5151094198226929,0.5104756951332092,0.47241127490997314,0.47736114263534546,0.4893813133239746,0.45961833000183105,0.36985135078430176,0.3156994581222534,0.30824047327041626,0.29996997117996216,0.29203033447265625,0.27139341831207275,0.284457802772522,0.2913209795951843,0.30780625343322754,0.366885244846344,0.35907822847366333,0.36405056715011597,0.4003937840461731,0.35861092805862427,0.32984691858291626,0.29407137632369995,0.2773032784461975,0.22802186012268066,0.21237194538116455,180,1
4.511683940887451,4,1,0.75607068836689,0.32645344734191895,0.3295459747314453,0.32734644412994385,0.5334115028381348,0.5364584028720856,0.4666963219642639,0.46935248374938965,0.49447381496429443,0.47760438919067383,0.3863469362258911,0.3617371916770935,0.36554890871047974,0.34896141290664673,0.31724393367767334,0.2829931974411011,0.31181764602661133,0.2919604182243347,0.287479043006897,0.39314740896224976,0.3824843764305115,0.3971448540687561,0.41398441791534424,0.4812356233596802,0.6010645925998688,0.5507782697677612,0.5029634237289429,0.4033700227737427,0.25770509243011475,181,0
4.391094207763672,5,2,0.75607068836689,0.3327287435531616,0.33600765466690063,0.33226490020751953,0.520098090171814,0.531525731086731,0.4605056047439575,0.46821099519729614,0.4880724549293518,0.46196573972702026,0.3504611849784851,0.32319706678390503,0.3259454369544983,0.3211205005645752,0.3028504252433777,0.2878603935241699,0.3149946331977844,0.31021130084991455,0.3161616325378418,0.4315570592880249,0.42802250385284424,0.43551957607269287,0.4436799883842468,0.5216487050056458,0.6295987069606781,0.5716880559921265,0.5213421583175659,0.4177705645561218,0.2643526792526245,181,0
4.054016590118408,8,5,0.75607068836689,0.3484659790992737,0.3478541970252991,0.34472334384918213,0.5333292484283447,0.5428095757961273,0.4627450108528137,0.4590979814529419,0.5038303732872009,0.46598756313323975,0.39696967601776123,0.37724989652633667,0.35671645402908325,0.34448176622390747,0.33083391189575195,0.32233095169067383,0.3513909578323364,0.3560503125190735,0.35665732622146606,0.4540407061576843,0.46038371324539185,0.47780781984329224,0.4959564805030823,0.5720693469047546,0.6606630384922028,0.5952681005001068,0.5460459589958191,0.4349575638771057,0.25650453567504883,181,0
3.1980743408203125,2,1,0.75607068836689,0.3088107109069824,0.3220534324645996,0.32521796226501465,0.5466681122779846,0.5426981151103973,0.4831365942955017,0.47800421714782715,0.5150635838508606,0.4874880313873291,0.398232102394104,0.36291205883026123,0.36122262477874756,0.34860992431640625,0.3124051094055176,0.28082597255706787,0.30800533294677734,0.30276304483413696,0.29570960998535156,0.40247780084609985,0.39192521572113037,0.4057454466819763,0.41498100757598877,0.47998374700546265,0.5744121670722961,0.5303860008716583,0.4909856915473938,0.4035036563873291,0.2576650381088257,181,1
2.8020668029785156,3,2,0.75607068836689,0.32845932245254517,0.33523696660995483,0.33607733249664307,0.5333772301673889,0.533992350101471,0.46759772300720215,0.4646192789077759,0.4933903217315674,0.4606000781059265,0.3589463233947754,0.327389657497406,0.32475411891937256,0.3219738006591797,0.29469501972198486,0.2779182195663452,0.3088054656982422,0.31485044956207275,0.3200145959854126,0.4336320161819458,0.4383399486541748,0.4543759822845459,0.4694455862045288,0.5456503331661224,0.6374682188034058,0.5795851945877075,0.527699202299118,0.4235270619392395,0.2671887278556824,181,1
2.0567615032196045,6,5,0.75607068836689,0.34410732984542847,0.3468538522720337,0.3449498414993286,0.5362605452537537,0.5398949980735779,0.4618222713470459,0.456437885761261,0.5001190304756165,0.45864009857177734,0.3786988854408264,0.36478888988494873,0.3500606417655945,0.3502470850944519,0.3265420198440552,0.31209278106689453,0.3521728515625,0.347980797290802,0.35064494609832764,0.4463806748390198,0.44816964864730835,0.46943193674087524,0.49492257833480835,0.5617337822914124,0.6324709355831146,0.5775266587734222,0.5323580801486969,0.42087864875793457,0.296795129776001,181,1
1.4577747583389282,11,10,0.75607068836689,0.3633697032928467,0.3577079772949219,0.341433584690094,0.5067306756973267,0.48735296726226807,0.4752245545387268,0.4829450845718384,0.5245073437690735,0.548236221075058,0.4360291361808777,0.4322013258934021,0.40903377532958984,0.3835179805755615,0.3719387650489807,0.37146592140197754,0.3763202428817749,0.36666256189346313,0.36150115728378296,0.36258500814437866,0.3531187176704407,0.33683687448501587,0.3207693099975586,0.27391111850738525,0.24792778491973877,0.22819173336029053,0.22905433177947998,0.2065126895904541,0.19492417573928833,182,0
0.7327551245689392,10,9,0.75607068836689,0.35722529888153076,0.3547271490097046,0.33896005153656006,0.4945641756057739,0.4826517701148987,0.4683848023414612,0.48191022872924805,0.487071692943573,0.48799872398376465,0.38978832960128784,0.3585614562034607,0.32934439182281494,0.3279103636741638,0.3226749897003174,0.32303375005722046,0.3497180938720703,0.3303239345550537,0.336742103099823,0.3656327724456787,0.3813956379890442,0.39359867572784424,0.4104653596878052,0.369470477104187,0.35553205013275146,0.3284189701080322,0.33035808801651,0.28009092807769775,0.2432008981704712,182,1
0.7415221929550171,11,9,0.75607068836689,0.3573024868965149,0.3537120223045349,0.33840513229370117,0.4945228099822998,0.4843524694442749,0.47265708446502686,0.48631685972213745,0.48603004217147827,0.48579853773117065,0.38265424966812134,0.35253453254699707,0.32215309143066406,0.3228742480278015,0.3171953558921814,0.3163389563560486,0.3409242033958435,0.3217930793762207,0.32979053258895874,0.3664460778236389,0.3735042214393616,0.3835127353668213,0.40086549520492554,0.35780513286590576,0.33608007431030273,0.30929815769195557,0.3083927035331726,0.27172112464904785,0.19466161727905273,182,1
1.5054742097854614,10,9,0.75607068836689,0.3571298122406006,0.35442841053009033,0.33744126558303833,0.4934702515602112,0.4884485602378845,0.47394514083862305,0.48637259006500244,0.48519444465637207,0.4860458970069885,0.38392138481140137,0.3529512882232666,0.3219378590583801,0.3271944522857666,0.31778401136398315,0.317002534866333,0.3425607681274414,0.3230999708175659,0.3303731083869934,0.3704591989517212,0.38727617263793945,0.3990451693534851,0.41253823041915894,0.37805402278900146,0.3593602180480957,0.3336330056190491,0.33538854122161865,0.286920428276062,0.1949903964996338,182,1
1.4076849222183228,10,9,0.75607068836689,0.35768020153045654,0.3540956974029541,0.33667558431625366,0.49514269828796387,0.49048125743865967,0.47331875562667847,0.4858459234237671,0.4851585030555725,0.4857461452484131,0.38508516550064087,0.35582876205444336,0.32384324073791504,0.3285057544708252,0.31760936975479126,0.3232375383377075,0.3515937328338623,0.3314807415008545,0.3397511839866638,0.374714732170105,0.3955872654914856,0.40980130434036255,0.42632877826690674,0.39128655195236206,0.3781050443649292,0.35227489471435547,0.35263586044311523,0.30637967586517334,0.25096678733825684,182,1
2.1769261360168457,11,10,0.75607068836689,0.3657327890396118,0.3635373115539551,0.34249037504196167,0.5222472846508026,0.5187767148017883,0.4947054982185364,0.48241519927978516,0.5050452649593353,0.5018439888954163,0.38587212562561035,0.3671048879623413,0.35315757989883423,0.35022199153900146,0.3275691270828247,0.30759501457214355,0.333440899848938,0.3428466320037842,0.3335765600204468,0.38014674186706543,0.3263723850250244,0.33863365650177,0.3546488881111145,0.3313121795654297,0.3115208148956299,0.28527384996414185,0.29018038511276245,0.27155089378356934,0.20495253801345825,183,0
2.177885055541992,12,11,0.75607068836689,0.37105631828308105,0.3695749044418335,0.34856605529785156,0.5309409499168396,0.5285533666610718,0.4984712600708008,0.4865269660949707,0.5053831934928894,0.5061658322811127,0.38699352741241455,0.3708640933036804,0.36058473587036133,0.35927867889404297,0.34300434589385986,0.32303643226623535,0.3385500907897949,0.3422473669052124,0.33225584030151367,0.36550742387771606,0.31624454259872437,0.33054667711257935,0.3391486406326294,0.3097797632217407,0.28274989128112793,0.2553179860115051,0.26537442207336426,0.25242435932159424,0.19873923063278198,183,0
3.6750810146331787,10,9,0.75607068836689,0.3641124963760376,0.36921244859695435,0.35157203674316406,0.5371370315551758,0.5304095149040222,0.498537540435791,0.4949299693107605,0.5240362882614136,0.5316485464572906,0.4146296977996826,0.40269964933395386,0.38432633876800537,0.3930860161781311,0.36865973472595215,0.3491012454032898,0.344976544380188,0.35376983880996704,0.34512120485305786,0.3631277084350586,0.32114332914352417,0.3332982063293457,0.34000539779663086,0.31599676609039307,0.28353381156921387,0.2512321472167969,0.2523232698440552,0.24671435356140137,0.1938132643699646,183,0
0.9013880491256714,9,7,0.75607068836689,0.37016570568084717,0.36833077669143677,0.34768301248550415,0.5357532799243927,0.5235554873943329,0.48439252376556396,0.4791145920753479,0.4947964549064636,0.4871872663497925,0.37789714336395264,0.3541260361671448,0.3338474631309509,0.321283757686615,0.29309606552124023,0.2863706350326538,0.31651902198791504,0.33337992429733276,0.32276469469070435,0.37339234352111816,0.32823610305786133,0.35850590467453003,0.36759042739868164,0.33850789070129395,0.30247962474823,0.27848684787750244,0.27585411071777344,0.26002633571624756,0.1757584810256958,183,1
2.293426513671875,12,10,0.75607068836689,0.3776366710662842,0.3703334331512451,0.35589301586151123,0.5390798449516296,0.5287659168243408,0.4938110113143921,0.4943011999130249,0.526376873254776,0.52867591381073,0.4080246090888977,0.3958442807197571,0.3799844980239868,0.3744881749153137,0.35396718978881836,0.32674551010131836,0.3301771283149719,0.33716171979904175,0.321134090423584,0.35471612215042114,0.31294047832489014,0.34037351608276367,0.3573259115219116,0.33319294452667236,0.2863651514053345,0.25526630878448486,0.2506507635116577,0.23969876766204834,0.17855548858642578,183,1
2.4644062519073486,10,7,0.75607068836689,0.36775076389312744,0.35841989517211914,0.3381868004798889,0.5184741914272308,0.5104313790798187,0.47999101877212524,0.47823256254196167,0.5057037174701691,0.5100812911987305,0.3926709294319153,0.3760937452316284,0.3610999584197998,0.36063945293426514,0.3346226215362549,0.29917311668395996,0.32227206230163574,0.3227508068084717,0.3139640688896179,0.36401623487472534,0.320556104183197,0.34191542863845825,0.3612101674079895,0.3307201862335205,0.2902423143386841,0.27500391006469727,0.263407826423645,0.24965691566467285,0.1700255274772644,183,1
4.6456217765808105,4,1,0.75607068836689,0.3355441093444824,0.3345786929130554,0.3307555913925171,0.5333636999130249,0.5380141139030457,0.4667520523071289,0.4679613709449768,0.493228554725647,0.5015415549278259,0.37677818536758423,0.3667978048324585,0.3750101327896118,0.37802571058273315,0.34438884258270264,0.30563539266586304,0.3270610570907593,0.2972986698150635,0.28520309925079346,0.33575010299682617,0.31319308280944824,0.313138484954834,0.28725630044937134,0.3061754107475281,0.3030177354812622,0.3138549327850342,0.3433154821395874,0.3117303252220154,0.16300249099731445,184,0
3.679945707321167,5,2,0.75607068836689,0.33957695960998535,0.342562198638916,0.33599042892456055,0.5258464217185974,0.5298927128314972,0.4566153287887573,0.46596723794937134,0.4762229919433594,0.48397326469421387,0.34573662281036377,0.32528460025787354,0.32286733388900757,0.32483142614364624,0.29277586936950684,0.2605721950531006,0.2907003164291382,0.279244065284729,0.28495728969573975,0.3525812029838562,0.3328922986984253,0.3650432229042053,0.3473571538925171,0.4058496952056885,0.4935968518257141,0.4899970293045044,0.4797424077987671,0.42880475521087646,0.23570245504379272,184,0
2.8916919231414795,8,5,0.75607068836689,0.35227853059768677,0.35478925704956055,0.34847939014434814,0.547946035861969,0.5462450981140137,0.4618319869041443,0.46918630599975586,0.4966227412223816,0.48832935094833374,0.3588413596153259,0.35142266750335693,0.34392547607421875,0.34744012355804443,0.3131673336029053,0.2805432081222534,0.31655991077423096,0.30734390020370483,0.31937408447265625,0.3908712863922119,0.38537609577178955,0.4243825078010559,0.4151039719581604,0.4725703001022339,0.5332815647125244,0.5173312723636627,0.5032384395599365,0.4416448473930359,0.19998258352279663,184,0
2.421419858932495,2,1,0.75607068836689,0.3181702494621277,0.3254261016845703,0.3345201015472412,0.5538851320743561,0.5402276515960693,0.4847766160964966,0.4694526195526123,0.4908748269081116,0.4951491355895996,0.3749886155128479,0.3554244637489319,0.35782569646835327,0.3618375062942505,0.3312388062477112,0.27695417404174805,0.30964624881744385,0.27926212549209595,0.2605442404747009,0.3149006962776184,0.2919400930404663,0.30830132961273193,0.2765231132507324,0.2838853597640991,0.34348762035369873,0.3237919211387634,0.3359016180038452,0.3058130145072937,0.16772758960723877,184,1
2.100890874862671,3,2,0.75607068836689,0.3315393328666687,0.3336223363876343,0.3359454274177551,0.5358613431453705,0.5283618271350861,0.46850669384002686,0.46923041343688965,0.48684024810791016,0.487248957157135,0.34915196895599365,0.32238471508026123,0.32263368368148804,0.310122013092041,0.2817140221595764,0.23902827501296997,0.272838294506073,0.26743924617767334,0.27056610584259033,0.32933419942855835,0.3145049810409546,0.3394535183906555,0.3214731812477112,0.35479801893234253,0.43307048082351685,0.42696279287338257,0.4265483617782593,0.3847287893295288,0.22804075479507446,184,1
1.6922147274017334,6,5,0.75607068836689,0.34665751457214355,0.3495858311653137,0.34703195095062256,0.5563319027423859,0.5476700365543365,0.4734066128730774,0.47514504194259644,0.5063578486442566,0.4904160499572754,0.35679829120635986,0.3449547290802002,0.3423430919647217,0.3316446542739868,0.299435019493103,0.25887173414230347,0.3045644164085388,0.2993093729019165,0.3107059597969055,0.37594813108444214,0.3756648302078247,0.4097974896430969,0.3998754024505615,0.44011640548706055,0.489787220954895,0.4700901508331299,0.46656739711761475,0.4095361828804016,0.1792115569114685,184,1
1.540693759918213,20,17,0.75607068836689,0.38706648349761963,0.3618655204772949,0.3450208306312561,0.5063400268554688,0.4855431318283081,0.45833122730255127,0.4638984203338623,0.5005395412445068,0.5189773142337799,0.3925015926361084,0.35864681005477905,0.3619524836540222,0.3432163596153259,0.3555316925048828,0.3541278839111328,0.3688526153564453,0.38932812213897705,0.382465124130249,0.40669184923171997,0.4169248342514038,0.4253774881362915,0.4067327380180359,0.37591302394866943,0.32347047328948975,0.25692033767700195,0.2412475347518921,0.1905803680419922,0.08929628133773804,185,0
1.8527064323425293,11,9,0.75607068836689,0.3599212169647217,0.35272789001464844,0.3343293070793152,0.4980468153953552,0.502082347869873,0.4780118465423584,0.4646495580673218,0.47934895753860474,0.5024744868278503,0.3900700807571411,0.36760413646698,0.37428605556488037,0.37117213010787964,0.3641003966331482,0.38344472646713257,0.3922659754753113,0.4023987054824829,0.4006580710411072,0.44329988956451416,0.488472580909729,0.49471718072891235,0.47969627380371094,0.44214725494384766,0.3923964500427246,0.3188772201538086,0.30302321910858154,0.23403489589691162,0.13664793968200684,185,0
1.5828639268875122,18,13,0.75607068836689,0.3858603239059448,0.3619191646575928,0.34494608640670776,0.5089529454708099,0.4921758770942688,0.4619513154029846,0.466655969619751,0.484089732170105,0.5173178911209106,0.38165509700775146,0.3389087915420532,0.35218316316604614,0.3298887610435486,0.34050971269607544,0.33607763051986694,0.3545529246330261,0.3761831521987915,0.38003796339035034,0.39630115032196045,0.4245651364326477,0.4583226442337036,0.44617414474487305,0.420001745223999,0.36884284019470215,0.2929311990737915,0.2749057412147522,0.218123197555542,0.1033831238746643,185,0
1.1737024784088135,15,12,0.75607068836689,0.38455772399902344,0.3620103597640991,0.34074866771698,0.5021889805793762,0.48623478412628174,0.4547070264816284,0.46076953411102295,0.46838903427124023,0.4911230206489563,0.36760973930358887,0.32939279079437256,0.34203022718429565,0.32977181673049927,0.3411771059036255,0.33185744285583496,0.34880244731903076,0.3738976716995239,0.3730429410934448,0.3938458561897278,0.40935832262039185,0.4257451295852661,0.40992701053619385,0.392159104347229,0.33759939670562744,0.2694128751754761,0.2509737014770508,0.19602501392364502,0.09250020980834961,185,1
1.3834725618362427,20,17,0.75607068836689,0.382296085357666,0.3666929602622986,0.3502155542373657,0.5118259787559509,0.49126654863357544,0.45419567823410034,0.46576565504074097,0.4753130078315735,0.5044795870780945,0.3748091459274292,0.3439754247665405,0.35503190755844116,0.3398658037185669,0.3451247811317444,0.3347151279449463,0.34503084421157837,0.368202805519104,0.37438488006591797,0.41422420740127563,0.42672836780548096,0.4545959234237671,0.4496540427207947,0.44277137517929077,0.4122636318206787,0.33199435472488403,0.3033643960952759,0.23545879125595093,0.11222171783447266,185,1
1.2385673522949219,16,13,0.75607068836689,0.37893950939178467,0.3570290207862854,0.3369901776313782,0.49622344970703125,0.4860312342643738,0.4591229557991028,0.4687238931655884,0.48605453968048096,0.5141691565513611,0.3810081481933594,0.34391361474990845,0.353885293006897,0.3488725423812866,0.35151058435440063,0.3543148636817932,0.36429041624069214,0.376850962638855,0.373008131980896,0.38600313663482666,0.38925254344940186,0.39263492822647095,0.3712029457092285,0.33844369649887085,0.2908961772918701,0.23276323080062866,0.21352064609527588,0.16896575689315796,0.08245164155960083,185,1
1.9094359874725342,15,12,0.75607068836689,0.3799842596054077,0.3599817752838135,0.35824835300445557,0.5229316353797913,0.49728500843048096,0.46922290325164795,0.48123085498809814,0.49743199348449707,0.5280297696590424,0.40608441829681396,0.3771725296974182,0.388161301612854,0.3763640522956848,0.3700077533721924,0.36486077308654785,0.3725983500480652,0.3833090662956238,0.3839435577392578,0.4014301896095276,0.41677677631378174,0.4296829104423523,0.4084997773170471,0.3833599090576172,0.3369007706642151,0.26866525411605835,0.24438190460205078,0.19414108991622925,0.08554857969284058,185,1
2.017347812652588,10,9,0.75607068836689,0.36763012409210205,0.3604777455329895,0.34680670499801636,0.5041961967945099,0.5067408084869385,0.4664454460144043,0.4688889980316162,0.48578906059265137,0.49484843015670776,0.39470529556274414,0.3754212260246277,0.3606753349304199,0.3635967969894409,0.3319305181503296,0.3433626890182495,0.3557320833206177,0.3677811026573181,0.3687848448753357,0.3646330237388611,0.333307147026062,0.32370495796203613,0.32073330879211426,0.280917763710022,0.22369587421417236,0.1883561611175537,0.19358235597610474,0.1583399772644043,0.16431236267089844,186,0
2.456542491912842,12,10,0.75607068836689,0.37193500995635986,0.3618597388267517,0.34714555740356445,0.49900537729263306,0.4916452169418335,0.4619768261909485,0.46981334686279297,0.49439024925231934,0.5228613615036011,0.4335821866989136,0.42360109090805054,0.3962816596031189,0.3954699635505676,0.3802310824394226,0.4050632119178772,0.4204583168029785,0.4344555139541626,0.41673117876052856,0.38506609201431274,0.3364682197570801,0.3258216977119446,0.32184386253356934,0.28938204050064087,0.23305177688598633,0.19981300830841064,0.204093337059021,0.17001879215240479,0.1907002329826355,186,0
1.8579065799713135,17,16,0.75607068836689,0.38246411085128784,0.36744141578674316,0.3549039363861084,0.49632102251052856,0.4892878532409668,0.4552503824234009,0.4707927107810974,0.4949391484260559,0.5050157904624939,0.41656142473220825,0.40632057189941406,0.38185298442840576,0.3826248049736023,0.36197227239608765,0.3802781105041504,0.39853817224502563,0.4011080265045166,0.38916975259780884,0.36944031715393066,0.3131577968597412,0.3035506010055542,0.28606319427490234,0.25218093395233154,0.2063693404197693,0.1739048957824707,0.1788386106491089,0.14991962909698486,0.2010887861251831,186,0
1.651454210281372,10,9,0.75607068836689,0.367253839969635,0.35929012298583984,0.3433101177215576,0.4954996705055237,0.508453369140625,0.47089797258377075,0.46751630306243896,0.49206066131591797,0.48671025037765503,0.39390528202056885,0.36393630504608154,0.3466862440109253,0.3268176317214966,0.31150150299072266,0.3079664707183838,0.32197272777557373,0.33539098501205444,0.3480488657951355,0.35003042221069336,0.31949329376220703,0.315479040145874,0.3243814706802368,0.28240180015563965,0.22444409132003784,0.1883259415626526,0.1852061152458191,0.14004886150360107,0.15059888362884521,186,1
1.960928201675415,10,9,0.75607068836689,0.3672388792037964,0.3583325743675232,0.34219449758529663,0.494584321975708,0.5078246593475342,0.47283852100372314,0.46871501207351685,0.49504202604293823,0.4929755926132202,0.4109204411506653,0.37533140182495117,0.36389636993408203,0.34349679946899414,0.33094704151153564,0.3256494998931885,0.33827561140060425,0.35123711824417114,0.36128008365631104,0.36212158203125,0.3322587013244629,0.32762688398361206,0.34894776344299316,0.3106189966201782,0.24986380338668823,0.20994436740875244,0.20292675495147705,0.15254992246627808,0.14890003204345703,186,1
1.6972755193710327,12,11,0.75607068836689,0.36777448654174805,0.36080336570739746,0.3459453582763672,0.49671220779418945,0.5097924470901489,0.4720819592475891,0.46627408266067505,0.4886338710784912,0.495530903339386,0.4074510335922241,0.40152108669281006,0.3900347352027893,0.38575279712677,0.3699204921722412,0.39080458879470825,0.39398741722106934,0.4023284912109375,0.40043580532073975,0.3829183578491211,0.33869922161102295,0.2985870838165283,0.28344911336898804,0.2665104269981384,0.22286736965179443,0.20152497291564941,0.21248126029968262,0.18308401107788086,0.21295487880706787,186,1
1.3214550018310547,14,11,0.75607068836689,0.3770381212234497,0.3630096912384033,0.3459542989730835,0.49497079849243164,0.5081507563591003,0.46957433223724365,0.46592509746551514,0.49257326126098633,0.4988381862640381,0.42007195949554443,0.40589821338653564,0.3942640423774719,0.38152045011520386,0.36711663007736206,0.3785068988800049,0.38114726543426514,0.3987520933151245,0.40269696712493896,0.3793838620185852,0.332758367061615,0.31004583835601807,0.2989402413368225,0.27162104845046997,0.22426283359527588,0.19935643672943115,0.20347517728805542,0.1612110733985901,0.15101885795593262,186,1
1.3952672481536865,11,10,0.75607068836689,0.3638800382614136,0.3605605363845825,0.34726762771606445,0.5007516741752625,0.512028694152832,0.4706987738609314,0.46761274337768555,0.4813433885574341,0.48566746711730957,0.40294545888900757,0.38252490758895874,0.370094895362854,0.3618794083595276,0.3447772264480591,0.36865413188934326,0.37558555603027344,0.3842398524284363,0.3875908851623535,0.36692726612091064,0.3372083306312561,0.3049347400665283,0.2995697259902954,0.29104483127593994,0.24168115854263306,0.21915745735168457,0.22234970331192017,0.18571770191192627,0.18790948390960693,186,1
1.2790578603744507,12,11,0.75607068836689,0.37509316205978394,0.3568103313446045,0.3446252942085266,0.5146071314811707,0.5007284879684448,0.47939568758010864,0.4847589135169983,0.5326610803604126,0.5161914825439453,0.4031934142112732,0.3692176342010498,0.3686891794204712,0.35169702768325806,0.3314802050590515,0.3084697723388672,0.3144112825393677,0.3136979341506958,0.3022935390472412,0.3023741841316223,0.26713234186172485,0.257107138633728,0.2622758746147156,0.22768282890319824,0.2050533890724182,0.17221075296401978,0.16736096143722534,0.14809763431549072,0.09264367818832397,187,0
1.2227511405944824,9,8,0.75607068836689,0.3743897080421448,0.3601490259170532,0.34791600704193115,0.5155549049377441,0.5030523538589478,0.47583502531051636,0.479470431804657,0.5000646114349365,0.48878347873687744,0.3706461191177368,0.34119701385498047,0.32794541120529175,0.3154757618904114,0.29806697368621826,0.284845769405365,0.2846068739891052,0.2858588695526123,0.2788039445877075,0.27655863761901855,0.22973722219467163,0.22028708457946777,0.2312421202659607,0.1984846591949463,0.17394280433654785,0.1457808017730713,0.14350175857543945,0.13152587413787842,0.1774885654449463,187,0
2.0340657234191895,8,7,0.75607068836689,0.3779408931732178,0.3564453721046448,0.3460250496864319,0.524078369140625,0.5072762370109558,0.48748886585235596,0.49370312690734863,0.5267152786254883,0.5111919641494751,0.4069327116012573,0.36836403608322144,0.372114896774292,0.3567797541618347,0.3286398649215698,0.30398762226104736,0.30535876750946045,0.30420637130737305,0.2902975082397461,0.2845287322998047,0.23763716220855713,0.2289642095565796,0.249667227268219,0.2237398624420166,0.20353412628173828,0.17235112190246582,0.16631317138671875,0.14760631322860718,0.188065767288208,187,0
1.2196040153503418,8,6,0.75607068836689,0.3747323751449585,0.3545621633529663,0.3469250202178955,0.5084830522537231,0.49241316318511963,0.4751669764518738,0.483037531375885,0.5083078742027283,0.4972659945487976,0.37951797246932983,0.3429948091506958,0.3254159688949585,0.3257550001144409,0.3074631690979004,0.2943100929260254,0.2927680015563965,0.294738233089447,0.2888617515563965,0.2765166759490967,0.22664934396743774,0.20887410640716553,0.19958984851837158,0.16363036632537842,0.1438910961151123,0.1176111102104187,0.12159788608551025,0.11213624477386475,0.1279914379119873,187,0
1.2402565479278564,13,11,0.75607068836689,0.3807944059371948,0.35474443435668945,0.3445662260055542,0.5012741088867188,0.48746418952941895,0.4667123556137085,0.4727800488471985,0.4948408007621765,0.48960602283477783,0.3720587491989136,0.34301429986953735,0.3194287419319153,0.31415337324142456,0.2985987663269043,0.2803342938423157,0.2835688591003418,0.28911542892456055,0.2798795700073242,0.2694017291069031,0.23429793119430542,0.2175832986831665,0.22017419338226318,0.18316662311553955,0.16247260570526123,0.13798141479492188,0.14001452922821045,0.12601357698440552,0.10883617401123047,187,0
1.449691653251648,11,10,0.75607068836689,0.3732627034187317,0.35668033361434937,0.3450690507888794,0.5157775282859802,0.5014556050300598,0.47946852445602417,0.48419642448425293,0.5327010154724121,0.5182280242443085,0.4019649028778076,0.36622244119644165,0.3560447692871094,0.3375985622406006,0.3267040252685547,0.30882972478866577,0.3167240023612976,0.31626152992248535,0.30414092540740967,0.2963639497756958,0.25839942693710327,0.232310950756073,0.23519933223724365,0.19467872381210327,0.17597955465316772,0.15021586418151855,0.14642107486724854,0.1301250457763672,0.10274648666381836,187,1
1.6204713582992554,10,9,0.75607068836689,0.3744316101074219,0.3588781952857971,0.3437829613685608,0.5115493535995483,0.49905842542648315,0.4740070700645447,0.47870415449142456,0.4977514147758484,0.48362940549850464,0.36519700288772583,0.33756309747695923,0.32503461837768555,0.31686341762542725,0.2995132803916931,0.2874568700790405,0.28926950693130493,0.2902824878692627,0.28107011318206787,0.27197813987731934,0.22833168506622314,0.21783733367919922,0.23083847761154175,0.19819480180740356,0.17481231689453125,0.14481836557388306,0.1424647569656372,0.13109052181243896,0.17946821451187134,187,1
1.3116182088851929,10,9,0.75607068836689,0.37618958950042725,0.355008602142334,0.3465197682380676,0.5095849335193634,0.489684522151947,0.47132211923599243,0.48256832361221313,0.5038842558860779,0.4934084415435791,0.3726864457130432,0.33122897148132324,0.31577885150909424,0.3088107109069824,0.29202908277511597,0.2813596725463867,0.28175538778305054,0.2839210629463196,0.2778971195220947,0.27003419399261475,0.23309791088104248,0.21631449460983276,0.22273105382919312,0.19112610816955566,0.17032396793365479,0.14386892318725586,0.1427406668663025,0.12637090682983398,0.09570670127868652,187,1
1.2498472929000854,7,6,0.75607068836689,0.3713935613632202,0.3545498847961426,0.34886592626571655,0.5129653513431549,0.4946635961532593,0.4752357006072998,0.48166078329086304,0.5070333182811737,0.49357330799102783,0.3745839595794678,0.3325018882751465,0.31753408908843994,0.31235671043395996,0.29153019189834595,0.2826535701751709,0.2816842794418335,0.284213662147522,0.2740741968154907,0.27445995807647705,0.22637498378753662,0.2115495800971985,0.21657943725585938,0.18572646379470825,0.16163700819015503,0.1322476863861084,0.13015228509902954,0.11760568618774414,0.15532463788986206,187,1
1.4782363176345825,13,11,0.75607068836689,0.38532352447509766,0.36273735761642456,0.34953969717025757,0.5045752823352814,0.4894176721572876,0.46880483627319336,0.4760921001434326,0.4978840947151184,0.4871387481689453,0.372974157333374,0.345985472202301,0.32205724716186523,0.3182421922683716,0.29862523078918457,0.27704596519470215,0.2806270122528076,0.28518176078796387,0.2731536626815796,0.2632850408554077,0.21829622983932495,0.20716208219528198,0.21165180206298828,0.18013286590576172,0.15982645750045776,0.13478589057922363,0.13460516929626465,0.12418913841247559,0.16905754804611206,187,1
1.237902045249939,10,8,0.75607068836689,0.3892638087272644,0.3642234206199646,0.3438856601715088,0.5045229494571686,0.5045501589775085,0.47353798151016235,0.46325552463531494,0.4999673366546631,0.5077126026153564,0.3720071315765381,0.36924564838409424,0.34065717458724976,0.3407668471336365,0.30640923976898193,0.31789928674697876,0.3187585473060608,0.31701189279556274,0.298079252243042,0.30507856607437134,0.30335646867752075,0.29902714490890503,0.30297231674194336,0.2622861862182617,0.22118979692459106,0.17939448356628418,0.19709312915802002,0.17620426416397095,0.12475860118865967,188,0
1.7267601490020752,6,4,0.75607068836689,0.38107460737228394,0.3607022762298584,0.34206604957580566,0.5052230358123779,0.5007376372814178,0.4769754409790039,0.46063733100891113,0.5151812136173248,0.5319026112556458,0.4052351117134094,0.4005628824234009,0.3626328110694885,0.3544197082519531,0.30517399311065674,0.3055107593536377,0.3102715015411377,0.3023075461387634,0.2921379804611206,0.2979186177253723,0.2801172733306885,0.2676123380661011,0.2652018070220947,0.22365683317184448,0.18621116876602173,0.14755606651306152,0.1645985245704651,0.14499783515930176,0.1078413724899292,188,0
2.378830671310425,11,8,0.75607068836689,0.38807135820388794,0.37330251932144165,0.3608804941177368,0.5272425413131714,0.5089279115200043,0.47323310375213623,0.47148340940475464,0.5065347254276276,0.5155169367790222,0.3771253824234009,0.35397279262542725,0.3229345679283142,0.32231271266937256,0.3021630048751831,0.2930821180343628,0.30443060398101807,0.3018191456794739,0.2968716025352478,0.31432557106018066,0.2969828248023987,0.28209543228149414,0.27608656883239746,0.23815834522247314,0.216000497341156,0.16907727718353271,0.1809934377670288,0.15756332874298096,0.10519856214523315,188,0
2.345134735107422,8,7,0.75607068836689,0.38133203983306885,0.3635631799697876,0.34398752450942993,0.5086998343467712,0.5128717720508575,0.4782540202140808,0.46771109104156494,0.5115943253040314,0.5241740942001343,0.40536928176879883,0.40110236406326294,0.36720162630081177,0.3537190556526184,0.3202623724937439,0.3312809467315674,0.3296821713447571,0.3276021480560303,0.3112759590148926,0.3120937943458557,0.2981019616127014,0.30725204944610596,0.31755703687667847,0.2751491069793701,0.23565316200256348,0.18971973657608032,0.2050439715385437,0.18469667434692383,0.129816472530365,188,0
1.620186686515808,5,4,0.75607068836689,0.377865195274353,0.36324572563171387,0.34860968589782715,0.5207642316818237,0.5041064620018005,0.4719972014427185,0.46800124645233154,0.49007147550582886,0.5073426365852356,0.3616330027580261,0.34533625841140747,0.32272303104400635,0.3111259937286377,0.28762900829315186,0.2928343415260315,0.288063108921051,0.29272252321243286,0.2919055223464966,0.2865973114967346,0.28180086612701416,0.2773571014404297,0.27980726957321167,0.24940437078475952,0.23012560606002808,0.17825686931610107,0.1927531361579895,0.16755449771881104,0.10685896873474121,188,1
2.1496434211730957,5,4,0.75607068836689,0.3722207546234131,0.3614867329597473,0.34810882806777954,0.5158206224441528,0.5032023787498474,0.47320985794067383,0.46693432331085205,0.4890538454055786,0.5050238072872162,0.36134642362594604,0.347828209400177,0.32693421840667725,0.320706307888031,0.28732454776763916,0.29808735847473145,0.2945104241371155,0.2883322834968567,0.2838444113731384,0.29011237621307373,0.28360515832901,0.2681838274002075,0.26660776138305664,0.23347657918930054,0.20881754159927368,0.16160887479782104,0.17423999309539795,0.15122807025909424,0.10056173801422119,188,1
3.1019093990325928,5,4,0.75607068836689,0.3769822120666504,0.36667943000793457,0.35193049907684326,0.5260612964630127,0.5090654790401459,0.4797317385673523,0.47422415018081665,0.49703019857406616,0.5144661664962769,0.37258654832839966,0.35382211208343506,0.3286963701248169,0.31079453229904175,0.29452478885650635,0.3017783761024475,0.3002774119377136,0.29947125911712646,0.30572593212127686,0.29025810956954956,0.2933080792427063,0.28790998458862305,0.27999287843704224,0.24360156059265137,0.22275078296661377,0.17032837867736816,0.17927247285842896,0.1601024866104126,0.08862906694412231,188,1
3.4848265647888184,6,5,0.75607068836689,0.3812512159347534,0.36639314889907837,0.350011944770813,0.523815393447876,0.5083602666854858,0.4751984477043152,0.4698975086212158,0.495411217212677,0.507040411233902,0.3733060359954834,0.3570218086242676,0.33399075269699097,0.3117985725402832,0.2995067834854126,0.30982398986816406,0.30551785230636597,0.3051357865333557,0.3065314292907715,0.29667240381240845,0.28725624084472656,0.2726864814758301,0.26435720920562744,0.22773057222366333,0.19598591327667236,0.14820772409439087,0.15384185314178467,0.13882333040237427,0.08979648351669312,188,1
2.9078495502471924,11,10,0.75607068836689,0.3708655834197998,0.36048275232315063,0.34348636865615845,0.5033117830753326,0.4940257668495178,0.45017170906066895,0.46577101945877075,0.5212211608886719,0.5456899404525757,0.42743706703186035,0.41033709049224854,0.393419086933136,0.3931204080581665,0.3495665192604065,0.3390212059020996,0.34414780139923096,0.32589662075042725,0.340087354183197,0.36231303215026855,0.3505879044532776,0.3967552185058594,0.4149516820907593,0.36512792110443115,0.3313308358192444,0.2699972987174988,0.28034156560897827,0.2715979218482971,0.27033746242523193,189,0
3.138706684112549,9,8,0.75607068836689,0.36933010816574097,0.3616734743118286,0.3406086564064026,0.5052794516086578,0.5053825378417969,0.4659377932548523,0.49238264560699463,0.5457360744476318,0.5624013543128967,0.4327068328857422,0.4145999550819397,0.3891972303390503,0.3895450830459595,0.33493322134017944,0.33262306451797485,0.32159221172332764,0.31253254413604736,0.3094475269317627,0.35306400060653687,0.36288881301879883,0.409243643283844,0.4445831775665283,0.4065844416618347,0.3790067434310913,0.3209477663040161,0.31624579429626465,0.2806054353713989,0.20320940017700195,189,0
2.6456480026245117,6,5,0.75607068836689,0.360445499420166,0.3603857159614563,0.3438631296157837,0.5188151001930237,0.5133570730686188,0.47121238708496094,0.4833868741989136,0.5247744023799896,0.5401363968849182,0.3858991861343384,0.36965394020080566,0.3420773148536682,0.3381068706512451,0.2982519268989563,0.28156715631484985,0.29188835620880127,0.2823299169540405,0.2919830083847046,0.3243715763092041,0.31049203872680664,0.3595184087753296,0.38019347190856934,0.33624106645584106,0.3073086142539978,0.25047802925109863,0.26500242948532104,0.2538389563560486,0.2540733218193054,189,1
2.7096972465515137,8,7,0.75607068836689,0.3522007465362549,0.3556950092315674,0.3360113501548767,0.5004706084728241,0.49078959226608276,0.4498026371002197,0.47527867555618286,0.5279151797294617,0.5534181594848633,0.4102030396461487,0.40163564682006836,0.37551814317703247,0.36625397205352783,0.32394468784332275,0.3055667281150818,0.3138262629508972,0.29510611295700073,0.305621862411499,0.334186315536499,0.3198343515396118,0.366674542427063,0.3911505937576294,0.3495028614997864,0.3190430998802185,0.26139163970947266,0.27137482166290283,0.25615042448043823,0.23580104112625122,189,1
3.8024489879608154,5,4,0.75607068836689,0.3575270175933838,0.3621513247489929,0.3470437526702881,0.5250189304351807,0.5127558410167694,0.47552019357681274,0.48759347200393677,0.5413403511047363,0.5598038733005524,0.41033315658569336,0.3980333209037781,0.3704156279563904,0.3723299503326416,0.3309021592140198,0.3193357586860657,0.3355026841163635,0.3192225694656372,0.3372817039489746,0.3528653383255005,0.3380143642425537,0.3749934434890747,0.37618929147720337,0.3280998468399048,0.30117321014404297,0.24313855171203613,0.26038819551467896,0.24814414978027344,0.2852832078933716,189,1
2.4289050102233887,8,7,0.75607068836689,0.36519187688827515,0.359125018119812,0.3395259976387024,0.5050467252731323,0.49105411767959595,0.4593750834465027,0.4766000509262085,0.5253432393074036,0.5398976504802704,0.3987904191017151,0.3889411687850952,0.35987257957458496,0.3589143753051758,0.322923481464386,0.3075829744338989,0.3114350438117981,0.30087465047836304,0.3142468333244324,0.3357897400856018,0.31269437074661255,0.3578122854232788,0.37785804271698,0.33534204959869385,0.3055626153945923,0.24721920490264893,0.25741147994995117,0.24207830429077148,0.2319272756576538,189,1
1.240950584411621,8,7,0.75607068836689,0.37652719020843506,0.3528638482093811,0.3424675464630127,0.5027290284633636,0.49507981538772583,0.46476632356643677,0.4730231761932373,0.4710967540740967,0.4698117971420288,0.37686413526535034,0.3561387062072754,0.3308056592941284,0.32297539710998535,0.2815295457839966,0.2949768304824829,0.3117924928665161,0.29784584045410156,0.29068470001220703,0.283260703086853,0.28070366382598877,0.3100309371948242,0.32267749309539795,0.28415966033935547,0.24332427978515625,0.21184206008911133,0.22843331098556519,0.2525603771209717,0.16728729009628296,190,0
1.5166640281677246,9,7,0.75607068836689,0.3760513663291931,0.35229742527008057,0.34214556217193604,0.5022412836551666,0.49643898010253906,0.46640050411224365,0.47293519973754883,0.4733394384384155,0.4760013222694397,0.384845495223999,0.3554697632789612,0.33246737718582153,0.3255573511123657,0.287345290184021,0.29922568798065186,0.3180719017982483,0.2994357943534851,0.28741586208343506,0.2696179151535034,0.26964521408081055,0.3019633889198303,0.31109219789505005,0.2766749858856201,0.23769432306289673,0.21142220497131348,0.22807049751281738,0.25161051750183105,0.164276123046875,190,0
2.720254421234131,11,10,0.75607068836689,0.37658607959747314,0.3509250283241272,0.3410217761993408,0.5035461783409119,0.49960750341415405,0.4712944030761719,0.4763166308403015,0.48392021656036377,0.5046953558921814,0.40732699632644653,0.382000207901001,0.36323678493499756,0.35209566354751587,0.31581294536590576,0.33020657300949097,0.33614808320999146,0.32744938135147095,0.32158970832824707,0.30095577239990234,0.28311580419540405,0.31840115785598755,0.3396565914154053,0.30243879556655884,0.28592777252197266,0.27010655403137207,0.29450201988220215,0.3238646388053894,0.18774211406707764,190,0
1.150215744972229,9,7,0.75607068836689,0.3777123689651489,0.35276520252227783,0.3436098098754883,0.5064377784729004,0.49570393562316895,0.46915334463119507,0.47426509857177734,0.4719539284706116,0.4727599620819092,0.3695529103279114,0.34479010105133057,0.32836270332336426,0.308219850063324,0.2750871181488037,0.28538572788238525,0.3059678077697754,0.2910653352737427,0.27605748176574707,0.28089088201522827,0.2807481288909912,0.3238809108734131,0.332378089427948,0.2901983857154846,0.2601912021636963,0.2171807885169983,0.24048948287963867,0.26098132133483887,0.18167716264724731,190,1
2.7227611541748047,3,1,0.75607068836689,0.3674899935722351,0.3409806489944458,0.3415696620941162,0.5433637499809265,0.5417280197143555,0.5084627866744995,0.5319692492485046,0.5271252393722534,0.5059753656387329,0.41042089462280273,0.3589690923690796,0.3339462876319885,0.31853723526000977,0.2824273109436035,0.2917534112930298,0.30282413959503174,0.28928983211517334,0.27998805046081543,0.28694409132003784,0.2880181074142456,0.3218995928764343,0.3315228223800659,0.29221534729003906,0.26461273431777954,0.21463429927825928,0.23055273294448853,0.24991846084594727,0.15821993350982666,190,1
1.2364377975463867,10,9,0.75607068836689,0.37465131282806396,0.3478400707244873,0.3367827534675598,0.49432802200317383,0.4875088334083557,0.4597010612487793,0.4700692296028137,0.4667162299156189,0.4751448631286621,0.3887070417404175,0.3481518030166626,0.336875319480896,0.3141478896141052,0.28244078159332275,0.28329765796661377,0.3049875497817993,0.2904583215713501,0.27964478731155396,0.27291494607925415,0.26326143741607666,0.2951664924621582,0.3056938052177429,0.26444900035858154,0.23250079154968262,0.19463437795639038,0.21002352237701416,0.23225480318069458,0.15912848711013794,190,1
0.4405277669429779,24,17,0.75607068836689,0.3788372874259949,0.3477780818939209,0.33133792877197266,0.5020284950733185,0.4981401562690735,0.4487276077270508,0.45846641063690186,0.47204697132110596,0.46355706453323364,0.3632104992866516,0.3256761431694031,0.3133447766304016,0.3195674419403076,0.30425894260406494,0.297770619392395,0.32347607612609863,0.3172982335090637,0.32138776779174805,0.3779294490814209,0.36673927307128906,0.3712369203567505,0.3936760425567627,0.3562452793121338,0.33206111192703247,0.3888587951660156,0.42830705642700195,0.41009950637817383,0.22718513011932373,191,0
0.7535693049430847,17,13,0.75607068836689,0.3821883201599121,0.34891629219055176,0.3319435119628906,0.4991708993911743,0.49603551626205444,0.45016276836395264,0.45421475172042847,0.4722195267677307,0.46400970220565796,0.3679792881011963,0.33126139640808105,0.3173130750656128,0.3254360556602478,0.30770623683929443,0.30062830448150635,0.3249325752258301,0.3189939260482788,0.3227834105491638,0.38323450088500977,0.363697350025177,0.3616853952407837,0.3839729428291321,0.3462454676628113,0.3336906433105469,0.4104466438293457,0.454555869102478,0.434844970703125,0.21863776445388794,191,1
0.9407580494880676,18,13,0.75607068836689,0.38112711906433105,0.3494560122489929,0.3315812945365906,0.5061337649822235,0.5071632266044617,0.4541047215461731,0.4575735330581665,0.47500377893447876,0.4678473472595215,0.3701935410499573,0.3316659927368164,0.3189659118652344,0.3236900568008423,0.312267541885376,0.30402326583862305,0.32763200998306274,0.3191235065460205,0.325852632522583,0.39215314388275146,0.37682539224624634,0.37445390224456787,0.38470232486724854,0.3490208387374878,0.3245420455932617,0.362007737159729,0.4020705223083496,0.38944268226623535,0.25219136476516724,191,1
0.7961112260818481,19,15,0.75607068836689,0.3858797550201416,0.35368257761001587,0.3401080369949341,0.511055588722229,0.5044888854026794,0.4576583504676819,0.46425437927246094,0.48203331232070923,0.4732273817062378,0.3721003532409668,0.3354308605194092,0.3213949203491211,0.33056843280792236,0.31014442443847656,0.30342525243759155,0.3306382894515991,0.32046496868133545,0.32590270042419434,0.3872743844985962,0.3737955689430237,0.3730080723762512,0.4004265069961548,0.35610926151275635,0.34267091751098633,0.4216427803039551,0.4624161124229431,0.43678033351898193,0.23093366622924805,191,1
0.7614136934280396,19,14,0.75607068836689,0.37967127561569214,0.3459733724594116,0.3322291374206543,0.5073979496955872,0.5100306272506714,0.45980995893478394,0.46220988035202026,0.4806228280067444,0.47066187858581543,0.3718336820602417,0.33651095628738403,0.32155489921569824,0.32508015632629395,0.3085510730743408,0.2988133430480957,0.32462602853775024,0.3168370723724365,0.3243253827095032,0.3860235810279846,0.3697253465652466,0.3721601366996765,0.4018319249153137,0.36327069997787476,0.3581113815307617,0.45252180099487305,0.4914097785949707,0.4552544355392456,0.2716631293296814,191,1
0.8833979368209839,19,15,0.75607068836689,0.39008593559265137,0.3618617653846741,0.3500480055809021,0.5243463516235352,0.5217259526252747,0.4703356623649597,0.4689633846282959,0.4842175841331482,0.473300039768219,0.37383711338043213,0.33741557598114014,0.3226849436759949,0.3284876346588135,0.3152211308479309,0.30320894718170166,0.32807016372680664,0.3201063871383667,0.32811999320983887,0.39078962802886963,0.3753854036331177,0.3766464591026306,0.4054597020149231,0.3590947389602661,0.34456974267959595,0.420543372631073,0.4603308439254761,0.43415433168411255,0.2727077603340149,191,1
0.7957218289375305,18,14,0.75607068836689,0.37946444749832153,0.3520998954772949,0.3366737961769104,0.5085630714893341,0.5065995454788208,0.46015381813049316,0.4663419723510742,0.4804726839065552,0.46937042474746704,0.37307220697402954,0.3382164239883423,0.32091253995895386,0.325189471244812,0.3086889982223511,0.2977182865142822,0.32287341356277466,0.3177351951599121,0.3204886317253113,0.3816303014755249,0.36861222982406616,0.3723798990249634,0.4033735990524292,0.36098146438598633,0.3544609546661377,0.4528261423110962,0.49204516410827637,0.4601471424102783,0.23896098136901855,191,1
0.761387050151825,12,11,0.75607068836689,0.3770451545715332,0.3590203523635864,0.3431240916252136,0.48994117975234985,0.4868624806404114,0.45747441053390503,0.4704221487045288,0.4812406301498413,0.4728068709373474,0.36526018381118774,0.3315504789352417,0.31818538904190063,0.30606603622436523,0.29631245136260986,0.3063894510269165,0.30856966972351074,0.31600242853164673,0.29590994119644165,0.30171096324920654,0.327436625957489,0.3592529296875,0.36615872383117676,0.3272995948791504,0.2808080315589905,0.22036349773406982,0.21361136436462402,0.19029390811920166,0.14190709590911865,192,0
3.27414608001709,6,5,0.75607068836689,0.3782784342765808,0.36220860481262207,0.3476346731185913,0.5239444673061371,0.517937958240509,0.49156635999679565,0.4983019232749939,0.5468805134296417,0.549430787563324,0.435944139957428,0.39667409658432007,0.38620907068252563,0.35767579078674316,0.33465898036956787,0.35092806816101074,0.3460899591445923,0.3509485125541687,0.33054327964782715,0.3548945188522339,0.37325525283813477,0.42530983686447144,0.46193909645080566,0.43371498584747314,0.4122384786605835,0.32281631231307983,0.2922893166542053,0.2395816445350647,0.13558268547058105,192,0
3.474653959274292,6,5,0.75607068836689,0.37127602100372314,0.3552200198173523,0.34231311082839966,0.5240074992179871,0.5216686129570007,0.4940589666366577,0.5016393661499023,0.5629017651081085,0.5628783106803894,0.4400585889816284,0.393247127532959,0.3773573637008667,0.3522905111312866,0.3348933458328247,0.35827457904815674,0.3523019552230835,0.34876078367233276,0.3348168134689331,0.35304713249206543,0.37058329582214355,0.41198110580444336,0.43369579315185547,0.3960331082344055,0.3663785457611084,0.2789372205734253,0.25801724195480347,0.2138630747795105,0.12722349166870117,192,0
3.253633975982666,6,5,0.75607068836689,0.3799022436141968,0.36159127950668335,0.3473314642906189,0.5291688442230225,0.5260984301567078,0.49409276247024536,0.5014907717704773,0.5923852920532227,0.6041418313980103,0.5053016841411591,0.46121513843536377,0.44244587421417236,0.41164934635162354,0.3626009225845337,0.3645402789115906,0.3550156354904175,0.3586047291755676,0.34037744998931885,0.3703346252441406,0.39294517040252686,0.4407694339752197,0.4863610863685608,0.4615480303764343,0.4536932706832886,0.37000781297683716,0.3382505774497986,0.2854282259941101,0.21932661533355713,192,0
1.9303942918777466,8,6,0.75607068836689,0.3746967315673828,0.3603801727294922,0.3435622453689575,0.5196120738983154,0.498279333114624,0.47463494539260864,0.4862828850746155,0.5245214104652405,0.5317486226558685,0.3972471356391907,0.3579469919204712,0.33302128314971924,0.3220745921134949,0.3167804479598999,0.31467103958129883,0.31286633014678955,0.324348509311676,0.3075737953186035,0.334361732006073,0.33636581897735596,0.35238826274871826,0.37790781259536743,0.3317584991455078,0.30448704957962036,0.2381274700164795,0.22771579027175903,0.1977902054786682,0.13577276468276978,192,1
2.0485661029815674,9,7,0.75607068836689,0.37909483909606934,0.35971832275390625,0.3439217209815979,0.5100054144859314,0.4920405149459839,0.4720941185951233,0.48439449071884155,0.5202260315418243,0.5143069922924042,0.3856906294822693,0.34127914905548096,0.31624680757522583,0.3061043620109558,0.2988923192024231,0.29731154441833496,0.29692208766937256,0.30613386631011963,0.2975881099700928,0.33733034133911133,0.3348162770271301,0.36146366596221924,0.39967644214630127,0.36562466621398926,0.34388113021850586,0.2715018391609192,0.25891560316085815,0.22021257877349854,0.1589522361755371,192,1
1.5224921703338623,8,7,0.75607068836689,0.3778519630432129,0.36102229356765747,0.34208667278289795,0.5089358687400818,0.4937809705734253,0.4700644016265869,0.4826751947402954,0.519454836845398,0.5262811779975891,0.41051185131073,0.3793497085571289,0.36444956064224243,0.3407527208328247,0.3223661184310913,0.3168635368347168,0.3105132579803467,0.3093859553337097,0.297605037689209,0.32608580589294434,0.33875399827957153,0.3721293807029724,0.4167996644973755,0.38249456882476807,0.3523210883140564,0.2766726016998291,0.2601233124732971,0.22150635719299316,0.1538795828819275,192,1
1.2942588329315186,12,10,0.75607068836689,0.3341313600540161,0.3385382890701294,0.3349473476409912,0.5071659088134766,0.5076717138290405,0.4726603031158447,0.4752504825592041,0.4827463626861572,0.4912041425704956,0.35198819637298584,0.3265800476074219,0.30472707748413086,0.29352760314941406,0.26649391651153564,0.2860450744628906,0.308965802192688,0.32702529430389404,0.3272494077682495,0.31490176916122437,0.3274790048599243,0.32947856187820435,0.3754615783691406,0.3879556655883789,0.3845357298851013,0.30565929412841797,0.29290449619293213,0.23651254177093506,0.21886372566223145,193,0
2.3621692657470703,2,1,0.75607068836689,0.326191782951355,0.32548820972442627,0.32552480697631836,0.5259745717048645,0.5349167585372925,0.4962882399559021,0.5003856420516968,0.5156463086605072,0.5133706331253052,0.41787195205688477,0.4116729497909546,0.3972792625427246,0.4049857258796692,0.3652319312095642,0.4160535931587219,0.41588783264160156,0.4203150272369385,0.41494011878967285,0.37271928787231445,0.3723853826522827,0.35425466299057007,0.3760310411453247,0.3797640800476074,0.3728035092353821,0.304690957069397,0.2814497947692871,0.2238391637802124,0.1920071244239807,193,0
1.6649471521377563,10,7,0.75607068836689,0.330658495426178,0.33603549003601074,0.3291575312614441,0.5024207234382629,0.50858473777771,0.4714810252189636,0.4733688235282898,0.4815065860748291,0.4819772243499756,0.36968886852264404,0.35158318281173706,0.337787926197052,0.3247135281562805,0.29176950454711914,0.3192117214202881,0.34366822242736816,0.3602680563926697,0.35803115367889404,0.3430745005607605,0.3489757180213928,0.3398595452308655,0.37919461727142334,0.3834226131439209,0.37652677297592163,0.3075442910194397,0.2902289032936096,0.24146127700805664,0.22029650211334229,193,0
3.2810287475585938,10,8,0.75607068836689,0.33770084381103516,0.33440667390823364,0.32980138063430786,0.5085996985435486,0.5005538761615753,0.47326523065567017,0.48469895124435425,0.5008304119110107,0.5093426704406738,0.3959220051765442,0.39075660705566406,0.3762955665588379,0.38479334115982056,0.36082541942596436,0.41061174869537354,0.4117531180381775,0.42734646797180176,0.4212074875831604,0.38269227743148804,0.3840542435646057,0.34944701194763184,0.35764825344085693,0.351920485496521,0.3405895233154297,0.270602822303772,0.25499510765075684,0.2066219449043274,0.20181626081466675,193,0
1.5671051740646362,10,8,0.75607068836689,0.3337874412536621,0.3355637192726135,0.3330073356628418,0.5110803842544556,0.505865067243576,0.4733756184577942,0.47822266817092896,0.47998201847076416,0.49477994441986084,0.368685781955719,0.3592144846916199,0.3493537902832031,0.3320450186729431,0.2996309995651245,0.3192499279975891,0.34209632873535156,0.34822916984558105,0.34656935930252075,0.325989305973053,0.31867098808288574,0.3118652105331421,0.3442569375038147,0.3498401641845703,0.3496805429458618,0.2793245315551758,0.2662544846534729,0.21356815099716187,0.1975569725036621,193,1
2.7368764877319336,2,1,0.75607068836689,0.38114213943481445,0.35543930530548096,0.36830031871795654,0.5697898864746094,0.5693103075027466,0.5256271362304688,0.5174884498119354,0.5335935354232788,0.5262840092182159,0.4218737483024597,0.4221702814102173,0.3975352644920349,0.3867936134338379,0.35154396295547485,0.3691326975822449,0.3704700469970703,0.3879597783088684,0.38517510890960693,0.3592100143432617,0.343569815158844,0.3375753164291382,0.3672448992729187,0.366488516330719,0.363106369972229,0.29314422607421875,0.2666703462600708,0.20886582136154175,0.1447901725769043,193,1
2.0121800899505615,10,7,0.75607068836689,0.33287477493286133,0.336633563041687,0.33182376623153687,0.5055226683616638,0.5027307271957397,0.4631262421607971,0.47402048110961914,0.4709324836730957,0.47948145866394043,0.3726717233657837,0.3543426990509033,0.3390734791755676,0.32367682456970215,0.30218225717544556,0.3179844617843628,0.33464550971984863,0.3456572890281677,0.3509674072265625,0.3239680528640747,0.31258922815322876,0.29367250204086304,0.3092138171195984,0.3144102096557617,0.31942057609558105,0.2578946352005005,0.24501967430114746,0.1976035237312317,0.1947917938232422,193,1
1.4363473653793335,12,10,0.75607068836689,0.33640217781066895,0.3363496661186218,0.33172547817230225,0.5081791877746582,0.5081424117088318,0.4706282615661621,0.4734790325164795,0.4677499532699585,0.47482627630233765,0.34761810302734375,0.33576536178588867,0.3258821368217468,0.3087766170501709,0.2751208543777466,0.27782928943634033,0.28702831268310547,0.29855817556381226,0.3018389940261841,0.28373467922210693,0.30158162117004395,0.30769556760787964,0.3629811406135559,0.37508904933929443,0.37481117248535156,0.3033871650695801,0.2919239401817322,0.23811250925064087,0.22041219472885132,193,1
1.0679411888122559,16,14,0.75607068836689,0.37723207473754883,0.35548311471939087,0.3376739025115967,0.4797765612602234,0.4759349226951599,0.4332014322280884,0.4360314607620239,0.4616636037826538,0.4713160991668701,0.3646857738494873,0.3420371413230896,0.3509504199028015,0.3441382050514221,0.32338857650756836,0.3268412947654724,0.331046462059021,0.31977754831314087,0.32151103019714355,0.3178074359893799,0.30450642108917236,0.28823089599609375,0.28980743885040283,0.254751980304718,0.24412387609481812,0.19519662857055664,0.19256591796875,0.1614069938659668,0.13828492164611816,194,0
3.315784215927124,13,11,0.75607068836689,0.375429630279541,0.3555108308792114,0.3498574495315552,0.5103897452354431,0.49149948358535767,0.45245105028152466,0.4979436993598938,0.5908962786197662,0.6158627271652222,0.5460284352302551,0.5310401022434235,0.51804980635643,0.5332845151424408,0.4873391389846802,0.545326828956604,0.5260327458381653,0.513234943151474,0.5046608448028564,0.4534057378768921,0.43226104974746704,0.3999652862548828,0.3649776577949524,0.3206743001937866,0.3085765838623047,0.24819862842559814,0.2345476746559143,0.19542169570922852,0.14930015802383423,194,0
2.307483673095703,11,9,0.75607068836689,0.3701983690261841,0.3558584451675415,0.3420981168746948,0.48267829418182373,0.48127514123916626,0.4312390089035034,0.4417880177497864,0.4870718717575073,0.5042380094528198,0.39365917444229126,0.388435423374176,0.3825145959854126,0.3771538734436035,0.3593448996543884,0.3832707405090332,0.3929579257965088,0.3742977976799011,0.37239891290664673,0.3447430729866028,0.31440412998199463,0.2840800881385803,0.27564674615859985,0.23762458562850952,0.22482359409332275,0.17654651403427124,0.17075717449188232,0.14360761642456055,0.13942313194274902,194,0
2.5614137649536133,15,14,0.75607068836689,0.37923890352249146,0.3596363663673401,0.3483849763870239,0.49788373708724976,0.47309261560440063,0.4253082275390625,0.43860191106796265,0.46731626987457275,0.4795836806297302,0.3644843101501465,0.3747236132621765,0.3744226098060608,0.3864815831184387,0.38003432750701904,0.4160565733909607,0.4136893153190613,0.4089012145996094,0.40508008003234863,0.35694968700408936,0.33022624254226685,0.29455381631851196,0.2833719849586487,0.2496258020401001,0.2391453981399536,0.1906631588935852,0.18540799617767334,0.14859676361083984,0.11977380514144897,194,0
2.705139398574829,2,1,0.75607068836689,0.3451932668685913,0.34145426750183105,0.33366334438323975,0.5199065208435059,0.5168653726577759,0.46600341796875,0.4763835668563843,0.5042589604854584,0.503486692905426,0.3880128860473633,0.37667375802993774,0.36674439907073975,0.3805420398712158,0.3429293632507324,0.38928472995758057,0.39237022399902344,0.36647653579711914,0.3698262572288513,0.32091766595840454,0.3111993074417114,0.2875678539276123,0.27309441566467285,0.2384570837020874,0.2339766025543213,0.1907109022140503,0.18252038955688477,0.15393048524856567,0.12248969078063965,194,1
2.6767289638519287,19,16,0.75607068836689,0.3812826871871948,0.3652690649032593,0.3476325273513794,0.49883830547332764,0.4747629165649414,0.4232921600341797,0.43100547790527344,0.45964330434799194,0.4717974066734314,0.3540767431259155,0.34456515312194824,0.3572288751602173,0.3578619360923767,0.3373730778694153,0.3488351106643677,0.35436302423477173,0.3405008912086487,0.34061622619628906,0.32039785385131836,0.3109205961227417,0.2841230034828186,0.2756633758544922,0.23693013191223145,0.22281599044799805,0.17893218994140625,0.17445486783981323,0.1495230793952942,0.11543405055999756,194,1
1.4444993734359741,9,7,0.75607068836689,0.3611184358596802,0.35189926624298096,0.33549070358276367,0.4827776551246643,0.478748083114624,0.43505537509918213,0.44286519289016724,0.46924710273742676,0.4712296724319458,0.3598063588142395,0.3367365598678589,0.3475591540336609,0.34885674715042114,0.3278999328613281,0.3406347632408142,0.341733455657959,0.3334132432937622,0.3423318862915039,0.3155941963195801,0.29180020093917847,0.27417969703674316,0.2705087661743164,0.2373591661453247,0.23180896043777466,0.18810194730758667,0.18522942066192627,0.15569019317626953,0.12481170892715454,194,1
2.020840644836426,7,5,0.75607068836689,0.3636508584022522,0.35618460178375244,0.34301263093948364,0.49252045154571533,0.4939538836479187,0.44666463136672974,0.4590839743614197,0.5152912139892578,0.5007928907871246,0.403400182723999,0.4066007733345032,0.38860809803009033,0.37494176626205444,0.34910404682159424,0.36444950103759766,0.36592423915863037,0.35665762424468994,0.3681582808494568,0.33758944272994995,0.3296073079109192,0.30629926919937134,0.3058796525001526,0.27234697341918945,0.2618404030799866,0.21225035190582275,0.2055116891860962,0.17773079872131348,0.12009835243225098,194,1
3.39676570892334,3,1,0.75607068836689,0.34259462356567383,0.3431481122970581,0.3499884009361267,0.5100228190422058,0.5160641670227051,0.46329599618911743,0.47649556398391724,0.5057392120361328,0.507024884223938,0.3951716423034668,0.35129058361053467,0.35178500413894653,0.33012527227401733,0.303627610206604,0.272625207901001,0.29388684034347534,0.28171485662460327,0.2690838575363159,0.31696224212646484,0.3090941905975342,0.3354473114013672,0.3408358097076416,0.4201321601867676,0.5390856266021729,0.521428644657135,0.467506468296051,0.3801363706588745,0.2181391716003418,195,0
2.6497082710266113,4,2,0.75607068836689,0.35168206691741943,0.3504636287689209,0.3552969694137573,0.5112173557281494,0.5228899717330933,0.46661627292633057,0.48301267623901367,0.4999046325683594,0.49969661235809326,0.3798883557319641,0.33203375339508057,0.33434534072875977,0.31689226627349854,0.29682183265686035,0.27397483587265015,0.29383790493011475,0.2933999300003052,0.2918998599052429,0.3484653830528259,0.3485982418060303,0.37308400869369507,0.3960800766944885,0.47454631328582764,0.5837607681751251,0.532347559928894,0.47509318590164185,0.3909231424331665,0.24684977531433105,195,0
1.8885265588760376,7,5,0.75607068836689,0.36715924739837646,0.36008143424987793,0.3614816665649414,0.5328797698020935,0.5452777445316315,0.48078060150146484,0.49347978830337524,0.5260278880596161,0.5014288425445557,0.3908255696296692,0.36394280195236206,0.3607264757156372,0.35170841217041016,0.326401948928833,0.29184991121292114,0.3176368474960327,0.31515419483184814,0.32412564754486084,0.37887001037597656,0.37973862886428833,0.41532254219055176,0.4392564296722412,0.5032455921173096,0.5929880142211914,0.5409053564071655,0.4850982427597046,0.39262205362319946,0.22978544235229492,195,0
2.3426878452301025,2,1,0.75607068836689,0.3323700428009033,0.3294922113418579,0.34127986431121826,0.5247418880462646,0.5236536860466003,0.48035162687301636,0.48675888776779175,0.5270408093929291,0.5192596912384033,0.40470588207244873,0.367215096950531,0.37214672565460205,0.3582063913345337,0.32618045806884766,0.2961944341659546,0.31707924604415894,0.30190789699554443,0.29191648960113525,0.3321439027786255,0.3174391984939575,0.34229058027267456,0.343855619430542,0.39790230989456177,0.4815484285354614,0.46642613410949707,0.42364782094955444,0.36403346061706543,0.22307050228118896,195,1
3.3717832565307617,3,2,0.75607068836689,0.35308486223220825,0.34186267852783203,0.3515491485595703,0.5185478925704956,0.5211235582828522,0.46956902742385864,0.4764665365219116,0.5067284107208252,0.4981852173805237,0.3714950680732727,0.3338446617126465,0.33567559719085693,0.31735527515411377,0.29227280616760254,0.2685825824737549,0.29258447885513306,0.2986188530921936,0.2920611500740051,0.348818838596344,0.33964109420776367,0.3627406358718872,0.38347744941711426,0.4476497173309326,0.5376552939414978,0.4982776641845703,0.44544488191604614,0.3784577250480652,0.2562142610549927,195,1
2.4102795124053955,6,5,0.75607068836689,0.3721882700920105,0.35360562801361084,0.3592960834503174,0.5295933783054352,0.538783609867096,0.47611045837402344,0.4801774024963379,0.5205183029174805,0.48986488580703735,0.37771856784820557,0.3573274612426758,0.3535853624343872,0.34408557415008545,0.31337404251098633,0.2869250774383545,0.3139725923538208,0.32124316692352295,0.32359832525253296,0.37914812564849854,0.3767926096916199,0.40237289667129517,0.4199925661087036,0.4789692759513855,0.5547698438167572,0.5099219977855682,0.45703303813934326,0.3799285292625427,0.2405034303665161,195,1
4.410967826843262,5,4,0.75607068836689,0.3939788341522217,0.3641953468322754,0.34923768043518066,0.5161943435668945,0.526577889919281,0.47585636377334595,0.48534977436065674,0.531335860490799,0.5550304055213928,0.4877455234527588,0.4431723356246948,0.42268282175064087,0.4299004077911377,0.4067898988723755,0.4430527687072754,0.41806113719940186,0.40916287899017334,0.3863672614097595,0.4181640148162842,0.37459611892700195,0.3683280944824219,0.4043881297111511,0.3792579770088196,0.37062638998031616,0.3203197717666626,0.3147953748703003,0.2810872793197632,0.13083845376968384,196,0
1.4764851331710815,10,9,0.75607068836689,0.38082343339920044,0.3617265224456787,0.3520342707633972,0.5041956901550293,0.4971635341644287,0.4576839208602905,0.4909769296646118,0.5169923305511475,0.5337047278881073,0.4044293761253357,0.378017783164978,0.35782361030578613,0.3247777819633484,0.30563509464263916,0.3164623975753784,0.2993662357330322,0.29396486282348633,0.2842590808868408,0.2879367470741272,0.2550080418586731,0.25847113132476807,0.26730799674987793,0.25381606817245483,0.2510247826576233,0.21386057138442993,0.21605324745178223,0.1920338273048401,0.10161787271499634,196,0
1.2284376621246338,12,9,0.75607068836689,0.3933835029602051,0.36978375911712646,0.35724425315856934,0.5094983577728271,0.5079533457756042,0.45881617069244385,0.48043501377105713,0.49592554569244385,0.5160686373710632,0.4049627184867859,0.3843209743499756,0.3722909688949585,0.3376314640045166,0.30730074644088745,0.3094315528869629,0.2929748296737671,0.284786581993103,0.27527153491973877,0.2949255108833313,0.27504515647888184,0.30376744270324707,0.30960023403167725,0.2854568362236023,0.2891613245010376,0.2457042932510376,0.25039851665496826,0.21631747484207153,0.09887325763702393,196,0
1.4005028009414673,9,8,0.75607068836689,0.3979555368423462,0.3664358854293823,0.3512877821922302,0.4981050491333008,0.505728006362915,0.44940876960754395,0.4715617299079895,0.5009789168834686,0.5197726488113403,0.3838040232658386,0.357999324798584,0.336861252784729,0.30558305978775024,0.2836325168609619,0.29009222984313965,0.27399730682373047,0.25987207889556885,0.24517524242401123,0.2623978853225708,0.2432417869567871,0.2727854251861572,0.27691221237182617,0.25673234462738037,0.26155728101730347,0.22604411840438843,0.23041176795959473,0.21275335550308228,0.12338268756866455,196,0
0.7386247515678406,10,7,0.75607068836689,0.40335607528686523,0.3742254972457886,0.3827483057975769,0.5402231514453888,0.5471256673336029,0.4799419641494751,0.49896085262298584,0.5013304054737091,0.5312612056732178,0.38391435146331787,0.3440815210342407,0.3285093307495117,0.2971140146255493,0.27673089504241943,0.27493107318878174,0.2665163278579712,0.25589025020599365,0.24625712633132935,0.2642124891281128,0.25612640380859375,0.25953996181488037,0.2543187141418457,0.2461916208267212,0.24573862552642822,0.21162784099578857,0.2186189889907837,0.19208377599716187,0.07831639051437378,196,1
1.0830425024032593,10,7,0.75607068836689,0.40353596210479736,0.37544381618499756,0.3842747211456299,0.5427274405956268,0.543971598148346,0.477868914604187,0.49759453535079956,0.5021430253982544,0.5333586037158966,0.38247597217559814,0.3440139889717102,0.3313257694244385,0.3053147792816162,0.2813650965690613,0.28982919454574585,0.2773674726486206,0.26866310834884644,0.2556712031364441,0.2915327548980713,0.2733306884765625,0.2644171714782715,0.2586228847503662,0.24659967422485352,0.24983012676239014,0.21394824981689453,0.22003477811813354,0.1951366662979126,0.08435231447219849,196,1
1.4207072257995605,10,7,0.75607068836689,0.4070904850959778,0.377921998500824,0.385753870010376,0.5477335751056671,0.5521631836891174,0.4806565046310425,0.4954245090484619,0.4940575361251831,0.5209587216377258,0.37922924757003784,0.3396573066711426,0.3268001079559326,0.3027937412261963,0.28208428621292114,0.2780766487121582,0.2678881287574768,0.25443631410598755,0.24648022651672363,0.2593644857406616,0.24567288160324097,0.24816405773162842,0.24738281965255737,0.2365078330039978,0.2389705777168274,0.20492792129516602,0.21190249919891357,0.18743550777435303,0.08069884777069092,196,1
1.6356521844863892,10,9,0.75607068836689,0.38041162490844727,0.36374616622924805,0.3530503511428833,0.5035187304019928,0.4907078146934509,0.45036715269088745,0.47912919521331787,0.5013075470924377,0.5300868153572083,0.390508770942688,0.35838067531585693,0.3390513062477112,0.30769968032836914,0.2791999578475952,0.28627556562423706,0.2746906280517578,0.26239609718322754,0.251740038394928,0.2523462772369385,0.22886228561401367,0.230352520942688,0.2647296190261841,0.26109904050827026,0.24191808700561523,0.20882922410964966,0.2134857177734375,0.1985381841659546,0.12598955631256104,196,1
3.323355197906494,5,4,0.75607068836689,0.3831433653831482,0.35918718576431274,0.34020256996154785,0.513668954372406,0.527133584022522,0.47395801544189453,0.4650614261627197,0.5230073928833008,0.5464844703674316,0.47329407930374146,0.4278671145439148,0.42259639501571655,0.41621536016464233,0.3980562686920166,0.39816218614578247,0.39177513122558594,0.3922428488731384,0.3779844045639038,0.4008065462112427,0.3578372001647949,0.33881497383117676,0.3316815495491028,0.27953803539276123,0.23668187856674194,0.18547391891479492,0.17696964740753174,0.1571449637413025,0.11947333812713623,197,0
1.2215735912322998,7,6,0.75607068836689,0.36514347791671753,0.35027891397476196,0.3404691219329834,0.5150998830795288,0.5277080833911896,0.4791569709777832,0.47946321964263916,0.5387509763240814,0.5865871906280518,0.49621784687042236,0.469502329826355,0.45968109369277954,0.42749249935150146,0.43211066722869873,0.42282968759536743,0.4251864552497864,0.43598079681396484,0.40496814250946045,0.44964540004730225,0.45965248346328735,0.46261072158813477,0.4742172956466675,0.399755597114563,0.3379255533218384,0.2741565704345703,0.2665083408355713,0.2300964593887329,0.16188335418701172,197,0
1.6843889951705933,12,11,0.75607068836689,0.37218499183654785,0.35389119386672974,0.3374444842338562,0.5070349872112274,0.5219691693782806,0.474198579788208,0.47653257846832275,0.5280888080596924,0.5695327818393707,0.4635660648345947,0.4436929225921631,0.43544459342956543,0.4193459749221802,0.42325425148010254,0.4254370927810669,0.43052542209625244,0.43789440393447876,0.42287731170654297,0.46632468700408936,0.46334540843963623,0.46011102199554443,0.47124624252319336,0.4019150733947754,0.35165929794311523,0.28288960456848145,0.2621433138847351,0.2263251543045044,0.19621866941452026,197,0
1.096649169921875,12,11,0.75607068836689,0.3817363381385803,0.3591466546058655,0.33970504999160767,0.504900336265564,0.49891197681427,0.45429664850234985,0.4716569185256958,0.522241473197937,0.5607876181602478,0.4524034261703491,0.42735815048217773,0.41291993856430054,0.39611196517944336,0.38513123989105225,0.3201242685317993,0.3312932252883911,0.3305402398109436,0.3243364095687866,0.3212244510650635,0.2875685691833496,0.2732512950897217,0.26216840744018555,0.21330749988555908,0.1835005283355713,0.142173171043396,0.14477556943893433,0.1328035593032837,0.08036398887634277,197,1
1.4887514114379883,13,11,0.75607068836689,0.38138043880462646,0.36212944984436035,0.3436218500137329,0.5083608627319336,0.500857412815094,0.45813465118408203,0.47766679525375366,0.5305182039737701,0.5681123435497284,0.4639902114868164,0.4321540594100952,0.4074154496192932,0.39415937662124634,0.3924086093902588,0.3302798271179199,0.3423992395401001,0.34866899251937866,0.33667224645614624,0.33810263872146606,0.30822277069091797,0.28985118865966797,0.2873706817626953,0.2305988073348999,0.2003190517425537,0.1561984419822693,0.15715306997299194,0.1438378095626831,0.08650046586990356,197,1
1.2654082775115967,12,11,0.75607068836689,0.3800389766693115,0.3544389009475708,0.3364025950431824,0.4968447685241699,0.49113166332244873,0.4474528431892395,0.46604156494140625,0.5108257234096527,0.5492998957633972,0.44277143478393555,0.4234917163848877,0.40077197551727295,0.387837290763855,0.37776362895965576,0.3236333131790161,0.33411532640457153,0.3290329575538635,0.3252279758453369,0.3257926106452942,0.29419320821762085,0.28251683712005615,0.27724552154541016,0.22730869054794312,0.19474047422409058,0.15305352210998535,0.15567708015441895,0.14700281620025635,0.08986294269561768,197,1
2.0295238494873047,11,10,0.75607068836689,0.37936222553253174,0.35970884561538696,0.34290623664855957,0.5046958327293396,0.4977719783782959,0.4574645757675171,0.4747591018676758,0.5307237505912781,0.5633874237537384,0.4801568388938904,0.4487893581390381,0.437069296836853,0.42087322473526,0.4214303493499756,0.3659172058105469,0.37351471185684204,0.3916081190109253,0.3647552728652954,0.35404014587402344,0.3193579316139221,0.3040883541107178,0.2977104187011719,0.23868274688720703,0.20368164777755737,0.1600733995437622,0.16028112173080444,0.14984285831451416,0.09143620729446411,197,1
1.318380355834961,8,7,0.75607068836689,0.37775719165802,0.3623671531677246,0.34681665897369385,0.5110106468200684,0.5039472579956055,0.46460604667663574,0.46864426136016846,0.50310218334198,0.5455265939235687,0.4311789870262146,0.40391677618026733,0.3952251672744751,0.38734936714172363,0.3785806894302368,0.3277454972267151,0.3426405191421509,0.3375304341316223,0.3283141851425171,0.31646090745925903,0.2744288444519043,0.2715887427330017,0.2681092619895935,0.2170611023902893,0.18434816598892212,0.14432144165039062,0.1468096375465393,0.13657701015472412,0.07825207710266113,197,1
1.8094366788864136,8,7,0.75607068836689,0.3772563934326172,0.35864967107772827,0.34375298023223877,0.5092524886131287,0.5038943886756897,0.46549010276794434,0.47554218769073486,0.515407145023346,0.5564479529857635,0.45249640941619873,0.4334135055541992,0.41649723052978516,0.4100288152694702,0.40823280811309814,0.3471975326538086,0.3619422912597656,0.36090630292892456,0.3479496240615845,0.33536410331726074,0.3009669780731201,0.3043462038040161,0.2995483875274658,0.25214290618896484,0.21579194068908691,0.17706680297851562,0.1840517520904541,0.18078142404556274,0.11658024787902832,197,1
0.9008989334106445,12,5,0.75607068836689,0.356461763381958,0.34471607208251953,0.33551692962646484,0.5165297985076904,0.5054886341094971,0.480116069316864,0.49568653106689453,0.5091206729412079,0.5193564891815186,0.4124314785003662,0.37336617708206177,0.36644792556762695,0.34381288290023804,0.3177258372306824,0.31873178482055664,0.3240140676498413,0.3218364715576172,0.3277014493942261,0.33364248275756836,0.3356597423553467,0.39114153385162354,0.40869957208633423,0.39605939388275146,0.3894904851913452,0.4452470541000366,0.529583215713501,0.4370858073234558,0.26204633712768555,198,0
1.093906044960022,7,4,0.75607068836689,0.35815781354904175,0.34496164321899414,0.3318140506744385,0.5130609273910522,0.5030696988105774,0.4765744209289551,0.48971009254455566,0.5139119923114777,0.5257678627967834,0.40239477157592773,0.3586677312850952,0.34890496730804443,0.32723402976989746,0.30646252632141113,0.31815826892852783,0.3303682208061218,0.32549822330474854,0.33296066522598267,0.34818243980407715,0.3734061121940613,0.4268415570259094,0.45126545429229736,0.43962419033050537,0.433080792427063,0.48582106828689575,0.5779686570167542,0.47415387630462646,0.22472858428955078,198,0
1.5187207460403442,15,6,0.75607068836689,0.36896055936813354,0.3543637990951538,0.34514540433883667,0.5295525193214417,0.5108610987663269,0.4853804111480713,0.5009947419166565,0.5150719583034515,0.5273405313491821,0.41517919301986694,0.39294058084487915,0.37931621074676514,0.37038159370422363,0.34078824520111084,0.338370144367218,0.3423188328742981,0.3328949809074402,0.3408479690551758,0.3390393853187561,0.3275403380393982,0.3850385546684265,0.4018297791481018,0.38349175453186035,0.36155790090560913,0.4151126742362976,0.502316415309906,0.41474854946136475,0.24609375,198,0
2.1279921531677246,7,4,0.75607068836689,0.35429853200912476,0.3450152277946472,0.3321046829223633,0.517137348651886,0.5074430108070374,0.4820794463157654,0.4915522336959839,0.5094028115272522,0.5168937742710114,0.4063953161239624,0.36349689960479736,0.359269917011261,0.3408184051513672,0.319533109664917,0.32980799674987793,0.3320351839065552,0.32737815380096436,0.3238353729248047,0.33350980281829834,0.3540757894515991,0.417985200881958,0.4408418536186218,0.43875420093536377,0.4403339624404907,0.5009546279907227,0.5971892476081848,0.48545515537261963,0.2680756449699402,198,0
2.7787795066833496,7,4,0.75607068836689,0.36064672470092773,0.3495280146598816,0.3350841999053955,0.5208316147327423,0.511842668056488,0.4813111424446106,0.48806023597717285,0.5346002876758575,0.5273423194885254,0.4525524973869324,0.4488813877105713,0.4253653883934021,0.4169541001319885,0.3902912139892578,0.40011006593704224,0.390656054019928,0.4064929485321045,0.39176684617996216,0.4231775999069214,0.44969338178634644,0.5207392573356628,0.5322735607624054,0.497206449508667,0.4813523292541504,0.5415998101234436,0.6431543231010437,0.5165101885795593,0.35330742597579956,198,1
3.481499433517456,7,4,0.75607068836689,0.35412663221359253,0.3519042730331421,0.3381030559539795,0.5352892279624939,0.5306286811828613,0.4980301856994629,0.5014957785606384,0.5475986897945404,0.5584937632083893,0.49068576097488403,0.48062968254089355,0.46726691722869873,0.4624525308609009,0.4352816939353943,0.43991029262542725,0.42329323291778564,0.42823272943496704,0.42343682050704956,0.42705899477005005,0.44430476427078247,0.504418820142746,0.504662424325943,0.483778178691864,0.4797462821006775,0.5395483374595642,0.6356313228607178,0.5158242583274841,0.3798607587814331,198,1
2.130126953125,9,6,0.75607068836689,0.3577871322631836,0.3477335572242737,0.3337818384170532,0.5165645778179169,0.5082185864448547,0.48632490634918213,0.4869668483734131,0.5243972539901733,0.5246573090553284,0.43745148181915283,0.42710793018341064,0.40782785415649414,0.3935694694519043,0.36610597372055054,0.3998408317565918,0.4055236577987671,0.40900975465774536,0.4083486795425415,0.46754950284957886,0.5085274279117584,0.5537104308605194,0.5565465092658997,0.5426400601863861,0.5446864664554596,0.5928596556186676,0.6754222810268402,0.5453562140464783,0.27421748638153076,198,1
3.850111484527588,10,7,0.75607068836689,0.3615400195121765,0.3549550175666809,0.3408353924751282,0.5289565920829773,0.5189684629440308,0.4900017976760864,0.5075969099998474,0.5714886486530304,0.6000590026378632,0.5324488580226898,0.49442797899246216,0.4803260564804077,0.48112887144088745,0.45958250761032104,0.4547356367111206,0.4338594675064087,0.43296802043914795,0.43498730659484863,0.4239695072174072,0.4367453455924988,0.5074774026870728,0.5116337239742279,0.48453307151794434,0.4828498363494873,0.5464246273040771,0.6391578912734985,0.5114558935165405,0.37916481494903564,198,1
4.654847145080566,11,7,0.75607068836689,0.37023794651031494,0.35436397790908813,0.35434460639953613,0.5478184223175049,0.5458319187164307,0.5241908431053162,0.535731315612793,0.5604113340377808,0.5807068347930908,0.5007772743701935,0.47115784883499146,0.450793981552124,0.4501439332962036,0.44135451316833496,0.45646560192108154,0.44148683547973633,0.46249914169311523,0.4726797342300415,0.4396488666534424,0.4625459909439087,0.5543047487735748,0.5373787581920624,0.5264206826686859,0.522243857383728,0.5884542167186737,0.6757864058017731,0.5499834716320038,0.4294000267982483,198,1
1.9078471660614014,8,5,0.75607068836689,0.35470515489578247,0.3538541793823242,0.35028135776519775,0.5284635126590729,0.5091004371643066,0.48534828424453735,0.48851239681243896,0.5086842179298401,0.5192871689796448,0.4407954216003418,0.4301552176475525,0.42845261096954346,0.43548476696014404,0.4059462547302246,0.4231640696525574,0.42743855714797974,0.450345516204834,0.42448580265045166,0.3743276000022888,0.4063854217529297,0.42379051446914673,0.46496689319610596,0.4825937747955322,0.5206776857376099,0.43400681018829346,0.4187133312225342,0.3350958228111267,0.2927379608154297,199,0
2.3861148357391357,8,4,0.75607068836689,0.35197341442108154,0.35252827405929565,0.35111773014068604,0.5227926969528198,0.4995933771133423,0.47309499979019165,0.4721953868865967,0.5000289678573608,0.5020068287849426,0.41568565368652344,0.40328335762023926,0.3941487669944763,0.37581926584243774,0.35449689626693726,0.36631345748901367,0.39076101779937744,0.4031689167022705,0.3831457495689392,0.36327487230300903,0.39449888467788696,0.41665154695510864,0.46810591220855713,0.49132347106933594,0.5312919318675995,0.43856948614120483,0.42333102226257324,0.34464913606643677,0.29448622465133667,199,0
2.7279555797576904,7,4,0.75607068836689,0.34826838970184326,0.3532256484031677,0.3503047227859497,0.5306921303272247,0.5150123834609985,0.4890595078468323,0.48498398065567017,0.5018095374107361,0.5161040723323822,0.4250977635383606,0.3997463583946228,0.38852226734161377,0.375343382358551,0.3458744287490845,0.36088746786117554,0.3793832063674927,0.3913382291793823,0.39054346084594727,0.37181586027145386,0.4125891923904419,0.428954541683197,0.47142958641052246,0.4903568625450134,0.5216702222824097,0.4267174005508423,0.40797412395477295,0.33816760778427124,0.3087252378463745,199,0
1.0348639488220215,12,9,0.75607068836689,0.34696710109710693,0.348885178565979,0.34526509046554565,0.5148492157459259,0.5120277404785156,0.4813956022262573,0.4748796820640564,0.4808884263038635,0.5052407383918762,0.4122241735458374,0.39694154262542725,0.3932669758796692,0.37892240285873413,0.34528648853302,0.3753809332847595,0.3869653344154358,0.40470683574676514,0.39185845851898193,0.3730812072753906,0.4440327286720276,0.4429650902748108,0.4670121669769287,0.4824049472808838,0.5216881632804871,0.42988306283950806,0.40030115842819214,0.3103281855583191,0.34757083654403687,199,0
3.1287498474121094,13,10,0.75607068836689,0.3490335941314697,0.3479715585708618,0.34921926259994507,0.5208978652954102,0.49867528676986694,0.48903584480285645,0.4863077998161316,0.5196779668331146,0.5444991588592529,0.4531077742576599,0.44120752811431885,0.4409065842628479,0.4422277808189392,0.44230198860168457,0.45061659812927246,0.4328418970108032,0.4324644207954407,0.41470497846603394,0.3713526725769043,0.42260313034057617,0.42519330978393555,0.43935906887054443,0.44533562660217285,0.47507214546203613,0.38615167140960693,0.36874938011169434,0.287585973739624,0.2853984832763672,199,1
0.7707242369651794,11,8,0.75607068836689,0.3399221897125244,0.3434433937072754,0.34006404876708984,0.5084749460220337,0.5071124732494354,0.4756885766983032,0.47131383419036865,0.47766244411468506,0.4899829030036926,0.37845927476882935,0.3611598610877991,0.35578107833862305,0.3421163558959961,0.31868404150009155,0.33756303787231445,0.35112494230270386,0.3697524070739746,0.35284459590911865,0.34230512380599976,0.36773228645324707,0.37253862619400024,0.38851284980773926,0.40284258127212524,0.4495094418525696,0.3825591206550598,0.3705817461013794,0.28683799505233765,0.31527888774871826,199,1
2.003709077835083,11,8,0.75607068836689,0.34574079513549805,0.35056859254837036,0.3469778895378113,0.5150122046470642,0.5034165382385254,0.4771270751953125,0.46958601474761963,0.4904320240020752,0.5040508210659027,0.39543020725250244,0.38691383600234985,0.3828051686286926,0.38525426387786865,0.36308109760284424,0.36463332176208496,0.37192922830581665,0.381031334400177,0.3680925965309143,0.33744215965270996,0.38355958461761475,0.3951263427734375,0.4438592791557312,0.4650726318359375,0.4997958540916443,0.4240518808364868,0.40364307165145874,0.3159748315811157,0.2798232436180115,199,1
2.152801275253296,11,9,0.75607068836689,0.33878421783447266,0.34905970096588135,0.3487586975097656,0.5239287912845612,0.4993627071380615,0.4825724959373474,0.49201828241348267,0.5233021676540375,0.5437602996826172,0.47091126441955566,0.44934791326522827,0.45626765489578247,0.45055651664733887,0.42961734533309937,0.4420376420021057,0.43531811237335205,0.44175511598587036,0.41627246141433716,0.36858224868774414,0.38236844539642334,0.384222149848938,0.4007968306541443,0.40948373079299927,0.4520469307899475,0.37174469232559204,0.35761433839797974,0.28064531087875366,0.2762243151664734,199,1
