2026-05-20 23:04:26,608 httpx HTTP Request: HEAD https://huggingface.co/meta-llama/Llama-3.2-3B/resolve/main/config.json "HTTP/1.1 200 OK"
2026-05-20 23:04:26,749 httpx HTTP Request: HEAD https://huggingface.co/meta-llama/Llama-3.2-3B/resolve/main/tokenizer_config.json "HTTP/1.1 200 OK"
2026-05-20 23:04:26,795 httpx HTTP Request: GET https://huggingface.co/meta-llama/Llama-3.2-3B/resolve/main/tokenizer_config.json "HTTP/1.1 200 OK"
2026-05-20 23:04:26,848 httpx HTTP Request: GET https://huggingface.co/api/models/meta-llama/Llama-3.2-3B/tree/main/additional_chat_templates?recursive=false&expand=false "HTTP/1.1 404 Not Found"
2026-05-20 23:04:26,894 httpx HTTP Request: GET https://huggingface.co/api/models/meta-llama/Llama-3.2-3B/tree/main?recursive=true&expand=false "HTTP/1.1 200 OK"
2026-05-20 23:04:26,933 httpx HTTP Request: HEAD https://huggingface.co/meta-llama/Llama-3.2-3B/resolve/main/tokenizer.json "HTTP/1.1 200 OK"
2026-05-20 23:04:27,006 httpx HTTP Request: GET https://huggingface.co/meta-llama/Llama-3.2-3B/resolve/main/tokenizer.json "HTTP/1.1 200 OK"
2026-05-20 23:04:27,341 httpx HTTP Request: HEAD https://huggingface.co/meta-llama/Llama-3.2-3B/resolve/main/tokenizer.model "HTTP/1.1 404 Not Found"
2026-05-20 23:04:27,388 httpx HTTP Request: HEAD https://huggingface.co/meta-llama/Llama-3.2-3B/resolve/main/added_tokens.json "HTTP/1.1 404 Not Found"
2026-05-20 23:04:27,429 httpx HTTP Request: HEAD https://huggingface.co/meta-llama/Llama-3.2-3B/resolve/main/special_tokens_map.json "HTTP/1.1 200 OK"
2026-05-20 23:04:27,484 httpx HTTP Request: GET https://huggingface.co/meta-llama/Llama-3.2-3B/resolve/main/special_tokens_map.json "HTTP/1.1 200 OK"
2026-05-20 23:04:27,535 httpx HTTP Request: HEAD https://huggingface.co/meta-llama/Llama-3.2-3B/resolve/main/chat_template.jinja "HTTP/1.1 404 Not Found"
2026-05-20 23:04:28,319 httpx HTTP Request: GET https://huggingface.co/api/models/meta-llama/Llama-3.2-3B "HTTP/1.1 200 OK"
2026-05-20 23:04:28,393 httpx HTTP Request: HEAD https://huggingface.co/meta-llama/Llama-3.2-3B/resolve/main/config.json "HTTP/1.1 200 OK"
2026-05-20 23:04:28,507 httpx HTTP Request: HEAD https://huggingface.co/meta-llama/Llama-3.2-3B/resolve/main/model.safetensors "HTTP/1.1 404 Not Found"
2026-05-20 23:04:28,555 httpx HTTP Request: HEAD https://huggingface.co/meta-llama/Llama-3.2-3B/resolve/main/model.safetensors.index.json "HTTP/1.1 200 OK"
2026-05-20 23:04:28,604 httpx HTTP Request: GET https://huggingface.co/meta-llama/Llama-3.2-3B/resolve/main/model.safetensors.index.json "HTTP/1.1 200 OK"
2026-05-20 23:04:28,643 httpx HTTP Request: GET https://huggingface.co/api/models/meta-llama/Llama-3.2-3B/revision/main "HTTP/1.1 200 OK"
Fetching 2 files:   0%|          | 0/2 [00:00<?, ?it/s]2026-05-20 23:04:28,690 httpx HTTP Request: HEAD https://huggingface.co/meta-llama/Llama-3.2-3B/resolve/13afe5124825b4f3751f836b40dafda64c1ed062/model-00001-of-00002.safetensors "HTTP/1.1 302 Found"
2026-05-20 23:04:28,732 httpx HTTP Request: GET https://huggingface.co/api/models/meta-llama/Llama-3.2-3B/xet-read-token/13afe5124825b4f3751f836b40dafda64c1ed062 "HTTP/1.1 200 OK"
2026-05-20 23:04:33,713 httpx HTTP Request: HEAD https://huggingface.co/meta-llama/Llama-3.2-3B/resolve/13afe5124825b4f3751f836b40dafda64c1ed062/model-00002-of-00002.safetensors "HTTP/1.1 302 Found"
Fetching 2 files:  50%|█████     | 1/2 [00:18<00:18, 18.71s/it]Fetching 2 files: 100%|██████████| 2/2 [00:18<00:00,  9.35s/it]
Loading weights:   0%|          | 0/254 [00:00<?, ?it/s]Loading weights: 100%|██████████| 254/254 [00:00<00:00, 9155.43it/s]
2026-05-20 23:04:52,559 httpx HTTP Request: HEAD https://huggingface.co/meta-llama/Llama-3.2-3B/resolve/main/generation_config.json "HTTP/1.1 200 OK"
2026-05-20 23:04:52,613 httpx HTTP Request: GET https://huggingface.co/meta-llama/Llama-3.2-3B/resolve/main/generation_config.json "HTTP/1.1 200 OK"
[transformers] The attention mask is not set and cannot be inferred from input because pad token is same as eos token. As a consequence, you may observe unexpected behavior. Please pass your input's `attention_mask` to obtain reliable results.
[transformers] Ignoring clean_up_tokenization_spaces=True for BPE tokenizer TokenizersBackend. The clean_up_tokenization post-processing step is designed for WordPiece tokenizers and is destructive for BPE (it strips spaces before punctuation). Set clean_up_tokenization_spaces=False to suppress this warning, or set clean_up_tokenization_spaces_for_bpe_even_though_it_will_corrupt_output=True to force cleanup anyway.
2026-05-20 23:04:55,533 sample_targets sampled 16 / 30000
2026-05-20 23:04:56,932 sample_targets sampled 32 / 30000
2026-05-20 23:04:58,429 sample_targets sampled 48 / 30000
2026-05-20 23:04:59,818 sample_targets sampled 64 / 30000
2026-05-20 23:05:00,821 sample_targets sampled 80 / 30000
2026-05-20 23:05:01,822 sample_targets sampled 96 / 30000
2026-05-20 23:05:02,814 sample_targets sampled 112 / 30000
2026-05-20 23:05:03,808 sample_targets sampled 128 / 30000
2026-05-20 23:05:04,807 sample_targets sampled 144 / 30000
2026-05-20 23:05:05,800 sample_targets sampled 160 / 30000
2026-05-20 23:05:06,797 sample_targets sampled 176 / 30000
2026-05-20 23:05:07,794 sample_targets sampled 192 / 30000
2026-05-20 23:05:08,792 sample_targets sampled 208 / 30000
2026-05-20 23:05:09,786 sample_targets sampled 224 / 30000
2026-05-20 23:05:10,777 sample_targets sampled 240 / 30000
2026-05-20 23:05:11,768 sample_targets sampled 256 / 30000
2026-05-20 23:05:12,766 sample_targets sampled 272 / 30000
2026-05-20 23:05:13,759 sample_targets sampled 288 / 30000
2026-05-20 23:05:14,753 sample_targets sampled 304 / 30000
2026-05-20 23:05:15,744 sample_targets sampled 320 / 30000
2026-05-20 23:05:16,735 sample_targets sampled 336 / 30000
2026-05-20 23:05:17,726 sample_targets sampled 352 / 30000
2026-05-20 23:05:18,709 sample_targets sampled 368 / 30000
2026-05-20 23:05:19,700 sample_targets sampled 384 / 30000
2026-05-20 23:05:20,691 sample_targets sampled 400 / 30000
2026-05-20 23:05:21,684 sample_targets sampled 416 / 30000
2026-05-20 23:05:22,817 sample_targets sampled 432 / 30000
2026-05-20 23:05:24,123 sample_targets sampled 448 / 30000
2026-05-20 23:05:25,117 sample_targets sampled 464 / 30000
2026-05-20 23:05:26,438 sample_targets sampled 480 / 30000
2026-05-20 23:05:27,512 sample_targets sampled 496 / 30000
2026-05-20 23:05:28,508 sample_targets sampled 512 / 30000
2026-05-20 23:05:29,504 sample_targets sampled 528 / 30000
2026-05-20 23:05:30,503 sample_targets sampled 544 / 30000
2026-05-20 23:05:31,500 sample_targets sampled 560 / 30000
2026-05-20 23:05:32,495 sample_targets sampled 576 / 30000
2026-05-20 23:05:33,492 sample_targets sampled 592 / 30000
2026-05-20 23:05:34,488 sample_targets sampled 608 / 30000
2026-05-20 23:05:35,482 sample_targets sampled 624 / 30000
2026-05-20 23:05:36,480 sample_targets sampled 640 / 30000
2026-05-20 23:05:37,814 sample_targets sampled 656 / 30000
2026-05-20 23:05:39,131 sample_targets sampled 672 / 30000
2026-05-20 23:05:40,178 sample_targets sampled 688 / 30000
2026-05-20 23:05:41,173 sample_targets sampled 704 / 30000
2026-05-20 23:05:42,167 sample_targets sampled 720 / 30000
2026-05-20 23:05:43,162 sample_targets sampled 736 / 30000
2026-05-20 23:05:44,158 sample_targets sampled 752 / 30000
2026-05-20 23:05:45,153 sample_targets sampled 768 / 30000
2026-05-20 23:05:46,152 sample_targets sampled 784 / 30000
2026-05-20 23:05:47,153 sample_targets sampled 800 / 30000
2026-05-20 23:05:48,142 sample_targets sampled 816 / 30000
2026-05-20 23:05:49,155 sample_targets sampled 832 / 30000
2026-05-20 23:05:50,206 sample_targets sampled 848 / 30000
2026-05-20 23:05:51,204 sample_targets sampled 864 / 30000
2026-05-20 23:05:52,201 sample_targets sampled 880 / 30000
2026-05-20 23:05:53,203 sample_targets sampled 896 / 30000
2026-05-20 23:05:54,205 sample_targets sampled 912 / 30000
2026-05-20 23:05:55,209 sample_targets sampled 928 / 30000
2026-05-20 23:05:56,205 sample_targets sampled 944 / 30000
2026-05-20 23:05:57,200 sample_targets sampled 960 / 30000
2026-05-20 23:05:58,196 sample_targets sampled 976 / 30000
2026-05-20 23:05:59,194 sample_targets sampled 992 / 30000
2026-05-20 23:06:00,226 sample_targets sampled 1008 / 30000
2026-05-20 23:06:01,220 sample_targets sampled 1024 / 30000
2026-05-20 23:06:02,217 sample_targets sampled 1040 / 30000
2026-05-20 23:06:03,211 sample_targets sampled 1056 / 30000
2026-05-20 23:06:04,208 sample_targets sampled 1072 / 30000
2026-05-20 23:06:05,206 sample_targets sampled 1088 / 30000
2026-05-20 23:06:06,202 sample_targets sampled 1104 / 30000
2026-05-20 23:06:07,199 sample_targets sampled 1120 / 30000
2026-05-20 23:06:08,196 sample_targets sampled 1136 / 30000
2026-05-20 23:06:09,194 sample_targets sampled 1152 / 30000
2026-05-20 23:06:10,193 sample_targets sampled 1168 / 30000
2026-05-20 23:06:11,188 sample_targets sampled 1184 / 30000
2026-05-20 23:06:12,184 sample_targets sampled 1200 / 30000
2026-05-20 23:06:13,181 sample_targets sampled 1216 / 30000
2026-05-20 23:06:14,172 sample_targets sampled 1232 / 30000
2026-05-20 23:06:15,169 sample_targets sampled 1248 / 30000
2026-05-20 23:06:16,167 sample_targets sampled 1264 / 30000
2026-05-20 23:06:17,163 sample_targets sampled 1280 / 30000
2026-05-20 23:06:18,158 sample_targets sampled 1296 / 30000
2026-05-20 23:06:19,155 sample_targets sampled 1312 / 30000
2026-05-20 23:06:20,153 sample_targets sampled 1328 / 30000
2026-05-20 23:06:21,151 sample_targets sampled 1344 / 30000
2026-05-20 23:06:22,148 sample_targets sampled 1360 / 30000
2026-05-20 23:06:23,145 sample_targets sampled 1376 / 30000
2026-05-20 23:06:24,141 sample_targets sampled 1392 / 30000
2026-05-20 23:06:25,138 sample_targets sampled 1408 / 30000
2026-05-20 23:06:26,135 sample_targets sampled 1424 / 30000
2026-05-20 23:06:27,130 sample_targets sampled 1440 / 30000
2026-05-20 23:06:28,129 sample_targets sampled 1456 / 30000
2026-05-20 23:06:29,126 sample_targets sampled 1472 / 30000
2026-05-20 23:06:30,127 sample_targets sampled 1488 / 30000
2026-05-20 23:06:31,124 sample_targets sampled 1504 / 30000
2026-05-20 23:06:32,122 sample_targets sampled 1520 / 30000
2026-05-20 23:06:33,205 sample_targets sampled 1536 / 30000
2026-05-20 23:06:34,203 sample_targets sampled 1552 / 30000
2026-05-20 23:06:35,202 sample_targets sampled 1568 / 30000
2026-05-20 23:06:36,199 sample_targets sampled 1584 / 30000
2026-05-20 23:06:37,199 sample_targets sampled 1600 / 30000
2026-05-20 23:06:38,198 sample_targets sampled 1616 / 30000
2026-05-20 23:06:39,199 sample_targets sampled 1632 / 30000
2026-05-20 23:06:40,196 sample_targets sampled 1648 / 30000
2026-05-20 23:06:41,206 sample_targets sampled 1664 / 30000
2026-05-20 23:06:42,205 sample_targets sampled 1680 / 30000
2026-05-20 23:06:43,209 sample_targets sampled 1696 / 30000
2026-05-20 23:06:44,206 sample_targets sampled 1712 / 30000
2026-05-20 23:06:45,204 sample_targets sampled 1728 / 30000
2026-05-20 23:06:46,201 sample_targets sampled 1744 / 30000
2026-05-20 23:06:47,198 sample_targets sampled 1760 / 30000
2026-05-20 23:06:48,197 sample_targets sampled 1776 / 30000
2026-05-20 23:06:49,415 sample_targets sampled 1792 / 30000
2026-05-20 23:06:50,414 sample_targets sampled 1808 / 30000
2026-05-20 23:06:51,415 sample_targets sampled 1824 / 30000
2026-05-20 23:06:52,410 sample_targets sampled 1840 / 30000
2026-05-20 23:06:53,407 sample_targets sampled 1856 / 30000
2026-05-20 23:06:54,406 sample_targets sampled 1872 / 30000
2026-05-20 23:06:55,516 sample_targets sampled 1888 / 30000
2026-05-20 23:06:56,512 sample_targets sampled 1904 / 30000
2026-05-20 23:06:57,510 sample_targets sampled 1920 / 30000
2026-05-20 23:06:58,509 sample_targets sampled 1936 / 30000
2026-05-20 23:06:59,506 sample_targets sampled 1952 / 30000
2026-05-20 23:07:00,514 sample_targets sampled 1968 / 30000
2026-05-20 23:07:01,511 sample_targets sampled 1984 / 30000
2026-05-20 23:07:02,510 sample_targets sampled 2000 / 30000
2026-05-20 23:07:03,509 sample_targets sampled 2016 / 30000
2026-05-20 23:07:04,509 sample_targets sampled 2032 / 30000
2026-05-20 23:07:05,506 sample_targets sampled 2048 / 30000
2026-05-20 23:07:06,587 sample_targets sampled 2064 / 30000
2026-05-20 23:07:07,585 sample_targets sampled 2080 / 30000
2026-05-20 23:07:08,585 sample_targets sampled 2096 / 30000
2026-05-20 23:07:09,583 sample_targets sampled 2112 / 30000
2026-05-20 23:07:10,583 sample_targets sampled 2128 / 30000
2026-05-20 23:07:11,577 sample_targets sampled 2144 / 30000
2026-05-20 23:07:12,575 sample_targets sampled 2160 / 30000
2026-05-20 23:07:13,578 sample_targets sampled 2176 / 30000
2026-05-20 23:07:14,577 sample_targets sampled 2192 / 30000
2026-05-20 23:07:15,579 sample_targets sampled 2208 / 30000
2026-05-20 23:07:16,578 sample_targets sampled 2224 / 30000
2026-05-20 23:07:17,578 sample_targets sampled 2240 / 30000
2026-05-20 23:07:18,578 sample_targets sampled 2256 / 30000
2026-05-20 23:07:19,577 sample_targets sampled 2272 / 30000
2026-05-20 23:07:20,574 sample_targets sampled 2288 / 30000
2026-05-20 23:07:21,569 sample_targets sampled 2304 / 30000
2026-05-20 23:07:22,567 sample_targets sampled 2320 / 30000
2026-05-20 23:07:23,564 sample_targets sampled 2336 / 30000
2026-05-20 23:07:24,561 sample_targets sampled 2352 / 30000
2026-05-20 23:07:25,557 sample_targets sampled 2368 / 30000
2026-05-20 23:07:26,554 sample_targets sampled 2384 / 30000
2026-05-20 23:07:27,552 sample_targets sampled 2400 / 30000
2026-05-20 23:07:28,550 sample_targets sampled 2416 / 30000
2026-05-20 23:07:29,546 sample_targets sampled 2432 / 30000
2026-05-20 23:07:30,547 sample_targets sampled 2448 / 30000
2026-05-20 23:07:31,544 sample_targets sampled 2464 / 30000
2026-05-20 23:07:32,549 sample_targets sampled 2480 / 30000
2026-05-20 23:07:33,547 sample_targets sampled 2496 / 30000
2026-05-20 23:07:34,549 sample_targets sampled 2512 / 30000
2026-05-20 23:07:35,541 sample_targets sampled 2528 / 30000
2026-05-20 23:07:36,537 sample_targets sampled 2544 / 30000
2026-05-20 23:07:37,536 sample_targets sampled 2560 / 30000
2026-05-20 23:07:38,616 sample_targets sampled 2576 / 30000
2026-05-20 23:07:39,652 sample_targets sampled 2592 / 30000
2026-05-20 23:07:40,651 sample_targets sampled 2608 / 30000
2026-05-20 23:07:41,647 sample_targets sampled 2624 / 30000
2026-05-20 23:07:42,644 sample_targets sampled 2640 / 30000
2026-05-20 23:07:43,641 sample_targets sampled 2656 / 30000
2026-05-20 23:07:44,638 sample_targets sampled 2672 / 30000
2026-05-20 23:07:45,637 sample_targets sampled 2688 / 30000
2026-05-20 23:07:46,633 sample_targets sampled 2704 / 30000
2026-05-20 23:07:47,630 sample_targets sampled 2720 / 30000
2026-05-20 23:07:48,628 sample_targets sampled 2736 / 30000
2026-05-20 23:07:49,626 sample_targets sampled 2752 / 30000
2026-05-20 23:07:50,624 sample_targets sampled 2768 / 30000
2026-05-20 23:07:51,621 sample_targets sampled 2784 / 30000
2026-05-20 23:07:52,612 sample_targets sampled 2800 / 30000
2026-05-20 23:07:53,607 sample_targets sampled 2816 / 30000
2026-05-20 23:07:54,603 sample_targets sampled 2832 / 30000
2026-05-20 23:07:55,600 sample_targets sampled 2848 / 30000
2026-05-20 23:07:56,596 sample_targets sampled 2864 / 30000
2026-05-20 23:07:57,592 sample_targets sampled 2880 / 30000
2026-05-20 23:07:58,585 sample_targets sampled 2896 / 30000
2026-05-20 23:07:59,581 sample_targets sampled 2912 / 30000
2026-05-20 23:08:00,576 sample_targets sampled 2928 / 30000
2026-05-20 23:08:01,571 sample_targets sampled 2944 / 30000
2026-05-20 23:08:02,569 sample_targets sampled 2960 / 30000
2026-05-20 23:08:03,565 sample_targets sampled 2976 / 30000
2026-05-20 23:08:04,560 sample_targets sampled 2992 / 30000
2026-05-20 23:08:05,556 sample_targets sampled 3008 / 30000
2026-05-20 23:08:06,580 sample_targets sampled 3024 / 30000
2026-05-20 23:08:07,615 sample_targets sampled 3040 / 30000
2026-05-20 23:08:08,614 sample_targets sampled 3056 / 30000
2026-05-20 23:08:09,613 sample_targets sampled 3072 / 30000
2026-05-20 23:08:10,610 sample_targets sampled 3088 / 30000
2026-05-20 23:08:11,606 sample_targets sampled 3104 / 30000
2026-05-20 23:08:12,716 sample_targets sampled 3120 / 30000
2026-05-20 23:08:13,751 sample_targets sampled 3136 / 30000
2026-05-20 23:08:14,748 sample_targets sampled 3152 / 30000
2026-05-20 23:08:15,746 sample_targets sampled 3168 / 30000
2026-05-20 23:08:16,744 sample_targets sampled 3184 / 30000
2026-05-20 23:08:17,742 sample_targets sampled 3200 / 30000
2026-05-20 23:08:18,740 sample_targets sampled 3216 / 30000
2026-05-20 23:08:19,916 sample_targets sampled 3232 / 30000
2026-05-20 23:08:20,912 sample_targets sampled 3248 / 30000
2026-05-20 23:08:21,918 sample_targets sampled 3264 / 30000
2026-05-20 23:08:22,918 sample_targets sampled 3280 / 30000
2026-05-20 23:08:23,914 sample_targets sampled 3296 / 30000
2026-05-20 23:08:24,912 sample_targets sampled 3312 / 30000
2026-05-20 23:08:25,911 sample_targets sampled 3328 / 30000
2026-05-20 23:08:26,907 sample_targets sampled 3344 / 30000
2026-05-20 23:08:27,903 sample_targets sampled 3360 / 30000
2026-05-20 23:08:28,900 sample_targets sampled 3376 / 30000
2026-05-20 23:08:29,898 sample_targets sampled 3392 / 30000
2026-05-20 23:08:30,894 sample_targets sampled 3408 / 30000
2026-05-20 23:08:31,891 sample_targets sampled 3424 / 30000
2026-05-20 23:08:32,887 sample_targets sampled 3440 / 30000
2026-05-20 23:08:33,882 sample_targets sampled 3456 / 30000
2026-05-20 23:08:34,881 sample_targets sampled 3472 / 30000
2026-05-20 23:08:35,879 sample_targets sampled 3488 / 30000
2026-05-20 23:08:36,873 sample_targets sampled 3504 / 30000
2026-05-20 23:08:37,867 sample_targets sampled 3520 / 30000
2026-05-20 23:08:38,865 sample_targets sampled 3536 / 30000
2026-05-20 23:08:39,862 sample_targets sampled 3552 / 30000
2026-05-20 23:08:40,858 sample_targets sampled 3568 / 30000
2026-05-20 23:08:41,855 sample_targets sampled 3584 / 30000
2026-05-20 23:08:42,851 sample_targets sampled 3600 / 30000
2026-05-20 23:08:43,849 sample_targets sampled 3616 / 30000
2026-05-20 23:08:44,849 sample_targets sampled 3632 / 30000
2026-05-20 23:08:45,893 sample_targets sampled 3648 / 30000
2026-05-20 23:08:46,941 sample_targets sampled 3664 / 30000
2026-05-20 23:08:47,937 sample_targets sampled 3680 / 30000
2026-05-20 23:08:48,934 sample_targets sampled 3696 / 30000
2026-05-20 23:08:49,933 sample_targets sampled 3712 / 30000
2026-05-20 23:08:50,932 sample_targets sampled 3728 / 30000
2026-05-20 23:08:51,932 sample_targets sampled 3744 / 30000
2026-05-20 23:08:52,929 sample_targets sampled 3760 / 30000
2026-05-20 23:08:53,927 sample_targets sampled 3776 / 30000
2026-05-20 23:08:54,923 sample_targets sampled 3792 / 30000
2026-05-20 23:08:55,924 sample_targets sampled 3808 / 30000
2026-05-20 23:08:56,923 sample_targets sampled 3824 / 30000
2026-05-20 23:08:57,928 sample_targets sampled 3840 / 30000
2026-05-20 23:08:58,929 sample_targets sampled 3856 / 30000
2026-05-20 23:08:59,927 sample_targets sampled 3872 / 30000
2026-05-20 23:09:00,931 sample_targets sampled 3888 / 30000
2026-05-20 23:09:01,928 sample_targets sampled 3904 / 30000
2026-05-20 23:09:02,939 sample_targets sampled 3920 / 30000
2026-05-20 23:09:04,018 sample_targets sampled 3936 / 30000
2026-05-20 23:09:05,022 sample_targets sampled 3952 / 30000
2026-05-20 23:09:06,022 sample_targets sampled 3968 / 30000
2026-05-20 23:09:07,018 sample_targets sampled 3984 / 30000
2026-05-20 23:09:08,016 sample_targets sampled 4000 / 30000
2026-05-20 23:09:09,016 sample_targets sampled 4016 / 30000
2026-05-20 23:09:10,014 sample_targets sampled 4032 / 30000
2026-05-20 23:09:11,014 sample_targets sampled 4048 / 30000
2026-05-20 23:09:12,012 sample_targets sampled 4064 / 30000
2026-05-20 23:09:13,011 sample_targets sampled 4080 / 30000
2026-05-20 23:09:14,009 sample_targets sampled 4096 / 30000
2026-05-20 23:09:15,006 sample_targets sampled 4112 / 30000
2026-05-20 23:09:16,003 sample_targets sampled 4128 / 30000
2026-05-20 23:09:17,000 sample_targets sampled 4144 / 30000
2026-05-20 23:09:17,994 sample_targets sampled 4160 / 30000
2026-05-20 23:09:19,006 sample_targets sampled 4176 / 30000
2026-05-20 23:09:20,050 sample_targets sampled 4192 / 30000
2026-05-20 23:09:21,050 sample_targets sampled 4208 / 30000
2026-05-20 23:09:22,048 sample_targets sampled 4224 / 30000
2026-05-20 23:09:23,045 sample_targets sampled 4240 / 30000
2026-05-20 23:09:24,041 sample_targets sampled 4256 / 30000
2026-05-20 23:09:25,040 sample_targets sampled 4272 / 30000
2026-05-20 23:09:26,039 sample_targets sampled 4288 / 30000
2026-05-20 23:09:27,035 sample_targets sampled 4304 / 30000
2026-05-20 23:09:28,032 sample_targets sampled 4320 / 30000
2026-05-20 23:09:29,030 sample_targets sampled 4336 / 30000
2026-05-20 23:09:30,031 sample_targets sampled 4352 / 30000
2026-05-20 23:09:31,029 sample_targets sampled 4368 / 30000
2026-05-20 23:09:32,025 sample_targets sampled 4384 / 30000
2026-05-20 23:09:33,025 sample_targets sampled 4400 / 30000
2026-05-20 23:09:34,024 sample_targets sampled 4416 / 30000
2026-05-20 23:09:35,023 sample_targets sampled 4432 / 30000
2026-05-20 23:09:36,020 sample_targets sampled 4448 / 30000
2026-05-20 23:09:37,019 sample_targets sampled 4464 / 30000
2026-05-20 23:09:38,012 sample_targets sampled 4480 / 30000
2026-05-20 23:09:39,011 sample_targets sampled 4496 / 30000
2026-05-20 23:09:40,010 sample_targets sampled 4512 / 30000
2026-05-20 23:09:41,005 sample_targets sampled 4528 / 30000
2026-05-20 23:09:42,002 sample_targets sampled 4544 / 30000
2026-05-20 23:09:43,000 sample_targets sampled 4560 / 30000
2026-05-20 23:09:43,996 sample_targets sampled 4576 / 30000
2026-05-20 23:09:44,990 sample_targets sampled 4592 / 30000
2026-05-20 23:09:45,987 sample_targets sampled 4608 / 30000
2026-05-20 23:09:46,984 sample_targets sampled 4624 / 30000
2026-05-20 23:09:47,981 sample_targets sampled 4640 / 30000
2026-05-20 23:09:48,975 sample_targets sampled 4656 / 30000
2026-05-20 23:09:49,975 sample_targets sampled 4672 / 30000
2026-05-20 23:09:50,974 sample_targets sampled 4688 / 30000
2026-05-20 23:09:51,972 sample_targets sampled 4704 / 30000
2026-05-20 23:09:53,071 sample_targets sampled 4720 / 30000
2026-05-20 23:09:54,069 sample_targets sampled 4736 / 30000
2026-05-20 23:09:55,067 sample_targets sampled 4752 / 30000
2026-05-20 23:09:56,065 sample_targets sampled 4768 / 30000
2026-05-20 23:09:57,057 sample_targets sampled 4784 / 30000
2026-05-20 23:09:58,057 sample_targets sampled 4800 / 30000
2026-05-20 23:09:59,055 sample_targets sampled 4816 / 30000
2026-05-20 23:10:00,052 sample_targets sampled 4832 / 30000
2026-05-20 23:10:01,047 sample_targets sampled 4848 / 30000
2026-05-20 23:10:02,045 sample_targets sampled 4864 / 30000
2026-05-20 23:10:03,044 sample_targets sampled 4880 / 30000
2026-05-20 23:10:04,316 sample_targets sampled 4896 / 30000
2026-05-20 23:10:05,314 sample_targets sampled 4912 / 30000
2026-05-20 23:10:06,310 sample_targets sampled 4928 / 30000
2026-05-20 23:10:07,309 sample_targets sampled 4944 / 30000
2026-05-20 23:10:08,306 sample_targets sampled 4960 / 30000
2026-05-20 23:10:09,304 sample_targets sampled 4976 / 30000
2026-05-20 23:10:10,304 sample_targets sampled 4992 / 30000
2026-05-20 23:10:11,304 sample_targets sampled 5008 / 30000
2026-05-20 23:10:12,303 sample_targets sampled 5024 / 30000
2026-05-20 23:10:13,300 sample_targets sampled 5040 / 30000
2026-05-20 23:10:14,299 sample_targets sampled 5056 / 30000
2026-05-20 23:10:15,296 sample_targets sampled 5072 / 30000
2026-05-20 23:10:16,292 sample_targets sampled 5088 / 30000
2026-05-20 23:10:17,291 sample_targets sampled 5104 / 30000
2026-05-20 23:10:18,290 sample_targets sampled 5120 / 30000
2026-05-20 23:10:19,286 sample_targets sampled 5136 / 30000
2026-05-20 23:10:20,279 sample_targets sampled 5152 / 30000
2026-05-20 23:10:21,278 sample_targets sampled 5168 / 30000
2026-05-20 23:10:22,276 sample_targets sampled 5184 / 30000
2026-05-20 23:10:23,274 sample_targets sampled 5200 / 30000
2026-05-20 23:10:24,272 sample_targets sampled 5216 / 30000
2026-05-20 23:10:25,317 sample_targets sampled 5232 / 30000
2026-05-20 23:10:26,417 sample_targets sampled 5248 / 30000
2026-05-20 23:10:27,414 sample_targets sampled 5264 / 30000
2026-05-20 23:10:28,413 sample_targets sampled 5280 / 30000
2026-05-20 23:10:29,410 sample_targets sampled 5296 / 30000
2026-05-20 23:10:30,405 sample_targets sampled 5312 / 30000
2026-05-20 23:10:31,402 sample_targets sampled 5328 / 30000
2026-05-20 23:10:32,398 sample_targets sampled 5344 / 30000
2026-05-20 23:10:33,394 sample_targets sampled 5360 / 30000
2026-05-20 23:10:34,391 sample_targets sampled 5376 / 30000
2026-05-20 23:10:35,389 sample_targets sampled 5392 / 30000
2026-05-20 23:10:36,387 sample_targets sampled 5408 / 30000
2026-05-20 23:10:37,378 sample_targets sampled 5424 / 30000
2026-05-20 23:10:38,380 sample_targets sampled 5440 / 30000
2026-05-20 23:10:39,379 sample_targets sampled 5456 / 30000
2026-05-20 23:10:40,377 sample_targets sampled 5472 / 30000
2026-05-20 23:10:41,381 sample_targets sampled 5488 / 30000
2026-05-20 23:10:42,382 sample_targets sampled 5504 / 30000
2026-05-20 23:10:43,380 sample_targets sampled 5520 / 30000
2026-05-20 23:10:44,384 sample_targets sampled 5536 / 30000
2026-05-20 23:10:45,380 sample_targets sampled 5552 / 30000
2026-05-20 23:10:46,378 sample_targets sampled 5568 / 30000
2026-05-20 23:10:47,375 sample_targets sampled 5584 / 30000
2026-05-20 23:10:48,431 sample_targets sampled 5600 / 30000
2026-05-20 23:10:49,503 sample_targets sampled 5616 / 30000
2026-05-20 23:10:50,500 sample_targets sampled 5632 / 30000
2026-05-20 23:10:51,496 sample_targets sampled 5648 / 30000
2026-05-20 23:10:52,498 sample_targets sampled 5664 / 30000
2026-05-20 23:10:53,501 sample_targets sampled 5680 / 30000
2026-05-20 23:10:54,499 sample_targets sampled 5696 / 30000
2026-05-20 23:10:55,492 sample_targets sampled 5712 / 30000
2026-05-20 23:10:56,489 sample_targets sampled 5728 / 30000
2026-05-20 23:10:57,487 sample_targets sampled 5744 / 30000
2026-05-20 23:10:58,483 sample_targets sampled 5760 / 30000
2026-05-20 23:10:59,534 sample_targets sampled 5776 / 30000
2026-05-20 23:11:00,531 sample_targets sampled 5792 / 30000
2026-05-20 23:11:01,528 sample_targets sampled 5808 / 30000
2026-05-20 23:11:02,617 sample_targets sampled 5824 / 30000
2026-05-20 23:11:03,614 sample_targets sampled 5840 / 30000
2026-05-20 23:11:04,611 sample_targets sampled 5856 / 30000
2026-05-20 23:11:05,609 sample_targets sampled 5872 / 30000
2026-05-20 23:11:06,605 sample_targets sampled 5888 / 30000
2026-05-20 23:11:07,602 sample_targets sampled 5904 / 30000
2026-05-20 23:11:08,598 sample_targets sampled 5920 / 30000
2026-05-20 23:11:09,593 sample_targets sampled 5936 / 30000
2026-05-20 23:11:10,590 sample_targets sampled 5952 / 30000
2026-05-20 23:11:11,587 sample_targets sampled 5968 / 30000
2026-05-20 23:11:12,584 sample_targets sampled 5984 / 30000
2026-05-20 23:11:13,582 sample_targets sampled 6000 / 30000
2026-05-20 23:11:14,573 sample_targets sampled 6016 / 30000
2026-05-20 23:11:15,570 sample_targets sampled 6032 / 30000
2026-05-20 23:11:16,566 sample_targets sampled 6048 / 30000
2026-05-20 23:11:17,562 sample_targets sampled 6064 / 30000
2026-05-20 23:11:18,558 sample_targets sampled 6080 / 30000
2026-05-20 23:11:19,553 sample_targets sampled 6096 / 30000
2026-05-20 23:11:20,549 sample_targets sampled 6112 / 30000
2026-05-20 23:11:21,543 sample_targets sampled 6128 / 30000
2026-05-20 23:11:22,540 sample_targets sampled 6144 / 30000
2026-05-20 23:11:23,534 sample_targets sampled 6160 / 30000
2026-05-20 23:11:24,530 sample_targets sampled 6176 / 30000
2026-05-20 23:11:25,525 sample_targets sampled 6192 / 30000
2026-05-20 23:11:26,524 sample_targets sampled 6208 / 30000
2026-05-20 23:11:27,521 sample_targets sampled 6224 / 30000
2026-05-20 23:11:28,517 sample_targets sampled 6240 / 30000
2026-05-20 23:11:29,631 sample_targets sampled 6256 / 30000
2026-05-20 23:11:30,700 sample_targets sampled 6272 / 30000
2026-05-20 23:11:31,695 sample_targets sampled 6288 / 30000
2026-05-20 23:11:32,797 sample_targets sampled 6304 / 30000
2026-05-20 23:11:33,796 sample_targets sampled 6320 / 30000
2026-05-20 23:11:34,786 sample_targets sampled 6336 / 30000
2026-05-20 23:11:35,784 sample_targets sampled 6352 / 30000
2026-05-20 23:11:36,782 sample_targets sampled 6368 / 30000
2026-05-20 23:11:37,779 sample_targets sampled 6384 / 30000
2026-05-20 23:11:38,776 sample_targets sampled 6400 / 30000
2026-05-20 23:11:39,772 sample_targets sampled 6416 / 30000
2026-05-20 23:11:40,769 sample_targets sampled 6432 / 30000
2026-05-20 23:11:41,766 sample_targets sampled 6448 / 30000
2026-05-20 23:11:42,762 sample_targets sampled 6464 / 30000
2026-05-20 23:11:43,759 sample_targets sampled 6480 / 30000
2026-05-20 23:11:44,755 sample_targets sampled 6496 / 30000
2026-05-20 23:11:45,751 sample_targets sampled 6512 / 30000
2026-05-20 23:11:46,746 sample_targets sampled 6528 / 30000
2026-05-20 23:11:47,744 sample_targets sampled 6544 / 30000
2026-05-20 23:11:48,738 sample_targets sampled 6560 / 30000
2026-05-20 23:11:49,734 sample_targets sampled 6576 / 30000
2026-05-20 23:11:50,728 sample_targets sampled 6592 / 30000
2026-05-20 23:11:51,723 sample_targets sampled 6608 / 30000
2026-05-20 23:11:52,721 sample_targets sampled 6624 / 30000
2026-05-20 23:11:53,711 sample_targets sampled 6640 / 30000
2026-05-20 23:11:54,706 sample_targets sampled 6656 / 30000
2026-05-20 23:11:55,701 sample_targets sampled 6672 / 30000
2026-05-20 23:11:56,697 sample_targets sampled 6688 / 30000
2026-05-20 23:11:57,692 sample_targets sampled 6704 / 30000
2026-05-20 23:11:58,686 sample_targets sampled 6720 / 30000
2026-05-20 23:11:59,680 sample_targets sampled 6736 / 30000
2026-05-20 23:12:00,675 sample_targets sampled 6752 / 30000
2026-05-20 23:12:01,671 sample_targets sampled 6768 / 30000
2026-05-20 23:12:02,667 sample_targets sampled 6784 / 30000
2026-05-20 23:12:03,663 sample_targets sampled 6800 / 30000
2026-05-20 23:12:04,660 sample_targets sampled 6816 / 30000
2026-05-20 23:12:05,721 sample_targets sampled 6832 / 30000
2026-05-20 23:12:06,749 sample_targets sampled 6848 / 30000
2026-05-20 23:12:07,745 sample_targets sampled 6864 / 30000
2026-05-20 23:12:08,743 sample_targets sampled 6880 / 30000
2026-05-20 23:12:09,739 sample_targets sampled 6896 / 30000
2026-05-20 23:12:10,733 sample_targets sampled 6912 / 30000
2026-05-20 23:12:11,728 sample_targets sampled 6928 / 30000
2026-05-20 23:12:12,723 sample_targets sampled 6944 / 30000
2026-05-20 23:12:13,718 sample_targets sampled 6960 / 30000
2026-05-20 23:12:14,708 sample_targets sampled 6976 / 30000
2026-05-20 23:12:15,702 sample_targets sampled 6992 / 30000
2026-05-20 23:12:16,697 sample_targets sampled 7008 / 30000
2026-05-20 23:12:17,695 sample_targets sampled 7024 / 30000
2026-05-20 23:12:18,691 sample_targets sampled 7040 / 30000
2026-05-20 23:12:19,685 sample_targets sampled 7056 / 30000
2026-05-20 23:12:20,680 sample_targets sampled 7072 / 30000
2026-05-20 23:12:21,675 sample_targets sampled 7088 / 30000
2026-05-20 23:12:22,670 sample_targets sampled 7104 / 30000
2026-05-20 23:12:23,666 sample_targets sampled 7120 / 30000
2026-05-20 23:12:24,662 sample_targets sampled 7136 / 30000
2026-05-20 23:12:25,658 sample_targets sampled 7152 / 30000
2026-05-20 23:12:26,655 sample_targets sampled 7168 / 30000
2026-05-20 23:12:27,652 sample_targets sampled 7184 / 30000
2026-05-20 23:12:28,647 sample_targets sampled 7200 / 30000
2026-05-20 23:12:29,647 sample_targets sampled 7216 / 30000
2026-05-20 23:12:30,648 sample_targets sampled 7232 / 30000
2026-05-20 23:12:31,648 sample_targets sampled 7248 / 30000
2026-05-20 23:12:32,648 sample_targets sampled 7264 / 30000
2026-05-20 23:12:33,647 sample_targets sampled 7280 / 30000
2026-05-20 23:12:34,639 sample_targets sampled 7296 / 30000
2026-05-20 23:12:35,636 sample_targets sampled 7312 / 30000
2026-05-20 23:12:36,935 sample_targets sampled 7328 / 30000
2026-05-20 23:12:38,011 sample_targets sampled 7344 / 30000
2026-05-20 23:12:39,092 sample_targets sampled 7360 / 30000
2026-05-20 23:12:40,112 sample_targets sampled 7376 / 30000
2026-05-20 23:12:41,111 sample_targets sampled 7392 / 30000
2026-05-20 23:12:42,110 sample_targets sampled 7408 / 30000
2026-05-20 23:12:43,107 sample_targets sampled 7424 / 30000
2026-05-20 23:12:44,108 sample_targets sampled 7440 / 30000
2026-05-20 23:12:45,108 sample_targets sampled 7456 / 30000
2026-05-20 23:12:46,103 sample_targets sampled 7472 / 30000
2026-05-20 23:12:47,100 sample_targets sampled 7488 / 30000
2026-05-20 23:12:48,096 sample_targets sampled 7504 / 30000
2026-05-20 23:12:49,093 sample_targets sampled 7520 / 30000
2026-05-20 23:12:50,089 sample_targets sampled 7536 / 30000
2026-05-20 23:12:51,086 sample_targets sampled 7552 / 30000
2026-05-20 23:12:52,083 sample_targets sampled 7568 / 30000
2026-05-20 23:12:53,080 sample_targets sampled 7584 / 30000
2026-05-20 23:12:54,077 sample_targets sampled 7600 / 30000
2026-05-20 23:12:55,069 sample_targets sampled 7616 / 30000
2026-05-20 23:12:56,065 sample_targets sampled 7632 / 30000
2026-05-20 23:12:57,062 sample_targets sampled 7648 / 30000
2026-05-20 23:12:58,059 sample_targets sampled 7664 / 30000
2026-05-20 23:12:59,055 sample_targets sampled 7680 / 30000
2026-05-20 23:13:00,052 sample_targets sampled 7696 / 30000
2026-05-20 23:13:01,048 sample_targets sampled 7712 / 30000
2026-05-20 23:13:02,045 sample_targets sampled 7728 / 30000
2026-05-20 23:13:03,042 sample_targets sampled 7744 / 30000
2026-05-20 23:13:04,044 sample_targets sampled 7760 / 30000
2026-05-20 23:13:05,042 sample_targets sampled 7776 / 30000
2026-05-20 23:13:06,052 sample_targets sampled 7792 / 30000
2026-05-20 23:13:07,227 sample_targets sampled 7808 / 30000
2026-05-20 23:13:08,303 sample_targets sampled 7824 / 30000
2026-05-20 23:13:09,297 sample_targets sampled 7840 / 30000
2026-05-20 23:13:10,295 sample_targets sampled 7856 / 30000
2026-05-20 23:13:11,291 sample_targets sampled 7872 / 30000
2026-05-20 23:13:12,620 sample_targets sampled 7888 / 30000
2026-05-20 23:13:13,619 sample_targets sampled 7904 / 30000
2026-05-20 23:13:14,617 sample_targets sampled 7920 / 30000
2026-05-20 23:13:15,616 sample_targets sampled 7936 / 30000
2026-05-20 23:13:16,614 sample_targets sampled 7952 / 30000
2026-05-20 23:13:17,613 sample_targets sampled 7968 / 30000
2026-05-20 23:13:18,612 sample_targets sampled 7984 / 30000
2026-05-20 23:13:19,608 sample_targets sampled 8000 / 30000
2026-05-20 23:13:20,611 sample_targets sampled 8016 / 30000
2026-05-20 23:13:21,609 sample_targets sampled 8032 / 30000
2026-05-20 23:13:22,608 sample_targets sampled 8048 / 30000
2026-05-20 23:13:23,606 sample_targets sampled 8064 / 30000
2026-05-20 23:13:24,603 sample_targets sampled 8080 / 30000
2026-05-20 23:13:25,601 sample_targets sampled 8096 / 30000
2026-05-20 23:13:26,598 sample_targets sampled 8112 / 30000
2026-05-20 23:13:27,594 sample_targets sampled 8128 / 30000
2026-05-20 23:13:28,592 sample_targets sampled 8144 / 30000
2026-05-20 23:13:29,590 sample_targets sampled 8160 / 30000
2026-05-20 23:13:30,582 sample_targets sampled 8176 / 30000
2026-05-20 23:13:31,580 sample_targets sampled 8192 / 30000
2026-05-20 23:13:32,577 sample_targets sampled 8208 / 30000
2026-05-20 23:13:33,575 sample_targets sampled 8224 / 30000
2026-05-20 23:13:34,580 sample_targets sampled 8240 / 30000
2026-05-20 23:13:35,583 sample_targets sampled 8256 / 30000
2026-05-20 23:13:36,600 sample_targets sampled 8272 / 30000
2026-05-20 23:13:37,604 sample_targets sampled 8288 / 30000
2026-05-20 23:13:38,601 sample_targets sampled 8304 / 30000
2026-05-20 23:13:39,600 sample_targets sampled 8320 / 30000
2026-05-20 23:13:40,597 sample_targets sampled 8336 / 30000
2026-05-20 23:13:41,593 sample_targets sampled 8352 / 30000
2026-05-20 23:13:42,591 sample_targets sampled 8368 / 30000
2026-05-20 23:13:43,589 sample_targets sampled 8384 / 30000
2026-05-20 23:13:44,586 sample_targets sampled 8400 / 30000
2026-05-20 23:13:45,664 sample_targets sampled 8416 / 30000
2026-05-20 23:13:46,673 sample_targets sampled 8432 / 30000
2026-05-20 23:13:47,673 sample_targets sampled 8448 / 30000
2026-05-20 23:13:48,670 sample_targets sampled 8464 / 30000
2026-05-20 23:13:49,667 sample_targets sampled 8480 / 30000
2026-05-20 23:13:50,663 sample_targets sampled 8496 / 30000
2026-05-20 23:13:51,659 sample_targets sampled 8512 / 30000
2026-05-20 23:13:52,659 sample_targets sampled 8528 / 30000
2026-05-20 23:13:53,656 sample_targets sampled 8544 / 30000
2026-05-20 23:13:54,656 sample_targets sampled 8560 / 30000
2026-05-20 23:13:55,649 sample_targets sampled 8576 / 30000
2026-05-20 23:13:56,644 sample_targets sampled 8592 / 30000
2026-05-20 23:13:57,641 sample_targets sampled 8608 / 30000
2026-05-20 23:13:58,638 sample_targets sampled 8624 / 30000
2026-05-20 23:13:59,638 sample_targets sampled 8640 / 30000
2026-05-20 23:14:00,635 sample_targets sampled 8656 / 30000
2026-05-20 23:14:01,629 sample_targets sampled 8672 / 30000
2026-05-20 23:14:02,627 sample_targets sampled 8688 / 30000
2026-05-20 23:14:03,623 sample_targets sampled 8704 / 30000
2026-05-20 23:14:04,623 sample_targets sampled 8720 / 30000
2026-05-20 23:14:05,621 sample_targets sampled 8736 / 30000
2026-05-20 23:14:06,617 sample_targets sampled 8752 / 30000
2026-05-20 23:14:07,613 sample_targets sampled 8768 / 30000
2026-05-20 23:14:08,610 sample_targets sampled 8784 / 30000
2026-05-20 23:14:09,607 sample_targets sampled 8800 / 30000
2026-05-20 23:14:10,605 sample_targets sampled 8816 / 30000
2026-05-20 23:14:11,604 sample_targets sampled 8832 / 30000
2026-05-20 23:14:12,602 sample_targets sampled 8848 / 30000
2026-05-20 23:14:13,601 sample_targets sampled 8864 / 30000
2026-05-20 23:14:14,596 sample_targets sampled 8880 / 30000
2026-05-20 23:14:15,594 sample_targets sampled 8896 / 30000
2026-05-20 23:14:16,592 sample_targets sampled 8912 / 30000
2026-05-20 23:14:17,590 sample_targets sampled 8928 / 30000
2026-05-20 23:14:19,014 sample_targets sampled 8944 / 30000
2026-05-20 23:14:20,025 sample_targets sampled 8960 / 30000
2026-05-20 23:14:21,014 sample_targets sampled 8976 / 30000
2026-05-20 23:14:22,011 sample_targets sampled 8992 / 30000
2026-05-20 23:14:23,010 sample_targets sampled 9008 / 30000
2026-05-20 23:14:24,009 sample_targets sampled 9024 / 30000
2026-05-20 23:14:25,007 sample_targets sampled 9040 / 30000
2026-05-20 23:14:26,005 sample_targets sampled 9056 / 30000
2026-05-20 23:14:27,004 sample_targets sampled 9072 / 30000
2026-05-20 23:14:28,216 sample_targets sampled 9088 / 30000
2026-05-20 23:14:29,216 sample_targets sampled 9104 / 30000
2026-05-20 23:14:30,213 sample_targets sampled 9120 / 30000
2026-05-20 23:14:31,213 sample_targets sampled 9136 / 30000
2026-05-20 23:14:32,213 sample_targets sampled 9152 / 30000
2026-05-20 23:14:33,219 sample_targets sampled 9168 / 30000
2026-05-20 23:14:34,216 sample_targets sampled 9184 / 30000
2026-05-20 23:14:35,213 sample_targets sampled 9200 / 30000
2026-05-20 23:14:36,208 sample_targets sampled 9216 / 30000
2026-05-20 23:14:37,208 sample_targets sampled 9232 / 30000
2026-05-20 23:14:38,207 sample_targets sampled 9248 / 30000
2026-05-20 23:14:39,207 sample_targets sampled 9264 / 30000
2026-05-20 23:14:40,203 sample_targets sampled 9280 / 30000
2026-05-20 23:14:41,201 sample_targets sampled 9296 / 30000
2026-05-20 23:14:42,201 sample_targets sampled 9312 / 30000
2026-05-20 23:14:43,201 sample_targets sampled 9328 / 30000
2026-05-20 23:14:44,194 sample_targets sampled 9344 / 30000
2026-05-20 23:14:45,191 sample_targets sampled 9360 / 30000
2026-05-20 23:14:46,188 sample_targets sampled 9376 / 30000
2026-05-20 23:14:47,186 sample_targets sampled 9392 / 30000
2026-05-20 23:14:48,183 sample_targets sampled 9408 / 30000
2026-05-20 23:14:49,182 sample_targets sampled 9424 / 30000
2026-05-20 23:14:50,179 sample_targets sampled 9440 / 30000
2026-05-20 23:14:51,179 sample_targets sampled 9456 / 30000
2026-05-20 23:14:52,259 sample_targets sampled 9472 / 30000
2026-05-20 23:14:53,272 sample_targets sampled 9488 / 30000
2026-05-20 23:14:54,270 sample_targets sampled 9504 / 30000
2026-05-20 23:14:55,269 sample_targets sampled 9520 / 30000
2026-05-20 23:14:56,269 sample_targets sampled 9536 / 30000
2026-05-20 23:14:57,283 sample_targets sampled 9552 / 30000
2026-05-20 23:14:58,307 sample_targets sampled 9568 / 30000
2026-05-20 23:14:59,304 sample_targets sampled 9584 / 30000
2026-05-20 23:15:00,302 sample_targets sampled 9600 / 30000
2026-05-20 23:15:01,298 sample_targets sampled 9616 / 30000
2026-05-20 23:15:02,295 sample_targets sampled 9632 / 30000
2026-05-20 23:15:03,296 sample_targets sampled 9648 / 30000
2026-05-20 23:15:04,290 sample_targets sampled 9664 / 30000
2026-05-20 23:15:05,285 sample_targets sampled 9680 / 30000
2026-05-20 23:15:06,283 sample_targets sampled 9696 / 30000
2026-05-20 23:15:07,284 sample_targets sampled 9712 / 30000
2026-05-20 23:15:08,536 sample_targets sampled 9728 / 30000
2026-05-20 23:15:09,616 sample_targets sampled 9744 / 30000
2026-05-20 23:15:10,611 sample_targets sampled 9760 / 30000
2026-05-20 23:15:11,614 sample_targets sampled 9776 / 30000
2026-05-20 23:15:12,610 sample_targets sampled 9792 / 30000
2026-05-20 23:15:14,014 sample_targets sampled 9808 / 30000
2026-05-20 23:15:15,012 sample_targets sampled 9824 / 30000
2026-05-20 23:15:16,011 sample_targets sampled 9840 / 30000
2026-05-20 23:15:17,010 sample_targets sampled 9856 / 30000
2026-05-20 23:15:18,014 sample_targets sampled 9872 / 30000
2026-05-20 23:15:19,012 sample_targets sampled 9888 / 30000
2026-05-20 23:15:20,017 sample_targets sampled 9904 / 30000
2026-05-20 23:15:21,018 sample_targets sampled 9920 / 30000
2026-05-20 23:15:22,013 sample_targets sampled 9936 / 30000
2026-05-20 23:15:23,010 sample_targets sampled 9952 / 30000
2026-05-20 23:15:24,011 sample_targets sampled 9968 / 30000
2026-05-20 23:15:25,011 sample_targets sampled 9984 / 30000
2026-05-20 23:15:26,045 sample_targets sampled 10000 / 30000
2026-05-20 23:15:27,043 sample_targets sampled 10016 / 30000
2026-05-20 23:15:28,041 sample_targets sampled 10032 / 30000
2026-05-20 23:15:29,040 sample_targets sampled 10048 / 30000
2026-05-20 23:15:30,040 sample_targets sampled 10064 / 30000
2026-05-20 23:15:31,037 sample_targets sampled 10080 / 30000
2026-05-20 23:15:32,037 sample_targets sampled 10096 / 30000
2026-05-20 23:15:33,034 sample_targets sampled 10112 / 30000
2026-05-20 23:15:34,032 sample_targets sampled 10128 / 30000
2026-05-20 23:15:35,414 sample_targets sampled 10144 / 30000
2026-05-20 23:15:36,410 sample_targets sampled 10160 / 30000
2026-05-20 23:15:37,406 sample_targets sampled 10176 / 30000
2026-05-20 23:15:38,403 sample_targets sampled 10192 / 30000
2026-05-20 23:15:39,401 sample_targets sampled 10208 / 30000
2026-05-20 23:15:40,399 sample_targets sampled 10224 / 30000
2026-05-20 23:15:41,396 sample_targets sampled 10240 / 30000
2026-05-20 23:15:42,395 sample_targets sampled 10256 / 30000
2026-05-20 23:15:43,392 sample_targets sampled 10272 / 30000
2026-05-20 23:15:44,392 sample_targets sampled 10288 / 30000
2026-05-20 23:15:45,390 sample_targets sampled 10304 / 30000
2026-05-20 23:15:46,714 sample_targets sampled 10320 / 30000
2026-05-20 23:15:47,712 sample_targets sampled 10336 / 30000
2026-05-20 23:15:48,711 sample_targets sampled 10352 / 30000
2026-05-20 23:15:49,707 sample_targets sampled 10368 / 30000
2026-05-20 23:15:50,705 sample_targets sampled 10384 / 30000
2026-05-20 23:15:51,702 sample_targets sampled 10400 / 30000
2026-05-20 23:15:52,695 sample_targets sampled 10416 / 30000
2026-05-20 23:15:53,694 sample_targets sampled 10432 / 30000
2026-05-20 23:15:54,696 sample_targets sampled 10448 / 30000
2026-05-20 23:15:55,694 sample_targets sampled 10464 / 30000
2026-05-20 23:15:56,693 sample_targets sampled 10480 / 30000
2026-05-20 23:15:57,690 sample_targets sampled 10496 / 30000
2026-05-20 23:15:59,016 sample_targets sampled 10512 / 30000
2026-05-20 23:16:00,017 sample_targets sampled 10528 / 30000
2026-05-20 23:16:01,013 sample_targets sampled 10544 / 30000
2026-05-20 23:16:02,009 sample_targets sampled 10560 / 30000
2026-05-20 23:16:03,005 sample_targets sampled 10576 / 30000
2026-05-20 23:16:04,005 sample_targets sampled 10592 / 30000
2026-05-20 23:16:05,003 sample_targets sampled 10608 / 30000
2026-05-20 23:16:06,000 sample_targets sampled 10624 / 30000
2026-05-20 23:16:06,998 sample_targets sampled 10640 / 30000
2026-05-20 23:16:07,995 sample_targets sampled 10656 / 30000
2026-05-20 23:16:08,991 sample_targets sampled 10672 / 30000
2026-05-20 23:16:09,988 sample_targets sampled 10688 / 30000
2026-05-20 23:16:10,985 sample_targets sampled 10704 / 30000
2026-05-20 23:16:11,977 sample_targets sampled 10720 / 30000
2026-05-20 23:16:12,973 sample_targets sampled 10736 / 30000
2026-05-20 23:16:13,973 sample_targets sampled 10752 / 30000
2026-05-20 23:16:14,970 sample_targets sampled 10768 / 30000
2026-05-20 23:16:15,971 sample_targets sampled 10784 / 30000
2026-05-20 23:16:16,967 sample_targets sampled 10800 / 30000
2026-05-20 23:16:17,967 sample_targets sampled 10816 / 30000
2026-05-20 23:16:18,963 sample_targets sampled 10832 / 30000
2026-05-20 23:16:19,970 sample_targets sampled 10848 / 30000
2026-05-20 23:16:20,974 sample_targets sampled 10864 / 30000
2026-05-20 23:16:21,972 sample_targets sampled 10880 / 30000
2026-05-20 23:16:22,972 sample_targets sampled 10896 / 30000
2026-05-20 23:16:23,970 sample_targets sampled 10912 / 30000
2026-05-20 23:16:24,966 sample_targets sampled 10928 / 30000
2026-05-20 23:16:25,962 sample_targets sampled 10944 / 30000
2026-05-20 23:16:26,959 sample_targets sampled 10960 / 30000
2026-05-20 23:16:27,957 sample_targets sampled 10976 / 30000
2026-05-20 23:16:28,953 sample_targets sampled 10992 / 30000
2026-05-20 23:16:29,949 sample_targets sampled 11008 / 30000
2026-05-20 23:16:30,945 sample_targets sampled 11024 / 30000
2026-05-20 23:16:31,986 sample_targets sampled 11040 / 30000
2026-05-20 23:16:32,992 sample_targets sampled 11056 / 30000
2026-05-20 23:16:33,992 sample_targets sampled 11072 / 30000
2026-05-20 23:16:34,990 sample_targets sampled 11088 / 30000
2026-05-20 23:16:35,988 sample_targets sampled 11104 / 30000
2026-05-20 23:16:36,986 sample_targets sampled 11120 / 30000
2026-05-20 23:16:37,987 sample_targets sampled 11136 / 30000
2026-05-20 23:16:38,985 sample_targets sampled 11152 / 30000
2026-05-20 23:16:39,982 sample_targets sampled 11168 / 30000
2026-05-20 23:16:40,977 sample_targets sampled 11184 / 30000
2026-05-20 23:16:41,973 sample_targets sampled 11200 / 30000
2026-05-20 23:16:42,968 sample_targets sampled 11216 / 30000
2026-05-20 23:16:43,964 sample_targets sampled 11232 / 30000
2026-05-20 23:16:44,960 sample_targets sampled 11248 / 30000
2026-05-20 23:16:45,958 sample_targets sampled 11264 / 30000
2026-05-20 23:16:46,957 sample_targets sampled 11280 / 30000
2026-05-20 23:16:47,954 sample_targets sampled 11296 / 30000
2026-05-20 23:16:48,949 sample_targets sampled 11312 / 30000
2026-05-20 23:16:49,945 sample_targets sampled 11328 / 30000
2026-05-20 23:16:50,941 sample_targets sampled 11344 / 30000
2026-05-20 23:16:51,937 sample_targets sampled 11360 / 30000
2026-05-20 23:16:52,927 sample_targets sampled 11376 / 30000
2026-05-20 23:16:53,924 sample_targets sampled 11392 / 30000
2026-05-20 23:16:54,924 sample_targets sampled 11408 / 30000
2026-05-20 23:16:55,922 sample_targets sampled 11424 / 30000
2026-05-20 23:16:56,917 sample_targets sampled 11440 / 30000
2026-05-20 23:16:57,915 sample_targets sampled 11456 / 30000
2026-05-20 23:16:58,911 sample_targets sampled 11472 / 30000
2026-05-20 23:16:59,911 sample_targets sampled 11488 / 30000
2026-05-20 23:17:00,906 sample_targets sampled 11504 / 30000
2026-05-20 23:17:01,905 sample_targets sampled 11520 / 30000
2026-05-20 23:17:02,905 sample_targets sampled 11536 / 30000
2026-05-20 23:17:03,901 sample_targets sampled 11552 / 30000
2026-05-20 23:17:04,920 sample_targets sampled 11568 / 30000
2026-05-20 23:17:05,993 sample_targets sampled 11584 / 30000
2026-05-20 23:17:06,991 sample_targets sampled 11600 / 30000
2026-05-20 23:17:07,988 sample_targets sampled 11616 / 30000
2026-05-20 23:17:08,987 sample_targets sampled 11632 / 30000
2026-05-20 23:17:09,984 sample_targets sampled 11648 / 30000
2026-05-20 23:17:10,979 sample_targets sampled 11664 / 30000
2026-05-20 23:17:11,981 sample_targets sampled 11680 / 30000
2026-05-20 23:17:12,977 sample_targets sampled 11696 / 30000
2026-05-20 23:17:13,974 sample_targets sampled 11712 / 30000
2026-05-20 23:17:14,970 sample_targets sampled 11728 / 30000
2026-05-20 23:17:15,966 sample_targets sampled 11744 / 30000
2026-05-20 23:17:16,965 sample_targets sampled 11760 / 30000
2026-05-20 23:17:17,960 sample_targets sampled 11776 / 30000
2026-05-20 23:17:18,955 sample_targets sampled 11792 / 30000
2026-05-20 23:17:19,945 sample_targets sampled 11808 / 30000
2026-05-20 23:17:20,942 sample_targets sampled 11824 / 30000
2026-05-20 23:17:21,938 sample_targets sampled 11840 / 30000
2026-05-20 23:17:22,934 sample_targets sampled 11856 / 30000
2026-05-20 23:17:23,929 sample_targets sampled 11872 / 30000
2026-05-20 23:17:24,925 sample_targets sampled 11888 / 30000
2026-05-20 23:17:25,922 sample_targets sampled 11904 / 30000
2026-05-20 23:17:26,919 sample_targets sampled 11920 / 30000
2026-05-20 23:17:27,919 sample_targets sampled 11936 / 30000
2026-05-20 23:17:28,915 sample_targets sampled 11952 / 30000
2026-05-20 23:17:29,917 sample_targets sampled 11968 / 30000
2026-05-20 23:17:30,914 sample_targets sampled 11984 / 30000
2026-05-20 23:17:31,911 sample_targets sampled 12000 / 30000
2026-05-20 23:17:32,906 sample_targets sampled 12016 / 30000
2026-05-20 23:17:33,902 sample_targets sampled 12032 / 30000
2026-05-20 23:17:34,899 sample_targets sampled 12048 / 30000
2026-05-20 23:17:35,896 sample_targets sampled 12064 / 30000
2026-05-20 23:17:36,892 sample_targets sampled 12080 / 30000
2026-05-20 23:17:37,889 sample_targets sampled 12096 / 30000
2026-05-20 23:17:38,990 sample_targets sampled 12112 / 30000
2026-05-20 23:17:39,987 sample_targets sampled 12128 / 30000
2026-05-20 23:17:40,984 sample_targets sampled 12144 / 30000
2026-05-20 23:17:41,974 sample_targets sampled 12160 / 30000
2026-05-20 23:17:42,970 sample_targets sampled 12176 / 30000
2026-05-20 23:17:43,969 sample_targets sampled 12192 / 30000
2026-05-20 23:17:44,967 sample_targets sampled 12208 / 30000
2026-05-20 23:17:45,964 sample_targets sampled 12224 / 30000
2026-05-20 23:17:46,967 sample_targets sampled 12240 / 30000
2026-05-20 23:17:47,963 sample_targets sampled 12256 / 30000
2026-05-20 23:17:48,959 sample_targets sampled 12272 / 30000
2026-05-20 23:17:49,958 sample_targets sampled 12288 / 30000
2026-05-20 23:17:50,962 sample_targets sampled 12304 / 30000
2026-05-20 23:17:51,960 sample_targets sampled 12320 / 30000
2026-05-20 23:17:52,961 sample_targets sampled 12336 / 30000
2026-05-20 23:17:53,962 sample_targets sampled 12352 / 30000
2026-05-20 23:17:54,959 sample_targets sampled 12368 / 30000
2026-05-20 23:17:55,961 sample_targets sampled 12384 / 30000
2026-05-20 23:17:56,957 sample_targets sampled 12400 / 30000
2026-05-20 23:17:57,960 sample_targets sampled 12416 / 30000
2026-05-20 23:17:58,963 sample_targets sampled 12432 / 30000
2026-05-20 23:17:59,963 sample_targets sampled 12448 / 30000
2026-05-20 23:18:00,960 sample_targets sampled 12464 / 30000
2026-05-20 23:18:01,957 sample_targets sampled 12480 / 30000
2026-05-20 23:18:02,949 sample_targets sampled 12496 / 30000
2026-05-20 23:18:03,952 sample_targets sampled 12512 / 30000
2026-05-20 23:18:04,950 sample_targets sampled 12528 / 30000
2026-05-20 23:18:05,949 sample_targets sampled 12544 / 30000
2026-05-20 23:18:06,949 sample_targets sampled 12560 / 30000
2026-05-20 23:18:07,947 sample_targets sampled 12576 / 30000
2026-05-20 23:18:08,944 sample_targets sampled 12592 / 30000
2026-05-20 23:18:09,943 sample_targets sampled 12608 / 30000
2026-05-20 23:18:10,939 sample_targets sampled 12624 / 30000
2026-05-20 23:18:12,002 sample_targets sampled 12640 / 30000
2026-05-20 23:18:12,998 sample_targets sampled 12656 / 30000
2026-05-20 23:18:13,992 sample_targets sampled 12672 / 30000
2026-05-20 23:18:14,988 sample_targets sampled 12688 / 30000
2026-05-20 23:18:15,985 sample_targets sampled 12704 / 30000
2026-05-20 23:18:16,982 sample_targets sampled 12720 / 30000
2026-05-20 23:18:17,976 sample_targets sampled 12736 / 30000
2026-05-20 23:18:18,971 sample_targets sampled 12752 / 30000
2026-05-20 23:18:19,968 sample_targets sampled 12768 / 30000
2026-05-20 23:18:20,964 sample_targets sampled 12784 / 30000
2026-05-20 23:18:21,957 sample_targets sampled 12800 / 30000
2026-05-20 23:18:22,954 sample_targets sampled 12816 / 30000
2026-05-20 23:18:23,952 sample_targets sampled 12832 / 30000
2026-05-20 23:18:24,949 sample_targets sampled 12848 / 30000
2026-05-20 23:18:25,948 sample_targets sampled 12864 / 30000
2026-05-20 23:18:26,946 sample_targets sampled 12880 / 30000
2026-05-20 23:18:27,942 sample_targets sampled 12896 / 30000
2026-05-20 23:18:28,939 sample_targets sampled 12912 / 30000
2026-05-20 23:18:29,935 sample_targets sampled 12928 / 30000
2026-05-20 23:18:30,933 sample_targets sampled 12944 / 30000
2026-05-20 23:18:31,929 sample_targets sampled 12960 / 30000
2026-05-20 23:18:32,927 sample_targets sampled 12976 / 30000
2026-05-20 23:18:33,922 sample_targets sampled 12992 / 30000
2026-05-20 23:18:34,920 sample_targets sampled 13008 / 30000
2026-05-20 23:18:35,915 sample_targets sampled 13024 / 30000
2026-05-20 23:18:36,910 sample_targets sampled 13040 / 30000
2026-05-20 23:18:37,903 sample_targets sampled 13056 / 30000
2026-05-20 23:18:38,901 sample_targets sampled 13072 / 30000
2026-05-20 23:18:39,898 sample_targets sampled 13088 / 30000
2026-05-20 23:18:40,895 sample_targets sampled 13104 / 30000
2026-05-20 23:18:41,891 sample_targets sampled 13120 / 30000
2026-05-20 23:18:42,890 sample_targets sampled 13136 / 30000
2026-05-20 23:18:43,879 sample_targets sampled 13152 / 30000
2026-05-20 23:18:44,923 sample_targets sampled 13168 / 30000
2026-05-20 23:18:45,970 sample_targets sampled 13184 / 30000
2026-05-20 23:18:46,966 sample_targets sampled 13200 / 30000
2026-05-20 23:18:47,962 sample_targets sampled 13216 / 30000
2026-05-20 23:18:48,958 sample_targets sampled 13232 / 30000
2026-05-20 23:18:49,952 sample_targets sampled 13248 / 30000
2026-05-20 23:18:50,948 sample_targets sampled 13264 / 30000
2026-05-20 23:18:51,944 sample_targets sampled 13280 / 30000
2026-05-20 23:18:52,941 sample_targets sampled 13296 / 30000
2026-05-20 23:18:53,936 sample_targets sampled 13312 / 30000
2026-05-20 23:18:54,932 sample_targets sampled 13328 / 30000
2026-05-20 23:18:55,930 sample_targets sampled 13344 / 30000
2026-05-20 23:18:56,925 sample_targets sampled 13360 / 30000
2026-05-20 23:18:57,922 sample_targets sampled 13376 / 30000
2026-05-20 23:18:58,918 sample_targets sampled 13392 / 30000
2026-05-20 23:18:59,915 sample_targets sampled 13408 / 30000
2026-05-20 23:19:01,048 sample_targets sampled 13424 / 30000
2026-05-20 23:19:02,047 sample_targets sampled 13440 / 30000
2026-05-20 23:19:03,044 sample_targets sampled 13456 / 30000
2026-05-20 23:19:04,043 sample_targets sampled 13472 / 30000
2026-05-20 23:19:05,035 sample_targets sampled 13488 / 30000
2026-05-20 23:19:06,034 sample_targets sampled 13504 / 30000
2026-05-20 23:19:07,033 sample_targets sampled 13520 / 30000
2026-05-20 23:19:08,030 sample_targets sampled 13536 / 30000
2026-05-20 23:19:09,030 sample_targets sampled 13552 / 30000
2026-05-20 23:19:10,029 sample_targets sampled 13568 / 30000
2026-05-20 23:19:11,026 sample_targets sampled 13584 / 30000
2026-05-20 23:19:12,021 sample_targets sampled 13600 / 30000
2026-05-20 23:19:13,020 sample_targets sampled 13616 / 30000
2026-05-20 23:19:14,022 sample_targets sampled 13632 / 30000
2026-05-20 23:19:15,019 sample_targets sampled 13648 / 30000
2026-05-20 23:19:16,016 sample_targets sampled 13664 / 30000
2026-05-20 23:19:17,011 sample_targets sampled 13680 / 30000
2026-05-20 23:19:18,029 sample_targets sampled 13696 / 30000
2026-05-20 23:19:19,099 sample_targets sampled 13712 / 30000
2026-05-20 23:19:20,097 sample_targets sampled 13728 / 30000
2026-05-20 23:19:21,095 sample_targets sampled 13744 / 30000
2026-05-20 23:19:22,095 sample_targets sampled 13760 / 30000
2026-05-20 23:19:23,092 sample_targets sampled 13776 / 30000
2026-05-20 23:19:24,090 sample_targets sampled 13792 / 30000
2026-05-20 23:19:25,081 sample_targets sampled 13808 / 30000
2026-05-20 23:19:26,079 sample_targets sampled 13824 / 30000
2026-05-20 23:19:27,078 sample_targets sampled 13840 / 30000
2026-05-20 23:19:28,078 sample_targets sampled 13856 / 30000
2026-05-20 23:19:29,074 sample_targets sampled 13872 / 30000
2026-05-20 23:19:30,216 sample_targets sampled 13888 / 30000
2026-05-20 23:19:31,214 sample_targets sampled 13904 / 30000
2026-05-20 23:19:32,210 sample_targets sampled 13920 / 30000
2026-05-20 23:19:33,206 sample_targets sampled 13936 / 30000
2026-05-20 23:19:34,201 sample_targets sampled 13952 / 30000
2026-05-20 23:19:35,195 sample_targets sampled 13968 / 30000
2026-05-20 23:19:36,192 sample_targets sampled 13984 / 30000
2026-05-20 23:19:37,189 sample_targets sampled 14000 / 30000
2026-05-20 23:19:38,187 sample_targets sampled 14016 / 30000
2026-05-20 23:19:39,184 sample_targets sampled 14032 / 30000
2026-05-20 23:19:40,182 sample_targets sampled 14048 / 30000
2026-05-20 23:19:41,181 sample_targets sampled 14064 / 30000
2026-05-20 23:19:42,172 sample_targets sampled 14080 / 30000
2026-05-20 23:19:43,170 sample_targets sampled 14096 / 30000
2026-05-20 23:19:44,167 sample_targets sampled 14112 / 30000
2026-05-20 23:19:45,164 sample_targets sampled 14128 / 30000
2026-05-20 23:19:46,162 sample_targets sampled 14144 / 30000
2026-05-20 23:19:47,159 sample_targets sampled 14160 / 30000
2026-05-20 23:19:48,158 sample_targets sampled 14176 / 30000
2026-05-20 23:19:49,157 sample_targets sampled 14192 / 30000
2026-05-20 23:19:50,152 sample_targets sampled 14208 / 30000
2026-05-20 23:19:51,149 sample_targets sampled 14224 / 30000
2026-05-20 23:19:52,239 sample_targets sampled 14240 / 30000
2026-05-20 23:19:53,237 sample_targets sampled 14256 / 30000
2026-05-20 23:19:54,234 sample_targets sampled 14272 / 30000
2026-05-20 23:19:55,230 sample_targets sampled 14288 / 30000
2026-05-20 23:19:56,228 sample_targets sampled 14304 / 30000
2026-05-20 23:19:57,225 sample_targets sampled 14320 / 30000
2026-05-20 23:19:58,222 sample_targets sampled 14336 / 30000
2026-05-20 23:19:59,218 sample_targets sampled 14352 / 30000
2026-05-20 23:20:00,217 sample_targets sampled 14368 / 30000
2026-05-20 23:20:01,218 sample_targets sampled 14384 / 30000
2026-05-20 23:20:02,215 sample_targets sampled 14400 / 30000
2026-05-20 23:20:03,207 sample_targets sampled 14416 / 30000
2026-05-20 23:20:04,208 sample_targets sampled 14432 / 30000
2026-05-20 23:20:05,207 sample_targets sampled 14448 / 30000
2026-05-20 23:20:06,206 sample_targets sampled 14464 / 30000
2026-05-20 23:20:07,206 sample_targets sampled 14480 / 30000
2026-05-20 23:20:08,204 sample_targets sampled 14496 / 30000
2026-05-20 23:20:09,203 sample_targets sampled 14512 / 30000
2026-05-20 23:20:10,204 sample_targets sampled 14528 / 30000
2026-05-20 23:20:11,204 sample_targets sampled 14544 / 30000
2026-05-20 23:20:12,202 sample_targets sampled 14560 / 30000
2026-05-20 23:20:13,206 sample_targets sampled 14576 / 30000
2026-05-20 23:20:14,207 sample_targets sampled 14592 / 30000
2026-05-20 23:20:15,205 sample_targets sampled 14608 / 30000
2026-05-20 23:20:16,210 sample_targets sampled 14624 / 30000
2026-05-20 23:20:17,212 sample_targets sampled 14640 / 30000
2026-05-20 23:20:18,212 sample_targets sampled 14656 / 30000
2026-05-20 23:20:19,227 sample_targets sampled 14672 / 30000
2026-05-20 23:20:20,302 sample_targets sampled 14688 / 30000
2026-05-20 23:20:21,299 sample_targets sampled 14704 / 30000
2026-05-20 23:20:22,297 sample_targets sampled 14720 / 30000
2026-05-20 23:20:23,293 sample_targets sampled 14736 / 30000
2026-05-20 23:20:24,283 sample_targets sampled 14752 / 30000
2026-05-20 23:20:25,320 sample_targets sampled 14768 / 30000
2026-05-20 23:20:26,318 sample_targets sampled 14784 / 30000
2026-05-20 23:20:27,314 sample_targets sampled 14800 / 30000
2026-05-20 23:20:28,312 sample_targets sampled 14816 / 30000
2026-05-20 23:20:29,310 sample_targets sampled 14832 / 30000
2026-05-20 23:20:30,310 sample_targets sampled 14848 / 30000
2026-05-20 23:20:31,307 sample_targets sampled 14864 / 30000
2026-05-20 23:20:32,306 sample_targets sampled 14880 / 30000
2026-05-20 23:20:33,305 sample_targets sampled 14896 / 30000
2026-05-20 23:20:34,302 sample_targets sampled 14912 / 30000
2026-05-20 23:20:35,301 sample_targets sampled 14928 / 30000
2026-05-20 23:20:36,299 sample_targets sampled 14944 / 30000
2026-05-20 23:20:37,295 sample_targets sampled 14960 / 30000
2026-05-20 23:20:38,294 sample_targets sampled 14976 / 30000
2026-05-20 23:20:39,288 sample_targets sampled 14992 / 30000
2026-05-20 23:20:40,285 sample_targets sampled 15008 / 30000
2026-05-20 23:20:41,280 sample_targets sampled 15024 / 30000
2026-05-20 23:20:42,278 sample_targets sampled 15040 / 30000
2026-05-20 23:20:43,277 sample_targets sampled 15056 / 30000
2026-05-20 23:20:44,268 sample_targets sampled 15072 / 30000
2026-05-20 23:20:45,268 sample_targets sampled 15088 / 30000
2026-05-20 23:20:46,268 sample_targets sampled 15104 / 30000
2026-05-20 23:20:47,264 sample_targets sampled 15120 / 30000
2026-05-20 23:20:48,261 sample_targets sampled 15136 / 30000
2026-05-20 23:20:49,260 sample_targets sampled 15152 / 30000
2026-05-20 23:20:50,260 sample_targets sampled 15168 / 30000
2026-05-20 23:20:51,261 sample_targets sampled 15184 / 30000
2026-05-20 23:20:52,259 sample_targets sampled 15200 / 30000
2026-05-20 23:20:53,258 sample_targets sampled 15216 / 30000
2026-05-20 23:20:54,260 sample_targets sampled 15232 / 30000
2026-05-20 23:20:55,260 sample_targets sampled 15248 / 30000
2026-05-20 23:20:56,260 sample_targets sampled 15264 / 30000
2026-05-20 23:20:57,257 sample_targets sampled 15280 / 30000
2026-05-20 23:20:58,341 sample_targets sampled 15296 / 30000
2026-05-20 23:20:59,339 sample_targets sampled 15312 / 30000
2026-05-20 23:21:00,334 sample_targets sampled 15328 / 30000
2026-05-20 23:21:01,332 sample_targets sampled 15344 / 30000
2026-05-20 23:21:02,329 sample_targets sampled 15360 / 30000
2026-05-20 23:21:03,327 sample_targets sampled 15376 / 30000
2026-05-20 23:21:04,325 sample_targets sampled 15392 / 30000
2026-05-20 23:21:05,321 sample_targets sampled 15408 / 30000
2026-05-20 23:21:06,311 sample_targets sampled 15424 / 30000
2026-05-20 23:21:07,308 sample_targets sampled 15440 / 30000
2026-05-20 23:21:08,306 sample_targets sampled 15456 / 30000
2026-05-20 23:21:09,303 sample_targets sampled 15472 / 30000
2026-05-20 23:21:10,298 sample_targets sampled 15488 / 30000
2026-05-20 23:21:11,293 sample_targets sampled 15504 / 30000
2026-05-20 23:21:12,290 sample_targets sampled 15520 / 30000
2026-05-20 23:21:13,286 sample_targets sampled 15536 / 30000
2026-05-20 23:21:14,283 sample_targets sampled 15552 / 30000
2026-05-20 23:21:15,280 sample_targets sampled 15568 / 30000
2026-05-20 23:21:16,278 sample_targets sampled 15584 / 30000
2026-05-20 23:21:17,276 sample_targets sampled 15600 / 30000
2026-05-20 23:21:18,270 sample_targets sampled 15616 / 30000
2026-05-20 23:21:19,268 sample_targets sampled 15632 / 30000
2026-05-20 23:21:20,263 sample_targets sampled 15648 / 30000
2026-05-20 23:21:21,261 sample_targets sampled 15664 / 30000
2026-05-20 23:21:22,260 sample_targets sampled 15680 / 30000
2026-05-20 23:21:23,256 sample_targets sampled 15696 / 30000
2026-05-20 23:21:24,253 sample_targets sampled 15712 / 30000
2026-05-20 23:21:25,251 sample_targets sampled 15728 / 30000
2026-05-20 23:21:26,246 sample_targets sampled 15744 / 30000
2026-05-20 23:21:27,242 sample_targets sampled 15760 / 30000
2026-05-20 23:21:28,233 sample_targets sampled 15776 / 30000
2026-05-20 23:21:29,229 sample_targets sampled 15792 / 30000
2026-05-20 23:21:30,227 sample_targets sampled 15808 / 30000
2026-05-20 23:21:31,262 sample_targets sampled 15824 / 30000
2026-05-20 23:21:32,313 sample_targets sampled 15840 / 30000
2026-05-20 23:21:33,311 sample_targets sampled 15856 / 30000
2026-05-20 23:21:34,310 sample_targets sampled 15872 / 30000
2026-05-20 23:21:35,310 sample_targets sampled 15888 / 30000
2026-05-20 23:21:36,309 sample_targets sampled 15904 / 30000
2026-05-20 23:21:37,418 sample_targets sampled 15920 / 30000
2026-05-20 23:21:38,416 sample_targets sampled 15936 / 30000
2026-05-20 23:21:39,411 sample_targets sampled 15952 / 30000
2026-05-20 23:21:40,408 sample_targets sampled 15968 / 30000
2026-05-20 23:21:41,404 sample_targets sampled 15984 / 30000
2026-05-20 23:21:42,399 sample_targets sampled 16000 / 30000
2026-05-20 23:21:43,394 sample_targets sampled 16016 / 30000
2026-05-20 23:21:44,390 sample_targets sampled 16032 / 30000
2026-05-20 23:21:45,379 sample_targets sampled 16048 / 30000
2026-05-20 23:21:46,376 sample_targets sampled 16064 / 30000
2026-05-20 23:21:47,374 sample_targets sampled 16080 / 30000
2026-05-20 23:21:48,372 sample_targets sampled 16096 / 30000
2026-05-20 23:21:49,369 sample_targets sampled 16112 / 30000
2026-05-20 23:21:50,366 sample_targets sampled 16128 / 30000
2026-05-20 23:21:51,363 sample_targets sampled 16144 / 30000
2026-05-20 23:21:52,362 sample_targets sampled 16160 / 30000
2026-05-20 23:21:53,358 sample_targets sampled 16176 / 30000
2026-05-20 23:21:54,355 sample_targets sampled 16192 / 30000
2026-05-20 23:21:55,353 sample_targets sampled 16208 / 30000
2026-05-20 23:21:56,351 sample_targets sampled 16224 / 30000
2026-05-20 23:21:57,349 sample_targets sampled 16240 / 30000
2026-05-20 23:21:58,353 sample_targets sampled 16256 / 30000
2026-05-20 23:21:59,350 sample_targets sampled 16272 / 30000
2026-05-20 23:22:00,347 sample_targets sampled 16288 / 30000
2026-05-20 23:22:01,344 sample_targets sampled 16304 / 30000
2026-05-20 23:22:02,340 sample_targets sampled 16320 / 30000
2026-05-20 23:22:03,338 sample_targets sampled 16336 / 30000
2026-05-20 23:22:04,346 sample_targets sampled 16352 / 30000
2026-05-20 23:22:05,424 sample_targets sampled 16368 / 30000
2026-05-20 23:22:06,421 sample_targets sampled 16384 / 30000
2026-05-20 23:22:07,416 sample_targets sampled 16400 / 30000
2026-05-20 23:22:08,407 sample_targets sampled 16416 / 30000
2026-05-20 23:22:09,401 sample_targets sampled 16432 / 30000
2026-05-20 23:22:10,397 sample_targets sampled 16448 / 30000
2026-05-20 23:22:11,397 sample_targets sampled 16464 / 30000
2026-05-20 23:22:12,396 sample_targets sampled 16480 / 30000
2026-05-20 23:22:13,394 sample_targets sampled 16496 / 30000
2026-05-20 23:22:14,393 sample_targets sampled 16512 / 30000
2026-05-20 23:22:15,392 sample_targets sampled 16528 / 30000
2026-05-20 23:22:16,389 sample_targets sampled 16544 / 30000
2026-05-20 23:22:17,388 sample_targets sampled 16560 / 30000
2026-05-20 23:22:18,385 sample_targets sampled 16576 / 30000
2026-05-20 23:22:19,382 sample_targets sampled 16592 / 30000
2026-05-20 23:22:20,378 sample_targets sampled 16608 / 30000
2026-05-20 23:22:21,373 sample_targets sampled 16624 / 30000
2026-05-20 23:22:22,370 sample_targets sampled 16640 / 30000
2026-05-20 23:22:23,368 sample_targets sampled 16656 / 30000
2026-05-20 23:22:24,365 sample_targets sampled 16672 / 30000
2026-05-20 23:22:25,358 sample_targets sampled 16688 / 30000
2026-05-20 23:22:26,357 sample_targets sampled 16704 / 30000
2026-05-20 23:22:27,357 sample_targets sampled 16720 / 30000
2026-05-20 23:22:28,355 sample_targets sampled 16736 / 30000
2026-05-20 23:22:29,353 sample_targets sampled 16752 / 30000
2026-05-20 23:22:30,349 sample_targets sampled 16768 / 30000
2026-05-20 23:22:31,346 sample_targets sampled 16784 / 30000
2026-05-20 23:22:32,342 sample_targets sampled 16800 / 30000
2026-05-20 23:22:33,339 sample_targets sampled 16816 / 30000
2026-05-20 23:22:34,333 sample_targets sampled 16832 / 30000
2026-05-20 23:22:35,328 sample_targets sampled 16848 / 30000
2026-05-20 23:22:36,328 sample_targets sampled 16864 / 30000
2026-05-20 23:22:37,325 sample_targets sampled 16880 / 30000
2026-05-20 23:22:38,420 sample_targets sampled 16896 / 30000
2026-05-20 23:22:39,424 sample_targets sampled 16912 / 30000
2026-05-20 23:22:40,429 sample_targets sampled 16928 / 30000
2026-05-20 23:22:41,433 sample_targets sampled 16944 / 30000
2026-05-20 23:22:42,433 sample_targets sampled 16960 / 30000
2026-05-20 23:22:43,437 sample_targets sampled 16976 / 30000
2026-05-20 23:22:44,440 sample_targets sampled 16992 / 30000
2026-05-20 23:22:45,437 sample_targets sampled 17008 / 30000
2026-05-20 23:22:46,440 sample_targets sampled 17024 / 30000
2026-05-20 23:22:47,814 sample_targets sampled 17040 / 30000
2026-05-20 23:22:48,816 sample_targets sampled 17056 / 30000
2026-05-20 23:22:49,815 sample_targets sampled 17072 / 30000
2026-05-20 23:22:50,812 sample_targets sampled 17088 / 30000
2026-05-20 23:22:51,807 sample_targets sampled 17104 / 30000
2026-05-20 23:22:52,804 sample_targets sampled 17120 / 30000
2026-05-20 23:22:53,801 sample_targets sampled 17136 / 30000
2026-05-20 23:22:54,798 sample_targets sampled 17152 / 30000
2026-05-20 23:22:55,795 sample_targets sampled 17168 / 30000
2026-05-20 23:22:56,791 sample_targets sampled 17184 / 30000
2026-05-20 23:22:57,788 sample_targets sampled 17200 / 30000
2026-05-20 23:22:58,785 sample_targets sampled 17216 / 30000
2026-05-20 23:22:59,783 sample_targets sampled 17232 / 30000
2026-05-20 23:23:00,779 sample_targets sampled 17248 / 30000
2026-05-20 23:23:01,776 sample_targets sampled 17264 / 30000
2026-05-20 23:23:02,775 sample_targets sampled 17280 / 30000
2026-05-20 23:23:03,772 sample_targets sampled 17296 / 30000
2026-05-20 23:23:04,769 sample_targets sampled 17312 / 30000
2026-05-20 23:23:05,772 sample_targets sampled 17328 / 30000
2026-05-20 23:23:06,769 sample_targets sampled 17344 / 30000
2026-05-20 23:23:07,767 sample_targets sampled 17360 / 30000
2026-05-20 23:23:08,765 sample_targets sampled 17376 / 30000
2026-05-20 23:23:09,761 sample_targets sampled 17392 / 30000
2026-05-20 23:23:10,758 sample_targets sampled 17408 / 30000
2026-05-20 23:23:11,843 sample_targets sampled 17424 / 30000
2026-05-20 23:23:12,839 sample_targets sampled 17440 / 30000
2026-05-20 23:23:13,836 sample_targets sampled 17456 / 30000
2026-05-20 23:23:14,834 sample_targets sampled 17472 / 30000
2026-05-20 23:23:15,833 sample_targets sampled 17488 / 30000
2026-05-20 23:23:16,826 sample_targets sampled 17504 / 30000
2026-05-20 23:23:17,822 sample_targets sampled 17520 / 30000
2026-05-20 23:23:18,823 sample_targets sampled 17536 / 30000
2026-05-20 23:23:19,822 sample_targets sampled 17552 / 30000
2026-05-20 23:23:20,821 sample_targets sampled 17568 / 30000
2026-05-20 23:23:21,828 sample_targets sampled 17584 / 30000
2026-05-20 23:23:22,826 sample_targets sampled 17600 / 30000
2026-05-20 23:23:23,821 sample_targets sampled 17616 / 30000
2026-05-20 23:23:24,817 sample_targets sampled 17632 / 30000
2026-05-20 23:23:25,813 sample_targets sampled 17648 / 30000
2026-05-20 23:23:26,809 sample_targets sampled 17664 / 30000
2026-05-20 23:23:28,119 sample_targets sampled 17680 / 30000
2026-05-20 23:23:29,116 sample_targets sampled 17696 / 30000
2026-05-20 23:23:30,111 sample_targets sampled 17712 / 30000
2026-05-20 23:23:31,107 sample_targets sampled 17728 / 30000
2026-05-20 23:23:32,104 sample_targets sampled 17744 / 30000
2026-05-20 23:23:33,101 sample_targets sampled 17760 / 30000
2026-05-20 23:23:34,098 sample_targets sampled 17776 / 30000
2026-05-20 23:23:35,094 sample_targets sampled 17792 / 30000
2026-05-20 23:23:36,089 sample_targets sampled 17808 / 30000
2026-05-20 23:23:37,085 sample_targets sampled 17824 / 30000
2026-05-20 23:23:38,080 sample_targets sampled 17840 / 30000
2026-05-20 23:23:39,076 sample_targets sampled 17856 / 30000
2026-05-20 23:23:40,067 sample_targets sampled 17872 / 30000
2026-05-20 23:23:41,065 sample_targets sampled 17888 / 30000
2026-05-20 23:23:42,061 sample_targets sampled 17904 / 30000
2026-05-20 23:23:43,056 sample_targets sampled 17920 / 30000
2026-05-20 23:23:44,054 sample_targets sampled 17936 / 30000
2026-05-20 23:23:45,145 sample_targets sampled 17952 / 30000
2026-05-20 23:23:46,141 sample_targets sampled 17968 / 30000
2026-05-20 23:23:47,136 sample_targets sampled 17984 / 30000
2026-05-20 23:23:48,134 sample_targets sampled 18000 / 30000
2026-05-20 23:23:49,131 sample_targets sampled 18016 / 30000
2026-05-20 23:23:50,127 sample_targets sampled 18032 / 30000
2026-05-20 23:23:51,124 sample_targets sampled 18048 / 30000
2026-05-20 23:23:52,119 sample_targets sampled 18064 / 30000
2026-05-20 23:23:53,114 sample_targets sampled 18080 / 30000
2026-05-20 23:23:54,111 sample_targets sampled 18096 / 30000
2026-05-20 23:23:55,104 sample_targets sampled 18112 / 30000
2026-05-20 23:23:56,100 sample_targets sampled 18128 / 30000
2026-05-20 23:23:57,098 sample_targets sampled 18144 / 30000
2026-05-20 23:23:58,098 sample_targets sampled 18160 / 30000
2026-05-20 23:23:59,097 sample_targets sampled 18176 / 30000
2026-05-20 23:24:00,095 sample_targets sampled 18192 / 30000
2026-05-20 23:24:01,086 sample_targets sampled 18208 / 30000
2026-05-20 23:24:02,083 sample_targets sampled 18224 / 30000
2026-05-20 23:24:03,076 sample_targets sampled 18240 / 30000
2026-05-20 23:24:04,073 sample_targets sampled 18256 / 30000
2026-05-20 23:24:05,068 sample_targets sampled 18272 / 30000
2026-05-20 23:24:06,065 sample_targets sampled 18288 / 30000
2026-05-20 23:24:07,061 sample_targets sampled 18304 / 30000
2026-05-20 23:24:08,056 sample_targets sampled 18320 / 30000
2026-05-20 23:24:09,051 sample_targets sampled 18336 / 30000
2026-05-20 23:24:10,047 sample_targets sampled 18352 / 30000
2026-05-20 23:24:11,042 sample_targets sampled 18368 / 30000
2026-05-20 23:24:12,038 sample_targets sampled 18384 / 30000
2026-05-20 23:24:13,032 sample_targets sampled 18400 / 30000
2026-05-20 23:24:14,027 sample_targets sampled 18416 / 30000
2026-05-20 23:24:15,022 sample_targets sampled 18432 / 30000
2026-05-20 23:24:16,022 sample_targets sampled 18448 / 30000
2026-05-20 23:24:17,020 sample_targets sampled 18464 / 30000
2026-05-20 23:24:18,111 sample_targets sampled 18480 / 30000
2026-05-20 23:24:19,109 sample_targets sampled 18496 / 30000
2026-05-20 23:24:20,108 sample_targets sampled 18512 / 30000
2026-05-20 23:24:21,105 sample_targets sampled 18528 / 30000
2026-05-20 23:24:22,096 sample_targets sampled 18544 / 30000
2026-05-20 23:24:23,091 sample_targets sampled 18560 / 30000
2026-05-20 23:24:24,085 sample_targets sampled 18576 / 30000
2026-05-20 23:24:25,082 sample_targets sampled 18592 / 30000
2026-05-20 23:24:26,079 sample_targets sampled 18608 / 30000
2026-05-20 23:24:27,077 sample_targets sampled 18624 / 30000
2026-05-20 23:24:28,073 sample_targets sampled 18640 / 30000
2026-05-20 23:24:29,070 sample_targets sampled 18656 / 30000
2026-05-20 23:24:30,067 sample_targets sampled 18672 / 30000
2026-05-20 23:24:31,065 sample_targets sampled 18688 / 30000
2026-05-20 23:24:32,065 sample_targets sampled 18704 / 30000
2026-05-20 23:24:33,064 sample_targets sampled 18720 / 30000
2026-05-20 23:24:34,062 sample_targets sampled 18736 / 30000
2026-05-20 23:24:35,060 sample_targets sampled 18752 / 30000
2026-05-20 23:24:36,056 sample_targets sampled 18768 / 30000
2026-05-20 23:24:37,121 sample_targets sampled 18784 / 30000
2026-05-20 23:24:38,119 sample_targets sampled 18800 / 30000
2026-05-20 23:24:39,116 sample_targets sampled 18816 / 30000
2026-05-20 23:24:40,107 sample_targets sampled 18832 / 30000
2026-05-20 23:24:41,103 sample_targets sampled 18848 / 30000
2026-05-20 23:24:42,100 sample_targets sampled 18864 / 30000
2026-05-20 23:24:43,097 sample_targets sampled 18880 / 30000
2026-05-20 23:24:44,095 sample_targets sampled 18896 / 30000
2026-05-20 23:24:45,094 sample_targets sampled 18912 / 30000
2026-05-20 23:24:46,091 sample_targets sampled 18928 / 30000
2026-05-20 23:24:47,086 sample_targets sampled 18944 / 30000
2026-05-20 23:24:48,081 sample_targets sampled 18960 / 30000
2026-05-20 23:24:49,076 sample_targets sampled 18976 / 30000
2026-05-20 23:24:50,072 sample_targets sampled 18992 / 30000
2026-05-20 23:24:51,163 sample_targets sampled 19008 / 30000
2026-05-20 23:24:52,161 sample_targets sampled 19024 / 30000
2026-05-20 23:24:53,159 sample_targets sampled 19040 / 30000
2026-05-20 23:24:54,156 sample_targets sampled 19056 / 30000
2026-05-20 23:24:55,155 sample_targets sampled 19072 / 30000
2026-05-20 23:24:56,154 sample_targets sampled 19088 / 30000
2026-05-20 23:24:57,152 sample_targets sampled 19104 / 30000
2026-05-20 23:24:58,151 sample_targets sampled 19120 / 30000
2026-05-20 23:24:59,149 sample_targets sampled 19136 / 30000
2026-05-20 23:25:00,147 sample_targets sampled 19152 / 30000
2026-05-20 23:25:01,144 sample_targets sampled 19168 / 30000
2026-05-20 23:25:02,137 sample_targets sampled 19184 / 30000
2026-05-20 23:25:03,131 sample_targets sampled 19200 / 30000
2026-05-20 23:25:04,127 sample_targets sampled 19216 / 30000
2026-05-20 23:25:05,123 sample_targets sampled 19232 / 30000
2026-05-20 23:25:06,120 sample_targets sampled 19248 / 30000
2026-05-20 23:25:07,115 sample_targets sampled 19264 / 30000
2026-05-20 23:25:08,112 sample_targets sampled 19280 / 30000
2026-05-20 23:25:09,113 sample_targets sampled 19296 / 30000
2026-05-20 23:25:10,113 sample_targets sampled 19312 / 30000
2026-05-20 23:25:11,114 sample_targets sampled 19328 / 30000
2026-05-20 23:25:12,114 sample_targets sampled 19344 / 30000
2026-05-20 23:25:13,121 sample_targets sampled 19360 / 30000
2026-05-20 23:25:14,131 sample_targets sampled 19376 / 30000
2026-05-20 23:25:15,206 sample_targets sampled 19392 / 30000
2026-05-20 23:25:16,206 sample_targets sampled 19408 / 30000
2026-05-20 23:25:17,204 sample_targets sampled 19424 / 30000
2026-05-20 23:25:18,202 sample_targets sampled 19440 / 30000
2026-05-20 23:25:19,199 sample_targets sampled 19456 / 30000
2026-05-20 23:25:20,197 sample_targets sampled 19472 / 30000
2026-05-20 23:25:21,194 sample_targets sampled 19488 / 30000
2026-05-20 23:25:22,194 sample_targets sampled 19504 / 30000
2026-05-20 23:25:23,221 sample_targets sampled 19520 / 30000
2026-05-20 23:25:24,237 sample_targets sampled 19536 / 30000
2026-05-20 23:25:25,234 sample_targets sampled 19552 / 30000
2026-05-20 23:25:26,226 sample_targets sampled 19568 / 30000
2026-05-20 23:25:27,224 sample_targets sampled 19584 / 30000
2026-05-20 23:25:28,222 sample_targets sampled 19600 / 30000
2026-05-20 23:25:29,220 sample_targets sampled 19616 / 30000
2026-05-20 23:25:30,216 sample_targets sampled 19632 / 30000
2026-05-20 23:25:31,213 sample_targets sampled 19648 / 30000
2026-05-20 23:25:32,210 sample_targets sampled 19664 / 30000
2026-05-20 23:25:33,206 sample_targets sampled 19680 / 30000
2026-05-20 23:25:34,204 sample_targets sampled 19696 / 30000
2026-05-20 23:25:35,201 sample_targets sampled 19712 / 30000
2026-05-20 23:25:36,200 sample_targets sampled 19728 / 30000
2026-05-20 23:25:37,198 sample_targets sampled 19744 / 30000
2026-05-20 23:25:38,195 sample_targets sampled 19760 / 30000
2026-05-20 23:25:39,192 sample_targets sampled 19776 / 30000
2026-05-20 23:25:40,190 sample_targets sampled 19792 / 30000
2026-05-20 23:25:41,189 sample_targets sampled 19808 / 30000
2026-05-20 23:25:42,185 sample_targets sampled 19824 / 30000
2026-05-20 23:25:43,184 sample_targets sampled 19840 / 30000
2026-05-20 23:25:44,175 sample_targets sampled 19856 / 30000
2026-05-20 23:25:45,172 sample_targets sampled 19872 / 30000
2026-05-20 23:25:46,169 sample_targets sampled 19888 / 30000
2026-05-20 23:25:47,168 sample_targets sampled 19904 / 30000
2026-05-20 23:25:48,164 sample_targets sampled 19920 / 30000
2026-05-20 23:25:49,160 sample_targets sampled 19936 / 30000
2026-05-20 23:25:50,156 sample_targets sampled 19952 / 30000
2026-05-20 23:25:51,153 sample_targets sampled 19968 / 30000
2026-05-20 23:25:52,148 sample_targets sampled 19984 / 30000
2026-05-20 23:25:53,146 sample_targets sampled 20000 / 30000
2026-05-20 23:25:54,139 sample_targets sampled 20016 / 30000
2026-05-20 23:25:55,135 sample_targets sampled 20032 / 30000
2026-05-20 23:25:56,211 sample_targets sampled 20048 / 30000
2026-05-20 23:25:57,219 sample_targets sampled 20064 / 30000
2026-05-20 23:25:58,216 sample_targets sampled 20080 / 30000
2026-05-20 23:25:59,216 sample_targets sampled 20096 / 30000
2026-05-20 23:26:00,215 sample_targets sampled 20112 / 30000
2026-05-20 23:26:01,212 sample_targets sampled 20128 / 30000
2026-05-20 23:26:02,210 sample_targets sampled 20144 / 30000
2026-05-20 23:26:03,206 sample_targets sampled 20160 / 30000
2026-05-20 23:26:04,202 sample_targets sampled 20176 / 30000
2026-05-20 23:26:05,191 sample_targets sampled 20192 / 30000
2026-05-20 23:26:06,185 sample_targets sampled 20208 / 30000
2026-05-20 23:26:07,180 sample_targets sampled 20224 / 30000
2026-05-20 23:26:08,178 sample_targets sampled 20240 / 30000
2026-05-20 23:26:09,176 sample_targets sampled 20256 / 30000
2026-05-20 23:26:10,172 sample_targets sampled 20272 / 30000
2026-05-20 23:26:11,169 sample_targets sampled 20288 / 30000
2026-05-20 23:26:12,167 sample_targets sampled 20304 / 30000
2026-05-20 23:26:13,165 sample_targets sampled 20320 / 30000
2026-05-20 23:26:14,164 sample_targets sampled 20336 / 30000
2026-05-20 23:26:15,163 sample_targets sampled 20352 / 30000
2026-05-20 23:26:16,161 sample_targets sampled 20368 / 30000
2026-05-20 23:26:17,157 sample_targets sampled 20384 / 30000
2026-05-20 23:26:18,153 sample_targets sampled 20400 / 30000
2026-05-20 23:26:19,150 sample_targets sampled 20416 / 30000
2026-05-20 23:26:20,146 sample_targets sampled 20432 / 30000
2026-05-20 23:26:21,141 sample_targets sampled 20448 / 30000
2026-05-20 23:26:22,139 sample_targets sampled 20464 / 30000
2026-05-20 23:26:23,137 sample_targets sampled 20480 / 30000
2026-05-20 23:26:24,135 sample_targets sampled 20496 / 30000
2026-05-20 23:26:25,131 sample_targets sampled 20512 / 30000
2026-05-20 23:26:26,128 sample_targets sampled 20528 / 30000
2026-05-20 23:26:27,125 sample_targets sampled 20544 / 30000
2026-05-20 23:26:28,121 sample_targets sampled 20560 / 30000
2026-05-20 23:26:29,135 sample_targets sampled 20576 / 30000
2026-05-20 23:26:30,194 sample_targets sampled 20592 / 30000
2026-05-20 23:26:31,189 sample_targets sampled 20608 / 30000
2026-05-20 23:26:32,186 sample_targets sampled 20624 / 30000
2026-05-20 23:26:33,181 sample_targets sampled 20640 / 30000
2026-05-20 23:26:34,177 sample_targets sampled 20656 / 30000
2026-05-20 23:26:35,173 sample_targets sampled 20672 / 30000
2026-05-20 23:26:36,169 sample_targets sampled 20688 / 30000
2026-05-20 23:26:37,168 sample_targets sampled 20704 / 30000
2026-05-20 23:26:38,164 sample_targets sampled 20720 / 30000
2026-05-20 23:26:39,159 sample_targets sampled 20736 / 30000
2026-05-20 23:26:40,155 sample_targets sampled 20752 / 30000
2026-05-20 23:26:41,150 sample_targets sampled 20768 / 30000
2026-05-20 23:26:42,148 sample_targets sampled 20784 / 30000
2026-05-20 23:26:43,143 sample_targets sampled 20800 / 30000
2026-05-20 23:26:44,140 sample_targets sampled 20816 / 30000
2026-05-20 23:26:45,135 sample_targets sampled 20832 / 30000
2026-05-20 23:26:46,131 sample_targets sampled 20848 / 30000
2026-05-20 23:26:47,127 sample_targets sampled 20864 / 30000
2026-05-20 23:26:48,122 sample_targets sampled 20880 / 30000
2026-05-20 23:26:49,116 sample_targets sampled 20896 / 30000
2026-05-20 23:26:50,112 sample_targets sampled 20912 / 30000
2026-05-20 23:26:51,108 sample_targets sampled 20928 / 30000
2026-05-20 23:26:52,103 sample_targets sampled 20944 / 30000
2026-05-20 23:26:53,099 sample_targets sampled 20960 / 30000
2026-05-20 23:26:54,089 sample_targets sampled 20976 / 30000
2026-05-20 23:26:55,083 sample_targets sampled 20992 / 30000
2026-05-20 23:26:56,078 sample_targets sampled 21008 / 30000
2026-05-20 23:26:57,074 sample_targets sampled 21024 / 30000
2026-05-20 23:26:58,332 sample_targets sampled 21040 / 30000
2026-05-20 23:26:59,403 sample_targets sampled 21056 / 30000
2026-05-20 23:27:00,398 sample_targets sampled 21072 / 30000
2026-05-20 23:27:01,392 sample_targets sampled 21088 / 30000
2026-05-20 23:27:02,468 sample_targets sampled 21104 / 30000
2026-05-20 23:27:03,465 sample_targets sampled 21120 / 30000
2026-05-20 23:27:04,460 sample_targets sampled 21136 / 30000
2026-05-20 23:27:05,455 sample_targets sampled 21152 / 30000
2026-05-20 23:27:06,451 sample_targets sampled 21168 / 30000
2026-05-20 23:27:07,447 sample_targets sampled 21184 / 30000
2026-05-20 23:27:08,443 sample_targets sampled 21200 / 30000
2026-05-20 23:27:09,440 sample_targets sampled 21216 / 30000
2026-05-20 23:27:10,435 sample_targets sampled 21232 / 30000
2026-05-20 23:27:11,425 sample_targets sampled 21248 / 30000
2026-05-20 23:27:12,418 sample_targets sampled 21264 / 30000
2026-05-20 23:27:13,412 sample_targets sampled 21280 / 30000
2026-05-20 23:27:14,408 sample_targets sampled 21296 / 30000
2026-05-20 23:27:15,404 sample_targets sampled 21312 / 30000
2026-05-20 23:27:16,400 sample_targets sampled 21328 / 30000
2026-05-20 23:27:17,395 sample_targets sampled 21344 / 30000
2026-05-20 23:27:18,387 sample_targets sampled 21360 / 30000
2026-05-20 23:27:19,381 sample_targets sampled 21376 / 30000
2026-05-20 23:27:20,376 sample_targets sampled 21392 / 30000
2026-05-20 23:27:21,371 sample_targets sampled 21408 / 30000
2026-05-20 23:27:22,366 sample_targets sampled 21424 / 30000
2026-05-20 23:27:23,361 sample_targets sampled 21440 / 30000
2026-05-20 23:27:24,354 sample_targets sampled 21456 / 30000
2026-05-20 23:27:25,348 sample_targets sampled 21472 / 30000
2026-05-20 23:27:26,343 sample_targets sampled 21488 / 30000
2026-05-20 23:27:27,340 sample_targets sampled 21504 / 30000
2026-05-20 23:27:28,339 sample_targets sampled 21520 / 30000
2026-05-20 23:27:29,335 sample_targets sampled 21536 / 30000
2026-05-20 23:27:30,329 sample_targets sampled 21552 / 30000
2026-05-20 23:27:31,325 sample_targets sampled 21568 / 30000
2026-05-20 23:27:32,320 sample_targets sampled 21584 / 30000
2026-05-20 23:27:33,318 sample_targets sampled 21600 / 30000
2026-05-20 23:27:34,307 sample_targets sampled 21616 / 30000
2026-05-20 23:27:35,396 sample_targets sampled 21632 / 30000
2026-05-20 23:27:36,391 sample_targets sampled 21648 / 30000
2026-05-20 23:27:37,387 sample_targets sampled 21664 / 30000
2026-05-20 23:27:38,382 sample_targets sampled 21680 / 30000
2026-05-20 23:27:39,376 sample_targets sampled 21696 / 30000
2026-05-20 23:27:40,371 sample_targets sampled 21712 / 30000
2026-05-20 23:27:41,368 sample_targets sampled 21728 / 30000
2026-05-20 23:27:42,364 sample_targets sampled 21744 / 30000
2026-05-20 23:27:43,361 sample_targets sampled 21760 / 30000
2026-05-20 23:27:44,357 sample_targets sampled 21776 / 30000
2026-05-20 23:27:45,353 sample_targets sampled 21792 / 30000
2026-05-20 23:27:46,348 sample_targets sampled 21808 / 30000
2026-05-20 23:27:47,344 sample_targets sampled 21824 / 30000
2026-05-20 23:27:48,340 sample_targets sampled 21840 / 30000
2026-05-20 23:27:49,334 sample_targets sampled 21856 / 30000
2026-05-20 23:27:50,329 sample_targets sampled 21872 / 30000
2026-05-20 23:27:51,323 sample_targets sampled 21888 / 30000
2026-05-20 23:27:52,319 sample_targets sampled 21904 / 30000
2026-05-20 23:27:53,308 sample_targets sampled 21920 / 30000
2026-05-20 23:27:54,302 sample_targets sampled 21936 / 30000
2026-05-20 23:27:55,298 sample_targets sampled 21952 / 30000
2026-05-20 23:27:56,292 sample_targets sampled 21968 / 30000
2026-05-20 23:27:57,287 sample_targets sampled 21984 / 30000
2026-05-20 23:27:58,284 sample_targets sampled 22000 / 30000
2026-05-20 23:27:59,280 sample_targets sampled 22016 / 30000
2026-05-20 23:28:00,276 sample_targets sampled 22032 / 30000
2026-05-20 23:28:01,272 sample_targets sampled 22048 / 30000
2026-05-20 23:28:02,269 sample_targets sampled 22064 / 30000
2026-05-20 23:28:03,264 sample_targets sampled 22080 / 30000
2026-05-20 23:28:04,259 sample_targets sampled 22096 / 30000
2026-05-20 23:28:05,255 sample_targets sampled 22112 / 30000
2026-05-20 23:28:06,253 sample_targets sampled 22128 / 30000
2026-05-20 23:28:07,251 sample_targets sampled 22144 / 30000
2026-05-20 23:28:08,339 sample_targets sampled 22160 / 30000
2026-05-20 23:28:09,334 sample_targets sampled 22176 / 30000
2026-05-20 23:28:10,331 sample_targets sampled 22192 / 30000
2026-05-20 23:28:11,327 sample_targets sampled 22208 / 30000
2026-05-20 23:28:12,323 sample_targets sampled 22224 / 30000
2026-05-20 23:28:13,312 sample_targets sampled 22240 / 30000
2026-05-20 23:28:14,307 sample_targets sampled 22256 / 30000
2026-05-20 23:28:15,302 sample_targets sampled 22272 / 30000
2026-05-20 23:28:16,299 sample_targets sampled 22288 / 30000
2026-05-20 23:28:17,294 sample_targets sampled 22304 / 30000
2026-05-20 23:28:18,290 sample_targets sampled 22320 / 30000
2026-05-20 23:28:19,289 sample_targets sampled 22336 / 30000
2026-05-20 23:28:20,284 sample_targets sampled 22352 / 30000
2026-05-20 23:28:21,282 sample_targets sampled 22368 / 30000
2026-05-20 23:28:22,278 sample_targets sampled 22384 / 30000
2026-05-20 23:28:23,273 sample_targets sampled 22400 / 30000
2026-05-20 23:28:24,270 sample_targets sampled 22416 / 30000
2026-05-20 23:28:25,264 sample_targets sampled 22432 / 30000
2026-05-20 23:28:26,262 sample_targets sampled 22448 / 30000
2026-05-20 23:28:27,257 sample_targets sampled 22464 / 30000
2026-05-20 23:28:28,251 sample_targets sampled 22480 / 30000
2026-05-20 23:28:29,247 sample_targets sampled 22496 / 30000
2026-05-20 23:28:30,243 sample_targets sampled 22512 / 30000
2026-05-20 23:28:31,232 sample_targets sampled 22528 / 30000
2026-05-20 23:28:32,227 sample_targets sampled 22544 / 30000
2026-05-20 23:28:33,222 sample_targets sampled 22560 / 30000
2026-05-20 23:28:34,218 sample_targets sampled 22576 / 30000
2026-05-20 23:28:35,213 sample_targets sampled 22592 / 30000
2026-05-20 23:28:36,207 sample_targets sampled 22608 / 30000
2026-05-20 23:28:37,203 sample_targets sampled 22624 / 30000
2026-05-20 23:28:38,197 sample_targets sampled 22640 / 30000
2026-05-20 23:28:39,192 sample_targets sampled 22656 / 30000
2026-05-20 23:28:40,211 sample_targets sampled 22672 / 30000
2026-05-20 23:28:41,267 sample_targets sampled 22688 / 30000
2026-05-20 23:28:42,261 sample_targets sampled 22704 / 30000
2026-05-20 23:28:43,255 sample_targets sampled 22720 / 30000
2026-05-20 23:28:44,252 sample_targets sampled 22736 / 30000
2026-05-20 23:28:45,249 sample_targets sampled 22752 / 30000
2026-05-20 23:28:46,246 sample_targets sampled 22768 / 30000
2026-05-20 23:28:47,242 sample_targets sampled 22784 / 30000
2026-05-20 23:28:48,240 sample_targets sampled 22800 / 30000
2026-05-20 23:28:49,236 sample_targets sampled 22816 / 30000
2026-05-20 23:28:50,233 sample_targets sampled 22832 / 30000
2026-05-20 23:28:51,230 sample_targets sampled 22848 / 30000
2026-05-20 23:28:52,229 sample_targets sampled 22864 / 30000
2026-05-20 23:28:53,221 sample_targets sampled 22880 / 30000
2026-05-20 23:28:54,216 sample_targets sampled 22896 / 30000
2026-05-20 23:28:55,215 sample_targets sampled 22912 / 30000
2026-05-20 23:28:56,211 sample_targets sampled 22928 / 30000
2026-05-20 23:28:57,206 sample_targets sampled 22944 / 30000
2026-05-20 23:28:58,206 sample_targets sampled 22960 / 30000
2026-05-20 23:28:59,202 sample_targets sampled 22976 / 30000
2026-05-20 23:29:00,199 sample_targets sampled 22992 / 30000
2026-05-20 23:29:01,196 sample_targets sampled 23008 / 30000
2026-05-20 23:29:02,193 sample_targets sampled 23024 / 30000
2026-05-20 23:29:03,191 sample_targets sampled 23040 / 30000
2026-05-20 23:29:04,187 sample_targets sampled 23056 / 30000
2026-05-20 23:29:05,182 sample_targets sampled 23072 / 30000
2026-05-20 23:29:06,178 sample_targets sampled 23088 / 30000
2026-05-20 23:29:07,171 sample_targets sampled 23104 / 30000
2026-05-20 23:29:08,167 sample_targets sampled 23120 / 30000
2026-05-20 23:29:09,163 sample_targets sampled 23136 / 30000
2026-05-20 23:29:10,162 sample_targets sampled 23152 / 30000
2026-05-20 23:29:11,162 sample_targets sampled 23168 / 30000
2026-05-20 23:29:12,161 sample_targets sampled 23184 / 30000
2026-05-20 23:29:13,217 sample_targets sampled 23200 / 30000
2026-05-20 23:29:14,234 sample_targets sampled 23216 / 30000
2026-05-20 23:29:15,231 sample_targets sampled 23232 / 30000
2026-05-20 23:29:16,228 sample_targets sampled 23248 / 30000
2026-05-20 23:29:17,224 sample_targets sampled 23264 / 30000
2026-05-20 23:29:18,221 sample_targets sampled 23280 / 30000
2026-05-20 23:29:19,218 sample_targets sampled 23296 / 30000
2026-05-20 23:29:20,214 sample_targets sampled 23312 / 30000
2026-05-20 23:29:21,208 sample_targets sampled 23328 / 30000
2026-05-20 23:29:22,204 sample_targets sampled 23344 / 30000
2026-05-20 23:29:23,201 sample_targets sampled 23360 / 30000
2026-05-20 23:29:24,198 sample_targets sampled 23376 / 30000
2026-05-20 23:29:25,196 sample_targets sampled 23392 / 30000
2026-05-20 23:29:26,193 sample_targets sampled 23408 / 30000
2026-05-20 23:29:27,190 sample_targets sampled 23424 / 30000
2026-05-20 23:29:28,187 sample_targets sampled 23440 / 30000
2026-05-20 23:29:29,186 sample_targets sampled 23456 / 30000
2026-05-20 23:29:30,182 sample_targets sampled 23472 / 30000
2026-05-20 23:29:31,177 sample_targets sampled 23488 / 30000
2026-05-20 23:29:32,173 sample_targets sampled 23504 / 30000
2026-05-20 23:29:33,169 sample_targets sampled 23520 / 30000
2026-05-20 23:29:34,158 sample_targets sampled 23536 / 30000
2026-05-20 23:29:35,154 sample_targets sampled 23552 / 30000
2026-05-20 23:29:36,151 sample_targets sampled 23568 / 30000
2026-05-20 23:29:37,147 sample_targets sampled 23584 / 30000
2026-05-20 23:29:38,145 sample_targets sampled 23600 / 30000
2026-05-20 23:29:39,145 sample_targets sampled 23616 / 30000
2026-05-20 23:29:40,142 sample_targets sampled 23632 / 30000
2026-05-20 23:29:41,138 sample_targets sampled 23648 / 30000
2026-05-20 23:29:42,134 sample_targets sampled 23664 / 30000
2026-05-20 23:29:43,130 sample_targets sampled 23680 / 30000
2026-05-20 23:29:44,127 sample_targets sampled 23696 / 30000
2026-05-20 23:29:45,124 sample_targets sampled 23712 / 30000
2026-05-20 23:29:46,208 sample_targets sampled 23728 / 30000
2026-05-20 23:29:47,206 sample_targets sampled 23744 / 30000
2026-05-20 23:29:48,201 sample_targets sampled 23760 / 30000
2026-05-20 23:29:49,201 sample_targets sampled 23776 / 30000
2026-05-20 23:29:50,198 sample_targets sampled 23792 / 30000
2026-05-20 23:29:51,194 sample_targets sampled 23808 / 30000
2026-05-20 23:29:52,190 sample_targets sampled 23824 / 30000
2026-05-20 23:29:53,185 sample_targets sampled 23840 / 30000
2026-05-20 23:29:54,182 sample_targets sampled 23856 / 30000
2026-05-20 23:29:55,177 sample_targets sampled 23872 / 30000
2026-05-20 23:29:56,176 sample_targets sampled 23888 / 30000
2026-05-20 23:29:57,166 sample_targets sampled 23904 / 30000
2026-05-20 23:29:58,162 sample_targets sampled 23920 / 30000
2026-05-20 23:29:59,157 sample_targets sampled 23936 / 30000
2026-05-20 23:30:00,154 sample_targets sampled 23952 / 30000
2026-05-20 23:30:01,149 sample_targets sampled 23968 / 30000
2026-05-20 23:30:02,146 sample_targets sampled 23984 / 30000
2026-05-20 23:30:03,142 sample_targets sampled 24000 / 30000
2026-05-20 23:30:04,139 sample_targets sampled 24016 / 30000
2026-05-20 23:30:05,136 sample_targets sampled 24032 / 30000
2026-05-20 23:30:06,132 sample_targets sampled 24048 / 30000
2026-05-20 23:30:07,127 sample_targets sampled 24064 / 30000
2026-05-20 23:30:08,123 sample_targets sampled 24080 / 30000
2026-05-20 23:30:09,120 sample_targets sampled 24096 / 30000
2026-05-20 23:30:10,117 sample_targets sampled 24112 / 30000
2026-05-20 23:30:11,114 sample_targets sampled 24128 / 30000
2026-05-20 23:30:12,111 sample_targets sampled 24144 / 30000
2026-05-20 23:30:13,108 sample_targets sampled 24160 / 30000
2026-05-20 23:30:14,108 sample_targets sampled 24176 / 30000
2026-05-20 23:30:15,104 sample_targets sampled 24192 / 30000
2026-05-20 23:30:16,097 sample_targets sampled 24208 / 30000
2026-05-20 23:30:17,091 sample_targets sampled 24224 / 30000
2026-05-20 23:30:18,088 sample_targets sampled 24240 / 30000
2026-05-20 23:30:19,174 sample_targets sampled 24256 / 30000
2026-05-20 23:30:20,171 sample_targets sampled 24272 / 30000
2026-05-20 23:30:21,165 sample_targets sampled 24288 / 30000
2026-05-20 23:30:22,161 sample_targets sampled 24304 / 30000
2026-05-20 23:30:23,157 sample_targets sampled 24320 / 30000
2026-05-20 23:30:24,155 sample_targets sampled 24336 / 30000
2026-05-20 23:30:25,151 sample_targets sampled 24352 / 30000
2026-05-20 23:30:26,149 sample_targets sampled 24368 / 30000
2026-05-20 23:30:27,146 sample_targets sampled 24384 / 30000
2026-05-20 23:30:28,143 sample_targets sampled 24400 / 30000
2026-05-20 23:30:29,141 sample_targets sampled 24416 / 30000
2026-05-20 23:30:30,138 sample_targets sampled 24432 / 30000
2026-05-20 23:30:31,135 sample_targets sampled 24448 / 30000
2026-05-20 23:30:32,133 sample_targets sampled 24464 / 30000
2026-05-20 23:30:33,130 sample_targets sampled 24480 / 30000
2026-05-20 23:30:34,128 sample_targets sampled 24496 / 30000
2026-05-20 23:30:35,118 sample_targets sampled 24512 / 30000
2026-05-20 23:30:36,113 sample_targets sampled 24528 / 30000
2026-05-20 23:30:37,111 sample_targets sampled 24544 / 30000
2026-05-20 23:30:38,105 sample_targets sampled 24560 / 30000
2026-05-20 23:30:39,101 sample_targets sampled 24576 / 30000
2026-05-20 23:30:40,098 sample_targets sampled 24592 / 30000
2026-05-20 23:30:41,096 sample_targets sampled 24608 / 30000
2026-05-20 23:30:42,097 sample_targets sampled 24624 / 30000
2026-05-20 23:30:43,095 sample_targets sampled 24640 / 30000
2026-05-20 23:30:44,092 sample_targets sampled 24656 / 30000
2026-05-20 23:30:45,091 sample_targets sampled 24672 / 30000
2026-05-20 23:30:46,090 sample_targets sampled 24688 / 30000
2026-05-20 23:30:47,090 sample_targets sampled 24704 / 30000
2026-05-20 23:30:48,089 sample_targets sampled 24720 / 30000
2026-05-20 23:30:49,086 sample_targets sampled 24736 / 30000
2026-05-20 23:30:50,085 sample_targets sampled 24752 / 30000
2026-05-20 23:30:51,083 sample_targets sampled 24768 / 30000
2026-05-20 23:30:52,083 sample_targets sampled 24784 / 30000
2026-05-20 23:30:53,083 sample_targets sampled 24800 / 30000
2026-05-20 23:30:54,082 sample_targets sampled 24816 / 30000
2026-05-20 23:30:55,080 sample_targets sampled 24832 / 30000
2026-05-20 23:30:56,081 sample_targets sampled 24848 / 30000
2026-05-20 23:30:57,084 sample_targets sampled 24864 / 30000
2026-05-20 23:30:58,079 sample_targets sampled 24880 / 30000
2026-05-20 23:30:59,078 sample_targets sampled 24896 / 30000
2026-05-20 23:31:00,078 sample_targets sampled 24912 / 30000
2026-05-20 23:31:01,079 sample_targets sampled 24928 / 30000
2026-05-20 23:31:02,080 sample_targets sampled 24944 / 30000
2026-05-20 23:31:03,083 sample_targets sampled 24960 / 30000
2026-05-20 23:31:04,082 sample_targets sampled 24976 / 30000
2026-05-20 23:31:05,083 sample_targets sampled 24992 / 30000
2026-05-20 23:31:06,081 sample_targets sampled 25008 / 30000
2026-05-20 23:31:07,081 sample_targets sampled 25024 / 30000
2026-05-20 23:31:08,080 sample_targets sampled 25040 / 30000
2026-05-20 23:31:09,079 sample_targets sampled 25056 / 30000
2026-05-20 23:31:10,078 sample_targets sampled 25072 / 30000
2026-05-20 23:31:11,094 sample_targets sampled 25088 / 30000
2026-05-20 23:31:12,102 sample_targets sampled 25104 / 30000
2026-05-20 23:31:13,103 sample_targets sampled 25120 / 30000
2026-05-20 23:31:14,105 sample_targets sampled 25136 / 30000
2026-05-20 23:31:15,107 sample_targets sampled 25152 / 30000
2026-05-20 23:31:16,104 sample_targets sampled 25168 / 30000
2026-05-20 23:31:17,107 sample_targets sampled 25184 / 30000
2026-05-20 23:31:18,109 sample_targets sampled 25200 / 30000
2026-05-20 23:31:19,106 sample_targets sampled 25216 / 30000
2026-05-20 23:31:20,103 sample_targets sampled 25232 / 30000
2026-05-20 23:31:21,111 sample_targets sampled 25248 / 30000
2026-05-20 23:31:22,112 sample_targets sampled 25264 / 30000
2026-05-20 23:31:23,123 sample_targets sampled 25280 / 30000
2026-05-20 23:31:24,125 sample_targets sampled 25296 / 30000
2026-05-20 23:31:25,126 sample_targets sampled 25312 / 30000
2026-05-20 23:31:26,128 sample_targets sampled 25328 / 30000
2026-05-20 23:31:27,134 sample_targets sampled 25344 / 30000
2026-05-20 23:31:28,135 sample_targets sampled 25360 / 30000
2026-05-20 23:31:29,132 sample_targets sampled 25376 / 30000
2026-05-20 23:31:30,131 sample_targets sampled 25392 / 30000
2026-05-20 23:31:31,129 sample_targets sampled 25408 / 30000
2026-05-20 23:31:32,128 sample_targets sampled 25424 / 30000
2026-05-20 23:31:33,125 sample_targets sampled 25440 / 30000
2026-05-20 23:31:34,123 sample_targets sampled 25456 / 30000
2026-05-20 23:31:35,121 sample_targets sampled 25472 / 30000
2026-05-20 23:31:36,120 sample_targets sampled 25488 / 30000
2026-05-20 23:31:37,118 sample_targets sampled 25504 / 30000
2026-05-20 23:31:38,117 sample_targets sampled 25520 / 30000
2026-05-20 23:31:39,115 sample_targets sampled 25536 / 30000
2026-05-20 23:31:40,109 sample_targets sampled 25552 / 30000
2026-05-20 23:31:41,108 sample_targets sampled 25568 / 30000
2026-05-20 23:31:42,106 sample_targets sampled 25584 / 30000
2026-05-20 23:31:43,104 sample_targets sampled 25600 / 30000
2026-05-20 23:31:44,105 sample_targets sampled 25616 / 30000
2026-05-20 23:31:45,102 sample_targets sampled 25632 / 30000
2026-05-20 23:31:46,102 sample_targets sampled 25648 / 30000
2026-05-20 23:31:47,102 sample_targets sampled 25664 / 30000
2026-05-20 23:31:48,098 sample_targets sampled 25680 / 30000
2026-05-20 23:31:49,098 sample_targets sampled 25696 / 30000
2026-05-20 23:31:50,096 sample_targets sampled 25712 / 30000
2026-05-20 23:31:51,090 sample_targets sampled 25728 / 30000
2026-05-20 23:31:52,087 sample_targets sampled 25744 / 30000
2026-05-20 23:31:53,082 sample_targets sampled 25760 / 30000
2026-05-20 23:31:54,077 sample_targets sampled 25776 / 30000
2026-05-20 23:31:55,076 sample_targets sampled 25792 / 30000
2026-05-20 23:31:56,073 sample_targets sampled 25808 / 30000
2026-05-20 23:31:57,069 sample_targets sampled 25824 / 30000
2026-05-20 23:31:58,064 sample_targets sampled 25840 / 30000
2026-05-20 23:31:59,060 sample_targets sampled 25856 / 30000
2026-05-20 23:32:00,057 sample_targets sampled 25872 / 30000
2026-05-20 23:32:01,049 sample_targets sampled 25888 / 30000
2026-05-20 23:32:02,044 sample_targets sampled 25904 / 30000
2026-05-20 23:32:03,040 sample_targets sampled 25920 / 30000
2026-05-20 23:32:04,037 sample_targets sampled 25936 / 30000
2026-05-20 23:32:05,036 sample_targets sampled 25952 / 30000
2026-05-20 23:32:06,033 sample_targets sampled 25968 / 30000
2026-05-20 23:32:07,028 sample_targets sampled 25984 / 30000
2026-05-20 23:32:08,028 sample_targets sampled 26000 / 30000
2026-05-20 23:32:09,026 sample_targets sampled 26016 / 30000
2026-05-20 23:32:10,024 sample_targets sampled 26032 / 30000
2026-05-20 23:32:11,022 sample_targets sampled 26048 / 30000
2026-05-20 23:32:12,016 sample_targets sampled 26064 / 30000
2026-05-20 23:32:13,010 sample_targets sampled 26080 / 30000
2026-05-20 23:32:14,007 sample_targets sampled 26096 / 30000
2026-05-20 23:32:15,005 sample_targets sampled 26112 / 30000
2026-05-20 23:32:16,001 sample_targets sampled 26128 / 30000
2026-05-20 23:32:16,998 sample_targets sampled 26144 / 30000
2026-05-20 23:32:17,995 sample_targets sampled 26160 / 30000
2026-05-20 23:32:18,993 sample_targets sampled 26176 / 30000
2026-05-20 23:32:19,990 sample_targets sampled 26192 / 30000
2026-05-20 23:32:20,989 sample_targets sampled 26208 / 30000
2026-05-20 23:32:21,979 sample_targets sampled 26224 / 30000
2026-05-20 23:32:22,978 sample_targets sampled 26240 / 30000
2026-05-20 23:32:23,975 sample_targets sampled 26256 / 30000
2026-05-20 23:32:24,974 sample_targets sampled 26272 / 30000
2026-05-20 23:32:25,971 sample_targets sampled 26288 / 30000
2026-05-20 23:32:26,968 sample_targets sampled 26304 / 30000
2026-05-20 23:32:27,965 sample_targets sampled 26320 / 30000
2026-05-20 23:32:28,961 sample_targets sampled 26336 / 30000
2026-05-20 23:32:29,956 sample_targets sampled 26352 / 30000
2026-05-20 23:32:30,958 sample_targets sampled 26368 / 30000
2026-05-20 23:32:31,976 sample_targets sampled 26384 / 30000
2026-05-20 23:32:33,006 sample_targets sampled 26400 / 30000
2026-05-20 23:32:34,004 sample_targets sampled 26416 / 30000
2026-05-20 23:32:35,000 sample_targets sampled 26432 / 30000
2026-05-20 23:32:35,998 sample_targets sampled 26448 / 30000
2026-05-20 23:32:36,995 sample_targets sampled 26464 / 30000
2026-05-20 23:32:37,991 sample_targets sampled 26480 / 30000
2026-05-20 23:32:38,988 sample_targets sampled 26496 / 30000
2026-05-20 23:32:39,981 sample_targets sampled 26512 / 30000
2026-05-20 23:32:40,977 sample_targets sampled 26528 / 30000
2026-05-20 23:32:41,974 sample_targets sampled 26544 / 30000
2026-05-20 23:32:42,971 sample_targets sampled 26560 / 30000
2026-05-20 23:32:43,967 sample_targets sampled 26576 / 30000
2026-05-20 23:32:44,965 sample_targets sampled 26592 / 30000
2026-05-20 23:32:45,961 sample_targets sampled 26608 / 30000
2026-05-20 23:32:46,958 sample_targets sampled 26624 / 30000
2026-05-20 23:32:47,956 sample_targets sampled 26640 / 30000
2026-05-20 23:32:48,953 sample_targets sampled 26656 / 30000
2026-05-20 23:32:49,950 sample_targets sampled 26672 / 30000
2026-05-20 23:32:50,946 sample_targets sampled 26688 / 30000
2026-05-20 23:32:51,943 sample_targets sampled 26704 / 30000
2026-05-20 23:32:52,936 sample_targets sampled 26720 / 30000
2026-05-20 23:32:53,931 sample_targets sampled 26736 / 30000
2026-05-20 23:32:54,925 sample_targets sampled 26752 / 30000
2026-05-20 23:32:55,927 sample_targets sampled 26768 / 30000
2026-05-20 23:32:56,985 sample_targets sampled 26784 / 30000
2026-05-20 23:32:58,022 sample_targets sampled 26800 / 30000
2026-05-20 23:32:59,066 sample_targets sampled 26816 / 30000
2026-05-20 23:33:00,098 sample_targets sampled 26832 / 30000
2026-05-20 23:33:01,220 sample_targets sampled 26848 / 30000
2026-05-20 23:33:02,252 sample_targets sampled 26864 / 30000
2026-05-20 23:33:03,284 sample_targets sampled 26880 / 30000
2026-05-20 23:33:04,313 sample_targets sampled 26896 / 30000
2026-05-20 23:33:05,340 sample_targets sampled 26912 / 30000
2026-05-20 23:33:06,366 sample_targets sampled 26928 / 30000
2026-05-20 23:33:07,375 sample_targets sampled 26944 / 30000
2026-05-20 23:33:08,367 sample_targets sampled 26960 / 30000
2026-05-20 23:33:09,356 sample_targets sampled 26976 / 30000
2026-05-20 23:33:10,347 sample_targets sampled 26992 / 30000
2026-05-20 23:33:11,342 sample_targets sampled 27008 / 30000
2026-05-20 23:33:12,335 sample_targets sampled 27024 / 30000
2026-05-20 23:33:13,327 sample_targets sampled 27040 / 30000
2026-05-20 23:33:14,319 sample_targets sampled 27056 / 30000
2026-05-20 23:33:15,312 sample_targets sampled 27072 / 30000
2026-05-20 23:33:16,301 sample_targets sampled 27088 / 30000
2026-05-20 23:33:17,292 sample_targets sampled 27104 / 30000
2026-05-20 23:33:18,285 sample_targets sampled 27120 / 30000
2026-05-20 23:33:19,280 sample_targets sampled 27136 / 30000
2026-05-20 23:33:20,272 sample_targets sampled 27152 / 30000
2026-05-20 23:33:21,416 sample_targets sampled 27168 / 30000
2026-05-20 23:33:22,409 sample_targets sampled 27184 / 30000
2026-05-20 23:33:23,402 sample_targets sampled 27200 / 30000
2026-05-20 23:33:24,392 sample_targets sampled 27216 / 30000
2026-05-20 23:33:25,385 sample_targets sampled 27232 / 30000
2026-05-20 23:33:26,375 sample_targets sampled 27248 / 30000
2026-05-20 23:33:27,366 sample_targets sampled 27264 / 30000
2026-05-20 23:33:28,359 sample_targets sampled 27280 / 30000
2026-05-20 23:33:29,350 sample_targets sampled 27296 / 30000
2026-05-20 23:33:30,342 sample_targets sampled 27312 / 30000
2026-05-20 23:33:31,334 sample_targets sampled 27328 / 30000
2026-05-20 23:33:32,326 sample_targets sampled 27344 / 30000
2026-05-20 23:33:33,322 sample_targets sampled 27360 / 30000
2026-05-20 23:33:34,314 sample_targets sampled 27376 / 30000
2026-05-20 23:33:35,302 sample_targets sampled 27392 / 30000
2026-05-20 23:33:36,295 sample_targets sampled 27408 / 30000
2026-05-20 23:33:37,287 sample_targets sampled 27424 / 30000
2026-05-20 23:33:38,282 sample_targets sampled 27440 / 30000
2026-05-20 23:33:39,319 sample_targets sampled 27456 / 30000
2026-05-20 23:33:40,358 sample_targets sampled 27472 / 30000
2026-05-20 23:33:41,352 sample_targets sampled 27488 / 30000
2026-05-20 23:33:42,347 sample_targets sampled 27504 / 30000
2026-05-20 23:33:43,341 sample_targets sampled 27520 / 30000
2026-05-20 23:33:44,334 sample_targets sampled 27536 / 30000
2026-05-20 23:33:45,328 sample_targets sampled 27552 / 30000
2026-05-20 23:33:46,320 sample_targets sampled 27568 / 30000
2026-05-20 23:33:47,312 sample_targets sampled 27584 / 30000
2026-05-20 23:33:48,305 sample_targets sampled 27600 / 30000
2026-05-20 23:33:49,297 sample_targets sampled 27616 / 30000
2026-05-20 23:33:50,290 sample_targets sampled 27632 / 30000
2026-05-20 23:33:51,284 sample_targets sampled 27648 / 30000
2026-05-20 23:33:52,278 sample_targets sampled 27664 / 30000
2026-05-20 23:33:53,270 sample_targets sampled 27680 / 30000
2026-05-20 23:33:54,263 sample_targets sampled 27696 / 30000
2026-05-20 23:33:55,252 sample_targets sampled 27712 / 30000
2026-05-20 23:33:56,246 sample_targets sampled 27728 / 30000
2026-05-20 23:33:57,239 sample_targets sampled 27744 / 30000
2026-05-20 23:33:58,232 sample_targets sampled 27760 / 30000
2026-05-20 23:33:59,222 sample_targets sampled 27776 / 30000
2026-05-20 23:34:00,220 sample_targets sampled 27792 / 30000
2026-05-20 23:34:01,213 sample_targets sampled 27808 / 30000
2026-05-20 23:34:02,208 sample_targets sampled 27824 / 30000
2026-05-20 23:34:03,205 sample_targets sampled 27840 / 30000
2026-05-20 23:34:04,197 sample_targets sampled 27856 / 30000
2026-05-20 23:34:05,192 sample_targets sampled 27872 / 30000
2026-05-20 23:34:06,183 sample_targets sampled 27888 / 30000
2026-05-20 23:34:07,177 sample_targets sampled 27904 / 30000
2026-05-20 23:34:08,172 sample_targets sampled 27920 / 30000
2026-05-20 23:34:09,166 sample_targets sampled 27936 / 30000
2026-05-20 23:34:10,159 sample_targets sampled 27952 / 30000
2026-05-20 23:34:11,149 sample_targets sampled 27968 / 30000
2026-05-20 23:34:12,144 sample_targets sampled 27984 / 30000
2026-05-20 23:34:13,227 sample_targets sampled 28000 / 30000
2026-05-20 23:34:14,225 sample_targets sampled 28016 / 30000
2026-05-20 23:34:15,222 sample_targets sampled 28032 / 30000
2026-05-20 23:34:16,221 sample_targets sampled 28048 / 30000
2026-05-20 23:34:17,220 sample_targets sampled 28064 / 30000
2026-05-20 23:34:18,221 sample_targets sampled 28080 / 30000
2026-05-20 23:34:19,221 sample_targets sampled 28096 / 30000
2026-05-20 23:34:20,220 sample_targets sampled 28112 / 30000
2026-05-20 23:34:21,219 sample_targets sampled 28128 / 30000
2026-05-20 23:34:22,223 sample_targets sampled 28144 / 30000
2026-05-20 23:34:23,221 sample_targets sampled 28160 / 30000
2026-05-20 23:34:24,218 sample_targets sampled 28176 / 30000
2026-05-20 23:34:25,217 sample_targets sampled 28192 / 30000
2026-05-20 23:34:26,216 sample_targets sampled 28208 / 30000
2026-05-20 23:34:27,516 sample_targets sampled 28224 / 30000
2026-05-20 23:34:28,518 sample_targets sampled 28240 / 30000
2026-05-20 23:34:29,518 sample_targets sampled 28256 / 30000
2026-05-20 23:34:30,526 sample_targets sampled 28272 / 30000
2026-05-20 23:34:31,525 sample_targets sampled 28288 / 30000
2026-05-20 23:34:32,525 sample_targets sampled 28304 / 30000
2026-05-20 23:34:33,526 sample_targets sampled 28320 / 30000
2026-05-20 23:34:34,531 sample_targets sampled 28336 / 30000
2026-05-20 23:34:35,535 sample_targets sampled 28352 / 30000
2026-05-20 23:34:36,538 sample_targets sampled 28368 / 30000
2026-05-20 23:34:37,539 sample_targets sampled 28384 / 30000
2026-05-20 23:34:38,538 sample_targets sampled 28400 / 30000
2026-05-20 23:34:39,547 sample_targets sampled 28416 / 30000
2026-05-20 23:34:40,549 sample_targets sampled 28432 / 30000
2026-05-20 23:34:41,551 sample_targets sampled 28448 / 30000
2026-05-20 23:34:42,553 sample_targets sampled 28464 / 30000
2026-05-20 23:34:43,555 sample_targets sampled 28480 / 30000
2026-05-20 23:34:44,559 sample_targets sampled 28496 / 30000
2026-05-20 23:34:45,629 sample_targets sampled 28512 / 30000
2026-05-20 23:34:46,635 sample_targets sampled 28528 / 30000
2026-05-20 23:34:47,641 sample_targets sampled 28544 / 30000
2026-05-20 23:34:48,644 sample_targets sampled 28560 / 30000
2026-05-20 23:34:49,639 sample_targets sampled 28576 / 30000
2026-05-20 23:34:50,638 sample_targets sampled 28592 / 30000
2026-05-20 23:34:51,656 sample_targets sampled 28608 / 30000
2026-05-20 23:34:52,700 sample_targets sampled 28624 / 30000
2026-05-20 23:34:53,700 sample_targets sampled 28640 / 30000
2026-05-20 23:34:54,701 sample_targets sampled 28656 / 30000
2026-05-20 23:34:55,701 sample_targets sampled 28672 / 30000
2026-05-20 23:34:56,700 sample_targets sampled 28688 / 30000
2026-05-20 23:34:57,700 sample_targets sampled 28704 / 30000
2026-05-20 23:34:58,701 sample_targets sampled 28720 / 30000
2026-05-20 23:34:59,712 sample_targets sampled 28736 / 30000
2026-05-20 23:35:00,718 sample_targets sampled 28752 / 30000
2026-05-20 23:35:01,720 sample_targets sampled 28768 / 30000
2026-05-20 23:35:02,724 sample_targets sampled 28784 / 30000
2026-05-20 23:35:03,733 sample_targets sampled 28800 / 30000
2026-05-20 23:35:04,732 sample_targets sampled 28816 / 30000
2026-05-20 23:35:05,736 sample_targets sampled 28832 / 30000
2026-05-20 23:35:06,738 sample_targets sampled 28848 / 30000
2026-05-20 23:35:07,817 sample_targets sampled 28864 / 30000
2026-05-20 23:35:08,817 sample_targets sampled 28880 / 30000
2026-05-20 23:35:09,816 sample_targets sampled 28896 / 30000
2026-05-20 23:35:10,816 sample_targets sampled 28912 / 30000
2026-05-20 23:35:11,825 sample_targets sampled 28928 / 30000
2026-05-20 23:35:12,825 sample_targets sampled 28944 / 30000
2026-05-20 23:35:13,820 sample_targets sampled 28960 / 30000
2026-05-20 23:35:14,814 sample_targets sampled 28976 / 30000
2026-05-20 23:35:15,811 sample_targets sampled 28992 / 30000
2026-05-20 23:35:16,818 sample_targets sampled 29008 / 30000
2026-05-20 23:35:17,818 sample_targets sampled 29024 / 30000
2026-05-20 23:35:18,912 sample_targets sampled 29040 / 30000
2026-05-20 23:35:19,916 sample_targets sampled 29056 / 30000
2026-05-20 23:35:20,933 sample_targets sampled 29072 / 30000
2026-05-20 23:35:22,009 sample_targets sampled 29088 / 30000
2026-05-20 23:35:23,012 sample_targets sampled 29104 / 30000
2026-05-20 23:35:24,016 sample_targets sampled 29120 / 30000
2026-05-20 23:35:25,021 sample_targets sampled 29136 / 30000
2026-05-20 23:35:26,023 sample_targets sampled 29152 / 30000
2026-05-20 23:35:27,019 sample_targets sampled 29168 / 30000
2026-05-20 23:35:28,013 sample_targets sampled 29184 / 30000
2026-05-20 23:35:29,010 sample_targets sampled 29200 / 30000
2026-05-20 23:35:30,004 sample_targets sampled 29216 / 30000
2026-05-20 23:35:30,999 sample_targets sampled 29232 / 30000
2026-05-20 23:35:31,988 sample_targets sampled 29248 / 30000
2026-05-20 23:35:32,984 sample_targets sampled 29264 / 30000
2026-05-20 23:35:33,980 sample_targets sampled 29280 / 30000
2026-05-20 23:35:34,976 sample_targets sampled 29296 / 30000
2026-05-20 23:35:35,974 sample_targets sampled 29312 / 30000
2026-05-20 23:35:36,971 sample_targets sampled 29328 / 30000
2026-05-20 23:35:37,969 sample_targets sampled 29344 / 30000
2026-05-20 23:35:38,966 sample_targets sampled 29360 / 30000
2026-05-20 23:35:39,963 sample_targets sampled 29376 / 30000
2026-05-20 23:35:40,961 sample_targets sampled 29392 / 30000
2026-05-20 23:35:41,959 sample_targets sampled 29408 / 30000
2026-05-20 23:35:42,956 sample_targets sampled 29424 / 30000
2026-05-20 23:35:43,953 sample_targets sampled 29440 / 30000
2026-05-20 23:35:44,952 sample_targets sampled 29456 / 30000
2026-05-20 23:35:45,948 sample_targets sampled 29472 / 30000
2026-05-20 23:35:46,948 sample_targets sampled 29488 / 30000
2026-05-20 23:35:47,946 sample_targets sampled 29504 / 30000
2026-05-20 23:35:48,943 sample_targets sampled 29520 / 30000
2026-05-20 23:35:49,941 sample_targets sampled 29536 / 30000
2026-05-20 23:35:51,217 sample_targets sampled 29552 / 30000
2026-05-20 23:35:52,298 sample_targets sampled 29568 / 30000
2026-05-20 23:35:53,295 sample_targets sampled 29584 / 30000
2026-05-20 23:35:54,292 sample_targets sampled 29600 / 30000
2026-05-20 23:35:55,292 sample_targets sampled 29616 / 30000
2026-05-20 23:35:56,282 sample_targets sampled 29632 / 30000
2026-05-20 23:35:57,276 sample_targets sampled 29648 / 30000
2026-05-20 23:35:58,276 sample_targets sampled 29664 / 30000
2026-05-20 23:35:59,273 sample_targets sampled 29680 / 30000
2026-05-20 23:36:00,268 sample_targets sampled 29696 / 30000
2026-05-20 23:36:01,263 sample_targets sampled 29712 / 30000
2026-05-20 23:36:02,258 sample_targets sampled 29728 / 30000
2026-05-20 23:36:03,254 sample_targets sampled 29744 / 30000
2026-05-20 23:36:04,251 sample_targets sampled 29760 / 30000
2026-05-20 23:36:05,248 sample_targets sampled 29776 / 30000
2026-05-20 23:36:06,246 sample_targets sampled 29792 / 30000
2026-05-20 23:36:07,244 sample_targets sampled 29808 / 30000
2026-05-20 23:36:08,241 sample_targets sampled 29824 / 30000
2026-05-20 23:36:09,240 sample_targets sampled 29840 / 30000
2026-05-20 23:36:10,238 sample_targets sampled 29856 / 30000
2026-05-20 23:36:11,238 sample_targets sampled 29872 / 30000
2026-05-20 23:36:12,237 sample_targets sampled 29888 / 30000
2026-05-20 23:36:13,238 sample_targets sampled 29904 / 30000
2026-05-20 23:36:14,236 sample_targets sampled 29920 / 30000
2026-05-20 23:36:15,229 sample_targets sampled 29936 / 30000
2026-05-20 23:36:16,224 sample_targets sampled 29952 / 30000
2026-05-20 23:36:17,223 sample_targets sampled 29968 / 30000
2026-05-20 23:36:18,219 sample_targets sampled 29984 / 30000
2026-05-20 23:36:19,218 sample_targets sampled 30000 / 30000
2026-05-20 23:36:33,954 sample_targets wrote artifacts/nla/llama32_3B/targets_L20_seq64_30k_seed1.pt (30000 sequences)
